path,label,class_name,predicted_label,p_glioma,p_meningioma,p_no_tumor,p_pituitary
Testing/glioma/Te-glTr_0000.jpg,0,glioma,0,0.99912566,0.00027609794,0.0003288537,0.00026945793
Testing/glioma/Te-glTr_0001.jpg,0,glioma,0,0.99856913,0.0006875774,0.00036085516,0.0003824465
Testing/glioma/Te-glTr_0002.jpg,0,glioma,0,0.9999888,6.358106e-06,1.1502074e-06,3.7400341e-06
Testing/glioma/Te-glTr_0003.jpg,0,glioma,0,0.79694456,0.16477326,0.014454815,0.023827389
Testing/glioma/Te-glTr_0004.jpg,0,glioma,0,0.89486635,0.013496855,0.0027130703,0.08892375
Testing/glioma/Te-glTr_0005.jpg,0,glioma,0,0.99459475,0.005353519,3.9157865e-05,1.2579923e-05
Testing/glioma/Te-glTr_0006.jpg,0,glioma,0,0.99985456,0.00010782997,5.654398e-06,3.184695e-05
Testing/glioma/Te-glTr_0007.jpg,0,glioma,0,1.0,1.4403889e-09,1.1846012e-09,2.0574928e-09
Testing/glioma/Te-glTr_0008.jpg,0,glioma,0,0.9895929,0.0029954177,0.005522075,0.0018895664
Testing/glioma/Te-glTr_0009.jpg,0,glioma,0,0.9999666,3.0650976e-05,1.983623e-06,7.3667746e-07
Testing/glioma/Te-gl_0010.jpg,0,glioma,0,0.9980817,0.0017850888,6.491056e-05,6.832521e-05
Testing/glioma/Te-gl_0011.jpg,0,glioma,3,0.11669588,0.0683693,0.07311534,0.7418194
Testing/glioma/Te-gl_0012.jpg,0,glioma,0,0.9625664,0.00042152248,0.00097468623,0.036037445
Testing/glioma/Te-gl_0013.jpg,0,glioma,0,0.99999905,4.660416e-07,9.137858e-08,3.3764755e-07
Testing/glioma/Te-gl_0014.jpg,0,glioma,0,0.9999994,6.4286655e-07,1.5372157e-08,1.6189354e-08
Testing/glioma/Te-gl_0015.jpg,0,glioma,0,0.9998658,9.300568e-05,1.6472197e-05,2.4787056e-05
Testing/glioma/Te-gl_0016.jpg,0,glioma,0,0.99999595,1.8159827e-06,8.519201e-07,1.4548395e-06
Testing/glioma/Te-gl_0017.jpg,0,glioma,0,0.9999956,4.256359e-06,5.065993e-08,9.85294e-09
Testing/glioma/Te-gl_0018.jpg,0,glioma,0,0.99994504,5.163958e-05,3.287513e-06,2.6705862e-08
Testing/glioma/Te-gl_0019.jpg,0,glioma,2,0.48373705,0.002221774,0.49393576,0.02010546
Testing/glioma/Te-gl_0020.jpg,0,glioma,0,0.9999639,1.1070986e-06,5.689973e-06,2.9396442e-05
Testing/glioma/Te-gl_0021.jpg,0,glioma,0,0.99996865,1.1279887e-05,7.8703215e-06,1.2109957e-05
Testing/glioma/Te-gl_0022.jpg,0,glioma,0,0.99999547,2.8372501e-06,1.5802041e-06,1.2486602e-07
Testing/glioma/Te-gl_0023.jpg,0,glioma,0,0.9994253,0.0005360612,3.7475762e-05,1.2029653e-06
Testing/glioma/Te-gl_0024.jpg,0,glioma,0,0.7645733,0.042622525,0.17092624,0.021878002
Testing/glioma/Te-gl_0025.jpg,0,glioma,0,1.0,1.949152e-08,9.716036e-10,1.3785105e-10
Testing/glioma/Te-gl_0026.jpg,0,glioma,0,1.0,4.7545328e-09,7.152454e-10,3.835525e-09
Testing/glioma/Te-gl_0027.jpg,0,glioma,0,0.9999999,1.4703326e-07,1.7387466e-09,1.194258e-10
Testing/glioma/Te-gl_0028.jpg,0,glioma,0,0.9999995,2.8077855e-07,2.4778181e-08,2.6750385e-07
Testing/glioma/Te-gl_0029.jpg,0,glioma,0,0.6904834,0.10421483,0.18031636,0.024985386
Testing/glioma/Te-gl_0030.jpg,0,glioma,0,0.999605,0.0003839264,7.423252e-06,3.649936e-06
Testing/glioma/Te-gl_0031.jpg,0,glioma,0,1.0,1.1964938e-08,9.929115e-11,5.877882e-11
Testing/glioma/Te-gl_0032.jpg,0,glioma,0,1.0,1.4089218e-08,5.011384e-10,6.414158e-10
Testing/glioma/Te-gl_0033.jpg,0,glioma,0,0.9999924,7.0967194e-06,2.8986648e-07,1.7264158e-07
Testing/glioma/Te-gl_0034.jpg,0,glioma,0,0.9999981,1.4005037e-06,3.3033936e-07,1.5689511e-07
Testing/glioma/Te-gl_0035.jpg,0,glioma,0,0.99999964,3.1955594e-07,9.867423e-09,4.8485553e-09
Testing/glioma/Te-gl_0036.jpg,0,glioma,0,0.99949765,0.00041814073,1.706931e-05,6.7174806e-05
Testing/glioma/Te-gl_0037.jpg,0,glioma,0,0.99998593,1.28239235e-05,1.1614151e-06,6.654448e-08
Testing/glioma/Te-gl_0038.jpg,0,glioma,0,0.99998426,4.4551292e-08,2.19484e-08,1.5728456e-05
Testing/glioma/Te-gl_0039.jpg,0,glioma,0,0.999966,1.4778686e-05,1.5199566e-05,3.9353886e-06
Testing/glioma/Te-gl_0040.jpg,0,glioma,0,0.9990252,0.00020799381,0.0006420508,0.00012483301
Testing/glioma/Te-gl_0041.jpg,0,glioma,0,0.9998771,4.6469515e-05,4.1778017e-05,3.4584926e-05
Testing/glioma/Te-gl_0042.jpg,0,glioma,0,0.69838303,0.2621668,0.02380355,0.015646663
Testing/glioma/Te-gl_0043.jpg,0,glioma,0,0.9732228,0.02637715,0.00027333465,0.00012673355
Testing/glioma/Te-gl_0044.jpg,0,glioma,0,0.84081614,0.1525079,0.00087807595,0.005797966
Testing/glioma/Te-gl_0045.jpg,0,glioma,1,0.017509198,0.5326358,0.44230902,0.007545993
Testing/glioma/Te-gl_0046.jpg,0,glioma,0,0.93739605,0.058584068,0.001906348,0.0021135113
Testing/glioma/Te-gl_0047.jpg,0,glioma,0,0.94615453,0.050514016,0.0006343841,0.002697067
Testing/glioma/Te-gl_0048.jpg,0,glioma,0,0.9868471,0.011510628,0.0011730582,0.00046923177
Testing/glioma/Te-gl_0049.jpg,0,glioma,0,0.99983597,5.790161e-05,4.5085304e-05,6.1051636e-05
Testing/glioma/Te-gl_0050.jpg,0,glioma,0,0.8244047,0.030479603,0.012721809,0.13239387
Testing/glioma/Te-gl_0051.jpg,0,glioma,0,0.9999387,5.833992e-05,3.167935e-07,2.6342034e-06
Testing/glioma/Te-gl_0052.jpg,0,glioma,0,1.0,5.2039386e-08,1.2149904e-08,2.9167863e-11
Testing/glioma/Te-gl_0053.jpg,0,glioma,0,0.9999995,3.6557861e-07,8.970764e-08,2.8792908e-08
Testing/glioma/Te-gl_0054.jpg,0,glioma,0,0.9999316,6.49179e-05,2.7206913e-06,7.3565474e-07
Testing/glioma/Te-gl_0055.jpg,0,glioma,0,0.99999905,7.527224e-07,2.0155012e-07,5.593718e-08
Testing/glioma/Te-gl_0056.jpg,0,glioma,0,0.9820301,0.00014838806,0.017766919,5.4568667e-05
Testing/glioma/Te-gl_0057.jpg,0,glioma,0,0.7235215,0.12649514,0.02484681,0.12513654
Testing/glioma/Te-gl_0058.jpg,0,glioma,0,0.9999614,6.192895e-06,9.053221e-06,2.3383915e-05
Testing/glioma/Te-gl_0059.jpg,0,glioma,0,0.99999034,2.5080792e-06,3.5439375e-06,3.5911194e-06
Testing/glioma/Te-gl_0060.jpg,0,glioma,0,0.9999913,5.415137e-06,7.904947e-07,2.5540755e-06
Testing/glioma/Te-gl_0061.jpg,0,glioma,0,0.99999046,1.0889931e-06,5.2076818e-08,8.434551e-06
Testing/glioma/Te-gl_0062.jpg,0,glioma,0,0.99999976,9.216105e-08,2.5699618e-08,8.662536e-08
Testing/glioma/Te-gl_0063.jpg,0,glioma,0,0.99998057,6.715449e-06,4.8467227e-06,7.89581e-06
Testing/glioma/Te-gl_0064.jpg,0,glioma,0,0.9999975,4.0441282e-07,1.5615193e-07,1.984316e-06
Testing/glioma/Te-gl_0065.jpg,0,glioma,0,0.9999999,8.312312e-09,1.1138581e-08,1.4593886e-07
Testing/glioma/Te-gl_0066.jpg,0,glioma,0,0.9999988,1.0631021e-06,7.9406966e-08,3.790379e-09
Testing/glioma/Te-gl_0067.jpg,0,glioma,0,0.99995124,1.604853e-05,1.9440626e-05,1.31674515e-05
Testing/glioma/Te-gl_0068.jpg,0,glioma,0,0.9999993,1.0984942e-07,2.6169235e-07,3.9094107e-07
Testing/glioma/Te-gl_0069.jpg,0,glioma,0,0.99742293,5.8872647e-05,6.336802e-05,0.0024548664
Testing/glioma/Te-gl_0070.jpg,0,glioma,0,0.99996674,3.8489802e-07,3.2550655e-05,3.6965577e-07
Testing/glioma/Te-gl_0071.jpg,0,glioma,0,0.9999988,4.624637e-07,1.08443125e-07,5.827686e-07
Testing/glioma/Te-gl_0072.jpg,0,glioma,0,1.0,6.41801e-11,3.880244e-11,2.2091565e-14
Testing/glioma/Te-gl_0073.jpg,0,glioma,0,0.97810465,1.6143127e-06,0.021892188,1.5386145e-06
Testing/glioma/Te-gl_0074.jpg,0,glioma,0,0.9999995,2.992286e-07,2.6787975e-08,4.391366e-08
Testing/glioma/Te-gl_0075.jpg,0,glioma,0,0.99999976,2.845192e-07,7.1499464e-09,2.5459598e-10
Testing/glioma/Te-gl_0076.jpg,0,glioma,0,0.9999995,5.151214e-07,4.1506074e-09,6.3337993e-09
Testing/glioma/Te-gl_0077.jpg,0,glioma,0,0.9999957,4.3333102e-06,4.3225008e-08,8.195794e-09
Testing/glioma/Te-gl_0078.jpg,0,glioma,0,0.9999889,3.4208012e-06,1.9699549e-07,7.4090053e-06
Testing/glioma/Te-gl_0079.jpg,0,glioma,0,1.0,7.681478e-09,1.2988536e-08,5.0808664e-09
Testing/glioma/Te-gl_0080.jpg,0,glioma,0,1.0,5.3312498e-08,5.974994e-10,3.2501404e-10
Testing/glioma/Te-gl_0081.jpg,0,glioma,0,0.7088397,0.09377805,0.033185285,0.16419688
Testing/glioma/Te-gl_0082.jpg,0,glioma,0,0.99999785,2.1372564e-06,5.8522275e-08,5.0882526e-10
Testing/glioma/Te-gl_0083.jpg,0,glioma,0,0.9316202,0.0075026983,0.046990458,0.013886647
Testing/glioma/Te-gl_0084.jpg,0,glioma,0,0.9790323,0.019264072,0.0013129158,0.0003907485
Testing/glioma/Te-gl_0085.jpg,0,glioma,0,0.99999964,8.708955e-08,6.6249434e-08,1.428167e-07
Testing/glioma/Te-gl_0086.jpg,0,glioma,0,0.9999987,2.338057e-07,9.651355e-07,7.035576e-08
Testing/glioma/Te-gl_0087.jpg,0,glioma,0,0.9936841,0.006281777,5.884018e-06,2.82598e-05
Testing/glioma/Te-gl_0088.jpg,0,glioma,0,0.9954483,0.0041288463,0.00016524443,0.00025751968
Testing/glioma/Te-gl_0089.jpg,0,glioma,0,0.97500366,0.013553365,0.002867081,0.008575872
Testing/glioma/Te-gl_0090.jpg,0,glioma,0,0.9993974,0.00031453147,7.966704e-05,0.00020840752
Testing/glioma/Te-gl_0091.jpg,0,glioma,0,0.98612195,0.0034055547,0.008925439,0.0015470644
Testing/glioma/Te-gl_0092.jpg,0,glioma,0,0.99997187,2.4250467e-05,2.5837821e-06,1.3702514e-06
Testing/glioma/Te-gl_0093.jpg,0,glioma,0,0.9999714,1.0885161e-05,3.799343e-06,1.391908e-05
Testing/glioma/Te-gl_0094.jpg,0,glioma,0,0.43790147,0.036840957,0.39027658,0.13498099
Testing/glioma/Te-gl_0095.jpg,0,glioma,0,0.9999931,6.051579e-06,4.4064754e-07,3.9701737e-07
Testing/glioma/Te-gl_0096.jpg,0,glioma,0,0.9999325,4.8631046e-05,8.4104795e-06,1.0482454e-05
Testing/glioma/Te-gl_0097.jpg,0,glioma,0,0.9999888,2.0629113e-06,3.1831105e-06,6.001975e-06
Testing/glioma/Te-gl_0098.jpg,0,glioma,0,0.9999989,9.2380486e-07,1.028736e-07,2.1263574e-08
Testing/glioma/Te-gl_0099.jpg,0,glioma,1,0.28964683,0.35151598,0.06696849,0.29186866
Testing/glioma/Te-gl_0100.jpg,0,glioma,0,0.9999987,1.2908647e-06,7.2248296e-09,2.144183e-08
Testing/glioma/Te-gl_0101.jpg,0,glioma,0,0.989737,0.004964783,0.0021914297,0.0031068951
Testing/glioma/Te-gl_0102.jpg,0,glioma,0,0.9999759,5.116029e-07,2.3528719e-05,2.4069843e-08
Testing/glioma/Te-gl_0103.jpg,0,glioma,0,0.99996054,7.389436e-07,3.840959e-05,3.6215852e-07
Testing/glioma/Te-gl_0104.jpg,0,glioma,0,0.99912673,1.5995967e-05,0.00085724465,8.870653e-08
Testing/glioma/Te-gl_0105.jpg,0,glioma,0,0.85806227,5.529509e-05,0.14188157,8.166903e-07
Testing/glioma/Te-gl_0106.jpg,0,glioma,0,0.9982919,0.0004474725,0.000118714015,0.0011418537
Testing/glioma/Te-gl_0107.jpg,0,glioma,0,0.9735737,0.008289937,0.009330392,0.008805905
Testing/glioma/Te-gl_0108.jpg,0,glioma,0,0.9999856,1.33531685e-05,2.1831015e-07,8.834212e-07
Testing/glioma/Te-gl_0109.jpg,0,glioma,3,0.013286548,0.03244026,0.012873441,0.94139975
Testing/glioma/Te-gl_0110.jpg,0,glioma,0,0.99999857,2.8211156e-08,4.866966e-07,9.863143e-07
Testing/glioma/Te-gl_0111.jpg,0,glioma,0,0.9999945,4.1936196e-06,1.9891328e-07,1.1183224e-06
Testing/glioma/Te-gl_0112.jpg,0,glioma,0,0.99999905,7.979806e-07,6.6156204e-08,1.45618895e-08
Testing/glioma/Te-gl_0113.jpg,0,glioma,0,0.9999993,6.2586224e-07,1.6085288e-08,4.8328882e-08
Testing/glioma/Te-gl_0114.jpg,0,glioma,0,0.99964523,0.00034012008,7.89092e-06,6.729999e-06
Testing/glioma/Te-gl_0115.jpg,0,glioma,0,0.9999658,2.1493343e-05,8.908517e-06,3.808322e-06
Testing/glioma/Te-gl_0116.jpg,0,glioma,0,0.99999976,2.482527e-07,1.2603237e-08,9.146841e-09
Testing/glioma/Te-gl_0117.jpg,0,glioma,0,0.99999297,4.8541333e-06,1.0892836e-06,1.0941967e-06
Testing/glioma/Te-gl_0118.jpg,0,glioma,0,0.9999895,1.0241355e-05,1.9181931e-07,7.253155e-08
Testing/glioma/Te-gl_0119.jpg,0,glioma,0,0.8992854,0.018447649,0.012022166,0.0702448
Testing/glioma/Te-gl_0120.jpg,0,glioma,0,0.99999964,2.281299e-07,2.8263052e-08,5.8248876e-08
Testing/glioma/Te-gl_0121.jpg,0,glioma,0,0.99999964,3.7426918e-07,1.9458602e-08,2.5737485e-08
Testing/glioma/Te-gl_0122.jpg,0,glioma,0,0.9993111,0.00022047569,0.00028192304,0.0001865115
Testing/glioma/Te-gl_0123.jpg,0,glioma,0,0.8699287,0.0017162346,0.12757039,0.0007846592
Testing/glioma/Te-gl_0124.jpg,0,glioma,0,0.97907305,0.00036150243,0.020136409,0.00042904104
Testing/glioma/Te-gl_0125.jpg,0,glioma,0,0.9962119,0.00150245,2.3203e-05,0.002262488
Testing/glioma/Te-gl_0126.jpg,0,glioma,0,0.6397937,0.20144406,0.0012449776,0.15751733
Testing/glioma/Te-gl_0127.jpg,0,glioma,0,0.99999905,5.6519934e-07,3.4027013e-07,4.7846427e-08
Testing/glioma/Te-gl_0128.jpg,0,glioma,0,0.99999774,1.5976472e-06,7.0458265e-07,4.032012e-08
Testing/glioma/Te-gl_0129.jpg,0,glioma,0,1.0,3.6213464e-08,1.0654042e-08,2.6922498e-08
Testing/glioma/Te-gl_0130.jpg,0,glioma,0,0.9999902,8.149365e-08,3.5816484e-08,9.622073e-06
Testing/glioma/Te-gl_0131.jpg,0,glioma,0,0.9999999,4.9164093e-08,3.44566e-08,6.8033636e-08
Testing/glioma/Te-gl_0132.jpg,0,glioma,0,0.99997294,2.3544653e-05,2.3768712e-06,1.0315018e-06
Testing/glioma/Te-gl_0133.jpg,0,glioma,0,1.0,1.5608169e-08,9.889584e-09,7.3723405e-09
Testing/glioma/Te-gl_0134.jpg,0,glioma,0,0.9999999,3.2447115e-08,1.2455978e-08,1.0772665e-07
Testing/glioma/Te-gl_0135.jpg,0,glioma,0,0.9999999,9.8514086e-08,2.0014314e-08,1.7029224e-09
Testing/glioma/Te-gl_0136.jpg,0,glioma,0,0.9999963,3.0752094e-06,5.234313e-07,2.234224e-08
Testing/glioma/Te-gl_0137.jpg,0,glioma,0,0.9999367,4.307816e-05,1.1057553e-05,9.192185e-06
Testing/glioma/Te-gl_0138.jpg,0,glioma,0,0.99463284,0.0050908416,8.234502e-05,0.00019390273
Testing/glioma/Te-gl_0139.jpg,0,glioma,0,1.0,1.7201156e-10,8.328056e-09,1.2212303e-09
Testing/glioma/Te-gl_0140.jpg,0,glioma,0,0.8829358,0.014848412,0.07051928,0.031696517
Testing/glioma/Te-gl_0141.jpg,0,glioma,0,1.0,2.734396e-08,2.7960267e-09,2.8063024e-08
Testing/glioma/Te-gl_0142.jpg,0,glioma,0,0.9883109,0.0011873054,0.00036502714,0.010136719
Testing/glioma/Te-gl_0143.jpg,0,glioma,0,0.9973236,0.00040400462,3.657608e-05,0.0022358734
Testing/glioma/Te-gl_0144.jpg,0,glioma,0,0.9999999,6.1887193e-09,9.642437e-08,5.956926e-09
Testing/glioma/Te-gl_0145.jpg,0,glioma,0,0.99995565,6.372829e-06,1.0205047e-06,3.6981884e-05
Testing/glioma/Te-gl_0146.jpg,0,glioma,0,0.99999964,6.4996314e-08,9.86201e-08,1.0412445e-07
Testing/glioma/Te-gl_0147.jpg,0,glioma,0,0.998632,0.0012525233,0.000103606755,1.1891793e-05
Testing/glioma/Te-gl_0148.jpg,0,glioma,0,0.9766311,5.786187e-05,0.023265963,4.5063687e-05
Testing/glioma/Te-gl_0149.jpg,0,glioma,0,0.9999918,4.988123e-06,5.040569e-07,2.7485312e-06
Testing/glioma/Te-gl_0150.jpg,0,glioma,0,0.99679536,0.0025509624,0.00043194796,0.00022174085
Testing/glioma/Te-gl_0151.jpg,0,glioma,0,1.0,8.219715e-10,1.0307056e-10,7.6143136e-10
Testing/glioma/Te-gl_0152.jpg,0,glioma,0,0.99999297,1.5780223e-06,1.1712665e-07,5.3528283e-06
Testing/glioma/Te-gl_0153.jpg,0,glioma,0,0.999998,1.5192e-08,2.1485508e-07,1.7979974e-06
Testing/glioma/Te-gl_0154.jpg,0,glioma,0,0.99958354,5.361578e-06,0.00041112295,1.3907995e-08
Testing/glioma/Te-gl_0155.jpg,0,glioma,0,0.99999774,1.2712869e-08,2.5557709e-08,2.2936827e-06
Testing/glioma/Te-gl_0156.jpg,0,glioma,0,0.99881303,1.7097453e-07,8.834556e-05,0.0010984852
Testing/glioma/Te-gl_0157.jpg,0,glioma,0,0.99997544,3.2130026e-06,1.5178633e-05,6.196196e-06
Testing/glioma/Te-gl_0158.jpg,0,glioma,0,0.9999769,4.0033715e-06,3.155514e-06,1.597127e-05
Testing/glioma/Te-gl_0159.jpg,0,glioma,0,0.9976624,0.0021179067,2.7753162e-05,0.0001919144
Testing/glioma/Te-gl_0160.jpg,0,glioma,0,0.99990153,7.2046234e-05,2.312022e-05,3.3177125e-06
Testing/glioma/Te-gl_0161.jpg,0,glioma,0,0.99745446,0.0015010616,0.00089268055,0.0001518216
Testing/glioma/Te-gl_0162.jpg,0,glioma,0,1.0,2.7000908e-09,2.1235083e-10,6.013374e-10
Testing/glioma/Te-gl_0163.jpg,0,glioma,0,0.99999833,1.6445804e-06,4.9888076e-08,2.2829958e-09
Testing/glioma/Te-gl_0164.jpg,0,glioma,0,0.9999807,1.4129293e-05,3.9865213e-06,1.1935907e-06
Testing/glioma/Te-gl_0165.jpg,0,glioma,0,0.9996712,3.6354464e-05,5.685119e-06,0.00028678213
Testing/glioma/Te-gl_0166.jpg,0,glioma,0,0.99999154,4.6392533e-06,2.3174632e-06,1.4411883e-06
Testing/glioma/Te-gl_0167.jpg,0,glioma,0,0.999716,6.523537e-06,0.00019986377,7.756432e-05
Testing/glioma/Te-gl_0168.jpg,0,glioma,0,0.9991967,0.0006248139,7.899978e-05,9.9480094e-05
Testing/glioma/Te-gl_0169.jpg,0,glioma,0,0.9954159,0.0035904944,0.00088007736,0.00011352794
Testing/glioma/Te-gl_0170.jpg,0,glioma,0,0.999602,1.069257e-07,1.2140357e-06,0.000396704
Testing/glioma/Te-gl_0171.jpg,0,glioma,0,0.9999993,4.6336183e-07,6.062401e-08,1.2259427e-07
Testing/glioma/Te-gl_0172.jpg,0,glioma,0,0.99993885,6.107009e-05,1.231203e-07,4.604431e-08
Testing/glioma/Te-gl_0173.jpg,0,glioma,0,0.99963176,0.0003677627,3.8919586e-07,9.177479e-08
Testing/glioma/Te-gl_0174.jpg,0,glioma,0,0.9827754,0.015329528,0.001746653,0.00014845934
Testing/glioma/Te-gl_0175.jpg,0,glioma,0,0.99990344,2.011292e-05,7.454336e-05,1.8664146e-06
Testing/glioma/Te-gl_0176.jpg,0,glioma,0,0.9995239,1.3015706e-07,9.671409e-06,0.00046631202
Testing/glioma/Te-gl_0177.jpg,0,glioma,0,0.9906317,0.006572657,0.0019942487,0.00080131466
Testing/glioma/Te-gl_0178.jpg,0,glioma,0,0.7384442,0.11251316,0.13609782,0.012944732
Testing/glioma/Te-gl_0179.jpg,0,glioma,0,0.99994934,4.318199e-05,7.1983573e-06,2.8404747e-07
Testing/glioma/Te-gl_0180.jpg,0,glioma,0,0.99999833,4.836011e-07,2.6113193e-07,9.467494e-07
Testing/glioma/Te-gl_0181.jpg,0,glioma,0,0.99997604,1.1823697e-05,7.4310933e-06,4.77348e-06
Testing/glioma/Te-gl_0182.jpg,0,glioma,0,0.99973625,0.00022210467,1.3028171e-05,2.850786e-05
Testing/glioma/Te-gl_0183.jpg,0,glioma,0,0.9999989,2.026657e-07,2.4307363e-07,5.365026e-07
Testing/glioma/Te-gl_0184.jpg,0,glioma,0,0.999961,9.3907084e-07,3.750719e-05,4.820783e-07
Testing/glioma/Te-gl_0185.jpg,0,glioma,0,0.99999785,1.6001268e-08,6.957636e-08,2.0249154e-06
Testing/glioma/Te-gl_0186.jpg,0,glioma,0,0.9999914,3.8301806e-07,3.3116862e-07,7.843615e-06
Testing/glioma/Te-gl_0187.jpg,0,glioma,0,0.99995244,2.1360498e-05,2.0113772e-05,6.145866e-06
Testing/glioma/Te-gl_0188.jpg,0,glioma,0,0.9999889,2.0478058e-07,4.5584006e-06,6.34587e-06
Testing/glioma/Te-gl_0189.jpg,0,glioma,0,0.99991167,3.4295572e-05,4.9698345e-05,4.2501933e-06
Testing/glioma/Te-gl_0190.jpg,0,glioma,0,0.99969935,2.3522996e-05,4.0819203e-05,0.00023632828
Testing/glioma/Te-gl_0191.jpg,0,glioma,0,0.99999964,2.3983947e-07,1.2610167e-07,3.501683e-08
Testing/glioma/Te-gl_0192.jpg,0,glioma,0,0.99996746,2.9137367e-05,2.091775e-06,1.4195862e-06
Testing/glioma/Te-gl_0193.jpg,0,glioma,0,0.9995136,0.00023384225,2.6325573e-05,0.0002261966
Testing/glioma/Te-gl_0194.jpg,0,glioma,0,0.9999701,1.1538668e-05,1.4987274e-05,3.3201939e-06
Testing/glioma/Te-gl_0195.jpg,0,glioma,0,0.9998766,3.711063e-05,8.243072e-05,3.853182e-06
Testing/glioma/Te-gl_0196.jpg,0,glioma,0,0.999969,2.2019907e-05,7.5237435e-06,1.37048e-06
Testing/glioma/Te-gl_0197.jpg,0,glioma,0,0.9999846,1.5098703e-05,1.3473654e-07,7.05098e-08
Testing/glioma/Te-gl_0198.jpg,0,glioma,0,0.9963433,0.0034797376,0.00014425366,3.2737775e-05
Testing/glioma/Te-gl_0199.jpg,0,glioma,0,0.99741757,0.0011780965,0.0013098171,9.448926e-05
Testing/glioma/Te-gl_0200.jpg,0,glioma,0,0.99743146,0.0017611688,0.00022113667,0.00058624725
Testing/glioma/Te-gl_0201.jpg,0,glioma,0,0.9997222,7.446377e-05,0.00016207232,4.126958e-05
Testing/glioma/Te-gl_0202.jpg,0,glioma,0,0.9999925,4.71508e-06,2.4262822e-06,3.2992006e-07
Testing/glioma/Te-gl_0203.jpg,0,glioma,0,0.9999943,4.600556e-06,9.048688e-07,1.1432959e-07
Testing/glioma/Te-gl_0204.jpg,0,glioma,0,0.9747755,0.021636365,0.0021939613,0.0013941717
Testing/glioma/Te-gl_0205.jpg,0,glioma,0,0.9998235,3.9373783e-05,2.7964563e-05,0.00010918019
Testing/glioma/Te-gl_0206.jpg,0,glioma,0,0.9861688,3.608671e-05,2.0236228e-05,0.013774854
Testing/glioma/Te-gl_0207.jpg,0,glioma,0,0.9937902,0.0017519478,0.002007315,0.0024505241
Testing/glioma/Te-gl_0208.jpg,0,glioma,0,0.680427,0.24980724,0.035806593,0.033959176
Testing/glioma/Te-gl_0209.jpg,0,glioma,0,0.9989693,1.2745824e-05,0.00017191871,0.00084604096
Testing/glioma/Te-gl_0210.jpg,0,glioma,0,0.9999999,3.9165404e-09,5.0192974e-09,5.633166e-08
Testing/glioma/Te-gl_0211.jpg,0,glioma,0,0.9999999,1.2383703e-08,6.8946595e-09,1.1930555e-07
Testing/glioma/Te-gl_0212.jpg,0,glioma,0,0.9999893,4.2628213e-07,9.777326e-08,1.0117607e-05
Testing/glioma/Te-gl_0213.jpg,0,glioma,0,0.99988794,1.3093834e-06,2.0015119e-05,9.0672314e-05
Testing/glioma/Te-gl_0214.jpg,0,glioma,0,0.9992009,2.7682165e-06,0.00074993755,4.649969e-05
Testing/glioma/Te-gl_0215.jpg,0,glioma,0,0.9999962,1.2938169e-08,3.3612262e-06,4.853512e-07
Testing/glioma/Te-gl_0216.jpg,0,glioma,0,0.9999999,5.828631e-09,5.8384035e-08,1.3923451e-08
Testing/glioma/Te-gl_0217.jpg,0,glioma,0,0.99999714,2.1837558e-07,2.3086086e-06,3.0929073e-07
Testing/glioma/Te-gl_0218.jpg,0,glioma,0,0.9999994,3.1286504e-07,1.7025062e-07,3.8195655e-08
Testing/glioma/Te-gl_0219.jpg,0,glioma,0,0.9999852,1.1895178e-08,1.7461907e-07,1.4654159e-05
Testing/glioma/Te-gl_0220.jpg,0,glioma,0,0.99999166,2.3283183e-06,4.232835e-06,1.6967574e-06
Testing/glioma/Te-gl_0221.jpg,0,glioma,0,0.99733114,0.00018122874,0.0005200009,0.0019676709
Testing/glioma/Te-gl_0222.jpg,0,glioma,0,0.9949151,0.0005117671,0.0005093515,0.0040638065
Testing/glioma/Te-gl_0223.jpg,0,glioma,0,0.9999875,1.1387353e-05,4.740999e-07,5.60734e-07
Testing/glioma/Te-gl_0224.jpg,0,glioma,0,0.9996433,4.703921e-05,0.00030683246,2.7176256e-06
Testing/glioma/Te-gl_0225.jpg,0,glioma,0,0.99999595,3.3703734e-06,6.2105954e-07,1.3236179e-07
Testing/glioma/Te-gl_0226.jpg,0,glioma,0,0.999967,1.0358509e-06,3.033101e-05,1.5714788e-06
Testing/glioma/Te-gl_0227.jpg,0,glioma,0,0.9999939,1.7680902e-06,2.433656e-07,4.0650198e-06
Testing/glioma/Te-gl_0228.jpg,0,glioma,0,0.9999974,1.0005963e-06,1.2349825e-06,4.2002654e-07
Testing/glioma/Te-gl_0229.jpg,0,glioma,0,0.99995065,4.9170612e-05,1.3386975e-07,1.353047e-07
Testing/glioma/Te-gl_0230.jpg,0,glioma,0,0.99874747,0.00034613078,0.00015584845,0.0007505773
Testing/glioma/Te-gl_0231.jpg,0,glioma,0,0.99998355,1.4958588e-05,2.587056e-07,1.3454977e-06
Testing/glioma/Te-gl_0232.jpg,0,glioma,0,0.99375665,0.0043746643,0.00045165967,0.0014170603
Testing/glioma/Te-gl_0233.jpg,0,glioma,0,0.85417825,0.115582,0.018342301,0.011897459
Testing/glioma/Te-gl_0234.jpg,0,glioma,0,0.62964356,0.090600215,0.010647425,0.26910868
Testing/glioma/Te-gl_0235.jpg,0,glioma,0,1.0,2.8386241e-08,3.2361622e-09,3.8747383e-09
Testing/glioma/Te-gl_0236.jpg,0,glioma,0,0.99998415,1.4098853e-05,9.569335e-07,8.1058664e-07
Testing/glioma/Te-gl_0237.jpg,0,glioma,1,0.100479595,0.7537986,0.0023892971,0.1433325
Testing/glioma/Te-gl_0238.jpg,0,glioma,0,0.4887427,0.48647982,0.018281583,0.006495842
Testing/glioma/Te-gl_0239.jpg,0,glioma,0,0.8281529,0.09678551,0.0028221041,0.07223959
Testing/glioma/Te-gl_0240.jpg,0,glioma,0,0.94316417,0.0057039913,0.008887254,0.0422445
Testing/glioma/Te-gl_0241.jpg,0,glioma,0,0.9999118,5.143944e-05,1.582161e-05,2.0875983e-05
Testing/glioma/Te-gl_0242.jpg,0,glioma,1,0.07597906,0.8924559,0.021189732,0.010375334
Testing/glioma/Te-gl_0243.jpg,0,glioma,0,0.9998828,4.334055e-05,7.468274e-06,6.6369525e-05
Testing/glioma/Te-gl_0244.jpg,0,glioma,0,0.99995065,4.9596047e-06,6.592782e-07,4.3707736e-05
Testing/glioma/Te-gl_0245.jpg,0,glioma,1,0.023756817,0.6605979,0.29989472,0.0157506
Testing/glioma/Te-gl_0246.jpg,0,glioma,0,0.9999193,2.4182958e-05,3.9514824e-05,1.6994158e-05
Testing/glioma/Te-gl_0247.jpg,0,glioma,0,0.99931896,0.0005335582,2.6979356e-05,0.00012049511
Testing/glioma/Te-gl_0248.jpg,0,glioma,0,0.9957683,0.00020357518,0.0026641188,0.0013640315
Testing/glioma/Te-gl_0249.jpg,0,glioma,3,0.06407171,0.053732727,0.013413713,0.8687819
Testing/glioma/Te-gl_0250.jpg,0,glioma,3,0.09380521,0.00080978806,0.00260781,0.90277714
Testing/glioma/Te-gl_0251.jpg,0,glioma,0,0.9877565,0.0010774214,0.00874377,0.0024223032
Testing/glioma/Te-gl_0252.jpg,0,glioma,0,0.97832984,0.020583661,0.00040483967,0.0006816146
Testing/glioma/Te-gl_0253.jpg,0,glioma,0,0.99990404,5.5498167e-05,7.6403085e-06,3.2782256e-05
Testing/glioma/Te-gl_0254.jpg,0,glioma,0,0.9999957,1.3483296e-06,4.6129472e-08,2.8872128e-06
Testing/glioma/Te-gl_0255.jpg,0,glioma,0,0.98831916,0.0009901049,3.3949014e-05,0.010656743
Testing/glioma/Te-gl_0256.jpg,0,glioma,0,0.9999496,2.1581354e-05,2.2014672e-05,6.8758986e-06
Testing/glioma/Te-gl_0257.jpg,0,glioma,0,0.7912159,0.19027194,0.014987492,0.003524625
Testing/glioma/Te-gl_0258.jpg,0,glioma,0,0.9809838,0.017978307,0.0007115126,0.00032650502
Testing/glioma/Te-gl_0259.jpg,0,glioma,1,0.0064726397,0.9712424,0.01059678,0.01168824
Testing/glioma/Te-gl_0260.jpg,0,glioma,0,0.9991561,0.0001848534,0.00032671486,0.0003323178
Testing/glioma/Te-gl_0261.jpg,0,glioma,0,0.9992986,0.00019129079,7.6064316e-05,0.0004339881
Testing/glioma/Te-gl_0262.jpg,0,glioma,0,0.9958579,0.003376198,0.0004708271,0.00029514788
Testing/glioma/Te-gl_0263.jpg,0,glioma,0,0.8177955,0.14470209,0.0326651,0.004837327
Testing/glioma/Te-gl_0264.jpg,0,glioma,1,0.000105391526,0.9995623,0.000121047655,0.0002113131
Testing/glioma/Te-gl_0265.jpg,0,glioma,1,0.077592775,0.91688365,0.0028558373,0.002667665
Testing/glioma/Te-gl_0266.jpg,0,glioma,0,0.9997304,7.8109704e-05,0.00015903833,3.2459837e-05
Testing/glioma/Te-gl_0267.jpg,0,glioma,0,0.64270926,0.1025048,0.12536839,0.12941755
Testing/glioma/Te-gl_0268.jpg,0,glioma,3,0.040956438,0.009788093,0.0036284465,0.94562703
Testing/glioma/Te-gl_0269.jpg,0,glioma,0,0.9958431,0.0030836219,0.00053317635,0.0005401386
Testing/glioma/Te-gl_0270.jpg,0,glioma,0,0.99939466,0.00023960903,6.938712e-05,0.00029639056
Testing/glioma/Te-gl_0271.jpg,0,glioma,1,0.03393548,0.92680687,0.021754492,0.017503083
Testing/glioma/Te-gl_0272.jpg,0,glioma,0,0.52870363,0.03395008,0.030066285,0.40728
Testing/glioma/Te-gl_0273.jpg,0,glioma,0,0.9998759,2.547402e-05,3.4809727e-05,6.376877e-05
Testing/glioma/Te-gl_0274.jpg,0,glioma,0,0.99999857,2.3701425e-07,1.8180245e-07,1.0010584e-06
Testing/glioma/Te-gl_0275.jpg,0,glioma,1,0.116006196,0.8484983,0.014205831,0.021289596
Testing/glioma/Te-gl_0276.jpg,0,glioma,1,0.06515911,0.90132034,0.011375722,0.022144936
Testing/glioma/Te-gl_0277.jpg,0,glioma,0,0.6281458,0.20686185,0.071349174,0.093643144
Testing/glioma/Te-gl_0278.jpg,0,glioma,0,0.9999658,1.3692431e-05,6.975052e-06,1.3494631e-05
Testing/glioma/Te-gl_0279.jpg,0,glioma,0,0.9829081,0.005836025,0.0019047584,0.009351136
Testing/glioma/Te-gl_0280.jpg,0,glioma,0,0.8589765,0.05080898,0.021761563,0.06845296
Testing/glioma/Te-gl_0281.jpg,0,glioma,0,0.8458298,0.11293087,0.025917092,0.015322235
Testing/glioma/Te-gl_0282.jpg,0,glioma,0,0.98990065,0.006844411,0.002384448,0.00087043777
Testing/glioma/Te-gl_0283.jpg,0,glioma,0,0.94687605,0.052316975,0.00048734286,0.00031959504
Testing/glioma/Te-gl_0284.jpg,0,glioma,0,0.99996936,1.8991315e-05,2.8921659e-06,8.842975e-06
Testing/glioma/Te-gl_0285.jpg,0,glioma,0,0.9997614,0.00014781729,1.703803e-05,7.382893e-05
Testing/glioma/Te-gl_0286.jpg,0,glioma,0,0.9999999,6.337624e-08,1.4144899e-08,3.6221888e-08
Testing/glioma/Te-gl_0287.jpg,0,glioma,0,0.99999964,3.45438e-07,7.256448e-09,7.844132e-09
Testing/glioma/Te-gl_0288.jpg,0,glioma,0,0.9999999,9.821577e-08,1.6721499e-08,1.8007728e-09
Testing/glioma/Te-gl_0289.jpg,0,glioma,0,0.9975026,0.00055494154,0.00027038803,0.0016720381
Testing/glioma/Te-gl_0290.jpg,0,glioma,0,0.9998615,8.101349e-05,1.1143346e-05,4.6265737e-05
Testing/glioma/Te-gl_0291.jpg,0,glioma,0,0.9899108,0.010034275,3.7978956e-05,1.6862015e-05
Testing/glioma/Te-gl_0292.jpg,0,glioma,0,0.9999789,1.7240498e-05,1.3491496e-06,2.4804365e-06
Testing/glioma/Te-gl_0293.jpg,0,glioma,0,0.997364,0.00016558754,0.002273818,0.00019660014
Testing/glioma/Te-gl_0294.jpg,0,glioma,0,0.99999726,3.5317584e-08,1.3628342e-06,1.3570058e-06
Testing/glioma/Te-gl_0295.jpg,0,glioma,0,0.69341904,0.30624232,0.00030971775,2.8898947e-05
Testing/glioma/Te-gl_0296.jpg,0,glioma,0,1.0,1.2678294e-08,3.59119e-09,1.6223055e-08
Testing/glioma/Te-gl_0297.jpg,0,glioma,0,0.99999976,1.8185244e-07,6.503002e-09,3.5909817e-10
Testing/glioma/Te-gl_0298.jpg,0,glioma,0,0.9999769,2.2829732e-05,5.2135547e-08,1.7772574e-07
Testing/glioma/Te-gl_0299.jpg,0,glioma,0,0.5376502,0.25155407,0.11439205,0.096403636
Testing/meningioma/Te-meTr_0000.jpg,1,meningioma,1,0.0072858296,0.7175512,0.26292616,0.012236802
Testing/meningioma/Te-meTr_0001.jpg,1,meningioma,0,0.8370708,0.15704532,0.0044480283,0.0014357897
Testing/meningioma/Te-meTr_0002.jpg,1,meningioma,2,0.015370693,0.08614638,0.89178115,0.0067018336
Testing/meningioma/Te-meTr_0003.jpg,1,meningioma,1,0.00036829713,0.9877988,0.011685688,0.00014718017
Testing/meningioma/Te-meTr_0004.jpg,1,meningioma,1,2.9618172e-09,0.99999976,2.231906e-08,2.4085492e-07
Testing/meningioma/Te-meTr_0005.jpg,1,meningioma,0,0.9857152,1.1286507e-05,0.013829891,0.00044358577
Testing/meningioma/Te-meTr_0006.jpg,1,meningioma,2,0.00087778457,0.31756163,0.6813586,0.00020198597
Testing/meningioma/Te-meTr_0007.jpg,1,meningioma,1,0.00035845648,0.9995758,2.5917217e-05,3.9833278e-05
Testing/meningioma/Te-meTr_0008.jpg,1,meningioma,1,8.809488e-05,0.9999027,8.332256e-06,8.4641994e-07
Testing/meningioma/Te-meTr_0009.jpg,1,meningioma,1,2.7173945e-07,0.99999464,5.1489815e-06,7.839018e-10
Testing/meningioma/Te-me_0010.jpg,1,meningioma,1,3.2856033e-06,0.99936134,0.00062673213,8.560451e-06
Testing/meningioma/Te-me_0011.jpg,1,meningioma,1,5.0347066e-05,0.9990877,0.00084472774,1.7235401e-05
Testing/meningioma/Te-me_0012.jpg,1,meningioma,1,1.9613599e-07,0.9999994,3.401648e-07,6.4408465e-09
Testing/meningioma/Te-me_0013.jpg,1,meningioma,1,2.2133323e-05,0.9999461,8.606843e-06,2.3129103e-05
Testing/meningioma/Te-me_0014.jpg,1,meningioma,1,0.0010106089,0.9866128,0.008846352,0.0035302688
Testing/meningioma/Te-me_0015.jpg,1,meningioma,1,3.9646122e-05,0.9997327,0.00022479484,2.8858367e-06
Testing/meningioma/Te-me_0016.jpg,1,meningioma,1,3.6136746e-05,0.99990714,5.574181e-05,1.0171722e-06
Testing/meningioma/Te-me_0017.jpg,1,meningioma,1,7.380282e-11,1.0,1.1423988e-09,2.8036848e-09
Testing/meningioma/Te-me_0018.jpg,1,meningioma,1,1.9363957e-05,0.9993635,0.0004094085,0.00020775136
Testing/meningioma/Te-me_0019.jpg,1,meningioma,1,2.2665888e-06,0.99992347,9.847942e-06,6.443331e-05
Testing/meningioma/Te-me_0020.jpg,1,meningioma,1,2.6186102e-08,0.9999918,5.682751e-06,2.5531272e-06
Testing/meningioma/Te-me_0021.jpg,1,meningioma,1,7.7545e-07,0.99999905,4.8517098e-08,7.0121345e-08
Testing/meningioma/Te-me_0022.jpg,1,meningioma,1,0.0004591126,0.91237426,0.08564341,0.0015231926
Testing/meningioma/Te-me_0023.jpg,1,meningioma,2,0.066327095,0.0016215981,0.92885023,0.0032010875
Testing/meningioma/Te-me_0024.jpg,1,meningioma,1,4.154922e-08,0.99999857,1.9743223e-07,1.285972e-06
Testing/meningioma/Te-me_0025.jpg,1,meningioma,1,2.9185178e-06,0.9999949,1.10681775e-07,2.1995677e-06
Testing/meningioma/Te-me_0026.jpg,1,meningioma,1,1.1306223e-08,1.0,4.264121e-10,2.3185722e-12
Testing/meningioma/Te-me_0027.jpg,1,meningioma,1,0.000932678,0.99814,0.0008943818,3.2998953e-05
Testing/meningioma/Te-me_0028.jpg,1,meningioma,1,2.6935686e-05,0.99997234,3.0368506e-07,3.7043034e-07
Testing/meningioma/Te-me_0029.jpg,1,meningioma,1,0.0004872781,0.9661344,0.019311553,0.014066741
Testing/meningioma/Te-me_0030.jpg,1,meningioma,1,0.0003824977,0.96855307,0.030434564,0.00062986696
Testing/meningioma/Te-me_0031.jpg,1,meningioma,1,4.1292255e-06,0.99680847,0.0031814852,5.895672e-06
Testing/meningioma/Te-me_0032.jpg,1,meningioma,1,8.261204e-05,0.9997174,0.00019334245,6.5892114e-06
Testing/meningioma/Te-me_0033.jpg,1,meningioma,2,0.02662612,0.0007384408,0.9674655,0.005169908
Testing/meningioma/Te-me_0034.jpg,1,meningioma,0,0.89089805,0.010021142,0.056602444,0.042478397
Testing/meningioma/Te-me_0035.jpg,1,meningioma,2,0.07193376,6.1826518e-06,0.9274063,0.00065370364
Testing/meningioma/Te-me_0036.jpg,1,meningioma,2,0.1802836,0.09006553,0.72832215,0.0013286874
Testing/meningioma/Te-me_0037.jpg,1,meningioma,1,1.2430892e-05,0.99996984,1.7782435e-05,3.0997782e-08
Testing/meningioma/Te-me_0038.jpg,1,meningioma,1,9.455489e-05,0.9998872,1.7202345e-05,1.0354227e-06
Testing/meningioma/Te-me_0039.jpg,1,meningioma,1,2.4968895e-06,0.99718314,0.0028035415,1.0749998e-05
Testing/meningioma/Te-me_0040.jpg,1,meningioma,1,8.883466e-06,0.9999907,3.9347628e-07,2.6712713e-10
Testing/meningioma/Te-me_0041.jpg,1,meningioma,1,1.7281529e-05,0.99992895,5.334398e-05,4.2350308e-07
Testing/meningioma/Te-me_0042.jpg,1,meningioma,1,8.935422e-06,0.99998295,4.284638e-06,3.8270505e-06
Testing/meningioma/Te-me_0043.jpg,1,meningioma,1,8.2101934e-07,0.9999981,3.9648475e-07,6.860973e-07
Testing/meningioma/Te-me_0044.jpg,1,meningioma,1,2.2144613e-07,0.99655294,0.0034443757,2.4482008e-06
Testing/meningioma/Te-me_0045.jpg,1,meningioma,1,2.0137913e-06,0.9999261,6.418648e-06,6.550424e-05
Testing/meningioma/Te-me_0046.jpg,1,meningioma,1,0.00060098554,0.99810505,0.0007471388,0.00054685253
Testing/meningioma/Te-me_0047.jpg,1,meningioma,1,0.0026045837,0.98458326,0.012289709,0.00052244257
Testing/meningioma/Te-me_0048.jpg,1,meningioma,1,0.0015270188,0.9900435,0.0022867164,0.006142848
Testing/meningioma/Te-me_0049.jpg,1,meningioma,1,0.0017926027,0.9844007,0.01057432,0.0032322905
Testing/meningioma/Te-me_0050.jpg,1,meningioma,1,2.5477002e-05,0.99853575,0.0012287934,0.00021000914
Testing/meningioma/Te-me_0051.jpg,1,meningioma,1,0.00011838207,0.9988232,0.0010167806,4.167325e-05
Testing/meningioma/Te-me_0052.jpg,1,meningioma,1,0.00041314008,0.9885937,0.0104285395,0.0005645464
Testing/meningioma/Te-me_0053.jpg,1,meningioma,1,5.258888e-05,0.9373301,0.060726054,0.0018911154
Testing/meningioma/Te-me_0054.jpg,1,meningioma,1,1.0954251e-05,0.99997187,7.482549e-06,9.704374e-06
Testing/meningioma/Te-me_0055.jpg,1,meningioma,1,7.421158e-07,0.9999975,7.083256e-07,1.0372416e-06
Testing/meningioma/Te-me_0056.jpg,1,meningioma,1,1.0069936e-06,0.9999418,5.7141744e-05,1.2041399e-07
Testing/meningioma/Te-me_0057.jpg,1,meningioma,1,1.0234901e-06,0.94671094,0.053287975,4.7958874e-08
Testing/meningioma/Te-me_0058.jpg,1,meningioma,1,4.4104413e-06,0.99951994,2.1527301e-05,0.00045415695
Testing/meningioma/Te-me_0059.jpg,1,meningioma,2,0.19126566,0.0060575698,0.80199426,0.000682542
Testing/meningioma/Te-me_0060.jpg,1,meningioma,1,0.0045366716,0.9948435,7.254978e-05,0.00054723694
Testing/meningioma/Te-me_0061.jpg,1,meningioma,1,1.4948146e-08,1.0,1.5036496e-09,4.0249346e-09
Testing/meningioma/Te-me_0062.jpg,1,meningioma,2,0.32969785,0.00058533606,0.6677275,0.0019893246
Testing/meningioma/Te-me_0063.jpg,1,meningioma,1,1.0014102e-08,1.0,1.3187677e-10,4.37079e-10
Testing/meningioma/Te-me_0064.jpg,1,meningioma,1,0.13357322,0.51076484,0.29837528,0.05728665
Testing/meningioma/Te-me_0065.jpg,1,meningioma,2,0.0016100971,0.34181383,0.6543439,0.0022321243
Testing/meningioma/Te-me_0066.jpg,1,meningioma,1,0.043436363,0.92452526,0.03036157,0.0016768113
Testing/meningioma/Te-me_0067.jpg,1,meningioma,1,4.5963207e-05,0.99991286,1.5352027e-05,2.5765547e-05
Testing/meningioma/Te-me_0068.jpg,1,meningioma,1,3.709507e-09,1.0,6.382498e-11,1.6483968e-12
Testing/meningioma/Te-me_0069.jpg,1,meningioma,1,9.181536e-07,0.9999949,3.4061204e-06,7.7679164e-07
Testing/meningioma/Te-me_0070.jpg,1,meningioma,1,6.2317355e-05,0.9932459,0.004616398,0.0020754926
Testing/meningioma/Te-me_0071.jpg,1,meningioma,1,0.0047499505,0.9921306,0.00263008,0.00048935774
Testing/meningioma/Te-me_0072.jpg,1,meningioma,1,0.0002395975,0.9996106,6.3646876e-05,8.614026e-05
Testing/meningioma/Te-me_0073.jpg,1,meningioma,1,0.0008252413,0.99890363,0.00019108193,8.0043246e-05
Testing/meningioma/Te-me_0074.jpg,1,meningioma,0,0.84975207,3.0923534e-06,0.15017508,6.971688e-05
Testing/meningioma/Te-me_0075.jpg,1,meningioma,1,9.7771746e-08,0.99999857,1.1350935e-06,1.2370757e-07
Testing/meningioma/Te-me_0076.jpg,1,meningioma,1,9.020936e-05,0.99990654,2.3050623e-06,8.8265244e-07
Testing/meningioma/Te-me_0077.jpg,1,meningioma,1,0.00056533876,0.9988501,0.0005689781,1.557081e-05
Testing/meningioma/Te-me_0078.jpg,1,meningioma,2,0.065100454,0.0048488965,0.9020121,0.028038543
Testing/meningioma/Te-me_0079.jpg,1,meningioma,0,0.50412416,0.00014569657,0.49542835,0.0003018186
Testing/meningioma/Te-me_0080.jpg,1,meningioma,1,6.490581e-05,0.9992144,0.00032321885,0.00039743743
Testing/meningioma/Te-me_0081.jpg,1,meningioma,1,4.3246597e-08,0.9989183,0.0010068838,7.4795396e-05
Testing/meningioma/Te-me_0082.jpg,1,meningioma,1,2.892371e-07,0.99999976,4.628045e-08,2.5321831e-09
Testing/meningioma/Te-me_0083.jpg,1,meningioma,1,6.4196047e-07,0.99997365,2.3522967e-05,2.2692266e-06
Testing/meningioma/Te-me_0084.jpg,1,meningioma,1,0.000571601,0.6840526,0.30615455,0.009221259
Testing/meningioma/Te-me_0085.jpg,1,meningioma,1,6.640619e-07,0.9999621,3.6914287e-05,2.8786928e-07
Testing/meningioma/Te-me_0086.jpg,1,meningioma,1,1.787915e-06,0.9999956,2.4752908e-06,2.0280578e-07
Testing/meningioma/Te-me_0087.jpg,1,meningioma,1,0.0004645561,0.99738866,0.0012590684,0.00088777154
Testing/meningioma/Te-me_0088.jpg,1,meningioma,1,0.00021381656,0.90891725,0.090645835,0.00022314678
Testing/meningioma/Te-me_0089.jpg,1,meningioma,1,2.1133086e-05,0.9999033,7.551136e-05,7.7813176e-08
Testing/meningioma/Te-me_0090.jpg,1,meningioma,1,1.1449883e-08,0.99999964,1.4516219e-07,1.6293995e-07
Testing/meningioma/Te-me_0091.jpg,1,meningioma,1,4.2988877e-06,0.9999807,7.955773e-06,7.100536e-06
Testing/meningioma/Te-me_0092.jpg,1,meningioma,1,0.00015726557,0.9976714,0.00092118024,0.0012501978
Testing/meningioma/Te-me_0093.jpg,1,meningioma,1,2.2657788e-07,0.9999995,2.527748e-07,5.3501276e-10
Testing/meningioma/Te-me_0094.jpg,1,meningioma,2,0.23770016,0.0007875455,0.7554564,0.0060558673
Testing/meningioma/Te-me_0095.jpg,1,meningioma,1,1.129629e-07,0.9999999,1.4372171e-08,1.215411e-10
Testing/meningioma/Te-me_0096.jpg,1,meningioma,1,1.1951367e-05,0.99996233,2.2426926e-05,3.264687e-06
Testing/meningioma/Te-me_0097.jpg,1,meningioma,1,0.000512715,0.9887116,0.008499091,0.0022766
Testing/meningioma/Te-me_0098.jpg,1,meningioma,1,7.536139e-08,0.99999976,1.6503542e-07,3.3223127e-10
Testing/meningioma/Te-me_0099.jpg,1,meningioma,1,1.367693e-05,0.9993445,0.0006382378,3.5133437e-06
Testing/meningioma/Te-me_0100.jpg,1,meningioma,1,4.7089245e-05,0.9999263,1.5701797e-05,1.0931567e-05
Testing/meningioma/Te-me_0101.jpg,1,meningioma,1,2.5718765e-07,0.99999726,2.1189812e-06,3.6357687e-07
Testing/meningioma/Te-me_0102.jpg,1,meningioma,1,0.00057413644,0.99565613,0.0037510237,1.8706822e-05
Testing/meningioma/Te-me_0103.jpg,1,meningioma,1,0.0022361972,0.99298203,0.004061207,0.0007205613
Testing/meningioma/Te-me_0104.jpg,1,meningioma,1,5.007265e-07,0.9999993,1.8776072e-08,1.9155136e-07
Testing/meningioma/Te-me_0105.jpg,1,meningioma,1,1.7030258e-07,0.9999995,3.191557e-07,4.8494375e-11
Testing/meningioma/Te-me_0106.jpg,1,meningioma,2,0.052584626,2.4325457e-06,0.9471861,0.00022686386
Testing/meningioma/Te-me_0107.jpg,1,meningioma,1,5.8418737e-10,1.0,1.9898867e-08,1.9040316e-09
Testing/meningioma/Te-me_0108.jpg,1,meningioma,0,0.81779075,1.6198207e-07,0.18217793,3.117193e-05
Testing/meningioma/Te-me_0109.jpg,1,meningioma,1,9.875264e-06,0.99998176,8.208944e-06,1.6749118e-07
Testing/meningioma/Te-me_0110.jpg,1,meningioma,1,0.0053933016,0.9933888,0.00039081392,0.00082717557
Testing/meningioma/Te-me_0111.jpg,1,meningioma,2,0.028827254,0.019295976,0.9431747,0.008702017
Testing/meningioma/Te-me_0112.jpg,1,meningioma,1,8.210312e-05,0.99989223,2.541792e-05,1.6520947e-07
Testing/meningioma/Te-me_0113.jpg,1,meningioma,1,0.0017575258,0.9952206,0.0017523065,0.0012695671
Testing/meningioma/Te-me_0114.jpg,1,meningioma,1,1.3658158e-05,0.99998593,4.164945e-07,4.2400064e-10
Testing/meningioma/Te-me_0115.jpg,1,meningioma,1,0.014274272,0.8134911,0.021583334,0.1506513
Testing/meningioma/Te-me_0116.jpg,1,meningioma,1,0.3257646,0.45355707,0.09003387,0.13064449
Testing/meningioma/Te-me_0117.jpg,1,meningioma,0,0.8740584,0.0041788584,0.11903163,0.0027310313
Testing/meningioma/Te-me_0118.jpg,1,meningioma,1,0.12017785,0.80622745,0.0054897205,0.06810502
Testing/meningioma/Te-me_0119.jpg,1,meningioma,1,0.000116606316,0.9997552,5.225686e-05,7.5964424e-05
Testing/meningioma/Te-me_0120.jpg,1,meningioma,1,1.2097734e-05,0.9999783,5.3448484e-06,4.267523e-06
Testing/meningioma/Te-me_0121.jpg,1,meningioma,1,0.0004138209,0.9958586,0.0009524923,0.0027750186
Testing/meningioma/Te-me_0122.jpg,1,meningioma,1,0.00048738281,0.9989747,0.00018563452,0.00035222535
Testing/meningioma/Te-me_0123.jpg,1,meningioma,1,5.64964e-05,0.9992938,5.6296994e-06,0.00064404384
Testing/meningioma/Te-me_0124.jpg,1,meningioma,1,0.3595002,0.6349791,0.0045430874,0.0009775544
Testing/meningioma/Te-me_0125.jpg,1,meningioma,1,1.1187834e-07,0.9999999,8.45423e-10,2.029705e-09
Testing/meningioma/Te-me_0126.jpg,1,meningioma,1,4.0541845e-06,0.99999523,6.047458e-07,8.6169166e-08
Testing/meningioma/Te-me_0127.jpg,1,meningioma,1,3.9452246e-07,0.9999994,7.3645815e-08,1.056857e-07
Testing/meningioma/Te-me_0128.jpg,1,meningioma,1,0.0074233063,0.958207,0.030375905,0.003993786
Testing/meningioma/Te-me_0129.jpg,1,meningioma,1,1.03276e-06,0.99999225,1.4805588e-06,5.1567035e-06
Testing/meningioma/Te-me_0130.jpg,1,meningioma,1,1.2084547e-06,0.99999726,1.2666018e-06,2.5007557e-07
Testing/meningioma/Te-me_0131.jpg,1,meningioma,1,0.048190173,0.922328,0.020438487,0.009043401
Testing/meningioma/Te-me_0132.jpg,1,meningioma,1,0.00015714164,0.99928856,9.869431e-05,0.00045554343
Testing/meningioma/Te-me_0133.jpg,1,meningioma,1,1.814709e-05,0.9999814,1.9225564e-07,3.0157318e-07
Testing/meningioma/Te-me_0134.jpg,1,meningioma,0,0.4484404,0.4095019,0.08808,0.05397761
Testing/meningioma/Te-me_0135.jpg,1,meningioma,1,1.3666634e-07,0.9999999,1.3465394e-09,4.730423e-10
Testing/meningioma/Te-me_0136.jpg,1,meningioma,1,0.03151534,0.8717637,0.015068795,0.08165218
Testing/meningioma/Te-me_0137.jpg,1,meningioma,1,2.3893855e-07,0.99998605,2.7822256e-07,1.3439705e-05
Testing/meningioma/Te-me_0138.jpg,1,meningioma,1,0.00013952334,0.9997794,2.8659757e-05,5.2395102e-05
Testing/meningioma/Te-me_0139.jpg,1,meningioma,1,4.6601323e-07,0.9999974,2.0990396e-06,9.358876e-08
Testing/meningioma/Te-me_0140.jpg,1,meningioma,2,0.053073864,0.2981506,0.6241942,0.02458131
Testing/meningioma/Te-me_0141.jpg,1,meningioma,1,0.27759078,0.55858165,0.030753622,0.13307396
Testing/meningioma/Te-me_0142.jpg,1,meningioma,1,0.00033527197,0.99956125,1.1025944e-05,9.243354e-05
Testing/meningioma/Te-me_0143.jpg,1,meningioma,2,0.055945568,3.1494467e-06,0.9438003,0.00025096245
Testing/meningioma/Te-me_0144.jpg,1,meningioma,2,0.32453334,0.0025238807,0.64402366,0.028919095
Testing/meningioma/Te-me_0145.jpg,1,meningioma,1,0.0045999377,0.99438715,0.00040862037,0.00060429523
Testing/meningioma/Te-me_0146.jpg,1,meningioma,0,0.6775772,0.028864225,0.18157218,0.111986384
Testing/meningioma/Te-me_0147.jpg,1,meningioma,1,1.6312843e-09,1.0,1.7510877e-09,3.8108605e-10
Testing/meningioma/Te-me_0148.jpg,1,meningioma,1,0.0010800165,0.89647347,0.0014539215,0.10099263
Testing/meningioma/Te-me_0149.jpg,1,meningioma,1,3.8626162e-08,0.9999999,1.7977538e-08,7.4190204e-08
Testing/meningioma/Te-me_0150.jpg,1,meningioma,1,1.6193749e-08,1.0,6.2017036e-10,7.252632e-09
Testing/meningioma/Te-me_0151.jpg,1,meningioma,1,3.505125e-08,0.99999785,2.3254488e-07,1.957529e-06
Testing/meningioma/Te-me_0152.jpg,1,meningioma,1,4.06789e-06,0.99999225,3.2567257e-07,3.3777362e-06
Testing/meningioma/Te-me_0153.jpg,1,meningioma,1,0.0014553134,0.9405485,0.004205615,0.053790577
Testing/meningioma/Te-me_0154.jpg,1,meningioma,1,6.9552574e-05,0.9981206,0.0017410594,6.864772e-05
Testing/meningioma/Te-me_0155.jpg,1,meningioma,1,0.0017104284,0.9738477,0.022562465,0.0018794538
Testing/meningioma/Te-me_0156.jpg,1,meningioma,1,1.8862831e-05,0.99700004,2.7817621e-05,0.0029532698
Testing/meningioma/Te-me_0157.jpg,1,meningioma,1,1.5018533e-07,0.9999194,1.2266968e-06,7.9205056e-05
Testing/meningioma/Te-me_0158.jpg,1,meningioma,1,7.154452e-05,0.9985259,0.00018782627,0.0012147968
Testing/meningioma/Te-me_0159.jpg,1,meningioma,1,0.0008378993,0.993313,0.0015206046,0.0043284413
Testing/meningioma/Te-me_0160.jpg,1,meningioma,1,4.4279072e-06,0.9999597,9.3005765e-06,2.6592792e-05
Testing/meningioma/Te-me_0161.jpg,1,meningioma,1,6.8777686e-09,0.99999607,7.856176e-08,3.8103517e-06
Testing/meningioma/Te-me_0162.jpg,1,meningioma,1,1.8285407e-05,0.9983546,6.9700494e-05,0.0015573857
Testing/meningioma/Te-me_0163.jpg,1,meningioma,1,2.9784102e-05,0.94923973,0.00068456604,0.050045896
Testing/meningioma/Te-me_0164.jpg,1,meningioma,1,9.419736e-07,0.9990947,2.2487508e-05,0.0008818972
Testing/meningioma/Te-me_0165.jpg,1,meningioma,1,4.7231268e-05,0.9968545,0.00017727127,0.0029211058
Testing/meningioma/Te-me_0166.jpg,1,meningioma,1,3.5995086e-08,0.9999864,6.1610804e-06,7.4126333e-06
Testing/meningioma/Te-me_0167.jpg,1,meningioma,1,7.44046e-08,0.99999976,2.2421121e-08,1.0565127e-07
Testing/meningioma/Te-me_0168.jpg,1,meningioma,1,1.73676e-05,0.9999703,1.7394791e-06,1.0595248e-05
Testing/meningioma/Te-me_0169.jpg,1,meningioma,1,1.7067044e-06,0.99999654,4.6806483e-07,1.3502597e-06
Testing/meningioma/Te-me_0170.jpg,1,meningioma,1,0.00180579,0.9916751,0.0008254896,0.0056936624
Testing/meningioma/Te-me_0171.jpg,1,meningioma,1,0.00032465413,0.7796502,0.0063369665,0.21368818
Testing/meningioma/Te-me_0172.jpg,1,meningioma,1,0.000118199874,0.99931383,0.00016566573,0.00040236313
Testing/meningioma/Te-me_0173.jpg,1,meningioma,1,0.00021372606,0.9962702,0.00029461892,0.0032214355
Testing/meningioma/Te-me_0174.jpg,1,meningioma,1,0.00033748883,0.9996123,1.648565e-05,3.3775235e-05
Testing/meningioma/Te-me_0175.jpg,1,meningioma,1,1.1121692e-05,0.9998735,0.0001003849,1.4968757e-05
Testing/meningioma/Te-me_0176.jpg,1,meningioma,1,0.00011673893,0.99957865,1.2051889e-05,0.0002925165
Testing/meningioma/Te-me_0177.jpg,1,meningioma,1,8.76512e-05,0.9994848,2.4707528e-05,0.00040273703
Testing/meningioma/Te-me_0178.jpg,1,meningioma,2,0.000497285,0.0045126555,0.9949857,4.3392297e-06
Testing/meningioma/Te-me_0179.jpg,1,meningioma,1,0.00019974251,0.99944776,0.00011130457,0.00024129004
Testing/meningioma/Te-me_0180.jpg,1,meningioma,1,6.134464e-07,0.9999976,3.2263014e-08,1.7075982e-06
Testing/meningioma/Te-me_0181.jpg,1,meningioma,1,1.9286563e-06,0.9995029,2.6421472e-05,0.00046878043
Testing/meningioma/Te-me_0182.jpg,1,meningioma,1,0.0730513,0.7760767,0.08264216,0.068229906
Testing/meningioma/Te-me_0183.jpg,1,meningioma,1,7.0707765e-06,0.9999435,6.5219483e-06,4.298952e-05
Testing/meningioma/Te-me_0184.jpg,1,meningioma,1,8.659102e-07,0.99999857,9.9150355e-08,4.6611783e-07
Testing/meningioma/Te-me_0185.jpg,1,meningioma,1,0.011516396,0.9883963,7.680075e-05,1.0553514e-05
Testing/meningioma/Te-me_0186.jpg,1,meningioma,1,7.310768e-09,0.99999976,9.587785e-08,1.9517753e-07
Testing/meningioma/Te-me_0187.jpg,1,meningioma,1,9.915053e-05,0.99988437,5.6881972e-06,1.0712057e-05
Testing/meningioma/Te-me_0188.jpg,1,meningioma,1,2.2902295e-06,0.9999703,2.98363e-07,2.7085915e-05
Testing/meningioma/Te-me_0189.jpg,1,meningioma,1,3.650072e-06,0.99927706,4.4647062e-05,0.0006746525
Testing/meningioma/Te-me_0190.jpg,1,meningioma,1,0.00010402211,0.99963,0.00023531921,3.0610106e-05
Testing/meningioma/Te-me_0191.jpg,1,meningioma,1,4.7996098e-05,0.99902713,0.00013030203,0.00079454476
Testing/meningioma/Te-me_0192.jpg,1,meningioma,1,3.1689726e-07,0.99999726,3.8080802e-07,2.0286118e-06
Testing/meningioma/Te-me_0193.jpg,1,meningioma,1,0.009618225,0.9493002,0.0037444942,0.037337076
Testing/meningioma/Te-me_0194.jpg,1,meningioma,1,0.046257153,0.9485502,0.0023140137,0.002878615
Testing/meningioma/Te-me_0195.jpg,1,meningioma,1,0.00014608291,0.9998472,3.404036e-06,3.2781816e-06
Testing/meningioma/Te-me_0196.jpg,1,meningioma,1,5.1147435e-06,0.99998534,3.2489343e-06,6.3320763e-06
Testing/meningioma/Te-me_0197.jpg,1,meningioma,1,1.7854106e-07,0.99999917,3.3392002e-08,7.280144e-07
Testing/meningioma/Te-me_0198.jpg,1,meningioma,1,3.578214e-08,0.9999999,3.3987213e-09,6.61106e-08
Testing/meningioma/Te-me_0199.jpg,1,meningioma,1,0.000581222,0.99663085,0.00015407761,0.0026338743
Testing/meningioma/Te-me_0200.jpg,1,meningioma,1,3.3311053e-07,0.99999774,1.8669864e-07,1.715474e-06
Testing/meningioma/Te-me_0201.jpg,1,meningioma,1,9.601748e-08,0.99999964,2.2024798e-09,1.7919821e-07
Testing/meningioma/Te-me_0202.jpg,1,meningioma,1,0.0021653983,0.9889818,0.0065800077,0.0022728029
Testing/meningioma/Te-me_0203.jpg,1,meningioma,1,3.0961192e-07,0.9998363,5.689269e-06,0.0001576539
Testing/meningioma/Te-me_0204.jpg,1,meningioma,1,0.00038805345,0.99951315,1.4059888e-05,8.4748324e-05
Testing/meningioma/Te-me_0205.jpg,1,meningioma,1,2.9862301e-06,0.9999578,1.4694515e-06,3.7707123e-05
Testing/meningioma/Te-me_0206.jpg,1,meningioma,1,3.7434726e-05,0.99994874,2.3748956e-07,1.3532832e-05
Testing/meningioma/Te-me_0207.jpg,1,meningioma,1,0.030258693,0.90589756,0.02393068,0.039913043
Testing/meningioma/Te-me_0208.jpg,1,meningioma,1,8.8372656e-07,0.99999833,2.021763e-08,8.3010514e-07
Testing/meningioma/Te-me_0209.jpg,1,meningioma,1,4.411062e-08,0.9999925,1.8691055e-07,7.372149e-06
Testing/meningioma/Te-me_0210.jpg,1,meningioma,1,1.382805e-06,0.999987,5.1035936e-06,6.437141e-06
Testing/meningioma/Te-me_0211.jpg,1,meningioma,1,7.3362905e-08,0.99999,3.848804e-08,9.884928e-06
Testing/meningioma/Te-me_0212.jpg,1,meningioma,1,1.3548677e-05,0.99991715,6.1813955e-07,6.869368e-05
Testing/meningioma/Te-me_0213.jpg,1,meningioma,1,0.00015343643,0.99855477,5.9864815e-05,0.0012319261
Testing/meningioma/Te-me_0214.jpg,1,meningioma,1,0.00027510247,0.998108,0.0001798739,0.0014369629
Testing/meningioma/Te-me_0215.jpg,1,meningioma,1,4.575662e-06,0.9999901,1.4951991e-06,3.9036136e-06
Testing/meningioma/Te-me_0216.jpg,1,meningioma,1,9.070221e-06,0.99993587,5.4475284e-05,5.4235426e-07
Testing/meningioma/Te-me_0217.jpg,1,meningioma,1,0.00016696138,0.9993519,0.00013907692,0.000342076
Testing/meningioma/Te-me_0218.jpg,1,meningioma,0,0.5901449,0.12636259,0.21024588,0.07324667
Testing/meningioma/Te-me_0219.jpg,1,meningioma,1,8.243744e-07,0.99999547,6.19494e-07,3.0980227e-06
Testing/meningioma/Te-me_0220.jpg,1,meningioma,1,4.6862828e-05,0.9998672,8.518295e-06,7.740498e-05
Testing/meningioma/Te-me_0221.jpg,1,meningioma,1,0.00034816877,0.99950576,2.9611987e-05,0.00011645655
Testing/meningioma/Te-me_0222.jpg,1,meningioma,1,0.0004580947,0.9988657,0.00029602437,0.00038025365
Testing/meningioma/Te-me_0223.jpg,1,meningioma,1,4.2990524e-07,0.9999908,1.9615861e-07,8.508225e-06
Testing/meningioma/Te-me_0224.jpg,1,meningioma,1,0.004111801,0.99112415,0.0020321966,0.0027319163
Testing/meningioma/Te-me_0225.jpg,1,meningioma,1,0.0010669293,0.533408,0.003683631,0.46184146
Testing/meningioma/Te-me_0226.jpg,1,meningioma,1,0.019261792,0.98007524,0.00050780526,0.00015507033
Testing/meningioma/Te-me_0227.jpg,1,meningioma,1,4.359876e-06,0.99989724,1.4583109e-05,8.376312e-05
Testing/meningioma/Te-me_0228.jpg,1,meningioma,1,1.036798e-05,0.99993634,6.074051e-06,4.720946e-05
Testing/meningioma/Te-me_0229.jpg,1,meningioma,1,0.25406983,0.49303007,0.155261,0.09763908
Testing/meningioma/Te-me_0230.jpg,1,meningioma,1,1.491568e-05,0.999848,4.2346237e-05,9.471481e-05
Testing/meningioma/Te-me_0231.jpg,1,meningioma,1,3.3452623e-05,0.99713206,0.00031259863,0.0025219454
Testing/meningioma/Te-me_0232.jpg,1,meningioma,1,0.010889187,0.94385576,0.015809232,0.029445713
Testing/meningioma/Te-me_0233.jpg,1,meningioma,1,0.0015576319,0.9921995,0.005330808,0.00091203937
Testing/meningioma/Te-me_0234.jpg,1,meningioma,1,6.979521e-05,0.99992204,5.9822482e-06,2.1731846e-06
Testing/meningioma/Te-me_0235.jpg,1,meningioma,1,0.0005215454,0.99882406,0.00039348853,0.0002608941
Testing/meningioma/Te-me_0236.jpg,1,meningioma,1,3.1098584e-06,0.9999968,1.107871e-08,1.16687055e-07
Testing/meningioma/Te-me_0237.jpg,1,meningioma,1,0.390707,0.50743186,0.03691735,0.064943776
Testing/meningioma/Te-me_0238.jpg,1,meningioma,1,1.0077503e-05,0.9994223,9.039749e-06,0.0005585877
Testing/meningioma/Te-me_0239.jpg,1,meningioma,1,0.0071187457,0.9886143,0.00182662,0.0024403036
Testing/meningioma/Te-me_0240.jpg,1,meningioma,1,2.0227508e-06,0.99998796,5.39563e-07,9.529278e-06
Testing/meningioma/Te-me_0241.jpg,1,meningioma,1,0.0012683806,0.9980788,0.00025145305,0.0004013402
Testing/meningioma/Te-me_0242.jpg,1,meningioma,1,5.904093e-08,0.9999999,1.2214545e-08,7.608296e-08
Testing/meningioma/Te-me_0243.jpg,1,meningioma,1,1.4915157e-07,0.9999999,1.1562994e-09,1.3613703e-09
Testing/meningioma/Te-me_0244.jpg,1,meningioma,1,1.18402454e-07,0.99999666,3.4327348e-07,2.9126475e-06
Testing/meningioma/Te-me_0245.jpg,1,meningioma,1,2.522888e-07,0.99999857,2.4988753e-07,9.793958e-07
Testing/meningioma/Te-me_0246.jpg,1,meningioma,3,0.04854583,0.34211394,0.053974755,0.5553655
Testing/meningioma/Te-me_0247.jpg,1,meningioma,1,0.021449983,0.9569531,0.015966339,0.0056305025
Testing/meningioma/Te-me_0248.jpg,1,meningioma,3,0.002460859,0.48447454,0.004995344,0.5080692
Testing/meningioma/Te-me_0249.jpg,1,meningioma,1,0.00023190521,0.9997614,1.7862538e-06,4.851348e-06
Testing/meningioma/Te-me_0250.jpg,1,meningioma,1,5.6579454e-05,0.99994147,7.5389823e-07,1.1353663e-06
Testing/meningioma/Te-me_0251.jpg,1,meningioma,1,0.006137286,0.9343405,0.0019561823,0.05756604
Testing/meningioma/Te-me_0252.jpg,1,meningioma,1,0.02580442,0.948559,0.014252844,0.011383782
Testing/meningioma/Te-me_0253.jpg,1,meningioma,1,1.6254911e-05,0.9999765,1.0967143e-06,6.2250233e-06
Testing/meningioma/Te-me_0254.jpg,1,meningioma,1,0.010442327,0.9833365,0.005933403,0.0002876822
Testing/meningioma/Te-me_0255.jpg,1,meningioma,1,2.0009463e-08,0.99999976,2.8559965e-08,2.4860952e-07
Testing/meningioma/Te-me_0256.jpg,1,meningioma,1,0.012576315,0.98062485,0.001959851,0.0048390017
Testing/meningioma/Te-me_0257.jpg,1,meningioma,1,2.9266583e-05,0.999483,0.00026486555,0.00022276642
Testing/meningioma/Te-me_0258.jpg,1,meningioma,1,1.1239646e-05,0.9998851,2.1985516e-05,8.1699814e-05
Testing/meningioma/Te-me_0259.jpg,1,meningioma,0,0.60601664,0.35643372,0.033598818,0.0039508124
Testing/meningioma/Te-me_0260.jpg,1,meningioma,1,0.007967663,0.96590036,0.024941215,0.0011908074
Testing/meningioma/Te-me_0261.jpg,1,meningioma,1,3.758887e-05,0.9996636,5.6577082e-06,0.0002932067
Testing/meningioma/Te-me_0262.jpg,1,meningioma,1,0.00017530183,0.9996489,1.7196653e-05,0.00015853067
Testing/meningioma/Te-me_0263.jpg,1,meningioma,1,1.1963725e-05,0.9999858,1.949574e-08,2.2312643e-06
Testing/meningioma/Te-me_0264.jpg,1,meningioma,1,8.536832e-06,0.9999895,9.031851e-07,9.614281e-07
Testing/meningioma/Te-me_0265.jpg,1,meningioma,1,0.001355895,0.9984276,0.0001346566,8.1832404e-05
Testing/meningioma/Te-me_0266.jpg,1,meningioma,0,0.5399208,0.40727898,0.014682204,0.038118
Testing/meningioma/Te-me_0267.jpg,1,meningioma,1,2.2345047e-08,0.9999999,7.1851736e-10,1.5185519e-07
Testing/meningioma/Te-me_0268.jpg,1,meningioma,1,1.9706783e-07,0.9999995,4.625871e-09,2.2521142e-07
Testing/meningioma/Te-me_0269.jpg,1,meningioma,1,4.5527748e-05,0.99971586,4.868496e-05,0.00018984846
Testing/meningioma/Te-me_0270.jpg,1,meningioma,1,2.0911995e-05,0.99997604,2.9646906e-06,1.6186605e-07
Testing/meningioma/Te-me_0271.jpg,1,meningioma,1,0.0008590236,0.62886155,0.007061077,0.3632183
Testing/meningioma/Te-me_0272.jpg,1,meningioma,1,1.2081206e-06,0.99997437,3.147106e-06,2.1292852e-05
Testing/meningioma/Te-me_0273.jpg,1,meningioma,1,3.488599e-05,0.99996245,1.7038196e-06,8.652425e-07
Testing/meningioma/Te-me_0274.jpg,1,meningioma,1,2.6796477e-07,0.99999964,2.0492529e-08,5.129857e-08
Testing/meningioma/Te-me_0275.jpg,1,meningioma,1,0.00015691502,0.999826,5.0112103e-06,1.200555e-05
Testing/meningioma/Te-me_0276.jpg,1,meningioma,1,0.006184771,0.9938141,1.9527019e-07,8.6584834e-07
Testing/meningioma/Te-me_0277.jpg,1,meningioma,1,5.4081374e-05,0.99990666,2.465564e-05,1.459549e-05
Testing/meningioma/Te-me_0278.jpg,1,meningioma,1,2.4508804e-09,1.0,4.1283107e-10,1.8941149e-08
Testing/meningioma/Te-me_0279.jpg,1,meningioma,1,5.6959765e-05,0.9999287,1.2014956e-06,1.3092526e-05
Testing/meningioma/Te-me_0280.jpg,1,meningioma,1,0.031880304,0.8703697,0.006031117,0.09171888
Testing/meningioma/Te-me_0281.jpg,1,meningioma,1,3.1681922e-09,0.9999999,4.850231e-09,6.095077e-08
Testing/meningioma/Te-me_0282.jpg,1,meningioma,1,5.966632e-05,0.9999083,4.8323523e-06,2.7160253e-05
Testing/meningioma/Te-me_0283.jpg,1,meningioma,1,0.00012897687,0.9997261,8.290008e-06,0.00013668192
Testing/meningioma/Te-me_0284.jpg,1,meningioma,1,9.1516387e-07,0.99991,7.8639105e-06,8.114431e-05
Testing/meningioma/Te-me_0285.jpg,1,meningioma,1,0.00033300527,0.9990445,0.0005410075,8.150417e-05
Testing/meningioma/Te-me_0286.jpg,1,meningioma,1,0.07547601,0.80211014,0.0053691794,0.117044754
Testing/meningioma/Te-me_0287.jpg,1,meningioma,1,0.020908497,0.89545095,0.013916434,0.06972417
Testing/meningioma/Te-me_0288.jpg,1,meningioma,1,0.039036978,0.9561867,0.0020063282,0.0027698802
Testing/meningioma/Te-me_0289.jpg,1,meningioma,1,0.013078449,0.9866202,0.00017535646,0.00012592148
Testing/meningioma/Te-me_0290.jpg,1,meningioma,1,8.618425e-07,0.99999917,3.2359868e-09,1.31770195e-08
Testing/meningioma/Te-me_0291.jpg,1,meningioma,1,0.00028670236,0.9993044,0.000100056306,0.00030880884
Testing/meningioma/Te-me_0292.jpg,1,meningioma,1,0.019043062,0.730669,0.009441232,0.24084665
Testing/meningioma/Te-me_0293.jpg,1,meningioma,0,0.6839066,0.008582398,0.30174828,0.0057627494
Testing/meningioma/Te-me_0294.jpg,1,meningioma,1,0.011435553,0.9471104,0.01148167,0.029972395
Testing/meningioma/Te-me_0295.jpg,1,meningioma,1,3.5780065e-06,0.9999771,1.5706901e-06,1.7699474e-05
Testing/meningioma/Te-me_0296.jpg,1,meningioma,1,0.0008203916,0.9008525,0.0058031124,0.092523985
Testing/meningioma/Te-me_0297.jpg,1,meningioma,0,0.62435764,0.00020045515,0.37427044,0.0011715047
Testing/meningioma/Te-me_0298.jpg,1,meningioma,1,0.00019531789,0.999509,5.4924174e-05,0.0002408218
Testing/meningioma/Te-me_0299.jpg,1,meningioma,1,6.473875e-05,0.9993704,8.0195125e-05,0.0004847835
Testing/meningioma/Te-me_0300.jpg,1,meningioma,2,0.38953808,0.0053581255,0.5761209,0.028982885
Testing/meningioma/Te-me_0301.jpg,1,meningioma,1,0.14871286,0.8302898,0.012703898,0.008293433
Testing/meningioma/Te-me_0302.jpg,1,meningioma,1,3.9178695e-07,0.99999964,2.7931542e-08,8.694543e-09
Testing/meningioma/Te-me_0303.jpg,1,meningioma,1,1.2507303e-06,0.9999968,4.491851e-07,1.5483776e-06
Testing/meningioma/Te-me_0304.jpg,1,meningioma,2,0.35533231,0.00024338676,0.63669026,0.007734068
Testing/meningioma/Te-me_0305.jpg,1,meningioma,1,0.00026083345,0.9981958,0.00036271603,0.0011806033
Testing/notumor/Te-noTr_0000.jpg,2,no_tumor,2,5.476016e-16,8.665709e-16,1.0,1.6176695e-17
Testing/notumor/Te-noTr_0001.jpg,2,no_tumor,2,4.8727255e-13,3.2444977e-10,1.0,1.3090061e-11
Testing/notumor/Te-noTr_0002.jpg,2,no_tumor,2,2.096321e-13,4.2388912e-11,1.0,1.7939662e-11
Testing/notumor/Te-noTr_0003.jpg,2,no_tumor,0,0.75246054,1.9043749e-07,0.24748915,5.009309e-05
Testing/notumor/Te-noTr_0004.jpg,2,no_tumor,2,1.9642604e-11,4.103112e-10,1.0,9.364641e-10
Testing/notumor/Te-noTr_0005.jpg,2,no_tumor,2,5.7615495e-13,2.1466407e-12,1.0,2.0923035e-12
Testing/notumor/Te-noTr_0006.jpg,2,no_tumor,2,4.6917346e-09,3.9712764e-11,1.0,8.441563e-11
Testing/notumor/Te-noTr_0007.jpg,2,no_tumor,2,4.080288e-12,3.4812897e-10,1.0,2.7013383e-12
Testing/notumor/Te-noTr_0008.jpg,2,no_tumor,2,6.1965987e-24,1.8600998e-19,1.0,3.889351e-22
Testing/notumor/Te-noTr_0009.jpg,2,no_tumor,2,1.3810596e-19,1.3811032e-17,1.0,5.0726363e-20
Testing/notumor/Te-no_0010.jpg,2,no_tumor,2,6.7707866e-08,1.1019021e-06,0.9999988,3.7390976e-08
Testing/notumor/Te-no_0011.jpg,2,no_tumor,2,1.4274204e-12,2.66977e-12,1.0,6.130059e-14
Testing/notumor/Te-no_0012.jpg,2,no_tumor,2,4.0171745e-16,8.320806e-15,1.0,3.678231e-17
Testing/notumor/Te-no_0013.jpg,2,no_tumor,2,6.962903e-17,2.363684e-16,1.0,1.3791611e-16
Testing/notumor/Te-no_0014.jpg,2,no_tumor,2,2.4375825e-22,3.150424e-23,1.0,2.876499e-26
Testing/notumor/Te-no_0015.jpg,2,no_tumor,2,5.4173357e-18,3.1089928e-14,1.0,2.133033e-16
Testing/notumor/Te-no_0016.jpg,2,no_tumor,2,2.1235424e-05,1.9509072e-05,0.99995255,6.6587786e-06
Testing/notumor/Te-no_0017.jpg,2,no_tumor,2,2.243862e-08,1.2629053e-07,0.9999999,6.297398e-09
Testing/notumor/Te-no_0018.jpg,2,no_tumor,2,2.523913e-10,4.4844242e-08,1.0,1.3850598e-10
Testing/notumor/Te-no_0019.jpg,2,no_tumor,2,0.04288616,0.012447377,0.9135175,0.031149002
Testing/notumor/Te-no_0020.jpg,2,no_tumor,2,9.5599986e-11,1.7463839e-10,1.0,4.353079e-13
Testing/notumor/Te-no_0021.jpg,2,no_tumor,2,1.8555807e-24,4.3719184e-20,1.0,6.293617e-20
Testing/notumor/Te-no_0022.jpg,2,no_tumor,2,0.043454878,0.001178081,0.95049244,0.0048746048
Testing/notumor/Te-no_0023.jpg,2,no_tumor,2,0.04303879,2.8293207e-06,0.95681155,0.00014680772
Testing/notumor/Te-no_0024.jpg,2,no_tumor,2,8.68339e-07,0.0003321403,0.99966097,6.0885504e-06
Testing/notumor/Te-no_0025.jpg,2,no_tumor,2,5.91222e-12,3.4176023e-06,0.99999654,2.8316355e-10
Testing/notumor/Te-no_0026.jpg,2,no_tumor,2,3.0247481e-13,6.7144935e-11,1.0,6.5086274e-12
Testing/notumor/Te-no_0027.jpg,2,no_tumor,2,0.07623607,6.5607937e-06,0.92355293,0.00020450205
Testing/notumor/Te-no_0028.jpg,2,no_tumor,2,0.0001666014,0.00012426614,0.9996958,1.3344105e-05
Testing/notumor/Te-no_0029.jpg,2,no_tumor,2,2.2887494e-05,9.221795e-05,0.99988115,3.7043912e-06
Testing/notumor/Te-no_0030.jpg,2,no_tumor,2,2.8768796e-21,1.28560725e-17,1.0,1.7848053e-19
Testing/notumor/Te-no_0031.jpg,2,no_tumor,2,4.762653e-14,3.4681324e-11,1.0,1.3602808e-12
Testing/notumor/Te-no_0032.jpg,2,no_tumor,2,9.721128e-26,1.112589e-22,1.0,2.3193065e-27
Testing/notumor/Te-no_0033.jpg,2,no_tumor,2,0.02236646,0.0013018015,0.9710379,0.0052938224
Testing/notumor/Te-no_0034.jpg,2,no_tumor,2,8.1982634e-08,1.0609388e-06,0.9999988,4.183176e-08
Testing/notumor/Te-no_0035.jpg,2,no_tumor,2,0.00064820336,7.9926445e-05,0.99925226,1.9579593e-05
Testing/notumor/Te-no_0036.jpg,2,no_tumor,2,7.859986e-11,3.2317273e-09,1.0,7.2229124e-12
Testing/notumor/Te-no_0037.jpg,2,no_tumor,2,2.4654079e-11,8.980535e-10,1.0,9.955687e-10
Testing/notumor/Te-no_0038.jpg,2,no_tumor,2,1.0164115e-06,1.9402742e-06,0.9999944,2.6535533e-06
Testing/notumor/Te-no_0039.jpg,2,no_tumor,2,0.004195543,4.8672377e-06,0.99572575,7.383448e-05
Testing/notumor/Te-no_0040.jpg,2,no_tumor,2,3.9647554e-17,3.7730685e-15,1.0,5.063014e-18
Testing/notumor/Te-no_0041.jpg,2,no_tumor,2,9.5810335e-21,2.1850464e-19,1.0,7.716394e-21
Testing/notumor/Te-no_0042.jpg,2,no_tumor,2,2.584813e-16,8.735945e-15,1.0,9.562467e-17
Testing/notumor/Te-no_0043.jpg,2,no_tumor,2,5.3003944e-16,1.08554875e-13,1.0,5.8553727e-17
Testing/notumor/Te-no_0044.jpg,2,no_tumor,2,5.687422e-14,1.6489565e-12,1.0,3.8891124e-15
Testing/notumor/Te-no_0045.jpg,2,no_tumor,2,7.823858e-06,9.643422e-07,0.99999094,1.9563443e-07
Testing/notumor/Te-no_0046.jpg,2,no_tumor,2,3.7274432e-13,5.5465434e-11,1.0,9.5804744e-12
Testing/notumor/Te-no_0047.jpg,2,no_tumor,2,5.3906373e-19,1.3878309e-18,1.0,1.5524997e-20
Testing/notumor/Te-no_0048.jpg,2,no_tumor,2,7.7699145e-14,3.2256131e-12,1.0,5.3508816e-15
Testing/notumor/Te-no_0049.jpg,2,no_tumor,2,1.5509256e-12,2.3617747e-11,1.0,4.2083856e-10
Testing/notumor/Te-no_0050.jpg,2,no_tumor,2,7.721578e-07,3.0872545e-07,0.9999988,1.0135444e-07
Testing/notumor/Te-no_0051.jpg,2,no_tumor,2,2.5306433e-13,4.203263e-12,1.0,1.0985204e-14
Testing/notumor/Te-no_0052.jpg,2,no_tumor,2,5.3554656e-19,1.3859382e-16,1.0,4.3903693e-20
Testing/notumor/Te-no_0053.jpg,2,no_tumor,2,4.0764104e-14,2.5965723e-13,1.0,1.6478095e-15
Testing/notumor/Te-no_0054.jpg,2,no_tumor,2,1.2467832e-06,2.7676282e-07,0.99999833,7.772445e-08
Testing/notumor/Te-no_0055.jpg,2,no_tumor,2,4.314847e-17,2.085149e-15,1.0,4.823593e-18
Testing/notumor/Te-no_0056.jpg,2,no_tumor,2,1.4495921e-12,4.4095488e-11,1.0,7.3242654e-13
Testing/notumor/Te-no_0057.jpg,2,no_tumor,2,1.0928915e-06,4.135861e-06,0.99999416,5.95808e-07
Testing/notumor/Te-no_0058.jpg,2,no_tumor,2,8.60786e-22,5.2174704e-21,1.0,7.16103e-24
Testing/notumor/Te-no_0059.jpg,2,no_tumor,2,3.4829213e-15,6.2924126e-14,1.0,1.2365462e-15
Testing/notumor/Te-no_0060.jpg,2,no_tumor,2,4.853414e-13,7.9858044e-11,1.0,8.437357e-12
Testing/notumor/Te-no_0061.jpg,2,no_tumor,2,5.5215134e-16,1.4774315e-14,1.0,3.9666315e-17
Testing/notumor/Te-no_0062.jpg,2,no_tumor,2,0.0068362583,0.0021683523,0.98698145,0.004013974
Testing/notumor/Te-no_0063.jpg,2,no_tumor,2,3.6619148e-09,2.8955109e-08,1.0,1.1265532e-09
Testing/notumor/Te-no_0064.jpg,2,no_tumor,2,2.3640166e-13,3.300175e-11,1.0,8.0535925e-12
Testing/notumor/Te-no_0065.jpg,2,no_tumor,2,0.039549164,4.2833857e-05,0.95977026,0.0006377338
Testing/notumor/Te-no_0066.jpg,2,no_tumor,2,1.7882823e-25,1.1058749e-20,1.0,8.311917e-24
Testing/notumor/Te-no_0067.jpg,2,no_tumor,2,3.3798254e-13,1.2158656e-10,1.0,7.530034e-12
Testing/notumor/Te-no_0068.jpg,2,no_tumor,2,3.5720938e-14,1.5463906e-13,1.0,6.1181497e-16
Testing/notumor/Te-no_0069.jpg,2,no_tumor,2,4.8674838e-06,3.2207725e-05,0.99996233,6.125619e-07
Testing/notumor/Te-no_0070.jpg,2,no_tumor,2,3.716151e-12,1.1786826e-09,1.0,3.1276479e-12
Testing/notumor/Te-no_0071.jpg,2,no_tumor,2,4.1376035e-05,2.8691164e-05,0.9999275,2.3898576e-06
Testing/notumor/Te-no_0072.jpg,2,no_tumor,2,1.5094808e-23,5.1366226e-20,1.0,2.7939175e-19
Testing/notumor/Te-no_0073.jpg,2,no_tumor,2,0.023368973,0.001993503,0.965358,0.009279415
Testing/notumor/Te-no_0074.jpg,2,no_tumor,2,6.490066e-09,5.5663275e-08,0.9999999,1.8596196e-09
Testing/notumor/Te-no_0075.jpg,2,no_tumor,2,0.035383217,0.00011411422,0.96357286,0.00092982186
Testing/notumor/Te-no_0076.jpg,2,no_tumor,2,0.017526811,3.950067e-05,0.98183316,0.0006004937
Testing/notumor/Te-no_0077.jpg,2,no_tumor,2,0.0015357169,0.00017180377,0.9979721,0.00032043832
Testing/notumor/Te-no_0078.jpg,2,no_tumor,2,8.385864e-25,2.6049911e-20,1.0,2.73315e-23
Testing/notumor/Te-no_0079.jpg,2,no_tumor,2,0.0008477345,0.025081554,0.9715381,0.0025325117
Testing/notumor/Te-no_0080.jpg,2,no_tumor,2,2.996749e-27,2.20869e-24,1.0,8.4185295e-24
Testing/notumor/Te-no_0081.jpg,2,no_tumor,2,0.011791559,0.0004934531,0.98735726,0.00035772088
Testing/notumor/Te-no_0082.jpg,2,no_tumor,2,1.0171289e-21,3.9370614e-21,1.0,2.6353634e-22
Testing/notumor/Te-no_0083.jpg,2,no_tumor,2,9.525332e-07,3.8668077e-07,0.9999987,1.10650475e-08
Testing/notumor/Te-no_0084.jpg,2,no_tumor,2,7.635459e-14,2.780585e-11,1.0,1.1070274e-12
Testing/notumor/Te-no_0085.jpg,2,no_tumor,2,3.9026612e-10,8.5628535e-09,1.0,2.50837e-09
Testing/notumor/Te-no_0086.jpg,2,no_tumor,2,2.9846446e-12,8.5710314e-11,1.0,2.1932256e-12
Testing/notumor/Te-no_0087.jpg,2,no_tumor,2,9.510279e-14,3.8561827e-12,1.0,6.021232e-15
Testing/notumor/Te-no_0088.jpg,2,no_tumor,2,6.594285e-12,4.599722e-10,1.0,6.4060337e-12
Testing/notumor/Te-no_0089.jpg,2,no_tumor,2,1.4003834e-07,1.17190675e-05,0.9999881,1.3357085e-07
Testing/notumor/Te-no_0090.jpg,2,no_tumor,2,0.00019260295,0.010889314,0.98867154,0.00024650956
Testing/notumor/Te-no_0091.jpg,2,no_tumor,2,1.9991707e-25,8.9508235e-23,1.0,7.961049e-25
Testing/notumor/Te-no_0092.jpg,2,no_tumor,2,7.3801116e-19,1.0474949e-16,1.0,4.292173e-18
Testing/notumor/Te-no_0093.jpg,2,no_tumor,2,4.278173e-14,6.9745213e-13,1.0,1.6577515e-16
Testing/notumor/Te-no_0094.jpg,2,no_tumor,2,3.741668e-09,2.6691345e-07,0.99999976,8.063195e-09
Testing/notumor/Te-no_0095.jpg,2,no_tumor,2,0.18090013,0.04443935,0.7362368,0.038423758
Testing/notumor/Te-no_0096.jpg,2,no_tumor,2,8.1188635e-05,0.00032823186,0.99957114,1.9401421e-05
Testing/notumor/Te-no_0097.jpg,2,no_tumor,2,2.017378e-09,4.9442363e-08,1.0,7.738535e-09
Testing/notumor/Te-no_0098.jpg,2,no_tumor,2,5.6979474e-07,4.579718e-05,0.9999534,2.4450912e-07
Testing/notumor/Te-no_0099.jpg,2,no_tumor,2,0.115527116,2.898807e-06,0.8842507,0.00021927278
Testing/notumor/Te-no_0100.jpg,2,no_tumor,2,1.5115734e-22,1.9175714e-20,1.0,1.594684e-21
Testing/notumor/Te-no_0101.jpg,2,no_tumor,0,0.5124695,0.27192977,0.15802376,0.057576936
Testing/notumor/Te-no_0102.jpg,2,no_tumor,2,8.346565e-13,4.4539494e-12,1.0,9.550822e-13
Testing/notumor/Te-no_0103.jpg,2,no_tumor,2,6.1614076e-24,3.4662084e-22,1.0,9.821148e-23
Testing/notumor/Te-no_0104.jpg,2,no_tumor,2,0.0021036563,0.0017502022,0.9957066,0.00043956877
Testing/notumor/Te-no_0105.jpg,2,no_tumor,2,1.9141467e-17,1.9837037e-14,1.0,2.5165674e-18
Testing/notumor/Te-no_0106.jpg,2,no_tumor,2,1.9457028e-29,4.874667e-25,1.0,3.181363e-24
Testing/notumor/Te-no_0107.jpg,2,no_tumor,2,1.8608058e-23,1.1342775e-22,1.0,5.3969816e-24
Testing/notumor/Te-no_0108.jpg,2,no_tumor,2,9.422635e-22,1.8861981e-23,1.0,4.7266565e-24
Testing/notumor/Te-no_0109.jpg,2,no_tumor,2,2.1166862e-29,3.227061e-26,1.0,1.8729327e-24
Testing/notumor/Te-no_0110.jpg,2,no_tumor,2,1.2745715e-13,8.691292e-14,1.0,1.6316584e-12
Testing/notumor/Te-no_0111.jpg,2,no_tumor,2,0.04618415,0.00616056,0.9384474,0.009207843
Testing/notumor/Te-no_0112.jpg,2,no_tumor,2,7.310915e-15,2.0551737e-14,1.0,7.856185e-17
Testing/notumor/Te-no_0113.jpg,2,no_tumor,2,0.050829776,0.1586818,0.738059,0.05242941
Testing/notumor/Te-no_0114.jpg,2,no_tumor,2,8.180714e-31,2.4860785e-28,1.0,4.8382304e-31
Testing/notumor/Te-no_0115.jpg,2,no_tumor,2,0.0060567795,3.1002824e-06,0.9938391,0.00010107863
Testing/notumor/Te-no_0116.jpg,2,no_tumor,2,1.3441572e-18,4.0318512e-16,1.0,1.2518126e-18
Testing/notumor/Te-no_0117.jpg,2,no_tumor,2,0.005644288,0.00012835434,0.9929765,0.0012508346
Testing/notumor/Te-no_0118.jpg,2,no_tumor,2,5.067019e-16,5.437744e-13,1.0,4.4703024e-14
Testing/notumor/Te-no_0119.jpg,2,no_tumor,2,5.757871e-16,1.6668717e-14,1.0,5.0493034e-17
Testing/notumor/Te-no_0120.jpg,2,no_tumor,2,1.8140958e-18,1.7470631e-18,1.0,2.6518341e-20
Testing/notumor/Te-no_0121.jpg,2,no_tumor,2,2.8950151e-11,3.277655e-11,1.0,4.3698975e-14
Testing/notumor/Te-no_0122.jpg,2,no_tumor,0,0.9786606,1.3186903e-09,0.02133762,1.7552517e-06
Testing/notumor/Te-no_0123.jpg,2,no_tumor,0,0.58095723,4.3291043e-06,0.41893554,0.00010287911
Testing/notumor/Te-no_0124.jpg,2,no_tumor,2,1.35336244e-17,8.843187e-19,1.0,6.820587e-21
Testing/notumor/Te-no_0125.jpg,2,no_tumor,2,3.7020366e-16,7.692025e-15,1.0,6.072109e-17
Testing/notumor/Te-no_0126.jpg,2,no_tumor,2,4.3481866e-19,1.6699625e-17,1.0,1.1851601e-19
Testing/notumor/Te-no_0127.jpg,2,no_tumor,2,5.844483e-09,1.4799411e-07,0.9999999,1.2735485e-09
Testing/notumor/Te-no_0128.jpg,2,no_tumor,2,1.5899954e-20,4.6516336e-18,1.0,2.7159754e-19
Testing/notumor/Te-no_0129.jpg,2,no_tumor,2,0.00393096,1.0045195e-06,0.99598515,8.285703e-05
Testing/notumor/Te-no_0130.jpg,2,no_tumor,2,7.488706e-25,1.2621654e-25,1.0,3.5602133e-24
Testing/notumor/Te-no_0131.jpg,2,no_tumor,2,2.2607266e-28,2.6245718e-27,1.0,1.5588329e-26
Testing/notumor/Te-no_0132.jpg,2,no_tumor,2,0.0028598183,2.6270131e-06,0.9969584,0.00017924022
Testing/notumor/Te-no_0133.jpg,2,no_tumor,0,0.5536275,5.7569704e-08,0.44633567,3.6743255e-05
Testing/notumor/Te-no_0134.jpg,2,no_tumor,2,1.3317467e-15,4.1772278e-18,1.0,4.6018226e-20
Testing/notumor/Te-no_0135.jpg,2,no_tumor,2,6.1035336e-16,4.559926e-13,1.0,6.409587e-13
Testing/notumor/Te-no_0136.jpg,2,no_tumor,2,0.0061297035,0.0012670716,0.98706704,0.0055360864
Testing/notumor/Te-no_0137.jpg,2,no_tumor,2,0.002622713,0.00023267583,0.99573505,0.0014095568
Testing/notumor/Te-no_0138.jpg,2,no_tumor,2,6.7049523e-13,1.9141899e-10,1.0,4.4774347e-11
Testing/notumor/Te-no_0139.jpg,2,no_tumor,2,0.023267794,8.199128e-07,0.97666353,6.7857945e-05
Testing/notumor/Te-no_0140.jpg,2,no_tumor,2,1.2864287e-21,4.612229e-19,1.0,3.7258185e-19
Testing/notumor/Te-no_0141.jpg,2,no_tumor,2,0.014240636,1.7918135e-05,0.9851518,0.00058968546
Testing/notumor/Te-no_0142.jpg,2,no_tumor,2,0.1438358,0.013927549,0.8140624,0.028174281
Testing/notumor/Te-no_0143.jpg,2,no_tumor,2,2.7608211e-33,3.5846677e-28,1.0,2.3342088e-27
Testing/notumor/Te-no_0144.jpg,2,no_tumor,2,3.308927e-24,1.0933271e-23,1.0,7.28082e-25
Testing/notumor/Te-no_0145.jpg,2,no_tumor,2,1.3542174e-28,7.8971857e-28,1.0,6.1514545e-30
Testing/notumor/Te-no_0146.jpg,2,no_tumor,2,4.3954695e-10,1.979537e-08,1.0,2.4539618e-10
Testing/notumor/Te-no_0147.jpg,2,no_tumor,2,0.018198922,2.6322108e-05,0.98116976,0.0006049762
Testing/notumor/Te-no_0148.jpg,2,no_tumor,2,0.0002652986,8.289106e-06,0.99964213,8.422407e-05
Testing/notumor/Te-no_0149.jpg,2,no_tumor,2,2.8454363e-13,1.5349642e-11,1.0,2.6996423e-13
Testing/notumor/Te-no_0150.jpg,2,no_tumor,2,1.2549715e-13,3.3379798e-12,1.0,3.9700702e-16
Testing/notumor/Te-no_0151.jpg,2,no_tumor,2,0.0019488764,3.9114613e-05,0.9975151,0.0004969902
Testing/notumor/Te-no_0152.jpg,2,no_tumor,2,0.0015702684,1.30617855e-05,0.9980939,0.00032285668
Testing/notumor/Te-no_0153.jpg,2,no_tumor,2,2.552246e-22,4.7760638e-17,1.0,2.9598667e-22
Testing/notumor/Te-no_0154.jpg,2,no_tumor,2,7.245886e-16,2.4687906e-15,1.0,2.816091e-17
Testing/notumor/Te-no_0155.jpg,2,no_tumor,2,0.006194405,0.0026389023,0.98711,0.004056643
Testing/notumor/Te-no_0156.jpg,2,no_tumor,2,0.44114354,5.889394e-08,0.5588209,3.5502053e-05
Testing/notumor/Te-no_0157.jpg,2,no_tumor,0,0.66195625,0.0008556784,0.32665968,0.010528352
Testing/notumor/Te-no_0158.jpg,2,no_tumor,2,3.5997026e-19,4.4540842e-20,1.0,7.1329015e-22
Testing/notumor/Te-no_0159.jpg,2,no_tumor,2,0.14480756,1.1188894e-05,0.8542759,0.00090538565
Testing/notumor/Te-no_0160.jpg,2,no_tumor,2,2.0780755e-36,1.5097973e-31,1.0,6.340494e-33
Testing/notumor/Te-no_0161.jpg,2,no_tumor,2,1.483095e-14,2.7855415e-12,1.0,9.220809e-14
Testing/notumor/Te-no_0162.jpg,2,no_tumor,0,0.97861904,3.1616675e-11,0.021380853,6.330154e-08
Testing/notumor/Te-no_0163.jpg,2,no_tumor,2,1.1683299e-29,2.999567e-24,1.0,3.3276783e-29
Testing/notumor/Te-no_0164.jpg,2,no_tumor,2,8.766545e-14,3.871467e-12,1.0,9.277287e-16
Testing/notumor/Te-no_0165.jpg,2,no_tumor,2,3.6473357e-26,3.8994382e-22,1.0,3.83276e-24
Testing/notumor/Te-no_0166.jpg,2,no_tumor,2,6.709256e-11,2.1849613e-07,0.99999976,9.101577e-12
Testing/notumor/Te-no_0167.jpg,2,no_tumor,2,0.0018174684,0.00010726833,0.9974613,0.00061386876
Testing/notumor/Te-no_0168.jpg,2,no_tumor,2,0.01251473,0.004844662,0.97279006,0.009850584
Testing/notumor/Te-no_0169.jpg,2,no_tumor,2,5.9102857e-32,2.247013e-28,1.0,1.7703182e-30
Testing/notumor/Te-no_0170.jpg,2,no_tumor,0,0.9342643,1.1365575e-10,0.06573543,2.812834e-07
Testing/notumor/Te-no_0171.jpg,2,no_tumor,2,5.6096886e-22,5.904968e-17,1.0,3.0278759e-21
Testing/notumor/Te-no_0172.jpg,2,no_tumor,2,4.6914815e-25,6.848722e-20,1.0,1.897232e-23
Testing/notumor/Te-no_0173.jpg,2,no_tumor,2,3.1434979e-15,1.5281757e-14,1.0,4.9855893e-16
Testing/notumor/Te-no_0174.jpg,2,no_tumor,2,9.180678e-32,5.67597e-28,1.0,3.2990338e-31
Testing/notumor/Te-no_0175.jpg,2,no_tumor,2,1.4516439e-21,6.786339e-18,1.0,3.847752e-21
Testing/notumor/Te-no_0176.jpg,2,no_tumor,2,5.697818e-06,2.2417094e-05,0.9999702,1.6343589e-06
Testing/notumor/Te-no_0177.jpg,2,no_tumor,2,1.6735187e-27,5.4469675e-26,1.0,6.5910715e-29
Testing/notumor/Te-no_0178.jpg,2,no_tumor,2,3.1600528e-23,5.914502e-25,1.0,4.0794985e-25
Testing/notumor/Te-no_0179.jpg,2,no_tumor,2,1.1202485e-33,4.0369585e-32,1.0,4.350402e-30
Testing/notumor/Te-no_0180.jpg,2,no_tumor,2,1.820195e-34,5.4084243e-30,1.0,1.6006242e-31
Testing/notumor/Te-no_0181.jpg,2,no_tumor,2,4.0139462e-29,8.765444e-25,1.0,8.1237507e-29
Testing/notumor/Te-no_0182.jpg,2,no_tumor,2,2.4475891e-30,4.3790388e-23,1.0,3.7537646e-27
Testing/notumor/Te-no_0183.jpg,2,no_tumor,2,5.094575e-14,2.4806977e-13,1.0,5.018603e-15
Testing/notumor/Te-no_0184.jpg,2,no_tumor,2,2.5290486e-26,7.9354934e-24,1.0,6.3359465e-26
Testing/notumor/Te-no_0185.jpg,2,no_tumor,2,5.474e-20,7.7951e-19,1.0,1.9562052e-20
Testing/notumor/Te-no_0186.jpg,2,no_tumor,2,3.3927222e-10,8.713589e-09,1.0,4.648353e-10
Testing/notumor/Te-no_0187.jpg,2,no_tumor,2,9.429708e-08,4.6282352e-07,0.9999994,3.950887e-09
Testing/notumor/Te-no_0188.jpg,2,no_tumor,2,0.003894942,0.00031285474,0.99343103,0.0023611833
Testing/notumor/Te-no_0189.jpg,2,no_tumor,2,1.1451291e-05,1.5244142e-05,0.99997044,2.8317916e-06
Testing/notumor/Te-no_0190.jpg,2,no_tumor,2,0.0038831173,0.0015082434,0.9935041,0.0011044898
Testing/notumor/Te-no_0191.jpg,2,no_tumor,2,5.612826e-14,8.916406e-15,1.0,4.438965e-15
Testing/notumor/Te-no_0192.jpg,2,no_tumor,2,3.9116596e-12,3.0738758e-13,1.0,5.088098e-14
Testing/notumor/Te-no_0193.jpg,2,no_tumor,2,5.0828408e-14,6.748939e-12,1.0,3.7097838e-16
Testing/notumor/Te-no_0194.jpg,2,no_tumor,2,0.002863994,0.00060368294,0.995858,0.0006743317
Testing/notumor/Te-no_0195.jpg,2,no_tumor,2,3.623666e-24,8.406687e-24,1.0,6.459165e-25
Testing/notumor/Te-no_0196.jpg,2,no_tumor,2,5.2006537e-12,2.624284e-10,1.0,1.9900268e-12
Testing/notumor/Te-no_0197.jpg,2,no_tumor,2,1.771727e-26,5.9793264e-21,1.0,4.5883006e-23
Testing/notumor/Te-no_0198.jpg,2,no_tumor,2,2.3234496e-28,5.0414493e-25,1.0,1.7566148e-23
Testing/notumor/Te-no_0199.jpg,2,no_tumor,2,7.553668e-16,8.837068e-15,1.0,1.1441807e-16
Testing/notumor/Te-no_0200.jpg,2,no_tumor,2,4.393568e-28,9.4153575e-26,1.0,1.5676953e-25
Testing/notumor/Te-no_0201.jpg,2,no_tumor,2,0.08470773,2.1804394e-06,0.91511536,0.0001747212
Testing/notumor/Te-no_0202.jpg,2,no_tumor,2,4.3793195e-17,4.0334703e-14,1.0,1.05858174e-16
Testing/notumor/Te-no_0203.jpg,2,no_tumor,2,9.966315e-20,7.374805e-23,1.0,8.2771436e-24
Testing/notumor/Te-no_0204.jpg,2,no_tumor,2,0.00091788906,3.950985e-06,0.9988809,0.00019719587
Testing/notumor/Te-no_0205.jpg,2,no_tumor,2,0.17839597,1.1102719e-06,0.82152194,8.100945e-05
Testing/notumor/Te-no_0206.jpg,2,no_tumor,2,0.010221462,5.2108648e-05,0.9893579,0.0003685992
Testing/notumor/Te-no_0207.jpg,2,no_tumor,2,0.08102171,0.00050920184,0.9105663,0.007902872
Testing/notumor/Te-no_0208.jpg,2,no_tumor,2,0.0068160575,4.564557e-06,0.9929115,0.0002678671
Testing/notumor/Te-no_0209.jpg,2,no_tumor,2,0.0060267486,0.0012428794,0.99137646,0.0013538605
Testing/notumor/Te-no_0210.jpg,2,no_tumor,2,0.009112677,0.00081925094,0.98732877,0.0027392772
Testing/notumor/Te-no_0211.jpg,2,no_tumor,0,0.971256,1.3602648e-09,0.028741956,2.0359785e-06
Testing/notumor/Te-no_0212.jpg,2,no_tumor,2,0.0001021144,5.901609e-05,0.9998312,7.5955604e-06
Testing/notumor/Te-no_0213.jpg,2,no_tumor,2,1.8507631e-20,3.1597427e-21,1.0,3.6987347e-23
Testing/notumor/Te-no_0214.jpg,2,no_tumor,2,9.940255e-15,2.9582437e-13,1.0,2.987921e-15
Testing/notumor/Te-no_0215.jpg,2,no_tumor,2,1.4592076e-26,1.385891e-23,1.0,8.971911e-24
Testing/notumor/Te-no_0216.jpg,2,no_tumor,2,5.804272e-23,3.4458396e-22,1.0,5.9981904e-23
Testing/notumor/Te-no_0217.jpg,2,no_tumor,2,3.175774e-31,9.128175e-28,1.0,2.974004e-29
Testing/notumor/Te-no_0218.jpg,2,no_tumor,2,5.740483e-30,2.1691254e-27,1.0,1.1076611e-27
Testing/notumor/Te-no_0219.jpg,2,no_tumor,2,0.0009613678,0.00018883374,0.9986777,0.00017209799
Testing/notumor/Te-no_0220.jpg,2,no_tumor,0,0.9824484,1.6577319e-10,0.017551055,5.2817404e-07
Testing/notumor/Te-no_0221.jpg,2,no_tumor,2,1.553076e-18,5.9401245e-16,1.0,3.7459002e-18
Testing/notumor/Te-no_0222.jpg,2,no_tumor,2,2.1082125e-18,2.554174e-15,1.0,7.467434e-15
Testing/notumor/Te-no_0223.jpg,2,no_tumor,2,0.011501593,3.2946657e-05,0.9872143,0.0012511123
Testing/notumor/Te-no_0224.jpg,2,no_tumor,2,0.0032253137,0.00021911108,0.9946131,0.0019424288
Testing/notumor/Te-no_0225.jpg,2,no_tumor,2,3.8067647e-13,1.3892422e-11,1.0,2.1414075e-11
Testing/notumor/Te-no_0226.jpg,2,no_tumor,2,9.2803916e-18,7.4032437e-16,1.0,1.1376914e-16
Testing/notumor/Te-no_0227.jpg,2,no_tumor,2,2.6382528e-20,4.6352133e-18,1.0,1.3981137e-17
Testing/notumor/Te-no_0228.jpg,2,no_tumor,2,1.1069046e-09,3.421989e-09,1.0,9.5122715e-11
Testing/notumor/Te-no_0229.jpg,2,no_tumor,2,0.004565676,8.479848e-05,0.9947654,0.00058420823
Testing/notumor/Te-no_0230.jpg,2,no_tumor,2,1.4765218e-25,2.7174532e-22,1.0,5.1946857e-23
Testing/notumor/Te-no_0231.jpg,2,no_tumor,2,1.945668e-19,2.0623259e-16,1.0,5.2618277e-19
Testing/notumor/Te-no_0232.jpg,2,no_tumor,2,1.66916e-32,7.7828997e-31,1.0,5.2358693e-30
Testing/notumor/Te-no_0233.jpg,2,no_tumor,2,7.9496125e-24,2.9742852e-23,1.0,5.045514e-23
Testing/notumor/Te-no_0234.jpg,2,no_tumor,2,0.42353284,0.0039354367,0.5630921,0.009439609
Testing/notumor/Te-no_0235.jpg,2,no_tumor,2,7.6361545e-15,9.624609e-13,1.0,4.326504e-15
Testing/notumor/Te-no_0236.jpg,2,no_tumor,2,5.8384786e-09,1.1926569e-08,1.0,1.7069094e-09
Testing/notumor/Te-no_0237.jpg,2,no_tumor,2,0.07775782,4.361735e-06,0.92195,0.00028782195
Testing/notumor/Te-no_0238.jpg,2,no_tumor,2,0.00014227864,0.00018626667,0.99967015,1.2690768e-06
Testing/notumor/Te-no_0239.jpg,2,no_tumor,2,2.6342987e-14,2.0939393e-13,1.0,1.2711094e-13
Testing/notumor/Te-no_0240.jpg,2,no_tumor,2,3.5996823e-30,6.297071e-29,1.0,1.9461215e-26
Testing/notumor/Te-no_0241.jpg,2,no_tumor,2,9.446282e-14,2.1572415e-13,1.0,1.0958918e-14
Testing/notumor/Te-no_0242.jpg,2,no_tumor,2,1.343856e-16,4.5717566e-15,1.0,3.266424e-17
Testing/notumor/Te-no_0243.jpg,2,no_tumor,2,4.5167922e-13,7.473448e-11,1.0,5.9145153e-13
Testing/notumor/Te-no_0244.jpg,2,no_tumor,2,3.3764937e-17,1.7732236e-16,1.0,9.646295e-17
Testing/notumor/Te-no_0245.jpg,2,no_tumor,2,8.734566e-18,1.1613879e-16,1.0,6.6980493e-17
Testing/notumor/Te-no_0246.jpg,2,no_tumor,2,3.267915e-27,2.3924228e-23,1.0,9.512876e-25
Testing/notumor/Te-no_0247.jpg,2,no_tumor,2,5.8044005e-17,7.334747e-14,1.0,7.678957e-13
Testing/notumor/Te-no_0248.jpg,2,no_tumor,2,1.3174121e-22,5.8260843e-21,1.0,2.6590188e-18
Testing/notumor/Te-no_0249.jpg,2,no_tumor,2,0.007239329,0.001792433,0.98836356,0.002604689
Testing/notumor/Te-no_0250.jpg,2,no_tumor,2,0.0,1.3945108e-35,1.0,3.4814079e-37
Testing/notumor/Te-no_0251.jpg,2,no_tumor,2,0.0015394173,7.599317e-05,0.99774617,0.00063839514
Testing/notumor/Te-no_0252.jpg,2,no_tumor,0,0.9937298,3.9609714e-13,0.006270119,7.1027317e-09
Testing/notumor/Te-no_0253.jpg,2,no_tumor,2,0.043488648,1.2516429e-06,0.95638907,0.00012108281
Testing/notumor/Te-no_0254.jpg,2,no_tumor,2,7.9925045e-27,6.2143257e-25,1.0,3.2188327e-28
Testing/notumor/Te-no_0255.jpg,2,no_tumor,2,0.00017046486,1.8630792e-05,0.9997174,9.340963e-05
Testing/notumor/Te-no_0256.jpg,2,no_tumor,2,1.1926605e-28,5.127506e-25,1.0,2.6527596e-24
Testing/notumor/Te-no_0257.jpg,2,no_tumor,2,1.6200878e-20,4.173405e-18,1.0,1.0300228e-19
Testing/notumor/Te-no_0258.jpg,2,no_tumor,2,0.0055426955,0.00040991482,0.9916659,0.0023814556
Testing/notumor/Te-no_0259.jpg,2,no_tumor,2,1.2829098e-14,1.3049738e-13,1.0,4.320861e-16
Testing/notumor/Te-no_0260.jpg,2,no_tumor,2,0.003919542,4.7387282e-05,0.9950859,0.00094719767
Testing/notumor/Te-no_0261.jpg,2,no_tumor,2,5.8586543e-18,4.1554123e-15,1.0,3.8584775e-16
Testing/notumor/Te-no_0262.jpg,2,no_tumor,2,2.394468e-23,2.715312e-19,1.0,4.0939852e-23
Testing/notumor/Te-no_0263.jpg,2,no_tumor,2,1.2794324e-33,8.070403e-30,1.0,3.214046e-29
Testing/notumor/Te-no_0264.jpg,2,no_tumor,2,1.3370277e-34,1.377995e-29,1.0,1.6357019e-32
Testing/notumor/Te-no_0265.jpg,2,no_tumor,2,0.05807401,0.04186276,0.87126696,0.02879622
Testing/notumor/Te-no_0266.jpg,2,no_tumor,2,4.1904395e-27,8.615647e-22,1.0,2.26091e-26
Testing/notumor/Te-no_0267.jpg,2,no_tumor,2,0.00049913133,7.29705e-07,0.9994444,5.577981e-05
Testing/notumor/Te-no_0268.jpg,2,no_tumor,2,5.3162663e-25,1.436929e-20,1.0,2.7388158e-24
Testing/notumor/Te-no_0269.jpg,2,no_tumor,2,3.8088617e-29,1.222754e-25,1.0,8.9493276e-29
Testing/notumor/Te-no_0270.jpg,2,no_tumor,2,0.36204654,0.00021582408,0.6312841,0.0064534917
Testing/notumor/Te-no_0271.jpg,2,no_tumor,2,0.0024123061,7.443376e-05,0.9965546,0.00095865363
Testing/notumor/Te-no_0272.jpg,2,no_tumor,2,3.1098227e-18,1.4979229e-15,1.0,9.239729e-19
Testing/notumor/Te-no_0273.jpg,2,no_tumor,2,0.024094036,9.057892e-08,0.9758932,1.2735882e-05
Testing/notumor/Te-no_0274.jpg,2,no_tumor,2,8.3154837e-13,1.5916959e-11,1.0,9.091538e-15
Testing/notumor/Te-no_0275.jpg,2,no_tumor,2,0.035987362,0.0005412584,0.9572376,0.0062337746
Testing/notumor/Te-no_0276.jpg,2,no_tumor,2,2.7378135e-16,3.9747847e-15,1.0,6.396421e-17
Testing/notumor/Te-no_0277.jpg,2,no_tumor,2,5.555911e-12,1.8415021e-09,1.0,1.0997589e-11
Testing/notumor/Te-no_0278.jpg,2,no_tumor,2,5.9523496e-24,2.1024278e-20,1.0,2.2339328e-24
Testing/notumor/Te-no_0279.jpg,2,no_tumor,2,1.8434113e-23,1.3404013e-22,1.0,5.5346683e-25
Testing/notumor/Te-no_0280.jpg,2,no_tumor,2,0.11109272,0.10709965,0.6434918,0.13831581
Testing/notumor/Te-no_0281.jpg,2,no_tumor,0,0.9148675,1.3869429e-05,0.08442868,0.0006899456
Testing/notumor/Te-no_0282.jpg,2,no_tumor,2,5.28311e-18,4.474973e-16,1.0,2.190983e-17
Testing/notumor/Te-no_0283.jpg,2,no_tumor,2,0.19122115,0.01202887,0.75273824,0.044011742
Testing/notumor/Te-no_0284.jpg,2,no_tumor,2,6.2721556e-16,4.632145e-15,1.0,1.8358028e-17
Testing/notumor/Te-no_0285.jpg,2,no_tumor,2,1.2275302e-33,4.2443114e-30,1.0,8.6560705e-29
Testing/notumor/Te-no_0286.jpg,2,no_tumor,2,2.1015546e-12,1.8045473e-10,1.0,4.002368e-12
Testing/notumor/Te-no_0287.jpg,2,no_tumor,2,2.849576e-27,9.575163e-26,1.0,9.269407e-29
Testing/notumor/Te-no_0288.jpg,2,no_tumor,2,5.592857e-35,8.2683373e-32,1.0,5.2084926e-32
Testing/notumor/Te-no_0289.jpg,2,no_tumor,2,6.296759e-14,3.6994024e-13,1.0,1.4701732e-14
Testing/notumor/Te-no_0290.jpg,2,no_tumor,2,0.111818425,5.9717757e-05,0.88586926,0.002252619
Testing/notumor/Te-no_0291.jpg,2,no_tumor,2,0.02770487,1.5980722e-05,0.97151256,0.0007665178
Testing/notumor/Te-no_0292.jpg,2,no_tumor,2,1.9770478e-33,9.297926e-27,1.0,9.902592e-31
Testing/notumor/Te-no_0293.jpg,2,no_tumor,2,2.619971e-34,2.5781293e-29,1.0,1.1577883e-29
Testing/notumor/Te-no_0294.jpg,2,no_tumor,2,3.753937e-12,1.9093485e-09,1.0,4.5595025e-12
Testing/notumor/Te-no_0295.jpg,2,no_tumor,2,0.0019710273,3.5742607e-05,0.99753976,0.00045340785
Testing/notumor/Te-no_0296.jpg,2,no_tumor,2,1.7200644e-31,5.465134e-27,1.0,1.60591e-29
Testing/notumor/Te-no_0297.jpg,2,no_tumor,2,1.025482e-28,5.4151263e-25,1.0,8.688935e-26
Testing/notumor/Te-no_0298.jpg,2,no_tumor,2,1.6426515e-14,1.0908758e-11,1.0,4.241016e-12
Testing/notumor/Te-no_0299.jpg,2,no_tumor,2,0.0023674436,4.0958774e-09,0.9976311,1.3906363e-06
Testing/notumor/Te-no_0300.jpg,2,no_tumor,2,0.17922568,0.22523247,0.362147,0.23339489
Testing/notumor/Te-no_0301.jpg,2,no_tumor,2,1.1027509e-32,3.669124e-31,1.0,1.8307117e-32
Testing/notumor/Te-no_0302.jpg,2,no_tumor,2,0.11854527,2.3543712e-06,0.8813196,0.00013282638
Testing/notumor/Te-no_0303.jpg,2,no_tumor,2,0.0013698507,0.0002150973,0.9970431,0.0013720192
Testing/notumor/Te-no_0304.jpg,2,no_tumor,2,0.06545362,1.1690387e-07,0.9345014,4.4934437e-05
Testing/notumor/Te-no_0305.jpg,2,no_tumor,2,8.012107e-11,3.5479958e-10,1.0,5.623582e-11
Testing/notumor/Te-no_0306.jpg,2,no_tumor,2,0.11802555,1.8819819e-06,0.8818226,0.00014998988
Testing/notumor/Te-no_0307.jpg,2,no_tumor,2,0.056434147,1.100563e-05,0.94304585,0.0005090502
Testing/notumor/Te-no_0308.jpg,2,no_tumor,2,0.005463722,6.3600223e-06,0.9943552,0.00017476291
Testing/notumor/Te-no_0309.jpg,2,no_tumor,2,0.29110578,1.4127426e-06,0.7086943,0.00019853466
Testing/notumor/Te-no_0310.jpg,2,no_tumor,2,3.2950947e-14,1.3883117e-12,1.0,1.2075845e-14
Testing/notumor/Te-no_0311.jpg,2,no_tumor,2,7.7363495e-13,2.627399e-10,1.0,1.9795377e-11
Testing/notumor/Te-no_0312.jpg,2,no_tumor,2,2.0443102e-24,3.7441497e-22,1.0,2.3972177e-24
Testing/notumor/Te-no_0313.jpg,2,no_tumor,2,1.03775294e-19,5.803045e-19,1.0,1.0816109e-18
Testing/notumor/Te-no_0314.jpg,2,no_tumor,2,2.2740114e-36,3.5716115e-32,1.0,2.8448412e-34
Testing/notumor/Te-no_0315.jpg,2,no_tumor,2,3.27785e-14,4.5510483e-12,1.0,1.2648999e-15
Testing/notumor/Te-no_0316.jpg,2,no_tumor,2,0.0048520872,0.0011606762,0.98994327,0.0040439595
Testing/notumor/Te-no_0317.jpg,2,no_tumor,2,0.0189575,0.0035524608,0.96706253,0.010427451
Testing/notumor/Te-no_0318.jpg,2,no_tumor,2,2.5666372e-11,1.2819333e-11,1.0,1.7986522e-12
Testing/notumor/Te-no_0319.jpg,2,no_tumor,2,1.7107713e-17,6.3952673e-19,1.0,2.8686278e-21
Testing/notumor/Te-no_0320.jpg,2,no_tumor,2,1.0822699e-13,7.673997e-12,1.0,1.0416389e-13
Testing/notumor/Te-no_0321.jpg,2,no_tumor,2,0.0010155118,0.0021610756,0.9965904,0.00023303495
Testing/notumor/Te-no_0322.jpg,2,no_tumor,2,3.6162724e-27,4.626296e-24,1.0,1.166299e-22
Testing/notumor/Te-no_0323.jpg,2,no_tumor,2,1.2876769e-27,4.336055e-22,1.0,2.7461992e-26
Testing/notumor/Te-no_0324.jpg,2,no_tumor,2,4.3050195e-15,4.3111372e-13,1.0,8.3621405e-15
Testing/notumor/Te-no_0325.jpg,2,no_tumor,2,3.5988963e-09,2.2005571e-07,0.99999976,1.4179465e-09
Testing/notumor/Te-no_0326.jpg,2,no_tumor,2,0.05765122,0.0024899612,0.93083006,0.009028809
Testing/notumor/Te-no_0327.jpg,2,no_tumor,2,2.3775954e-21,1.4345309e-19,1.0,8.2086754e-20
Testing/notumor/Te-no_0328.jpg,2,no_tumor,2,2.7067996e-20,8.787638e-18,1.0,1.5192534e-18
Testing/notumor/Te-no_0329.jpg,2,no_tumor,2,1.4613871e-24,1.7740997e-20,1.0,2.8790594e-17
Testing/notumor/Te-no_0330.jpg,2,no_tumor,2,3.583294e-13,9.7852736e-14,1.0,1.1400722e-16
Testing/notumor/Te-no_0331.jpg,2,no_tumor,2,0.029224876,0.0038688523,0.9647539,0.0021524094
Testing/notumor/Te-no_0332.jpg,2,no_tumor,2,2.7275056e-30,5.078313e-26,1.0,1.5025345e-24
Testing/notumor/Te-no_0333.jpg,2,no_tumor,2,5.36752e-16,2.6311437e-15,1.0,2.7544386e-16
Testing/notumor/Te-no_0334.jpg,2,no_tumor,2,1.6426222e-19,1.4045284e-17,1.0,8.5845877e-20
Testing/notumor/Te-no_0335.jpg,2,no_tumor,2,0.049611308,9.858616e-07,0.95031637,7.139308e-05
Testing/notumor/Te-no_0336.jpg,2,no_tumor,0,0.5222056,2.0094029e-07,0.47778174,1.245686e-05
Testing/notumor/Te-no_0337.jpg,2,no_tumor,2,3.616899e-24,8.855963e-23,1.0,2.6166196e-23
Testing/notumor/Te-no_0338.jpg,2,no_tumor,2,0.03552743,2.1101898e-06,0.9642433,0.00022714943
Testing/notumor/Te-no_0339.jpg,2,no_tumor,2,1.6268101e-24,1.498672e-22,1.0,1.7140902e-24
Testing/notumor/Te-no_0340.jpg,2,no_tumor,2,9.443609e-23,7.3488995e-19,1.0,9.1204595e-18
Testing/notumor/Te-no_0341.jpg,2,no_tumor,2,0.030385407,4.898015e-06,0.96931756,0.00029214294
Testing/notumor/Te-no_0342.jpg,2,no_tumor,2,1.3321024e-30,3.32725e-27,1.0,2.9818237e-26
Testing/notumor/Te-no_0343.jpg,2,no_tumor,2,1.8894681e-15,3.502883e-14,1.0,3.580125e-16
Testing/notumor/Te-no_0344.jpg,2,no_tumor,2,0.4883836,0.0008364273,0.50012875,0.010651207
Testing/notumor/Te-no_0345.jpg,2,no_tumor,2,5.4653232e-34,3.373703e-30,1.0,6.272419e-31
Testing/notumor/Te-no_0346.jpg,2,no_tumor,2,9.472629e-28,1.4300181e-26,1.0,1.2688515e-25
Testing/notumor/Te-no_0347.jpg,2,no_tumor,0,0.83349085,1.3338311e-08,0.16649647,1.26401055e-05
Testing/notumor/Te-no_0348.jpg,2,no_tumor,2,0.0039184038,0.0002274955,0.9936544,0.0021998277
Testing/notumor/Te-no_0349.jpg,2,no_tumor,2,0.0023014245,0.0006590847,0.995877,0.0011624602
Testing/notumor/Te-no_0350.jpg,2,no_tumor,2,0.00059833046,0.0004185168,0.9989618,2.1340762e-05
Testing/notumor/Te-no_0351.jpg,2,no_tumor,2,0.039005943,3.391286e-05,0.9591804,0.0017797402
Testing/notumor/Te-no_0352.jpg,2,no_tumor,2,7.556972e-26,3.0373442e-25,1.0,3.0352843e-24
Testing/notumor/Te-no_0353.jpg,2,no_tumor,2,0.008698132,1.3937058e-06,0.99107647,0.00022399587
Testing/notumor/Te-no_0354.jpg,2,no_tumor,2,1.2568376e-24,7.5832666e-22,1.0,1.2930122e-20
Testing/notumor/Te-no_0355.jpg,2,no_tumor,2,1.2893047e-18,6.6368005e-18,1.0,3.14094e-18
Testing/notumor/Te-no_0356.jpg,2,no_tumor,2,2.4811154e-12,3.5504533e-10,1.0,1.0896967e-11
Testing/notumor/Te-no_0357.jpg,2,no_tumor,2,4.6915558e-24,5.0337535e-21,1.0,3.395202e-21
Testing/notumor/Te-no_0358.jpg,2,no_tumor,2,1.855716e-23,4.1421332e-23,1.0,5.8902136e-23
Testing/notumor/Te-no_0359.jpg,2,no_tumor,2,1.491791e-25,6.1159345e-23,1.0,3.47349e-21
Testing/notumor/Te-no_0360.jpg,2,no_tumor,2,3.065582e-11,1.3927955e-10,1.0,2.9702556e-11
Testing/notumor/Te-no_0361.jpg,2,no_tumor,2,0.14166346,0.028043902,0.736284,0.0940086
Testing/notumor/Te-no_0362.jpg,2,no_tumor,2,4.4625054e-11,6.016609e-10,0.9999999,6.030804e-08
Testing/notumor/Te-no_0363.jpg,2,no_tumor,2,6.7404286e-29,1.3385802e-25,1.0,1.1850869e-28
Testing/notumor/Te-no_0364.jpg,2,no_tumor,2,6.792027e-21,2.328137e-18,1.0,3.2971134e-21
Testing/notumor/Te-no_0365.jpg,2,no_tumor,2,3.2435627e-18,7.336155e-19,1.0,2.504768e-18
Testing/notumor/Te-no_0366.jpg,2,no_tumor,2,3.234446e-32,9.666832e-28,1.0,6.245493e-29
Testing/notumor/Te-no_0367.jpg,2,no_tumor,2,9.0236585e-34,1.3288251e-28,1.0,6.041594e-30
Testing/notumor/Te-no_0368.jpg,2,no_tumor,0,0.9946386,3.3413002e-13,0.0053613298,6.0470486e-09
Testing/notumor/Te-no_0369.jpg,2,no_tumor,2,5.9718636e-24,3.0461428e-23,1.0,8.254747e-26
Testing/notumor/Te-no_0370.jpg,2,no_tumor,2,4.666188e-26,6.9626357e-25,1.0,9.490859e-28
Testing/notumor/Te-no_0371.jpg,2,no_tumor,2,0.011469125,0.004724736,0.97780114,0.0060050087
Testing/notumor/Te-no_0372.jpg,2,no_tumor,2,3.836816e-22,2.3696285e-20,1.0,2.843794e-23
Testing/notumor/Te-no_0373.jpg,2,no_tumor,2,1.1503553e-17,4.0428608e-17,1.0,1.1903396e-18
Testing/notumor/Te-no_0374.jpg,2,no_tumor,2,3.7715716e-30,4.8854564e-28,1.0,1.2977273e-26
Testing/notumor/Te-no_0375.jpg,2,no_tumor,2,3.2312378e-18,2.6039632e-16,1.0,1.5556493e-18
Testing/notumor/Te-no_0376.jpg,2,no_tumor,2,0.0104688285,5.083587e-05,0.9881341,0.0013462756
Testing/notumor/Te-no_0377.jpg,2,no_tumor,2,1.3028878e-12,7.202326e-10,1.0,1.5895826e-13
Testing/notumor/Te-no_0378.jpg,2,no_tumor,2,2.604923e-34,4.44176e-30,1.0,2.1028825e-30
Testing/notumor/Te-no_0379.jpg,2,no_tumor,2,0.027438896,0.008696943,0.9335621,0.030302072
Testing/notumor/Te-no_0380.jpg,2,no_tumor,2,2.4168337e-29,3.5365756e-26,1.0,7.330499e-28
Testing/notumor/Te-no_0381.jpg,2,no_tumor,2,0.00035509866,0.00014277316,0.99919957,0.00030258074
Testing/notumor/Te-no_0382.jpg,2,no_tumor,2,2.9448708e-26,4.1456565e-24,1.0,3.2768814e-25
Testing/notumor/Te-no_0383.jpg,2,no_tumor,2,5.196228e-32,1.0584173e-29,1.0,5.430829e-32
Testing/notumor/Te-no_0384.jpg,2,no_tumor,2,7.758761e-18,9.982887e-16,1.0,3.491963e-18
Testing/notumor/Te-no_0385.jpg,2,no_tumor,2,0.0020031738,0.00039410932,0.9972113,0.00039145106
Testing/notumor/Te-no_0386.jpg,2,no_tumor,2,1.1678084e-22,1.0492529e-19,1.0,7.631348e-23
Testing/notumor/Te-no_0387.jpg,2,no_tumor,0,0.88819546,2.2462586e-08,0.1118023,2.2931524e-06
Testing/notumor/Te-no_0388.jpg,2,no_tumor,2,0.011426994,6.859017e-07,0.9884901,8.211322e-05
Testing/notumor/Te-no_0389.jpg,2,no_tumor,2,1.9978152e-16,5.759236e-15,1.0,3.169697e-17
Testing/notumor/Te-no_0390.jpg,2,no_tumor,2,5.1863897e-23,1.7324608e-20,1.0,7.941346e-22
Testing/notumor/Te-no_0391.jpg,2,no_tumor,2,8.071719e-17,1.131737e-13,1.0,2.0896631e-16
Testing/notumor/Te-no_0392.jpg,2,no_tumor,2,1.543193e-14,4.3254337e-14,1.0,4.580692e-16
Testing/notumor/Te-no_0393.jpg,2,no_tumor,2,9.812642e-24,2.9090834e-20,1.0,4.6967863e-23
Testing/notumor/Te-no_0394.jpg,2,no_tumor,2,0.0068059885,0.028144214,0.9605569,0.004492891
Testing/notumor/Te-no_0395.jpg,2,no_tumor,2,0.035689563,8.839819e-06,0.9639583,0.00034331396
Testing/notumor/Te-no_0396.jpg,2,no_tumor,2,0.029123979,0.010044712,0.94536984,0.015461397
Testing/notumor/Te-no_0397.jpg,2,no_tumor,2,0.006548888,0.00021535506,0.9908275,0.002408256
Testing/notumor/Te-no_0398.jpg,2,no_tumor,2,9.021413e-21,2.6517659e-18,1.0,6.7751097e-19
Testing/notumor/Te-no_0399.jpg,2,no_tumor,2,2.6544702e-24,1.7469204e-21,1.0,1.9578745e-23
Testing/notumor/Te-no_0400.jpg,2,no_tumor,2,9.098026e-15,1.8272171e-16,1.0,2.3333596e-15
Testing/notumor/Te-no_0401.jpg,2,no_tumor,2,1.1841825e-14,7.2521747e-13,1.0,1.2225032e-16
Testing/notumor/Te-no_0402.jpg,2,no_tumor,2,4.948612e-20,1.3704272e-19,1.0,7.634999e-20
Testing/notumor/Te-no_0403.jpg,2,no_tumor,2,7.9630745e-20,2.1059559e-16,1.0,1.6333255e-18
Testing/notumor/Te-no_0404.jpg,2,no_tumor,2,9.7339585e-09,3.3025287e-08,1.0,1.1435951e-10
Testing/pituitary/Te-piTr_0000.jpg,3,pituitary,3,0.001888785,0.0069773737,0.002181207,0.9889525
Testing/pituitary/Te-piTr_0001.jpg,3,pituitary,3,2.9095003e-12,1.4733182e-09,7.221167e-11,1.0
Testing/pituitary/Te-piTr_0002.jpg,3,pituitary,3,9.768739e-05,0.39374948,0.00044537932,0.60570747
Testing/pituitary/Te-piTr_0003.jpg,3,pituitary,3,2.9164147e-14,5.957744e-13,5.2128732e-14,1.0
Testing/pituitary/Te-piTr_0004.jpg,3,pituitary,3,1.9603332e-12,6.8465894e-10,4.5093252e-11,1.0
Testing/pituitary/Te-piTr_0005.jpg,3,pituitary,3,3.1475977e-10,4.978015e-09,4.0072837e-10,1.0
Testing/pituitary/Te-piTr_0006.jpg,3,pituitary,3,2.577467e-09,8.3442024e-11,5.9424465e-09,1.0
Testing/pituitary/Te-piTr_0007.jpg,3,pituitary,3,3.3981757e-06,5.2956566e-06,9.0321856e-07,0.99999034
Testing/pituitary/Te-piTr_0008.jpg,3,pituitary,3,1.1718872e-10,4.169823e-07,3.4870467e-08,0.99999964
Testing/pituitary/Te-piTr_0009.jpg,3,pituitary,3,0.02037167,0.026829787,0.007127163,0.9456714
Testing/pituitary/Te-pi_0010.jpg,3,pituitary,3,0.0013757002,0.0064521907,0.00035114074,0.99182093
Testing/pituitary/Te-pi_0011.jpg,3,pituitary,3,6.774326e-05,1.7357257e-05,5.19231e-06,0.99990964
Testing/pituitary/Te-pi_0012.jpg,3,pituitary,3,2.6885746e-06,2.2506587e-05,2.0421571e-06,0.9999728
Testing/pituitary/Te-pi_0013.jpg,3,pituitary,3,0.0051795063,0.0011002977,0.00062449666,0.9930957
Testing/pituitary/Te-pi_0014.jpg,3,pituitary,3,0.00028433296,0.006393975,0.00019254533,0.9931292
Testing/pituitary/Te-pi_0015.jpg,3,pituitary,3,0.0052745696,0.007990153,0.0015780488,0.98515725
Testing/pituitary/Te-pi_0016.jpg,3,pituitary,2,0.3267419,0.008340085,0.55050576,0.114412285
Testing/pituitary/Te-pi_0017.jpg,3,pituitary,3,1.3912715e-08,9.4626535e-07,4.803433e-08,0.99999905
Testing/pituitary/Te-pi_0018.jpg,3,pituitary,0,0.7309479,4.8428767e-05,0.2647475,0.0042561307
Testing/pituitary/Te-pi_0019.jpg,3,pituitary,3,0.0014147048,0.009847471,0.00041415353,0.9883237
Testing/pituitary/Te-pi_0020.jpg,3,pituitary,3,1.3969381e-09,1.8996457e-07,2.1126144e-08,0.99999976
Testing/pituitary/Te-pi_0021.jpg,3,pituitary,3,9.649107e-05,7.5352596e-06,3.4050315e-06,0.9998925
Testing/pituitary/Te-pi_0022.jpg,3,pituitary,3,0.0020551858,1.3134553e-05,1.9139572e-05,0.99791247
Testing/pituitary/Te-pi_0023.jpg,3,pituitary,3,8.290346e-07,2.6943076e-06,1.7415867e-07,0.9999963
Testing/pituitary/Te-pi_0024.jpg,3,pituitary,3,6.2047504e-05,0.0008379434,9.4833464e-05,0.99900526
Testing/pituitary/Te-pi_0025.jpg,3,pituitary,3,0.02604589,0.07776254,0.016440753,0.87975085
Testing/pituitary/Te-pi_0026.jpg,3,pituitary,3,1.182114e-08,3.5965147e-07,9.0675634e-08,0.9999995
Testing/pituitary/Te-pi_0027.jpg,3,pituitary,3,0.0032998873,0.013811437,0.0014256513,0.9814631
Testing/pituitary/Te-pi_0028.jpg,3,pituitary,3,0.08872775,0.3745066,0.027326176,0.50943947
Testing/pituitary/Te-pi_0029.jpg,3,pituitary,3,4.7577282e-07,0.00038177654,6.0383843e-07,0.9996171
Testing/pituitary/Te-pi_0030.jpg,3,pituitary,3,8.4453895e-05,0.00024762985,1.10406145e-05,0.9996568
Testing/pituitary/Te-pi_0031.jpg,3,pituitary,3,0.0062676915,0.0068743415,0.0011124582,0.98574543
Testing/pituitary/Te-pi_0032.jpg,3,pituitary,0,0.8454407,1.9690395e-05,0.15306526,0.0014744275
Testing/pituitary/Te-pi_0033.jpg,3,pituitary,3,0.011251164,0.0021169947,0.001040965,0.9855908
Testing/pituitary/Te-pi_0034.jpg,3,pituitary,3,0.00011951518,0.017997384,0.00015721544,0.981726
Testing/pituitary/Te-pi_0035.jpg,3,pituitary,3,0.021658279,0.023446279,0.011108261,0.9437872
Testing/pituitary/Te-pi_0036.jpg,3,pituitary,3,0.018399633,0.011548899,0.0074568707,0.9625946
Testing/pituitary/Te-pi_0037.jpg,3,pituitary,3,0.00023419212,0.0012521099,0.00012561321,0.9983882
Testing/pituitary/Te-pi_0038.jpg,3,pituitary,3,0.0025711393,0.0063097626,0.0014726694,0.9896464
Testing/pituitary/Te-pi_0039.jpg,3,pituitary,3,0.0012085455,0.00041477798,0.00015820391,0.9982185
Testing/pituitary/Te-pi_0040.jpg,3,pituitary,3,4.70269e-06,4.1140765e-06,5.3770236e-07,0.9999906
Testing/pituitary/Te-pi_0041.jpg,3,pituitary,0,0.570554,0.00010361235,0.42370516,0.0056372616
Testing/pituitary/Te-pi_0042.jpg,3,pituitary,3,0.0001233394,0.00055182446,7.925765e-05,0.99924564
Testing/pituitary/Te-pi_0043.jpg,3,pituitary,2,0.008303572,0.06312213,0.71931297,0.20926124
Testing/pituitary/Te-pi_0044.jpg,3,pituitary,3,0.00039612415,0.0012179295,9.17801e-05,0.9982942
Testing/pituitary/Te-pi_0045.jpg,3,pituitary,3,1.0990463e-09,6.81294e-07,2.4410364e-08,0.9999993
Testing/pituitary/Te-pi_0046.jpg,3,pituitary,3,2.052965e-13,2.0113065e-10,1.913094e-11,1.0
Testing/pituitary/Te-pi_0047.jpg,3,pituitary,3,3.331857e-14,2.2479425e-10,6.344596e-10,1.0
Testing/pituitary/Te-pi_0048.jpg,3,pituitary,3,1.11321176e-13,6.914766e-14,1.1569099e-14,1.0
Testing/pituitary/Te-pi_0049.jpg,3,pituitary,3,2.7726849e-10,1.3249101e-09,6.78026e-10,1.0
Testing/pituitary/Te-pi_0050.jpg,3,pituitary,3,1.4519917e-15,1.9878068e-13,1.1524747e-13,1.0
Testing/pituitary/Te-pi_0051.jpg,3,pituitary,3,4.2896186e-06,3.2370417e-06,7.0904e-07,0.9999918
Testing/pituitary/Te-pi_0052.jpg,3,pituitary,3,2.2269764e-05,0.00025062708,2.1194197e-05,0.99970585
Testing/pituitary/Te-pi_0053.jpg,3,pituitary,3,4.327339e-08,1.4417277e-06,2.7210785e-08,0.99999857
Testing/pituitary/Te-pi_0054.jpg,3,pituitary,3,0.011249551,0.0069070715,0.0037557967,0.97808754
Testing/pituitary/Te-pi_0055.jpg,3,pituitary,3,1.7681248e-15,1.4284983e-13,6.094745e-14,1.0
Testing/pituitary/Te-pi_0056.jpg,3,pituitary,3,1.6080533e-06,1.0993776e-05,2.3562018e-06,0.999985
Testing/pituitary/Te-pi_0057.jpg,3,pituitary,3,0.009191589,0.008427681,0.0057067527,0.976674
Testing/pituitary/Te-pi_0058.jpg,3,pituitary,0,0.3459835,0.25234425,0.14227773,0.25939447
Testing/pituitary/Te-pi_0059.jpg,3,pituitary,3,9.330803e-09,2.1610158e-07,4.042462e-08,0.99999976
Testing/pituitary/Te-pi_0060.jpg,3,pituitary,3,3.4006102e-06,1.0111931e-06,5.19234e-07,0.9999951
Testing/pituitary/Te-pi_0061.jpg,3,pituitary,3,3.3084035e-08,4.1560935e-07,2.4506141e-08,0.9999995
Testing/pituitary/Te-pi_0062.jpg,3,pituitary,3,4.59112e-05,0.00010628759,1.2276103e-05,0.9998355
Testing/pituitary/Te-pi_0063.jpg,3,pituitary,3,0.00014739555,0.00017279532,6.22905e-05,0.99961746
Testing/pituitary/Te-pi_0064.jpg,3,pituitary,0,0.51771677,0.06518491,0.2441291,0.17296918
Testing/pituitary/Te-pi_0065.jpg,3,pituitary,3,0.0010192394,0.0036539044,0.0010187142,0.99430805
Testing/pituitary/Te-pi_0066.jpg,3,pituitary,3,2.8851497e-05,0.00066387904,1.5212808e-05,0.999292
Testing/pituitary/Te-pi_0067.jpg,3,pituitary,3,4.565963e-10,2.962354e-07,1.4755367e-09,0.99999976
Testing/pituitary/Te-pi_0068.jpg,3,pituitary,3,2.0210718e-08,3.819576e-05,1.6359408e-07,0.9999616
Testing/pituitary/Te-pi_0069.jpg,3,pituitary,3,2.1495712e-10,6.0844087e-07,8.511296e-09,0.9999994
Testing/pituitary/Te-pi_0070.jpg,3,pituitary,3,8.5800855e-07,1.2682932e-07,1.3720335e-09,0.99999905
Testing/pituitary/Te-pi_0071.jpg,3,pituitary,3,3.9313997e-11,1.3678811e-05,5.496649e-09,0.9999863
Testing/pituitary/Te-pi_0072.jpg,3,pituitary,3,0.019015903,0.0258271,0.004234401,0.95092255
Testing/pituitary/Te-pi_0073.jpg,3,pituitary,3,7.2430206e-10,3.379287e-11,9.9686454e-14,1.0
Testing/pituitary/Te-pi_0074.jpg,3,pituitary,3,9.026574e-14,1.4718833e-16,8.2893465e-15,1.0
Testing/pituitary/Te-pi_0075.jpg,3,pituitary,3,4.0467125e-06,6.729117e-08,1.0730755e-09,0.9999958
Testing/pituitary/Te-pi_0076.jpg,3,pituitary,3,1.8997164e-15,1.3837843e-14,2.245594e-14,1.0
Testing/pituitary/Te-pi_0077.jpg,3,pituitary,3,3.3533687e-10,1.5982868e-09,1.1489676e-09,1.0
Testing/pituitary/Te-pi_0078.jpg,3,pituitary,3,2.6700668e-06,0.00048346203,6.4101373e-06,0.9995074
Testing/pituitary/Te-pi_0079.jpg,3,pituitary,3,2.7276543e-09,1.1270593e-07,6.9749997e-09,0.9999999
Testing/pituitary/Te-pi_0080.jpg,3,pituitary,3,6.126923e-11,1.3046516e-11,1.3143877e-11,1.0
Testing/pituitary/Te-pi_0081.jpg,3,pituitary,3,1.34833715e-11,2.8999847e-10,5.6275496e-12,1.0
Testing/pituitary/Te-pi_0082.jpg,3,pituitary,3,2.4103585e-16,8.514633e-12,3.7391392e-11,1.0
Testing/pituitary/Te-pi_0083.jpg,3,pituitary,3,4.735937e-15,8.107501e-13,4.0816348e-12,1.0
Testing/pituitary/Te-pi_0084.jpg,3,pituitary,3,0.00014290192,0.000108625856,1.8683064e-05,0.9997297
Testing/pituitary/Te-pi_0085.jpg,3,pituitary,3,1.824121e-13,1.6767321e-13,2.9759572e-13,1.0
Testing/pituitary/Te-pi_0086.jpg,3,pituitary,3,3.9974765e-08,0.0013680402,2.1908472e-05,0.99861
Testing/pituitary/Te-pi_0087.jpg,3,pituitary,3,5.156957e-11,2.9448008e-09,3.5977699e-10,1.0
Testing/pituitary/Te-pi_0088.jpg,3,pituitary,3,1.4813757e-09,1.2987116e-05,1.376905e-06,0.9999856
Testing/pituitary/Te-pi_0089.jpg,3,pituitary,3,1.6549318e-07,4.4548215e-06,9.116347e-07,0.9999944
Testing/pituitary/Te-pi_0090.jpg,3,pituitary,3,5.990508e-11,3.575916e-07,3.072628e-08,0.99999964
Testing/pituitary/Te-pi_0091.jpg,3,pituitary,3,1.4087696e-14,1.0033914e-11,6.5338767e-12,1.0
Testing/pituitary/Te-pi_0092.jpg,3,pituitary,3,6.0899936e-08,4.2639073e-07,5.876867e-07,0.9999989
Testing/pituitary/Te-pi_0093.jpg,3,pituitary,3,1.9719994e-06,0.0006534035,3.2441956e-05,0.9993123
Testing/pituitary/Te-pi_0094.jpg,3,pituitary,3,3.2973923e-05,7.078373e-07,4.499386e-07,0.9999658
Testing/pituitary/Te-pi_0095.jpg,3,pituitary,3,2.3070386e-14,2.1924403e-11,4.9633782e-12,1.0
Testing/pituitary/Te-pi_0096.jpg,3,pituitary,3,3.95054e-14,1.3772701e-10,1.348579e-11,1.0
Testing/pituitary/Te-pi_0097.jpg,3,pituitary,3,6.425377e-09,8.724852e-08,8.896115e-09,0.9999999
Testing/pituitary/Te-pi_0098.jpg,3,pituitary,3,2.49654e-11,4.6319735e-09,7.3992856e-10,1.0
Testing/pituitary/Te-pi_0099.jpg,3,pituitary,3,8.013427e-09,3.207056e-06,8.877037e-07,0.99999595
Testing/pituitary/Te-pi_0100.jpg,3,pituitary,3,1.6687877e-13,4.9135057e-11,3.509214e-11,1.0
Testing/pituitary/Te-pi_0101.jpg,3,pituitary,3,2.3577665e-13,1.7316856e-11,7.0402824e-12,1.0
Testing/pituitary/Te-pi_0102.jpg,3,pituitary,3,5.802379e-12,2.6497002e-09,4.466962e-10,1.0
Testing/pituitary/Te-pi_0103.jpg,3,pituitary,3,0.0036819314,5.406669e-05,0.00052703475,0.99573696
Testing/pituitary/Te-pi_0104.jpg,3,pituitary,3,2.6010149e-12,7.6782545e-09,1.6793752e-10,1.0
Testing/pituitary/Te-pi_0105.jpg,3,pituitary,3,3.5155476e-09,3.282722e-07,2.2565958e-08,0.99999964
Testing/pituitary/Te-pi_0106.jpg,3,pituitary,3,7.0196893e-06,0.00026105111,1.4996746e-05,0.99971694
Testing/pituitary/Te-pi_0107.jpg,3,pituitary,3,1.2953954e-07,0.000453118,2.455205e-06,0.9995442
Testing/pituitary/Te-pi_0108.jpg,3,pituitary,3,3.6526385e-12,1.3498097e-10,6.0073383e-12,1.0
Testing/pituitary/Te-pi_0109.jpg,3,pituitary,3,1.656373e-07,7.4042595e-07,1.7633539e-08,0.99999905
Testing/pituitary/Te-pi_0110.jpg,3,pituitary,3,5.843157e-13,1.2737867e-09,4.593068e-10,1.0
Testing/pituitary/Te-pi_0111.jpg,3,pituitary,3,4.651098e-12,1.1158937e-11,6.9332357e-12,1.0
Testing/pituitary/Te-pi_0112.jpg,3,pituitary,0,0.4379196,0.051119506,0.25343913,0.25752178
Testing/pituitary/Te-pi_0113.jpg,3,pituitary,3,4.388036e-09,1.0098852e-06,9.562136e-08,0.9999988
Testing/pituitary/Te-pi_0114.jpg,3,pituitary,3,1.13094096e-07,1.0794e-06,2.651825e-06,0.9999962
Testing/pituitary/Te-pi_0115.jpg,3,pituitary,3,1.734801e-11,1.1716451e-06,2.835558e-08,0.9999988
Testing/pituitary/Te-pi_0116.jpg,3,pituitary,3,1.4510347e-14,1.0057818e-09,1.0075467e-12,1.0
Testing/pituitary/Te-pi_0117.jpg,3,pituitary,3,7.9329804e-13,2.8566231e-12,6.6629205e-13,1.0
Testing/pituitary/Te-pi_0118.jpg,3,pituitary,3,2.3701432e-13,4.037968e-13,4.4940887e-13,1.0
Testing/pituitary/Te-pi_0119.jpg,3,pituitary,3,0.0017692632,0.000114124465,5.3109467e-05,0.9980635
Testing/pituitary/Te-pi_0120.jpg,3,pituitary,3,9.536317e-05,0.006311446,0.00042181948,0.99317133
Testing/pituitary/Te-pi_0121.jpg,3,pituitary,3,0.07209572,0.031652056,0.02902396,0.86722827
Testing/pituitary/Te-pi_0122.jpg,3,pituitary,3,0.020120313,0.39291036,0.0150162745,0.57195306
Testing/pituitary/Te-pi_0123.jpg,3,pituitary,3,6.9264523e-09,1.2019651e-08,2.7015126e-09,1.0
Testing/pituitary/Te-pi_0124.jpg,3,pituitary,3,2.6707905e-06,1.0850491e-06,5.3643697e-07,0.9999957
Testing/pituitary/Te-pi_0125.jpg,3,pituitary,3,7.696175e-12,2.08363e-08,6.7682565e-10,1.0
Testing/pituitary/Te-pi_0126.jpg,3,pituitary,3,9.792224e-05,2.4347033e-05,9.701145e-06,0.99986804
Testing/pituitary/Te-pi_0127.jpg,3,pituitary,3,4.36439e-08,1.4566647e-06,3.6132615e-08,0.99999845
Testing/pituitary/Te-pi_0128.jpg,3,pituitary,3,1.4912512e-06,1.85017e-06,1.4150595e-07,0.99999654
Testing/pituitary/Te-pi_0129.jpg,3,pituitary,3,0.03290453,0.11582258,0.019465813,0.8318071
Testing/pituitary/Te-pi_0130.jpg,3,pituitary,3,0.038943585,0.30097407,0.014286769,0.6457956
Testing/pituitary/Te-pi_0131.jpg,3,pituitary,3,2.0788319e-05,6.5581244e-06,4.1583294e-06,0.9999685
Testing/pituitary/Te-pi_0132.jpg,3,pituitary,3,7.481057e-09,1.5345645e-07,6.3016756e-09,0.9999999
Testing/pituitary/Te-pi_0133.jpg,3,pituitary,3,4.924645e-06,7.915278e-06,1.0266876e-05,0.9999769
Testing/pituitary/Te-pi_0134.jpg,3,pituitary,3,0.24995258,0.11587212,0.14104156,0.49313372
Testing/pituitary/Te-pi_0135.jpg,3,pituitary,3,8.781429e-08,2.1736391e-06,1.7071969e-07,0.9999976
Testing/pituitary/Te-pi_0136.jpg,3,pituitary,3,6.286109e-07,2.8028386e-05,4.425077e-06,0.999967
Testing/pituitary/Te-pi_0137.jpg,3,pituitary,3,0.0002521325,0.00014416639,1.832655e-05,0.99958533
Testing/pituitary/Te-pi_0138.jpg,3,pituitary,3,0.0049255006,0.0003566291,0.00018380309,0.99453413
Testing/pituitary/Te-pi_0139.jpg,3,pituitary,3,0.00069198513,0.0013075904,0.00018345714,0.99781704
Testing/pituitary/Te-pi_0140.jpg,3,pituitary,0,0.3717757,0.07236885,0.27244726,0.28340816
Testing/pituitary/Te-pi_0141.jpg,3,pituitary,3,3.8628127e-06,7.873403e-05,1.3565639e-05,0.9999038
Testing/pituitary/Te-pi_0142.jpg,3,pituitary,3,4.7095725e-07,4.2224954e-05,3.987328e-06,0.9999534
Testing/pituitary/Te-pi_0143.jpg,3,pituitary,3,6.4173973e-15,3.1975705e-12,2.5392446e-13,1.0
Testing/pituitary/Te-pi_0144.jpg,3,pituitary,3,8.402064e-06,4.9532984e-05,8.377277e-06,0.9999337
Testing/pituitary/Te-pi_0145.jpg,3,pituitary,3,1.1985746e-08,2.161213e-08,3.861443e-09,1.0
Testing/pituitary/Te-pi_0146.jpg,3,pituitary,3,0.003936194,0.0030572414,0.0010828571,0.99192363
Testing/pituitary/Te-pi_0147.jpg,3,pituitary,3,0.0012921108,0.0014344833,0.00055467786,0.9967187
Testing/pituitary/Te-pi_0148.jpg,3,pituitary,3,2.7927686e-07,1.0645534e-06,2.490021e-07,0.99999845
Testing/pituitary/Te-pi_0149.jpg,3,pituitary,3,0.0139416205,0.005917333,0.0018572285,0.9782839
Testing/pituitary/Te-pi_0150.jpg,3,pituitary,3,0.0016345232,0.0033922961,0.0007750627,0.9941981
Testing/pituitary/Te-pi_0151.jpg,3,pituitary,3,0.0373061,0.16352458,0.017393105,0.78177625
Testing/pituitary/Te-pi_0152.jpg,3,pituitary,0,0.5307731,0.014175055,0.3244047,0.13064711
Testing/pituitary/Te-pi_0153.jpg,3,pituitary,3,0.00017361173,0.013021794,0.00031158276,0.98649293
Testing/pituitary/Te-pi_0154.jpg,3,pituitary,3,7.023667e-05,9.5811985e-05,1.1770669e-05,0.9998222
Testing/pituitary/Te-pi_0155.jpg,3,pituitary,3,0.0046886946,0.0028011843,0.0006609411,0.9918492
Testing/pituitary/Te-pi_0156.jpg,3,pituitary,0,0.53197926,0.0858598,0.20304872,0.17911224
Testing/pituitary/Te-pi_0157.jpg,3,pituitary,3,2.3585795e-07,3.492233e-07,4.88569e-08,0.9999994
Testing/pituitary/Te-pi_0158.jpg,3,pituitary,3,0.09903199,0.005139925,0.0053103077,0.8905178
Testing/pituitary/Te-pi_0159.jpg,3,pituitary,0,0.67090726,0.0127733145,0.1730097,0.1433097
Testing/pituitary/Te-pi_0160.jpg,3,pituitary,2,0.35155913,0.000330287,0.63679284,0.011317706
Testing/pituitary/Te-pi_0161.jpg,3,pituitary,3,4.6547906e-05,9.024811e-05,1.3521224e-05,0.9998497
Testing/pituitary/Te-pi_0162.jpg,3,pituitary,3,0.009336255,0.044949237,0.009075052,0.93663937
Testing/pituitary/Te-pi_0163.jpg,3,pituitary,3,4.6170087e-05,0.0965459,0.0001566229,0.90325123
Testing/pituitary/Te-pi_0164.jpg,3,pituitary,3,0.046556138,0.25950238,0.02924301,0.6646985
Testing/pituitary/Te-pi_0165.jpg,3,pituitary,3,0.0005316273,0.0013037223,0.0003300178,0.99783474
Testing/pituitary/Te-pi_0166.jpg,3,pituitary,3,1.09909976e-07,4.3084697e-06,2.077309e-06,0.99999356
Testing/pituitary/Te-pi_0167.jpg,3,pituitary,3,3.803595e-05,1.9056291e-05,1.326701e-05,0.99992967
Testing/pituitary/Te-pi_0168.jpg,3,pituitary,3,3.84829e-08,4.010293e-07,1.3613238e-08,0.9999995
Testing/pituitary/Te-pi_0169.jpg,3,pituitary,3,0.00061808154,0.0013480271,0.00020003595,0.9978338
Testing/pituitary/Te-pi_0170.jpg,3,pituitary,0,0.8944825,9.002861e-06,0.10387046,0.0016381205
Testing/pituitary/Te-pi_0171.jpg,3,pituitary,1,0.007089431,0.5655746,0.0029812213,0.42435473
Testing/pituitary/Te-pi_0172.jpg,3,pituitary,3,0.054146077,0.028184505,0.020539185,0.8971303
Testing/pituitary/Te-pi_0173.jpg,3,pituitary,3,2.0894333e-10,3.6154387e-07,6.21068e-08,0.9999995
Testing/pituitary/Te-pi_0174.jpg,3,pituitary,3,0.19876707,0.0772606,0.00901366,0.7149587
Testing/pituitary/Te-pi_0175.jpg,3,pituitary,0,0.99698955,1.9963732e-08,0.0030054492,5.027418e-06
Testing/pituitary/Te-pi_0176.jpg,3,pituitary,3,1.337385e-07,8.152443e-06,4.897212e-07,0.9999912
Testing/pituitary/Te-pi_0177.jpg,3,pituitary,3,0.0016216448,0.0038901088,0.00050948304,0.99397874
Testing/pituitary/Te-pi_0178.jpg,3,pituitary,3,2.3118339e-07,8.555116e-06,2.5862465e-07,0.99999094
Testing/pituitary/Te-pi_0179.jpg,3,pituitary,1,0.24770041,0.3169927,0.13366717,0.30163977
Testing/pituitary/Te-pi_0180.jpg,3,pituitary,3,0.00047036438,7.016407e-05,5.6214067e-05,0.99940324
Testing/pituitary/Te-pi_0181.jpg,3,pituitary,3,0.0015593673,0.004455049,0.0010681038,0.99291754
Testing/pituitary/Te-pi_0182.jpg,3,pituitary,3,0.00048992137,0.002078651,0.00022963007,0.9972018
Testing/pituitary/Te-pi_0183.jpg,3,pituitary,3,0.0010460159,0.09278521,0.0010412545,0.9051275
Testing/pituitary/Te-pi_0184.jpg,3,pituitary,3,0.0070079244,0.0014043264,0.00040276608,0.9911849
Testing/pituitary/Te-pi_0185.jpg,3,pituitary,3,5.0380358e-08,2.6613085e-05,3.264202e-06,0.9999701
Testing/pituitary/Te-pi_0186.jpg,3,pituitary,3,1.6257067e-05,3.0388916e-05,3.6312042e-06,0.9999498
Testing/pituitary/Te-pi_0187.jpg,3,pituitary,0,0.81157255,0.0016072668,0.16241328,0.024406865
Testing/pituitary/Te-pi_0188.jpg,3,pituitary,0,0.85168403,0.021483827,0.023109006,0.10372312
Testing/pituitary/Te-pi_0189.jpg,3,pituitary,3,0.25378525,0.30677462,0.06530671,0.37413347
Testing/pituitary/Te-pi_0190.jpg,3,pituitary,3,8.189723e-05,0.003231696,0.00015826698,0.9965282
Testing/pituitary/Te-pi_0191.jpg,3,pituitary,3,2.210858e-07,1.8800743e-07,2.8933787e-08,0.99999964
Testing/pituitary/Te-pi_0192.jpg,3,pituitary,3,2.3952143e-10,7.7301294e-08,5.991632e-10,0.9999999
Testing/pituitary/Te-pi_0193.jpg,3,pituitary,3,1.881951e-09,4.27696e-05,2.0136912e-07,0.99995697
Testing/pituitary/Te-pi_0194.jpg,3,pituitary,3,2.1471933e-09,4.630674e-06,8.29302e-07,0.9999945
Testing/pituitary/Te-pi_0195.jpg,3,pituitary,3,4.9886473e-18,7.9576065e-13,1.4118745e-13,1.0
Testing/pituitary/Te-pi_0196.jpg,3,pituitary,3,2.1537433e-06,7.836591e-06,2.719846e-08,0.99999
Testing/pituitary/Te-pi_0197.jpg,3,pituitary,3,5.802838e-05,1.3068425e-05,3.7461115e-05,0.9998915
Testing/pituitary/Te-pi_0198.jpg,3,pituitary,3,8.246862e-15,2.8783049e-11,1.978833e-10,1.0
Testing/pituitary/Te-pi_0199.jpg,3,pituitary,3,1.9470827e-15,8.89684e-14,2.5458194e-14,1.0
Testing/pituitary/Te-pi_0200.jpg,3,pituitary,3,0.0006929177,3.248583e-05,0.0002758003,0.9989988
Testing/pituitary/Te-pi_0201.jpg,3,pituitary,3,8.927065e-07,4.7086138e-07,5.511698e-09,0.9999987
Testing/pituitary/Te-pi_0202.jpg,3,pituitary,3,3.4083318e-15,3.2162508e-12,1.3001144e-13,1.0
Testing/pituitary/Te-pi_0203.jpg,3,pituitary,3,1.9251018e-13,1.3659923e-13,5.6208927e-14,1.0
Testing/pituitary/Te-pi_0204.jpg,3,pituitary,3,1.620354e-12,3.395221e-10,7.4112876e-11,1.0
Testing/pituitary/Te-pi_0205.jpg,3,pituitary,3,4.3715733e-14,8.1706336e-10,5.3547927e-11,1.0
Testing/pituitary/Te-pi_0206.jpg,3,pituitary,3,1.0798842e-06,6.670528e-07,3.1174193e-05,0.999967
Testing/pituitary/Te-pi_0207.jpg,3,pituitary,3,2.2277457e-13,8.6207015e-09,2.7894786e-10,1.0
Testing/pituitary/Te-pi_0208.jpg,3,pituitary,3,3.493634e-11,2.4074174e-09,2.3374813e-10,1.0
Testing/pituitary/Te-pi_0209.jpg,3,pituitary,3,2.1269482e-15,5.6309184e-13,4.114985e-14,1.0
Testing/pituitary/Te-pi_0210.jpg,3,pituitary,3,2.290146e-18,6.508145e-15,1.7206297e-15,1.0
Testing/pituitary/Te-pi_0211.jpg,3,pituitary,3,3.4656877e-10,3.0132763e-10,5.96412e-10,1.0
Testing/pituitary/Te-pi_0212.jpg,3,pituitary,3,4.003219e-12,7.016161e-08,8.8368336e-07,0.99999905
Testing/pituitary/Te-pi_0213.jpg,3,pituitary,3,2.6130494e-15,2.1364536e-12,1.3216068e-12,1.0
Testing/pituitary/Te-pi_0214.jpg,3,pituitary,3,1.9870322e-14,2.974777e-13,1.1964708e-12,1.0
Testing/pituitary/Te-pi_0215.jpg,3,pituitary,3,4.6536642e-15,6.049591e-13,1.720185e-13,1.0
Testing/pituitary/Te-pi_0216.jpg,3,pituitary,3,7.6842314e-13,1.3771492e-10,1.6632728e-11,1.0
Testing/pituitary/Te-pi_0217.jpg,3,pituitary,3,1.8411351e-09,0.000101692334,3.2756054e-07,0.99989796
Testing/pituitary/Te-pi_0218.jpg,3,pituitary,3,1.1095232e-17,1.9559351e-14,1.03948464e-11,1.0
Testing/pituitary/Te-pi_0219.jpg,3,pituitary,3,9.931144e-18,3.4286208e-16,2.6291044e-17,1.0
Testing/pituitary/Te-pi_0220.jpg,3,pituitary,3,2.7268555e-11,6.959047e-11,1.0586269e-11,1.0
Testing/pituitary/Te-pi_0221.jpg,3,pituitary,3,6.8748227e-19,9.034178e-16,2.3911528e-17,1.0
Testing/pituitary/Te-pi_0222.jpg,3,pituitary,3,2.2747336e-08,8.458584e-05,4.9887826e-06,0.99991035
Testing/pituitary/Te-pi_0223.jpg,3,pituitary,3,3.8961106e-13,2.0774006e-11,5.75064e-12,1.0
Testing/pituitary/Te-pi_0224.jpg,3,pituitary,3,0.0008563426,0.00019702266,1.3489289e-06,0.9989453
Testing/pituitary/Te-pi_0225.jpg,3,pituitary,3,3.215783e-13,2.3151189e-10,1.4340504e-10,1.0
Testing/pituitary/Te-pi_0226.jpg,3,pituitary,3,2.5470894e-07,1.3581796e-05,2.9296837e-07,0.99998593
Testing/pituitary/Te-pi_0227.jpg,3,pituitary,3,1.1840318e-13,4.0990635e-12,7.9100897e-13,1.0
Testing/pituitary/Te-pi_0228.jpg,3,pituitary,3,1.0137736e-11,1.4626289e-08,1.0484375e-10,1.0
Testing/pituitary/Te-pi_0229.jpg,3,pituitary,3,1.5492743e-14,1.1767609e-11,7.5512735e-13,1.0
Testing/pituitary/Te-pi_0230.jpg,3,pituitary,3,4.2139857e-13,2.0574446e-10,7.091513e-11,1.0
Testing/pituitary/Te-pi_0231.jpg,3,pituitary,3,1.4810556e-12,2.3274107e-09,5.2230522e-11,1.0
Testing/pituitary/Te-pi_0232.jpg,3,pituitary,3,1.5108977e-16,9.738568e-12,2.8994177e-12,1.0
Testing/pituitary/Te-pi_0233.jpg,3,pituitary,3,7.109619e-15,6.369665e-12,2.6598689e-12,1.0
Testing/pituitary/Te-pi_0234.jpg,3,pituitary,3,1.3326431e-12,6.5776223e-10,1.8005533e-09,1.0
Testing/pituitary/Te-pi_0235.jpg,3,pituitary,3,2.942745e-13,8.8908784e-08,3.089079e-10,0.9999999
Testing/pituitary/Te-pi_0236.jpg,3,pituitary,3,5.8105907e-09,8.642518e-05,1.02519884e-07,0.99991345
Testing/pituitary/Te-pi_0237.jpg,3,pituitary,3,4.4363176e-07,2.9810855e-05,1.3728871e-07,0.9999696
Testing/pituitary/Te-pi_0238.jpg,3,pituitary,3,6.27817e-14,2.2522685e-10,1.4463966e-12,1.0
Testing/pituitary/Te-pi_0239.jpg,3,pituitary,3,3.818775e-11,4.149517e-09,2.7374685e-09,1.0
Testing/pituitary/Te-pi_0240.jpg,3,pituitary,3,3.5206515e-11,2.778352e-08,1.8542909e-11,1.0
Testing/pituitary/Te-pi_0241.jpg,3,pituitary,3,6.840444e-09,0.0005466658,5.6335836e-07,0.99945277
Testing/pituitary/Te-pi_0242.jpg,3,pituitary,3,6.0690016e-11,8.677569e-08,9.0207225e-10,0.9999999
Testing/pituitary/Te-pi_0243.jpg,3,pituitary,3,7.7968486e-13,1.4607303e-08,6.2695467e-09,1.0
Testing/pituitary/Te-pi_0244.jpg,3,pituitary,3,2.337392e-14,2.447342e-11,7.95843e-12,1.0
Testing/pituitary/Te-pi_0245.jpg,3,pituitary,3,1.3746172e-13,3.4651075e-09,8.2462065e-10,1.0
Testing/pituitary/Te-pi_0246.jpg,3,pituitary,3,0.00017211013,0.002093316,0.0006737195,0.99706084
Testing/pituitary/Te-pi_0247.jpg,3,pituitary,3,0.00047454037,0.00036961047,0.002770341,0.99638546
Testing/pituitary/Te-pi_0248.jpg,3,pituitary,3,1.1710821e-07,7.318409e-06,7.116944e-07,0.9999919
Testing/pituitary/Te-pi_0249.jpg,3,pituitary,3,1.0208014e-07,6.658249e-08,1.710244e-08,0.9999999
Testing/pituitary/Te-pi_0250.jpg,3,pituitary,3,3.646508e-11,1.6251828e-08,3.919485e-09,1.0
Testing/pituitary/Te-pi_0251.jpg,3,pituitary,3,5.686052e-06,9.632755e-06,0.00011213716,0.99987245
Testing/pituitary/Te-pi_0252.jpg,3,pituitary,3,8.633996e-09,7.271392e-07,3.3253182e-06,0.99999595
Testing/pituitary/Te-pi_0253.jpg,3,pituitary,3,1.4148386e-11,7.818886e-10,2.5286388e-11,1.0
Testing/pituitary/Te-pi_0254.jpg,3,pituitary,3,3.6550136e-09,1.493569e-08,1.5316033e-08,1.0
Testing/pituitary/Te-pi_0255.jpg,3,pituitary,3,4.7716117e-13,5.677716e-12,5.7181686e-11,1.0
Testing/pituitary/Te-pi_0256.jpg,3,pituitary,3,7.136792e-15,5.6846615e-12,2.3380735e-11,1.0
Testing/pituitary/Te-pi_0257.jpg,3,pituitary,3,1.044319e-16,1.8028743e-11,3.0341216e-12,1.0
Testing/pituitary/Te-pi_0258.jpg,3,pituitary,3,7.468057e-16,1.4826497e-12,7.7601136e-13,1.0
Testing/pituitary/Te-pi_0259.jpg,3,pituitary,3,3.013031e-09,1.3781432e-09,8.33175e-11,1.0
Testing/pituitary/Te-pi_0260.jpg,3,pituitary,3,7.0175865e-10,6.727956e-07,1.131241e-07,0.99999917
Testing/pituitary/Te-pi_0261.jpg,3,pituitary,3,6.180126e-15,2.1471097e-10,1.3521745e-11,1.0
Testing/pituitary/Te-pi_0262.jpg,3,pituitary,3,8.3189103e-13,8.163905e-10,7.233795e-11,1.0
Testing/pituitary/Te-pi_0263.jpg,3,pituitary,3,5.330283e-12,1.8033894e-12,2.5841722e-12,1.0
Testing/pituitary/Te-pi_0264.jpg,3,pituitary,3,4.5768794e-10,4.0876486e-08,7.848701e-06,0.99999213
Testing/pituitary/Te-pi_0265.jpg,3,pituitary,3,2.3075605e-05,3.735534e-05,5.0496656e-06,0.99993455
Testing/pituitary/Te-pi_0266.jpg,3,pituitary,3,4.401815e-16,2.8026352e-14,7.671677e-14,1.0
Testing/pituitary/Te-pi_0267.jpg,3,pituitary,3,3.3712848e-05,0.00021258707,4.2908134e-05,0.99971074
Testing/pituitary/Te-pi_0268.jpg,3,pituitary,3,3.292831e-11,8.515835e-08,2.2375154e-08,0.9999999
Testing/pituitary/Te-pi_0269.jpg,3,pituitary,0,0.5069655,0.06081047,0.0035040316,0.42872003
Testing/pituitary/Te-pi_0270.jpg,3,pituitary,3,4.276317e-12,1.975877e-09,3.8725214e-09,1.0
Testing/pituitary/Te-pi_0271.jpg,3,pituitary,3,1.930542e-11,3.1760017e-10,4.3702708e-11,1.0
Testing/pituitary/Te-pi_0272.jpg,3,pituitary,3,1.7441809e-09,3.7510382e-08,1.1329833e-09,1.0
Testing/pituitary/Te-pi_0273.jpg,3,pituitary,3,8.3100804e-16,2.8557503e-13,5.4807894e-13,1.0
Testing/pituitary/Te-pi_0274.jpg,3,pituitary,3,5.829043e-13,1.55388e-09,8.912479e-11,1.0
Testing/pituitary/Te-pi_0275.jpg,3,pituitary,3,7.807433e-08,8.0539465e-08,6.9670754e-09,0.9999999
Testing/pituitary/Te-pi_0276.jpg,3,pituitary,3,5.7708573e-12,1.3126703e-09,4.540469e-09,1.0
Testing/pituitary/Te-pi_0277.jpg,3,pituitary,3,6.853055e-14,3.5832712e-14,5.5160694e-13,1.0
Testing/pituitary/Te-pi_0278.jpg,3,pituitary,3,3.9259882e-16,5.556258e-13,2.3055959e-14,1.0
Testing/pituitary/Te-pi_0279.jpg,3,pituitary,3,3.8617354e-14,5.925042e-12,6.154327e-12,1.0
Testing/pituitary/Te-pi_0280.jpg,3,pituitary,3,1.4950175e-11,3.4278372e-08,1.9332707e-09,1.0
Testing/pituitary/Te-pi_0281.jpg,3,pituitary,3,1.54762e-10,2.2471649e-07,1.4429622e-07,0.99999964
Testing/pituitary/Te-pi_0282.jpg,3,pituitary,3,1.9821894e-07,3.0221092e-05,1.5829064e-05,0.99995375
Testing/pituitary/Te-pi_0283.jpg,3,pituitary,3,1.5142474e-12,1.5226204e-08,4.8993865e-10,1.0
Testing/pituitary/Te-pi_0284.jpg,3,pituitary,3,1.0177926e-07,4.8770863e-07,7.040076e-07,0.9999987
Testing/pituitary/Te-pi_0285.jpg,3,pituitary,3,1.225221e-15,2.3876119e-13,4.8587864e-13,1.0
Testing/pituitary/Te-pi_0286.jpg,3,pituitary,3,2.0547591e-13,4.8878035e-10,6.963443e-11,1.0
Testing/pituitary/Te-pi_0287.jpg,3,pituitary,3,0.0034884799,0.24195014,0.021011783,0.73354965
Testing/pituitary/Te-pi_0288.jpg,3,pituitary,3,1.1837646e-10,1.9534802e-08,6.846217e-08,0.9999999
Testing/pituitary/Te-pi_0289.jpg,3,pituitary,3,3.8053924e-13,3.5581477e-10,7.228898e-11,1.0
Testing/pituitary/Te-pi_0290.jpg,3,pituitary,3,4.7070007e-08,1.5985191e-06,5.100231e-07,0.99999785
Testing/pituitary/Te-pi_0291.jpg,3,pituitary,3,2.0226014e-10,1.9594697e-08,2.035584e-08,1.0
Testing/pituitary/Te-pi_0292.jpg,3,pituitary,3,2.5845849e-17,3.726439e-14,4.196506e-14,1.0
Testing/pituitary/Te-pi_0293.jpg,3,pituitary,3,1.9357941e-07,0.00013762602,7.4985514e-06,0.9998547
Testing/pituitary/Te-pi_0294.jpg,3,pituitary,3,6.7807153e-13,3.9651307e-11,2.8152404e-11,1.0
Testing/pituitary/Te-pi_0295.jpg,3,pituitary,3,2.622995e-16,1.7288573e-11,6.296726e-13,1.0
Testing/pituitary/Te-pi_0296.jpg,3,pituitary,3,5.3649998e-17,8.283377e-14,7.508413e-14,1.0
Testing/pituitary/Te-pi_0297.jpg,3,pituitary,3,1.4085069e-06,0.00061378063,5.686748e-05,0.999328
Testing/pituitary/Te-pi_0298.jpg,3,pituitary,3,1.99978e-11,9.809381e-10,3.587226e-09,1.0
Testing/pituitary/Te-pi_0299.jpg,3,pituitary,3,9.493388e-14,6.4833723e-13,1.1959392e-12,1.0
