path,label,class_name,predicted_label,p_glioma,p_meningioma,p_no_tumor,p_pituitary
Testing/glioma/Te-glTr_0000.jpg,0,glioma,0,0.9990069,0.00037700485,0.00037977952,0.00023626123
Testing/glioma/Te-glTr_0001.jpg,0,glioma,0,0.99803334,0.00085165823,0.00057867955,0.0005362932
Testing/glioma/Te-glTr_0002.jpg,0,glioma,0,0.9999902,5.707808e-06,1.2579917e-06,2.7412077e-06
Testing/glioma/Te-glTr_0003.jpg,0,glioma,0,0.821511,0.14966977,0.014030705,0.014788551
Testing/glioma/Te-glTr_0004.jpg,0,glioma,0,0.92734677,0.008949448,0.002175519,0.061528314
Testing/glioma/Te-glTr_0005.jpg,0,glioma,0,0.8825576,0.0766096,0.025401868,0.015431024
Testing/glioma/Te-glTr_0006.jpg,0,glioma,0,0.999897,7.5313175e-05,4.1141307e-06,2.35261e-05
Testing/glioma/Te-glTr_0007.jpg,0,glioma,0,1.0,1.4694874e-09,1.1386224e-09,2.9915626e-09
Testing/glioma/Te-glTr_0008.jpg,0,glioma,0,0.9927665,0.0026205922,0.003384278,0.0012287061
Testing/glioma/Te-glTr_0009.jpg,0,glioma,0,0.99999,8.595409e-06,8.233485e-07,6.3863683e-07
Testing/glioma/Te-gl_0010.jpg,0,glioma,0,0.9961359,0.003632084,0.00012656255,0.00010542735
Testing/glioma/Te-gl_0011.jpg,0,glioma,3,0.08736789,0.051324688,0.050412636,0.8108947
Testing/glioma/Te-gl_0012.jpg,0,glioma,0,0.96812105,0.00027510824,0.00072435575,0.030879494
Testing/glioma/Te-gl_0013.jpg,0,glioma,0,0.99999654,1.669127e-06,5.0997573e-07,1.3303329e-06
Testing/glioma/Te-gl_0014.jpg,0,glioma,0,0.99999976,2.5057324e-07,5.0013877e-09,5.621238e-09
Testing/glioma/Te-gl_0015.jpg,0,glioma,0,0.9985379,0.00090450986,0.00028091323,0.00027670054
Testing/glioma/Te-gl_0016.jpg,0,glioma,0,0.999997,1.8470961e-06,6.0296054e-07,6.370404e-07
Testing/glioma/Te-gl_0017.jpg,0,glioma,0,0.9999969,3.1481347e-06,3.715417e-08,5.5398077e-09
Testing/glioma/Te-gl_0018.jpg,0,glioma,0,0.9999169,7.86982e-05,4.3526293e-06,3.033575e-08
Testing/glioma/Te-gl_0019.jpg,0,glioma,0,0.78423786,0.06958043,0.08102198,0.0651597
Testing/glioma/Te-gl_0020.jpg,0,glioma,0,0.9999895,3.2921128e-07,1.2956605e-06,8.783662e-06
Testing/glioma/Te-gl_0021.jpg,0,glioma,0,0.9999826,7.216688e-06,2.8345441e-06,7.2915477e-06
Testing/glioma/Te-gl_0022.jpg,0,glioma,0,0.9999949,2.766823e-06,2.1969051e-06,1.5430935e-07
Testing/glioma/Te-gl_0023.jpg,0,glioma,0,0.9992065,0.00074980804,4.2289368e-05,1.3856964e-06
Testing/glioma/Te-gl_0024.jpg,0,glioma,0,0.7560119,0.06646179,0.15376864,0.023757694
Testing/glioma/Te-gl_0025.jpg,0,glioma,0,0.9999999,7.146352e-08,1.8729325e-09,2.1918434e-10
Testing/glioma/Te-gl_0026.jpg,0,glioma,0,1.0,9.116623e-09,9.357053e-10,3.9232173e-09
Testing/glioma/Te-gl_0027.jpg,0,glioma,0,0.9999999,1.552538e-07,2.2006834e-09,1.8183466e-10
Testing/glioma/Te-gl_0028.jpg,0,glioma,0,0.999956,3.0960116e-05,1.5968326e-06,1.1348759e-05
Testing/glioma/Te-gl_0029.jpg,0,glioma,0,0.7560119,0.06646179,0.15376864,0.023757694
Testing/glioma/Te-gl_0030.jpg,0,glioma,0,0.9998317,0.00016207786,3.8425364e-06,2.3086734e-06
Testing/glioma/Te-gl_0031.jpg,0,glioma,0,1.0,1.7740023e-08,1.2556485e-10,6.269385e-11
Testing/glioma/Te-gl_0032.jpg,0,glioma,0,1.0,4.9703424e-08,1.2859533e-09,1.2883764e-09
Testing/glioma/Te-gl_0033.jpg,0,glioma,0,0.99999607,3.6960478e-06,1.7745748e-07,1.0345299e-07
Testing/glioma/Te-gl_0034.jpg,0,glioma,0,0.9999989,8.5438955e-07,1.763104e-07,1.17394855e-07
Testing/glioma/Te-gl_0035.jpg,0,glioma,0,0.99999976,2.711845e-07,7.1660433e-09,5.4552474e-09
Testing/glioma/Te-gl_0036.jpg,0,glioma,0,0.99977475,0.00018484845,1.000665e-05,3.0369572e-05
Testing/glioma/Te-gl_0037.jpg,0,glioma,0,0.9999944,5.263228e-06,3.062503e-07,2.6831454e-08
Testing/glioma/Te-gl_0038.jpg,0,glioma,0,0.99998784,5.807258e-08,2.7570335e-08,1.2095081e-05
Testing/glioma/Te-gl_0039.jpg,0,glioma,0,0.99998057,1.1076635e-05,6.0902303e-06,2.2721724e-06
Testing/glioma/Te-gl_0040.jpg,0,glioma,0,0.9988966,0.00026019668,0.00069268525,0.00015055251
Testing/glioma/Te-gl_0041.jpg,0,glioma,0,0.99980813,7.009389e-05,7.2780254e-05,4.901067e-05
Testing/glioma/Te-gl_0042.jpg,0,glioma,0,0.9076793,0.07768238,0.009550333,0.0050880443
Testing/glioma/Te-gl_0043.jpg,0,glioma,0,0.9932874,0.0061826343,0.0003453555,0.00018465392
Testing/glioma/Te-gl_0044.jpg,0,glioma,0,0.7596617,0.23363242,0.00074149005,0.0059644156
Testing/glioma/Te-gl_0045.jpg,0,glioma,1,0.031042468,0.76079047,0.17903848,0.02912854
Testing/glioma/Te-gl_0046.jpg,0,glioma,0,0.8978061,0.09561277,0.0035283307,0.0030528125
Testing/glioma/Te-gl_0047.jpg,0,glioma,0,0.9520766,0.044360396,0.0006747349,0.002888268
Testing/glioma/Te-gl_0048.jpg,0,glioma,0,0.9921463,0.0071333465,0.0004222929,0.00029798114
Testing/glioma/Te-gl_0049.jpg,0,glioma,0,0.99992406,3.428131e-05,1.7323191e-05,2.4253055e-05
Testing/glioma/Te-gl_0050.jpg,0,glioma,0,0.82540643,0.033451162,0.016203318,0.124939114
Testing/glioma/Te-gl_0051.jpg,0,glioma,0,0.999801,0.00019525613,4.90264e-07,3.3616534e-06
Testing/glioma/Te-gl_0052.jpg,0,glioma,0,1.0,5.2741658e-08,1.3370862e-08,1.7749066e-11
Testing/glioma/Te-gl_0053.jpg,0,glioma,0,0.99999964,2.842406e-07,5.1534727e-08,2.277637e-08
Testing/glioma/Te-gl_0054.jpg,0,glioma,0,0.99984646,0.00014941975,2.8224683e-06,1.2354238e-06
Testing/glioma/Te-gl_0055.jpg,0,glioma,0,0.9999993,5.8571914e-07,1.1877373e-07,3.2845538e-08
Testing/glioma/Te-gl_0056.jpg,0,glioma,0,0.9830703,0.00018907277,0.016647445,9.3193e-05
Testing/glioma/Te-gl_0057.jpg,0,glioma,0,0.8114985,0.11472544,0.008927147,0.064848855
Testing/glioma/Te-gl_0058.jpg,0,glioma,0,0.99999523,3.3214914e-07,3.865622e-07,4.0558166e-06
Testing/glioma/Te-gl_0059.jpg,0,glioma,0,0.99999535,1.2293889e-06,1.4528159e-06,1.9910165e-06
Testing/glioma/Te-gl_0060.jpg,0,glioma,0,0.99997985,1.2027179e-05,1.5938475e-06,6.553122e-06
Testing/glioma/Te-gl_0061.jpg,0,glioma,0,0.999984,1.2123021e-06,6.680264e-08,1.4670669e-05
Testing/glioma/Te-gl_0062.jpg,0,glioma,0,1.0,5.9288297e-08,1.3237135e-08,3.3109743e-08
Testing/glioma/Te-gl_0063.jpg,0,glioma,0,0.99999774,1.1157257e-06,2.3754448e-07,9.574056e-07
Testing/glioma/Te-gl_0064.jpg,0,glioma,0,0.999998,4.5762238e-07,2.2348894e-07,1.3098136e-06
Testing/glioma/Te-gl_0065.jpg,0,glioma,0,1.0,2.9525846e-09,5.644435e-09,2.75702e-08
Testing/glioma/Te-gl_0066.jpg,0,glioma,0,0.99999976,2.3600812e-07,1.2374918e-08,1.3833968e-09
Testing/glioma/Te-gl_0067.jpg,0,glioma,0,0.99997544,8.617165e-06,6.175908e-06,9.7451775e-06
Testing/glioma/Te-gl_0068.jpg,0,glioma,0,0.9999995,1.2837435e-07,1.3273822e-07,2.48873e-07
Testing/glioma/Te-gl_0069.jpg,0,glioma,0,0.9966545,8.502444e-05,6.7920504e-05,0.0031924346
Testing/glioma/Te-gl_0070.jpg,0,glioma,0,0.99997044,3.8722115e-07,2.881203e-05,4.1847116e-07
Testing/glioma/Te-gl_0071.jpg,0,glioma,0,0.9999993,3.0361824e-07,4.2236977e-08,2.8461702e-07
Testing/glioma/Te-gl_0072.jpg,0,glioma,0,1.0,4.5469635e-11,5.6392536e-11,1.4411602e-14
Testing/glioma/Te-gl_0073.jpg,0,glioma,0,0.9912786,2.1491974e-06,0.008717077,2.2003278e-06
Testing/glioma/Te-gl_0074.jpg,0,glioma,0,0.9999993,5.782828e-07,4.5700084e-08,8.94092e-08
Testing/glioma/Te-gl_0075.jpg,0,glioma,0,0.99999976,1.8915487e-07,7.884437e-09,2.582514e-10
Testing/glioma/Te-gl_0076.jpg,0,glioma,0,0.9999994,5.606957e-07,6.9282717e-09,6.8709336e-09
Testing/glioma/Te-gl_0077.jpg,0,glioma,0,0.9999969,3.1365282e-06,3.2978797e-08,6.1145826e-09
Testing/glioma/Te-gl_0078.jpg,0,glioma,0,0.9999968,1.596374e-06,5.713504e-08,1.6607057e-06
Testing/glioma/Te-gl_0079.jpg,0,glioma,0,1.0,7.3304016e-09,6.3311574e-09,2.6257174e-09
Testing/glioma/Te-gl_0080.jpg,0,glioma,0,1.0,1.3627923e-08,1.7922708e-10,6.549239e-11
Testing/glioma/Te-gl_0081.jpg,0,glioma,0,0.65253013,0.08188357,0.031423394,0.23416287
Testing/glioma/Te-gl_0082.jpg,0,glioma,0,0.99999523,4.6631085e-06,1.0241276e-07,8.230783e-10
Testing/glioma/Te-gl_0083.jpg,0,glioma,0,0.89381933,0.010391783,0.07374778,0.022041108
Testing/glioma/Te-gl_0084.jpg,0,glioma,0,0.93424,0.062452592,0.002563758,0.0007436911
Testing/glioma/Te-gl_0085.jpg,0,glioma,0,0.9999993,2.2974746e-07,1.5597168e-07,3.4565537e-07
Testing/glioma/Te-gl_0086.jpg,0,glioma,0,0.99999964,1.1571011e-07,2.5542468e-07,1.8549226e-08
Testing/glioma/Te-gl_0087.jpg,0,glioma,0,0.99161106,0.008254631,2.3315752e-05,0.00011101513
Testing/glioma/Te-gl_0088.jpg,0,glioma,0,0.9973098,0.0024578732,9.158201e-05,0.00014072961
Testing/glioma/Te-gl_0089.jpg,0,glioma,0,0.969777,0.016551025,0.0036914994,0.009980489
Testing/glioma/Te-gl_0090.jpg,0,glioma,0,0.99922824,0.00043839074,8.286262e-05,0.00025052216
Testing/glioma/Te-gl_0091.jpg,0,glioma,0,0.99252856,0.0022413544,0.004245127,0.0009850782
Testing/glioma/Te-gl_0092.jpg,0,glioma,0,0.9999367,5.4387492e-05,5.2933124e-06,3.63275e-06
Testing/glioma/Te-gl_0093.jpg,0,glioma,0,0.9998776,5.9604652e-05,1.5008456e-05,4.7848716e-05
Testing/glioma/Te-gl_0094.jpg,0,glioma,2,0.4432864,0.0019471506,0.52860594,0.026160518
Testing/glioma/Te-gl_0095.jpg,0,glioma,0,0.9999964,3.2408873e-06,1.8943098e-07,2.0888004e-07
Testing/glioma/Te-gl_0096.jpg,0,glioma,0,0.99747556,0.0020803444,0.0003051399,0.0001390291
Testing/glioma/Te-gl_0097.jpg,0,glioma,0,0.999951,7.4634645e-06,2.1155487e-05,2.0330603e-05
Testing/glioma/Te-gl_0098.jpg,0,glioma,0,0.9999995,4.8834943e-07,3.807673e-08,1.0414384e-08
Testing/glioma/Te-gl_0099.jpg,0,glioma,3,0.25654525,0.2760457,0.06932224,0.39808673
Testing/glioma/Te-gl_0100.jpg,0,glioma,0,0.999998,2.0014445e-06,4.8105773e-09,2.09998e-08
Testing/glioma/Te-gl_0101.jpg,0,glioma,0,0.9803402,0.009495469,0.0035575232,0.006606816
Testing/glioma/Te-gl_0102.jpg,0,glioma,0,0.99994123,7.55284e-07,5.7940408e-05,6.056201e-08
Testing/glioma/Te-gl_0103.jpg,0,glioma,0,0.999979,5.077549e-07,2.028742e-05,1.9559384e-07
Testing/glioma/Te-gl_0104.jpg,0,glioma,0,0.99848014,5.816858e-06,0.0015139253,1.1946258e-07
Testing/glioma/Te-gl_0105.jpg,0,glioma,0,0.9876631,3.9421706e-05,0.012296883,5.495206e-07
Testing/glioma/Te-gl_0106.jpg,0,glioma,0,0.9938916,0.001027456,0.0013556988,0.0037251886
Testing/glioma/Te-gl_0107.jpg,0,glioma,0,0.97199845,0.009004965,0.010043862,0.0089527955
Testing/glioma/Te-gl_0108.jpg,0,glioma,0,0.99998426,1.4608154e-05,1.8397266e-07,8.490462e-07
Testing/glioma/Te-gl_0109.jpg,0,glioma,3,0.013045997,0.029798023,0.010093277,0.94706273
Testing/glioma/Te-gl_0110.jpg,0,glioma,0,0.99999666,8.7770005e-08,1.6357744e-06,1.6086166e-06
Testing/glioma/Te-gl_0111.jpg,0,glioma,0,0.99999726,2.0974785e-06,8.965937e-08,4.7025847e-07
Testing/glioma/Te-gl_0112.jpg,0,glioma,0,0.99999917,7.4945046e-07,7.430798e-08,1.5537077e-08
Testing/glioma/Te-gl_0113.jpg,0,glioma,0,0.9999976,2.202979e-06,4.760867e-08,1.5203858e-07
Testing/glioma/Te-gl_0114.jpg,0,glioma,0,0.9996321,0.0003535402,7.450035e-06,6.87306e-06
Testing/glioma/Te-gl_0115.jpg,0,glioma,0,0.99996996,2.073388e-05,5.7740704e-06,3.5685691e-06
Testing/glioma/Te-gl_0116.jpg,0,glioma,0,0.99999964,3.5478985e-07,5.064455e-09,4.628271e-09
Testing/glioma/Te-gl_0117.jpg,0,glioma,0,0.9999963,2.7111698e-06,5.4752167e-07,3.6280548e-07
Testing/glioma/Te-gl_0118.jpg,0,glioma,0,0.9999894,1.032663e-05,1.9463145e-07,6.854024e-08
Testing/glioma/Te-gl_0119.jpg,0,glioma,0,0.88658917,0.010562731,0.0063189142,0.0965292
Testing/glioma/Te-gl_0120.jpg,0,glioma,0,0.99999976,1.4393905e-07,1.9614399e-08,5.73654e-08
Testing/glioma/Te-gl_0121.jpg,0,glioma,0,0.99999964,3.4178166e-07,6.755373e-09,9.637337e-09
Testing/glioma/Te-gl_0122.jpg,0,glioma,0,0.9988549,0.00035821742,0.0004997461,0.00028717032
Testing/glioma/Te-gl_0123.jpg,0,glioma,0,0.9275502,0.0025097085,0.068669,0.001271103
Testing/glioma/Te-gl_0124.jpg,0,glioma,2,0.17269757,0.00036027483,0.8263129,0.00062925037
Testing/glioma/Te-gl_0125.jpg,0,glioma,0,0.9955318,0.001830851,1.859131e-05,0.0026187978
Testing/glioma/Te-gl_0126.jpg,0,glioma,0,0.70717174,0.123639226,0.0010541637,0.16813499
Testing/glioma/Te-gl_0127.jpg,0,glioma,0,0.9999994,5.066595e-07,1.3953479e-07,1.2518994e-08
Testing/glioma/Te-gl_0128.jpg,0,glioma,0,0.99999845,1.0274812e-06,4.3342087e-07,3.2632204e-08
Testing/glioma/Te-gl_0129.jpg,0,glioma,0,0.99999964,8.688266e-08,4.6305697e-08,1.3813825e-07
Testing/glioma/Te-gl_0130.jpg,0,glioma,0,0.9999881,7.85923e-08,3.5017298e-08,1.1710946e-05
Testing/glioma/Te-gl_0131.jpg,0,glioma,0,1.0,2.0558659e-08,7.698785e-09,2.5958311e-08
Testing/glioma/Te-gl_0132.jpg,0,glioma,0,0.999987,1.14316435e-05,1.0051642e-06,5.377558e-07
Testing/glioma/Te-gl_0133.jpg,0,glioma,0,0.99999976,6.657346e-08,5.9596218e-08,2.27341e-08
Testing/glioma/Te-gl_0134.jpg,0,glioma,0,1.0,3.97891e-08,1.3571324e-08,3.4422907e-08
Testing/glioma/Te-gl_0135.jpg,0,glioma,0,0.9999999,1.11035014e-07,4.3409266e-08,2.763631e-09
Testing/glioma/Te-gl_0136.jpg,0,glioma,0,0.9999937,5.1888305e-06,1.0828958e-06,4.1600483e-08
Testing/glioma/Te-gl_0137.jpg,0,glioma,0,0.99993813,4.0087583e-05,1.3744801e-05,8.074529e-06
Testing/glioma/Te-gl_0138.jpg,0,glioma,0,0.99059767,0.008563858,0.00027401926,0.0005643499
Testing/glioma/Te-gl_0139.jpg,0,glioma,0,1.0,1.2945241e-10,1.0145818e-08,1.5980766e-09
Testing/glioma/Te-gl_0140.jpg,0,glioma,0,0.986844,0.0017693018,0.0070931534,0.004293493
Testing/glioma/Te-gl_0141.jpg,0,glioma,0,1.0,2.5893089e-08,3.5700187e-09,1.6883021e-08
Testing/glioma/Te-gl_0142.jpg,0,glioma,0,0.9945273,0.00044044526,0.00014633346,0.004885918
Testing/glioma/Te-gl_0143.jpg,0,glioma,0,0.9961947,0.00014936693,1.516781e-05,0.0036406755
Testing/glioma/Te-gl_0144.jpg,0,glioma,0,0.9999999,6.5385732e-09,1.0194589e-07,5.839837e-09
Testing/glioma/Te-gl_0145.jpg,0,glioma,0,0.9998784,1.35684e-05,1.7148654e-06,0.00010625758
Testing/glioma/Te-gl_0146.jpg,0,glioma,0,0.9999999,3.6811674e-08,5.868402e-08,7.095122e-08
Testing/glioma/Te-gl_0147.jpg,0,glioma,0,0.9987154,0.00116746,0.000109050656,8.118704e-06
Testing/glioma/Te-gl_0148.jpg,0,glioma,0,0.9995803,7.729754e-06,0.0004051407,6.82367e-06
Testing/glioma/Te-gl_0149.jpg,0,glioma,0,0.99994147,2.295454e-05,1.2630074e-05,2.28999e-05
Testing/glioma/Te-gl_0150.jpg,0,glioma,0,0.9917973,0.0073373723,0.00051140494,0.00035391792
Testing/glioma/Te-gl_0151.jpg,0,glioma,0,1.0,5.535428e-10,8.2561326e-11,1.2287374e-09
Testing/glioma/Te-gl_0152.jpg,0,glioma,0,0.99999535,9.311376e-07,8.6873165e-08,3.6109977e-06
Testing/glioma/Te-gl_0153.jpg,0,glioma,0,0.9999974,6.90201e-09,3.338207e-08,2.534834e-06
Testing/glioma/Te-gl_0154.jpg,0,glioma,0,0.9992944,9.836924e-06,0.00069560925,3.2840298e-08
Testing/glioma/Te-gl_0155.jpg,0,glioma,0,0.9999964,2.372411e-08,2.7029165e-08,3.5146234e-06
Testing/glioma/Te-gl_0156.jpg,0,glioma,0,0.9995153,6.664854e-08,9.136178e-05,0.0003932437
Testing/glioma/Te-gl_0157.jpg,0,glioma,0,0.9999888,9.935408e-07,8.684387e-06,1.612519e-06
Testing/glioma/Te-gl_0158.jpg,0,glioma,0,0.99994266,1.00077295e-05,8.740751e-06,3.857505e-05
Testing/glioma/Te-gl_0159.jpg,0,glioma,0,0.9980743,0.0016690107,3.292285e-05,0.00022368011
Testing/glioma/Te-gl_0160.jpg,0,glioma,0,0.9998903,7.587201e-05,2.9980318e-05,3.7343023e-06
Testing/glioma/Te-gl_0161.jpg,0,glioma,0,0.9924549,0.0044998964,0.002780554,0.00026457384
Testing/glioma/Te-gl_0162.jpg,0,glioma,0,1.0,2.500765e-09,2.1171427e-10,6.361209e-10
Testing/glioma/Te-gl_0163.jpg,0,glioma,0,0.99999857,1.3873213e-06,4.3100407e-08,1.8988429e-09
Testing/glioma/Te-gl_0164.jpg,0,glioma,0,0.99998796,7.784456e-06,3.4924947e-06,7.674114e-07
Testing/glioma/Te-gl_0165.jpg,0,glioma,0,0.99966586,7.344703e-05,9.851932e-06,0.00025093753
Testing/glioma/Te-gl_0166.jpg,0,glioma,0,0.9999944,3.5072298e-06,1.3211447e-06,7.6782044e-07
Testing/glioma/Te-gl_0167.jpg,0,glioma,0,0.99983704,4.5426027e-06,0.00012860513,2.9800056e-05
Testing/glioma/Te-gl_0168.jpg,0,glioma,0,0.99949837,0.00040923047,4.6977068e-05,4.5408717e-05
Testing/glioma/Te-gl_0169.jpg,0,glioma,0,0.9970926,0.0023458328,0.00048397825,7.752482e-05
Testing/glioma/Te-gl_0170.jpg,0,glioma,0,0.9996445,4.9667824e-07,6.30509e-06,0.00034869363
Testing/glioma/Te-gl_0171.jpg,0,glioma,0,0.9999995,4.0025824e-07,3.1224733e-08,8.432977e-08
Testing/glioma/Te-gl_0172.jpg,0,glioma,0,0.9999596,4.0335377e-05,6.286323e-08,2.737286e-08
Testing/glioma/Te-gl_0173.jpg,0,glioma,0,0.9995396,0.00045978773,4.5197152e-07,9.893562e-08
Testing/glioma/Te-gl_0174.jpg,0,glioma,0,0.9698307,0.029160421,0.00088184123,0.00012704685
Testing/glioma/Te-gl_0175.jpg,0,glioma,0,0.9999163,1.9497224e-05,6.257685e-05,1.6113661e-06
Testing/glioma/Te-gl_0176.jpg,0,glioma,0,0.9994036,4.400049e-07,1.7294999e-05,0.0005786015
Testing/glioma/Te-gl_0177.jpg,0,glioma,0,0.9955148,0.0031704702,0.0008435367,0.00047118994
Testing/glioma/Te-gl_0178.jpg,0,glioma,0,0.52942014,0.0858405,0.36801767,0.01672173
Testing/glioma/Te-gl_0179.jpg,0,glioma,0,0.9999732,2.293783e-05,3.642655e-06,3.059268e-07
Testing/glioma/Te-gl_0180.jpg,0,glioma,0,0.99999833,4.5973007e-07,2.6312304e-07,8.938529e-07
Testing/glioma/Te-gl_0181.jpg,0,glioma,0,0.99998,1.1894747e-05,4.231309e-06,3.8661397e-06
Testing/glioma/Te-gl_0182.jpg,0,glioma,0,0.99987054,0.00010203333,6.413855e-06,2.097844e-05
Testing/glioma/Te-gl_0183.jpg,0,glioma,0,0.9999993,1.5215545e-07,1.8572614e-07,3.563713e-07
Testing/glioma/Te-gl_0184.jpg,0,glioma,0,0.9997621,2.1049918e-06,0.00023409208,1.5941556e-06
Testing/glioma/Te-gl_0185.jpg,0,glioma,0,0.9999982,2.985955e-08,1.910378e-07,1.5879249e-06
Testing/glioma/Te-gl_0186.jpg,0,glioma,0,0.9999949,1.6566695e-07,1.532014e-07,4.8936886e-06
Testing/glioma/Te-gl_0187.jpg,0,glioma,0,0.99994373,2.4860792e-05,2.4387244e-05,7.019206e-06
Testing/glioma/Te-gl_0188.jpg,0,glioma,0,0.99997604,4.2568985e-07,9.723757e-06,1.3728711e-05
Testing/glioma/Te-gl_0189.jpg,0,glioma,0,0.9998859,3.4628694e-05,7.552099e-05,3.8360586e-06
Testing/glioma/Te-gl_0190.jpg,0,glioma,0,0.99989414,7.2902353e-06,1.1873373e-05,8.671924e-05
Testing/glioma/Te-gl_0191.jpg,0,glioma,0,0.9999999,1.7418255e-07,3.946967e-08,1.479531e-08
Testing/glioma/Te-gl_0192.jpg,0,glioma,0,0.9998951,8.481354e-05,1.569653e-05,4.347336e-06
Testing/glioma/Te-gl_0193.jpg,0,glioma,0,0.99945754,0.00019692583,6.333417e-05,0.00028222802
Testing/glioma/Te-gl_0194.jpg,0,glioma,0,0.9999362,1.6642778e-05,3.8650105e-05,8.475805e-06
Testing/glioma/Te-gl_0195.jpg,0,glioma,0,0.9995732,0.00010214773,0.00031643544,8.2606775e-06
Testing/glioma/Te-gl_0196.jpg,0,glioma,0,0.99997044,1.9665866e-05,8.498993e-06,1.4168826e-06
Testing/glioma/Te-gl_0197.jpg,0,glioma,0,0.9999869,1.2984608e-05,6.602959e-08,2.50897e-08
Testing/glioma/Te-gl_0198.jpg,0,glioma,0,0.99776626,0.002186067,3.1392425e-05,1.6283066e-05
Testing/glioma/Te-gl_0199.jpg,0,glioma,0,0.99859625,0.0006492114,0.00069781626,5.663384e-05
Testing/glioma/Te-gl_0200.jpg,0,glioma,0,0.9987979,0.00082083413,9.905782e-05,0.0002822425
Testing/glioma/Te-gl_0201.jpg,0,glioma,0,0.99981505,5.7584966e-05,9.8740646e-05,2.8623905e-05
Testing/glioma/Te-gl_0202.jpg,0,glioma,0,0.9999943,3.4333927e-06,1.7626932e-06,4.7220928e-07
Testing/glioma/Te-gl_0203.jpg,0,glioma,0,0.99999475,4.5522142e-06,6.260546e-07,9.376291e-08
Testing/glioma/Te-gl_0204.jpg,0,glioma,0,0.9956477,0.0033240835,0.00029686867,0.0007313336
Testing/glioma/Te-gl_0205.jpg,0,glioma,0,0.9998375,4.6683195e-05,3.142263e-05,8.430466e-05
Testing/glioma/Te-gl_0206.jpg,0,glioma,0,0.9914234,2.7442753e-05,1.5809928e-05,0.008533336
Testing/glioma/Te-gl_0207.jpg,0,glioma,0,0.9969848,0.00076533266,0.0006944696,0.0015555165
Testing/glioma/Te-gl_0208.jpg,0,glioma,0,0.70102364,0.23305494,0.031092556,0.03482886
Testing/glioma/Te-gl_0209.jpg,0,glioma,0,0.99963105,2.1072549e-06,3.099711e-05,0.00033581504
Testing/glioma/Te-gl_0210.jpg,0,glioma,0,1.0,3.950671e-09,3.498065e-09,4.210156e-08
Testing/glioma/Te-gl_0211.jpg,0,glioma,0,0.99999976,2.6618581e-08,1.3037031e-08,2.6573622e-07
Testing/glioma/Te-gl_0212.jpg,0,glioma,0,0.99998057,7.7277286e-07,1.910397e-07,1.8580133e-05
Testing/glioma/Te-gl_0213.jpg,0,glioma,0,0.999992,1.487386e-07,5.421923e-07,7.3294736e-06
Testing/glioma/Te-gl_0214.jpg,0,glioma,0,0.9992494,1.432246e-06,0.00073227566,1.6918355e-05
Testing/glioma/Te-gl_0215.jpg,0,glioma,0,0.9999982,5.5870037e-09,1.5144068e-06,2.6600736e-07
Testing/glioma/Te-gl_0216.jpg,0,glioma,0,0.9999999,7.351291e-09,9.989669e-08,2.996932e-08
Testing/glioma/Te-gl_0217.jpg,0,glioma,0,0.999995,4.382123e-07,4.207049e-06,3.1759544e-07
Testing/glioma/Te-gl_0218.jpg,0,glioma,0,0.9999994,3.45433e-07,1.7632748e-07,9.2311254e-08
Testing/glioma/Te-gl_0219.jpg,0,glioma,0,0.9999813,7.1932713e-09,1.0199923e-07,1.861354e-05
Testing/glioma/Te-gl_0220.jpg,0,glioma,0,0.9999949,1.8557668e-06,2.4287835e-06,7.991432e-07
Testing/glioma/Te-gl_0221.jpg,0,glioma,0,0.99626535,0.00019885051,0.00060000573,0.00293588
Testing/glioma/Te-gl_0222.jpg,0,glioma,0,0.98448795,0.00087402563,0.0016181223,0.013019932
Testing/glioma/Te-gl_0223.jpg,0,glioma,0,0.9999856,1.2862808e-05,7.2707206e-07,8.108816e-07
Testing/glioma/Te-gl_0224.jpg,0,glioma,0,0.99925715,0.000103236904,0.0006347619,4.845845e-06
Testing/glioma/Te-gl_0225.jpg,0,glioma,0,0.9999901,7.997444e-06,1.6337167e-06,2.8854942e-07
Testing/glioma/Te-gl_0226.jpg,0,glioma,0,0.9999832,8.870459e-07,1.49488e-05,9.967478e-07
Testing/glioma/Te-gl_0227.jpg,0,glioma,0,0.99999785,6.5575693e-07,6.1123764e-08,1.4046377e-06
Testing/glioma/Te-gl_0228.jpg,0,glioma,0,0.99999416,2.2723855e-06,2.8765473e-06,6.872517e-07
Testing/glioma/Te-gl_0229.jpg,0,glioma,0,0.9998832,0.00011650674,2.3664407e-07,1.277783e-07
Testing/glioma/Te-gl_0230.jpg,0,glioma,0,0.99916804,0.00030302684,8.1054335e-05,0.0004479079
Testing/glioma/Te-gl_0231.jpg,0,glioma,0,0.99998856,1.0365151e-05,1.3790164e-07,9.1274194e-07
Testing/glioma/Te-gl_0232.jpg,0,glioma,0,0.99167144,0.0056153056,0.000676988,0.0020362684
Testing/glioma/Te-gl_0233.jpg,0,glioma,0,0.48884028,0.46928996,0.03219854,0.0096711675
Testing/glioma/Te-gl_0234.jpg,0,glioma,0,0.61083865,0.1172356,0.011826276,0.26009947
Testing/glioma/Te-gl_0235.jpg,0,glioma,0,0.9999999,1.5320144e-07,9.655757e-09,7.52891e-09
Testing/glioma/Te-gl_0236.jpg,0,glioma,0,0.99999106,7.931583e-06,4.774087e-07,4.7452542e-07
Testing/glioma/Te-gl_0237.jpg,0,glioma,1,0.10337072,0.5992202,0.002700655,0.2947084
Testing/glioma/Te-gl_0238.jpg,0,glioma,0,0.7368899,0.2511339,0.0063791936,0.005597041
Testing/glioma/Te-gl_0239.jpg,0,glioma,0,0.71276355,0.16637352,0.0017930077,0.119069934
Testing/glioma/Te-gl_0240.jpg,0,glioma,0,0.94019216,0.006258665,0.011480613,0.04206857
Testing/glioma/Te-gl_0241.jpg,0,glioma,0,0.99984777,9.123263e-05,3.0430185e-05,3.0543983e-05
Testing/glioma/Te-gl_0242.jpg,0,glioma,1,0.076321505,0.90055734,0.015034968,0.008086093
Testing/glioma/Te-gl_0243.jpg,0,glioma,0,0.9998429,5.9871312e-05,8.22848e-06,8.898283e-05
Testing/glioma/Te-gl_0244.jpg,0,glioma,0,0.9999924,5.95991e-07,7.0125964e-08,6.9986595e-06
Testing/glioma/Te-gl_0245.jpg,0,glioma,1,0.06752349,0.87116754,0.03254591,0.028763058
Testing/glioma/Te-gl_0246.jpg,0,glioma,0,0.9994593,0.00020349667,0.00030508757,3.203323e-05
Testing/glioma/Te-gl_0247.jpg,0,glioma,0,0.9989957,0.0008147094,4.823466e-05,0.00014135739
Testing/glioma/Te-gl_0248.jpg,0,glioma,0,0.99474996,0.00034626797,0.0031794359,0.0017243138
Testing/glioma/Te-gl_0249.jpg,0,glioma,3,0.055858944,0.060484026,0.014059872,0.86959714
Testing/glioma/Te-gl_0250.jpg,0,glioma,3,0.0898145,0.00056297967,0.0025142087,0.90710837
Testing/glioma/Te-gl_0251.jpg,0,glioma,0,0.99582124,0.00035030514,0.0026309115,0.0011975712
Testing/glioma/Te-gl_0252.jpg,0,glioma,0,0.99457836,0.00490494,0.00012555081,0.0003911827
Testing/glioma/Te-gl_0253.jpg,0,glioma,0,0.99990535,5.6997444e-05,7.540044e-06,3.0135048e-05
Testing/glioma/Te-gl_0254.jpg,0,glioma,0,0.99999416,1.9067164e-06,7.182769e-08,3.8176486e-06
Testing/glioma/Te-gl_0255.jpg,0,glioma,0,0.9880739,0.0010652457,4.5406836e-05,0.010815396
Testing/glioma/Te-gl_0256.jpg,0,glioma,0,0.9999633,1.5200944e-05,1.5955222e-05,5.5064206e-06
Testing/glioma/Te-gl_0257.jpg,0,glioma,0,0.85480094,0.13184708,0.010661458,0.0026905688
Testing/glioma/Te-gl_0258.jpg,0,glioma,0,0.93123937,0.06245538,0.0051049367,0.0012003736
Testing/glioma/Te-gl_0259.jpg,0,glioma,1,0.0056026923,0.97358537,0.007951519,0.012860393
Testing/glioma/Te-gl_0260.jpg,0,glioma,0,0.999111,0.00019426578,0.00034188316,0.00035289567
Testing/glioma/Te-gl_0261.jpg,0,glioma,0,0.9986243,0.00026914733,0.00012423114,0.0009822443
Testing/glioma/Te-gl_0262.jpg,0,glioma,0,0.99795914,0.0017515896,0.00015878653,0.00013050815
Testing/glioma/Te-gl_0263.jpg,0,glioma,0,0.89216757,0.08731158,0.016459398,0.0040615224
Testing/glioma/Te-gl_0264.jpg,0,glioma,1,4.3633707e-05,0.99975187,3.798406e-05,0.00016649543
Testing/glioma/Te-gl_0265.jpg,0,glioma,1,0.011692241,0.98562115,0.0012856534,0.001400993
Testing/glioma/Te-gl_0266.jpg,0,glioma,0,0.9998944,3.4355082e-05,4.8424732e-05,2.2867505e-05
Testing/glioma/Te-gl_0267.jpg,0,glioma,0,0.6141034,0.110834174,0.13599204,0.13907038
Testing/glioma/Te-gl_0268.jpg,0,glioma,3,0.013358164,0.018473234,0.0017201062,0.96644855
Testing/glioma/Te-gl_0269.jpg,0,glioma,0,0.9985233,0.0010989268,0.00017988936,0.00019791228
Testing/glioma/Te-gl_0270.jpg,0,glioma,0,0.99945277,0.00031851296,6.61984e-05,0.00016252589
Testing/glioma/Te-gl_0271.jpg,0,glioma,1,0.02930433,0.9369438,0.018117476,0.0156344
Testing/glioma/Te-gl_0272.jpg,0,glioma,0,0.48612386,0.03490938,0.029937543,0.44902915
Testing/glioma/Te-gl_0273.jpg,0,glioma,0,0.9998498,2.582089e-05,4.4702654e-05,7.96683e-05
Testing/glioma/Te-gl_0274.jpg,0,glioma,0,0.99999714,4.4069557e-07,3.985881e-07,1.9955064e-06
Testing/glioma/Te-gl_0275.jpg,0,glioma,1,0.15919644,0.8205263,0.008740339,0.011536946
Testing/glioma/Te-gl_0276.jpg,0,glioma,1,0.069601595,0.91155046,0.0049087545,0.013939115
Testing/glioma/Te-gl_0277.jpg,0,glioma,0,0.5977764,0.24473687,0.07064236,0.08684443
Testing/glioma/Te-gl_0278.jpg,0,glioma,0,0.9999659,1.3729947e-05,6.572301e-06,1.3777338e-05
Testing/glioma/Te-gl_0279.jpg,0,glioma,0,0.9345876,0.02263471,0.012396965,0.030380743
Testing/glioma/Te-gl_0280.jpg,0,glioma,0,0.83262163,0.058298167,0.026145881,0.08293434
Testing/glioma/Te-gl_0281.jpg,0,glioma,0,0.8749829,0.09345475,0.01955059,0.012011761
Testing/glioma/Te-gl_0282.jpg,0,glioma,0,0.98796564,0.009621557,0.0016166809,0.00079606485
Testing/glioma/Te-gl_0283.jpg,0,glioma,0,0.95488995,0.043907553,0.00068086723,0.0005216523
Testing/glioma/Te-gl_0284.jpg,0,glioma,0,0.9999801,1.2052626e-05,1.46201e-06,6.3998923e-06
Testing/glioma/Te-gl_0285.jpg,0,glioma,0,0.99878114,0.000592113,0.00013855466,0.0004882499
Testing/glioma/Te-gl_0286.jpg,0,glioma,0,1.0,4.88287e-08,8.5371035e-09,1.3341082e-08
Testing/glioma/Te-gl_0287.jpg,0,glioma,0,0.99999964,3.3155658e-07,7.0881905e-09,8.258327e-09
Testing/glioma/Te-gl_0288.jpg,0,glioma,0,0.9999999,1.07435476e-07,1.7679826e-08,2.1219788e-09
Testing/glioma/Te-gl_0289.jpg,0,glioma,0,0.99935347,5.8844056e-05,6.347123e-05,0.0005242408
Testing/glioma/Te-gl_0290.jpg,0,glioma,0,0.99999964,2.9403742e-07,5.951987e-08,1.1681665e-07
Testing/glioma/Te-gl_0291.jpg,0,glioma,0,0.8859441,0.11359814,0.00029035247,0.00016734599
Testing/glioma/Te-gl_0292.jpg,0,glioma,0,0.99994826,4.2915668e-05,3.9605065e-06,4.830006e-06
Testing/glioma/Te-gl_0293.jpg,0,glioma,0,0.9973695,0.0012298281,0.000960593,0.0004399392
Testing/glioma/Te-gl_0294.jpg,0,glioma,0,0.9999882,9.5703356e-08,8.816607e-06,2.8703041e-06
Testing/glioma/Te-gl_0295.jpg,0,glioma,0,0.85735977,0.14198923,0.0005290754,0.000121897465
Testing/glioma/Te-gl_0296.jpg,0,glioma,0,1.0,1.5918591e-08,2.377365e-09,1.4535902e-08
Testing/glioma/Te-gl_0297.jpg,0,glioma,0,0.99999976,2.424374e-07,1.1059742e-08,6.34618e-10
Testing/glioma/Te-gl_0298.jpg,0,glioma,0,0.99998546,1.43177695e-05,3.686623e-08,2.1356782e-07
Testing/glioma/Te-gl_0299.jpg,0,glioma,0,0.43036875,0.35591286,0.116984844,0.09673362
Testing/meningioma/Te-meTr_0000.jpg,1,meningioma,1,0.0050204503,0.7013972,0.2862219,0.007360491
Testing/meningioma/Te-meTr_0001.jpg,1,meningioma,0,0.8503465,0.129496,0.015391684,0.0047657755
Testing/meningioma/Te-meTr_0002.jpg,1,meningioma,2,0.0152293565,0.07200117,0.90686184,0.0059076645
Testing/meningioma/Te-meTr_0003.jpg,1,meningioma,1,0.00044909935,0.98786604,0.011607221,7.7590565e-05
Testing/meningioma/Te-meTr_0004.jpg,1,meningioma,1,1.2416075e-09,0.9999999,1.2731848e-08,1.00892606e-07
Testing/meningioma/Te-meTr_0005.jpg,1,meningioma,0,0.98661405,0.00013422644,0.0110415,0.002210313
Testing/meningioma/Te-meTr_0006.jpg,1,meningioma,2,0.005602236,0.41648716,0.5764338,0.0014768776
Testing/meningioma/Te-meTr_0007.jpg,1,meningioma,1,0.0005520862,0.99932694,3.9486036e-05,8.155964e-05
Testing/meningioma/Te-meTr_0008.jpg,1,meningioma,1,0.00019770728,0.9997757,2.5159045e-05,1.4217633e-06
Testing/meningioma/Te-meTr_0009.jpg,1,meningioma,1,2.7847332e-07,0.99999535,4.443192e-06,8.1541873e-10
Testing/meningioma/Te-me_0010.jpg,1,meningioma,1,1.4739416e-05,0.9996686,0.0002981756,1.8510535e-05
Testing/meningioma/Te-me_0011.jpg,1,meningioma,1,7.8655685e-05,0.99904794,0.0008469148,2.6565582e-05
Testing/meningioma/Te-me_0012.jpg,1,meningioma,1,5.3884776e-08,0.9999999,8.1092224e-08,2.5679763e-09
Testing/meningioma/Te-me_0013.jpg,1,meningioma,1,1.1885242e-05,0.99997115,5.311928e-06,1.163597e-05
Testing/meningioma/Te-me_0014.jpg,1,meningioma,1,0.00085411867,0.9819387,0.014713293,0.0024938888
Testing/meningioma/Te-me_0015.jpg,1,meningioma,1,2.2233227e-05,0.99981767,0.00015896077,1.0993094e-06
Testing/meningioma/Te-me_0016.jpg,1,meningioma,1,2.6935022e-05,0.99993336,3.9103204e-05,5.3631396e-07
Testing/meningioma/Te-me_0017.jpg,1,meningioma,1,4.8848675e-10,1.0,5.382805e-09,3.6934264e-08
Testing/meningioma/Te-me_0018.jpg,1,meningioma,1,0.0673443,0.4099213,0.39309964,0.12963478
Testing/meningioma/Te-me_0019.jpg,1,meningioma,1,4.0583436e-06,0.9999411,1.1571162e-05,4.32444e-05
Testing/meningioma/Te-me_0020.jpg,1,meningioma,1,1.2003527e-08,0.99999475,3.932474e-06,1.3077099e-06
Testing/meningioma/Te-me_0021.jpg,1,meningioma,1,9.824138e-07,0.9999987,1.0248151e-07,2.0506438e-07
Testing/meningioma/Te-me_0022.jpg,1,meningioma,1,0.00035539118,0.94803166,0.05025613,0.0013568203
Testing/meningioma/Te-me_0023.jpg,1,meningioma,2,0.12846622,0.028889634,0.8087301,0.033914078
Testing/meningioma/Te-me_0024.jpg,1,meningioma,1,1.9249624e-08,0.9999994,5.2510362e-08,5.222248e-07
Testing/meningioma/Te-me_0025.jpg,1,meningioma,1,1.4008563e-06,0.9999981,3.9673232e-08,4.6485997e-07
Testing/meningioma/Te-me_0026.jpg,1,meningioma,1,2.9638805e-09,1.0,4.8856013e-11,7.295795e-13
Testing/meningioma/Te-me_0027.jpg,1,meningioma,1,0.00082933356,0.9982493,0.00089307624,2.8376315e-05
Testing/meningioma/Te-me_0028.jpg,1,meningioma,1,3.304278e-05,0.99996614,4.77625e-07,4.05362e-07
Testing/meningioma/Te-me_0029.jpg,1,meningioma,1,0.0042496445,0.8796118,0.08046404,0.035674423
Testing/meningioma/Te-me_0030.jpg,1,meningioma,1,0.00029868522,0.9930057,0.0066015646,9.4162046e-05
Testing/meningioma/Te-me_0031.jpg,1,meningioma,1,1.4739416e-05,0.9996686,0.0002981756,1.8510535e-05
Testing/meningioma/Te-me_0032.jpg,1,meningioma,1,0.00028409786,0.9991823,0.00051693013,1.6748263e-05
Testing/meningioma/Te-me_0033.jpg,1,meningioma,2,0.044795066,0.003098238,0.93970656,0.012400081
Testing/meningioma/Te-me_0034.jpg,1,meningioma,0,0.9858743,0.00013555086,0.011704627,0.0022855697
Testing/meningioma/Te-me_0035.jpg,1,meningioma,2,0.050909147,2.52361e-05,0.94760424,0.0014613868
Testing/meningioma/Te-me_0036.jpg,1,meningioma,2,0.13052261,0.18208143,0.6844648,0.0029310887
Testing/meningioma/Te-me_0037.jpg,1,meningioma,1,1.927663e-05,0.99995685,2.3759889e-05,4.376061e-08
Testing/meningioma/Te-me_0038.jpg,1,meningioma,1,0.00019849681,0.9997719,2.7857928e-05,1.7740036e-06
Testing/meningioma/Te-me_0039.jpg,1,meningioma,1,2.200836e-06,0.99790895,0.002079992,8.872585e-06
Testing/meningioma/Te-me_0040.jpg,1,meningioma,1,3.7112346e-05,0.999962,9.709363e-07,1.201158e-09
Testing/meningioma/Te-me_0041.jpg,1,meningioma,1,2.3514453e-05,0.9999387,3.7315018e-05,4.7003905e-07
Testing/meningioma/Te-me_0042.jpg,1,meningioma,1,5.6302906e-06,0.99998605,4.0864475e-06,4.2389765e-06
Testing/meningioma/Te-me_0043.jpg,1,meningioma,1,6.516194e-07,0.9999988,2.3709796e-07,3.4589527e-07
Testing/meningioma/Te-me_0044.jpg,1,meningioma,1,7.351689e-08,0.99998665,1.2633921e-05,6.42943e-07
Testing/meningioma/Te-me_0045.jpg,1,meningioma,1,4.869538e-05,0.9998317,1.255959e-05,0.000106939115
Testing/meningioma/Te-me_0046.jpg,1,meningioma,1,0.049294025,0.93954045,0.010313333,0.000852094
Testing/meningioma/Te-me_0047.jpg,1,meningioma,1,0.005356385,0.919596,0.074756294,0.0002913409
Testing/meningioma/Te-me_0048.jpg,1,meningioma,1,0.0011394123,0.9909498,0.002634337,0.005276453
Testing/meningioma/Te-me_0049.jpg,1,meningioma,1,0.0012255773,0.9718188,0.024293797,0.0026617958
Testing/meningioma/Te-me_0050.jpg,1,meningioma,1,2.9664892e-05,0.99569523,0.003946412,0.0003286999
Testing/meningioma/Te-me_0051.jpg,1,meningioma,1,0.00023846504,0.99800295,0.0016592854,9.9317105e-05
Testing/meningioma/Te-me_0052.jpg,1,meningioma,1,7.9056736e-05,0.9924016,0.0071215923,0.00039776435
Testing/meningioma/Te-me_0053.jpg,1,meningioma,1,3.7873026e-05,0.9861843,0.0128026195,0.0009751862
Testing/meningioma/Te-me_0054.jpg,1,meningioma,1,5.6302906e-06,0.99998605,4.0864475e-06,4.2389765e-06
Testing/meningioma/Te-me_0055.jpg,1,meningioma,1,5.449874e-07,0.99999845,5.788617e-07,3.3902674e-07
Testing/meningioma/Te-me_0056.jpg,1,meningioma,1,1.0864351e-06,0.99996364,3.5144596e-05,1.09568234e-07
Testing/meningioma/Te-me_0057.jpg,1,meningioma,1,1.1790784e-06,0.98158586,0.018412985,4.406686e-08
Testing/meningioma/Te-me_0058.jpg,1,meningioma,1,5.637498e-06,0.9994068,3.1492866e-05,0.0005560582
Testing/meningioma/Te-me_0059.jpg,1,meningioma,2,0.33586276,0.007060532,0.65638024,0.0006964655
Testing/meningioma/Te-me_0060.jpg,1,meningioma,1,0.03446278,0.96296483,8.61847e-05,0.0024861905
Testing/meningioma/Te-me_0061.jpg,1,meningioma,1,2.7553956e-08,1.0,3.093521e-09,6.1727823e-09
Testing/meningioma/Te-me_0062.jpg,1,meningioma,0,0.6697417,1.0936109e-05,0.33003196,0.00021535711
Testing/meningioma/Te-me_0063.jpg,1,meningioma,1,3.7515013e-09,1.0,4.325374e-11,1.5282167e-10
Testing/meningioma/Te-me_0064.jpg,1,meningioma,1,0.14249982,0.51049024,0.29104298,0.055966962
Testing/meningioma/Te-me_0065.jpg,1,meningioma,1,0.0021403907,0.571859,0.4229924,0.003008242
Testing/meningioma/Te-me_0066.jpg,1,meningioma,1,0.021830352,0.95116484,0.026519159,0.00048572564
Testing/meningioma/Te-me_0067.jpg,1,meningioma,1,3.8840946e-05,0.9999312,1.0527825e-05,1.9394387e-05
Testing/meningioma/Te-me_0068.jpg,1,meningioma,1,3.0230125e-09,1.0,4.8506334e-11,7.2737714e-13
Testing/meningioma/Te-me_0069.jpg,1,meningioma,1,5.204108e-07,0.99999785,1.0904769e-06,5.3540725e-07
Testing/meningioma/Te-me_0070.jpg,1,meningioma,1,0.00019775145,0.9609718,0.035235226,0.0035952907
Testing/meningioma/Te-me_0071.jpg,1,meningioma,1,0.002310382,0.99678576,0.0006949686,0.00020892995
Testing/meningioma/Te-me_0072.jpg,1,meningioma,1,0.0008404327,0.99867934,0.00023109243,0.00024911648
Testing/meningioma/Te-me_0073.jpg,1,meningioma,1,0.002310382,0.99678576,0.0006949686,0.00020892995
Testing/meningioma/Te-me_0074.jpg,1,meningioma,0,0.9175508,1.0598728e-06,0.08241388,3.4284403e-05
Testing/meningioma/Te-me_0075.jpg,1,meningioma,1,1.8652119e-07,0.99999285,6.8110808e-06,1.5343474e-07
Testing/meningioma/Te-me_0076.jpg,1,meningioma,1,2.9124387e-05,0.9999702,3.67841e-07,3.063837e-07
Testing/meningioma/Te-me_0077.jpg,1,meningioma,1,0.00075377227,0.9985561,0.0006704039,1.9829049e-05
Testing/meningioma/Te-me_0078.jpg,1,meningioma,2,0.051850934,2.2854172e-05,0.9467662,0.0013600481
Testing/meningioma/Te-me_0079.jpg,1,meningioma,2,0.44136223,0.018778674,0.53272116,0.007137855
Testing/meningioma/Te-me_0080.jpg,1,meningioma,1,0.00018508556,0.99659157,0.001348392,0.0018749684
Testing/meningioma/Te-me_0081.jpg,1,meningioma,1,3.6633252e-09,0.99994826,4.3840384e-05,7.904015e-06
Testing/meningioma/Te-me_0082.jpg,1,meningioma,1,1.7703512e-06,0.99999774,4.32756e-07,3.6491492e-08
Testing/meningioma/Te-me_0083.jpg,1,meningioma,1,1.5777789e-07,0.9999956,3.7531474e-06,4.8929945e-07
Testing/meningioma/Te-me_0084.jpg,1,meningioma,1,0.0003228155,0.62175137,0.3735171,0.0044087553
Testing/meningioma/Te-me_0085.jpg,1,meningioma,1,5.2065906e-07,0.9999348,6.4641405e-05,1.0292864e-07
Testing/meningioma/Te-me_0086.jpg,1,meningioma,1,9.542591e-07,0.999997,1.8514928e-06,1.9576326e-07
Testing/meningioma/Te-me_0087.jpg,1,meningioma,1,0.0004524821,0.99735934,0.001273293,0.000914878
Testing/meningioma/Te-me_0088.jpg,1,meningioma,1,0.00017577135,0.9236215,0.07592979,0.00027300228
Testing/meningioma/Te-me_0089.jpg,1,meningioma,1,7.009635e-06,0.9999677,2.5296986e-05,2.8279299e-08
Testing/meningioma/Te-me_0090.jpg,1,meningioma,1,7.075319e-09,0.99999976,1.1137203e-07,8.091792e-08
Testing/meningioma/Te-me_0091.jpg,1,meningioma,1,8.625473e-06,0.9999567,1.9695008e-05,1.4954634e-05
Testing/meningioma/Te-me_0092.jpg,1,meningioma,1,7.569774e-05,0.99848455,0.0005517266,0.0008880188
Testing/meningioma/Te-me_0093.jpg,1,meningioma,1,6.5863287e-07,0.99999845,7.889203e-07,2.5704767e-09
Testing/meningioma/Te-me_0094.jpg,1,meningioma,1,0.053952716,0.86806613,0.03585009,0.04213112
Testing/meningioma/Te-me_0095.jpg,1,meningioma,1,8.162884e-08,0.9999999,8.647131e-09,7.708518e-11
Testing/meningioma/Te-me_0096.jpg,1,meningioma,1,2.2309045e-05,0.9999461,2.5356e-05,6.174625e-06
Testing/meningioma/Te-me_0097.jpg,1,meningioma,1,0.14517581,0.3520276,0.35068953,0.15210712
Testing/meningioma/Te-me_0098.jpg,1,meningioma,1,3.4058417e-08,0.9999999,1.03754736e-07,9.268784e-11
Testing/meningioma/Te-me_0099.jpg,1,meningioma,1,1.9607107e-05,0.9990108,0.0009655431,4.0079576e-06
Testing/meningioma/Te-me_0100.jpg,1,meningioma,1,4.5658093e-05,0.9999254,1.6189553e-05,1.2780612e-05
Testing/meningioma/Te-me_0101.jpg,1,meningioma,1,2.787432e-07,0.9999969,2.5700356e-06,3.4956264e-07
Testing/meningioma/Te-me_0102.jpg,1,meningioma,1,0.0006638418,0.99471587,0.0046015857,1.8683579e-05
Testing/meningioma/Te-me_0103.jpg,1,meningioma,1,0.0009261849,0.9956487,0.0028902073,0.0005349107
Testing/meningioma/Te-me_0104.jpg,1,meningioma,1,2.433995e-07,0.99999964,1.4261464e-08,5.2475436e-08
Testing/meningioma/Te-me_0105.jpg,1,meningioma,1,1.6323635e-07,0.9999994,4.829698e-07,3.983997e-11
Testing/meningioma/Te-me_0106.jpg,1,meningioma,2,0.031967744,6.1080564e-06,0.9676339,0.00039218558
Testing/meningioma/Te-me_0107.jpg,1,meningioma,1,1.1555895e-09,1.0,1.9352271e-08,5.640281e-09
Testing/meningioma/Te-me_0108.jpg,1,meningioma,0,0.6456512,8.4678675e-07,0.35425732,9.0611706e-05
Testing/meningioma/Te-me_0109.jpg,1,meningioma,1,6.16401e-06,0.999984,9.647143e-06,9.628759e-08
Testing/meningioma/Te-me_0110.jpg,1,meningioma,1,0.0048555103,0.9933028,0.0005282401,0.0013133866
Testing/meningioma/Te-me_0111.jpg,1,meningioma,1,0.046343863,0.5063303,0.44154024,0.0057856343
Testing/meningioma/Te-me_0112.jpg,1,meningioma,1,6.930245e-05,0.9998988,3.1816544e-05,1.2014085e-07
Testing/meningioma/Te-me_0113.jpg,1,meningioma,2,0.20839292,0.32042712,0.35077292,0.12040708
Testing/meningioma/Te-me_0114.jpg,1,meningioma,1,3.7670452e-05,0.9999614,9.784866e-07,1.2678983e-09
Testing/meningioma/Te-me_0115.jpg,1,meningioma,1,0.014431327,0.9135914,0.018015327,0.05396189
Testing/meningioma/Te-me_0116.jpg,1,meningioma,1,0.13204424,0.7679076,0.027177824,0.07287029
Testing/meningioma/Te-me_0117.jpg,1,meningioma,0,0.7228777,0.09047638,0.17189142,0.014754489
Testing/meningioma/Te-me_0118.jpg,1,meningioma,1,0.10879147,0.83472556,0.004433236,0.052049708
Testing/meningioma/Te-me_0119.jpg,1,meningioma,1,9.758671e-05,0.9997688,5.7034515e-05,7.658032e-05
Testing/meningioma/Te-me_0120.jpg,1,meningioma,1,5.248226e-06,0.9999914,1.9753297e-06,1.3376218e-06
Testing/meningioma/Te-me_0121.jpg,1,meningioma,1,8.1399965e-05,0.9987078,0.00038119522,0.00082954083
Testing/meningioma/Te-me_0122.jpg,1,meningioma,1,0.00034916095,0.99934083,0.000119203,0.00019075508
Testing/meningioma/Te-me_0123.jpg,1,meningioma,1,7.443544e-05,0.99897504,8.390646e-06,0.0009421042
Testing/meningioma/Te-me_0124.jpg,1,meningioma,0,0.64418155,0.022112245,0.30152467,0.032181595
Testing/meningioma/Te-me_0125.jpg,1,meningioma,1,1.115317e-07,0.9999999,6.899168e-10,1.5907199e-09
Testing/meningioma/Te-me_0126.jpg,1,meningioma,1,3.5655378e-06,0.9999957,6.77124e-07,4.3159595e-08
Testing/meningioma/Te-me_0127.jpg,1,meningioma,1,2.5849496e-07,0.99999964,4.0908773e-08,4.876e-08
Testing/meningioma/Te-me_0128.jpg,1,meningioma,1,0.008746947,0.95838207,0.02765879,0.005212178
Testing/meningioma/Te-me_0129.jpg,1,meningioma,1,3.1598645e-07,0.9999981,3.7386548e-07,1.1360058e-06
Testing/meningioma/Te-me_0130.jpg,1,meningioma,1,5.7164226e-07,0.99999857,7.3895546e-07,1.0390075e-07
Testing/meningioma/Te-me_0131.jpg,1,meningioma,1,1.3929203e-05,0.99998224,3.4355494e-06,3.644017e-07
Testing/meningioma/Te-me_0132.jpg,1,meningioma,1,2.6901806e-05,0.9998171,1.3859225e-05,0.00014215251
Testing/meningioma/Te-me_0133.jpg,1,meningioma,1,9.685781e-06,0.9999901,1.0147465e-07,1.9341e-07
Testing/meningioma/Te-me_0134.jpg,1,meningioma,0,0.9704911,7.1910064e-05,0.0290624,0.00037446694
Testing/meningioma/Te-me_0135.jpg,1,meningioma,1,1.0792841e-07,0.9999999,1.0307295e-09,6.5780487e-10
Testing/meningioma/Te-me_0136.jpg,1,meningioma,1,0.019940326,0.90496475,0.012631454,0.062463455
Testing/meningioma/Te-me_0137.jpg,1,meningioma,1,2.5523045e-07,0.9999924,1.5515583e-07,7.189453e-06
Testing/meningioma/Te-me_0138.jpg,1,meningioma,1,0.1634046,0.66326255,0.117145866,0.05618697
Testing/meningioma/Te-me_0139.jpg,1,meningioma,1,3.444596e-07,0.9999976,1.9580398e-06,6.3047544e-08
Testing/meningioma/Te-me_0140.jpg,1,meningioma,2,0.0152293565,0.07200117,0.90686184,0.0059076645
Testing/meningioma/Te-me_0141.jpg,1,meningioma,1,0.20078258,0.6576668,0.028425492,0.11312512
Testing/meningioma/Te-me_0142.jpg,1,meningioma,1,0.00026236198,0.99965036,7.959975e-06,7.927872e-05
Testing/meningioma/Te-me_0143.jpg,1,meningioma,2,0.031967744,6.1080564e-06,0.9676339,0.00039218558
Testing/meningioma/Te-me_0144.jpg,1,meningioma,1,0.026708521,0.9295628,0.014080893,0.029647795
Testing/meningioma/Te-me_0145.jpg,1,meningioma,1,0.0048555103,0.9933028,0.0005282401,0.0013133866
Testing/meningioma/Te-me_0146.jpg,1,meningioma,0,0.9957041,1.5944296e-06,0.0041206446,0.00017366944
Testing/meningioma/Te-me_0147.jpg,1,meningioma,1,3.5436825e-09,1.0,1.7159841e-09,4.5142756e-10
Testing/meningioma/Te-me_0148.jpg,1,meningioma,1,0.0012588595,0.89378315,0.0016670484,0.10329095
Testing/meningioma/Te-me_0149.jpg,1,meningioma,1,5.0355723e-08,0.9999999,1.8247377e-08,6.372436e-08
Testing/meningioma/Te-me_0150.jpg,1,meningioma,1,2.016575e-08,1.0,1.5617272e-09,2.3630534e-08
Testing/meningioma/Te-me_0151.jpg,1,meningioma,1,5.7545186e-08,0.9999989,2.3027656e-08,1.0721885e-06
Testing/meningioma/Te-me_0152.jpg,1,meningioma,1,3.90558e-06,0.99999213,3.1838573e-07,3.6272736e-06
Testing/meningioma/Te-me_0153.jpg,1,meningioma,1,0.0021093367,0.91458577,0.0063010044,0.07700391
Testing/meningioma/Te-me_0154.jpg,1,meningioma,1,6.694328e-05,0.9972161,0.0026523648,6.460253e-05
Testing/meningioma/Te-me_0155.jpg,1,meningioma,1,0.0014770576,0.9832013,0.013639546,0.0016820631
Testing/meningioma/Te-me_0156.jpg,1,meningioma,1,2.8011966e-05,0.9970868,5.4706336e-05,0.0028303969
Testing/meningioma/Te-me_0157.jpg,1,meningioma,1,1.6615061e-07,0.99994135,1.3231083e-06,5.7259218e-05
Testing/meningioma/Te-me_0158.jpg,1,meningioma,1,7.560851e-05,0.99865305,0.00017284954,0.0010984549
Testing/meningioma/Te-me_0159.jpg,1,meningioma,1,0.00072364946,0.9949968,0.0012656009,0.0030139543
Testing/meningioma/Te-me_0160.jpg,1,meningioma,1,4.8551583e-06,0.9999628,9.031097e-06,2.3293807e-05
Testing/meningioma/Te-me_0161.jpg,1,meningioma,1,2.3460407e-08,0.9999862,4.73371e-07,1.33351305e-05
Testing/meningioma/Te-me_0162.jpg,1,meningioma,1,7.445901e-07,0.99992156,6.395034e-06,7.1349954e-05
Testing/meningioma/Te-me_0163.jpg,1,meningioma,1,4.526494e-05,0.9563909,0.00062536006,0.042938434
Testing/meningioma/Te-me_0164.jpg,1,meningioma,1,9.601297e-07,0.99941635,1.5818852e-05,0.00056694756
Testing/meningioma/Te-me_0165.jpg,1,meningioma,1,4.8781953e-06,0.9990645,3.950455e-05,0.0008911437
Testing/meningioma/Te-me_0166.jpg,1,meningioma,1,1.0187426e-07,0.9999665,9.154272e-06,2.4254083e-05
Testing/meningioma/Te-me_0167.jpg,1,meningioma,1,7.024803e-08,0.99999976,1.4875103e-08,9.611864e-08
Testing/meningioma/Te-me_0168.jpg,1,meningioma,1,5.2613894e-05,0.9999057,6.8414606e-06,3.4928387e-05
Testing/meningioma/Te-me_0169.jpg,1,meningioma,1,1.0992381e-06,0.99999785,3.6040106e-07,6.967334e-07
Testing/meningioma/Te-me_0170.jpg,1,meningioma,1,0.0013313892,0.9943129,0.0006965869,0.0036592036
Testing/meningioma/Te-me_0171.jpg,1,meningioma,1,0.00032893327,0.76087964,0.006022811,0.23276865
Testing/meningioma/Te-me_0172.jpg,1,meningioma,1,0.00013492054,0.9991375,0.00017107897,0.0005564512
Testing/meningioma/Te-me_0173.jpg,1,meningioma,1,0.00025721296,0.99697936,0.00024946727,0.0025140494
Testing/meningioma/Te-me_0174.jpg,1,meningioma,1,0.0010304265,0.99887985,5.4827295e-05,3.4864177e-05
Testing/meningioma/Te-me_0175.jpg,1,meningioma,1,5.454928e-06,0.99987674,0.00011254068,5.2601254e-06
Testing/meningioma/Te-me_0176.jpg,1,meningioma,1,6.8851376e-05,0.9997354,1.0259769e-05,0.00018544788
Testing/meningioma/Te-me_0177.jpg,1,meningioma,1,6.740771e-05,0.9996762,3.067921e-05,0.00022565268
Testing/meningioma/Te-me_0178.jpg,1,meningioma,2,5.879902e-05,0.00075976696,0.9991812,2.4822222e-07
Testing/meningioma/Te-me_0179.jpg,1,meningioma,1,0.0004368865,0.99891424,0.00021923934,0.00042964463
Testing/meningioma/Te-me_0180.jpg,1,meningioma,1,2.2173768e-07,0.9999989,2.2532479e-08,8.7059806e-07
Testing/meningioma/Te-me_0181.jpg,1,meningioma,1,7.418045e-07,0.999908,1.0486027e-05,8.0822094e-05
Testing/meningioma/Te-me_0182.jpg,1,meningioma,1,0.06574173,0.7953567,0.07411218,0.06478943
Testing/meningioma/Te-me_0183.jpg,1,meningioma,1,2.809275e-05,0.9997726,2.3387129e-05,0.00017584916
Testing/meningioma/Te-me_0184.jpg,1,meningioma,1,5.278488e-07,0.9999994,1.922339e-08,1.242819e-07
Testing/meningioma/Te-me_0185.jpg,1,meningioma,1,0.007112816,0.99283594,4.438831e-05,6.8058366e-06
Testing/meningioma/Te-me_0186.jpg,1,meningioma,1,6.7138197e-09,0.99999976,8.2968086e-08,1.8170664e-07
Testing/meningioma/Te-me_0187.jpg,1,meningioma,1,0.000109894056,0.9998566,1.5553342e-05,1.7909846e-05
Testing/meningioma/Te-me_0188.jpg,1,meningioma,1,2.0393136e-06,0.99997365,6.0886e-07,2.3689177e-05
Testing/meningioma/Te-me_0189.jpg,1,meningioma,1,9.961046e-06,0.9990621,8.948243e-05,0.00083841477
Testing/meningioma/Te-me_0190.jpg,1,meningioma,1,0.00013776407,0.99946123,0.00033259756,6.8400404e-05
Testing/meningioma/Te-me_0191.jpg,1,meningioma,1,2.8573544e-05,0.9995296,8.500729e-05,0.00035685248
Testing/meningioma/Te-me_0192.jpg,1,meningioma,1,9.5183836e-08,0.9999981,1.2605264e-07,1.6048524e-06
Testing/meningioma/Te-me_0193.jpg,1,meningioma,1,0.0066419113,0.9513414,0.002963541,0.039053172
Testing/meningioma/Te-me_0194.jpg,1,meningioma,1,0.057841912,0.93231297,0.004441189,0.005403988
Testing/meningioma/Te-me_0195.jpg,1,meningioma,1,0.0002414867,0.99974173,9.092473e-06,7.71093e-06
Testing/meningioma/Te-me_0196.jpg,1,meningioma,1,6.881077e-06,0.9999862,2.4937513e-06,4.4314797e-06
Testing/meningioma/Te-me_0197.jpg,1,meningioma,1,1.6693998e-07,0.9999994,2.0637696e-08,4.3923808e-07
Testing/meningioma/Te-me_0198.jpg,1,meningioma,1,2.554831e-08,1.0,4.157669e-09,4.7963884e-08
Testing/meningioma/Te-me_0199.jpg,1,meningioma,1,0.0004126142,0.9979791,8.807663e-05,0.0015202183
Testing/meningioma/Te-me_0200.jpg,1,meningioma,1,3.2726933e-07,0.9999975,6.81882e-08,2.0896325e-06
Testing/meningioma/Te-me_0201.jpg,1,meningioma,1,3.4788176e-08,1.0,6.672876e-10,5.4161756e-08
Testing/meningioma/Te-me_0202.jpg,1,meningioma,1,0.0024385012,0.9857577,0.009010236,0.0027935286
Testing/meningioma/Te-me_0203.jpg,1,meningioma,1,1.8332017e-07,0.9998807,2.8683457e-06,0.00011626415
Testing/meningioma/Te-me_0204.jpg,1,meningioma,1,0.0003330542,0.99957913,1.0668797e-05,7.710282e-05
Testing/meningioma/Te-me_0205.jpg,1,meningioma,1,4.9885616e-06,0.9999672,1.4028035e-06,2.6394171e-05
Testing/meningioma/Te-me_0206.jpg,1,meningioma,1,3.189279e-05,0.99994624,3.981712e-07,2.136057e-05
Testing/meningioma/Te-me_0207.jpg,1,meningioma,1,0.01818791,0.9372447,0.015227977,0.029339477
Testing/meningioma/Te-me_0208.jpg,1,meningioma,1,7.8790293e-07,0.99999833,1.5846739e-08,8.3248426e-07
Testing/meningioma/Te-me_0209.jpg,1,meningioma,1,2.9872872e-08,0.99999607,1.3241407e-07,3.763425e-06
Testing/meningioma/Te-me_0210.jpg,1,meningioma,1,1.1666797e-06,0.9999901,4.6702894e-06,4.087875e-06
Testing/meningioma/Te-me_0211.jpg,1,meningioma,1,6.0521785e-08,0.999992,2.9645651e-08,7.843515e-06
Testing/meningioma/Te-me_0212.jpg,1,meningioma,1,1.5229513e-05,0.9998677,1.1700131e-06,0.000115821975
Testing/meningioma/Te-me_0213.jpg,1,meningioma,1,0.0002916194,0.9980205,6.781023e-05,0.0016200576
Testing/meningioma/Te-me_0214.jpg,1,meningioma,1,0.00046888238,0.9969606,0.0002949789,0.0022756094
Testing/meningioma/Te-me_0215.jpg,1,meningioma,1,3.553574e-06,0.9999925,1.158637e-06,2.7371182e-06
Testing/meningioma/Te-me_0216.jpg,1,meningioma,1,4.120395e-06,0.9999784,1.7033944e-05,3.864724e-07
Testing/meningioma/Te-me_0217.jpg,1,meningioma,1,0.00016657186,0.9993498,0.00016891398,0.0003147259
Testing/meningioma/Te-me_0218.jpg,1,meningioma,0,0.6022276,0.012134654,0.35460627,0.031031454
Testing/meningioma/Te-me_0219.jpg,1,meningioma,1,3.980285e-07,0.999997,2.50688e-07,2.4265614e-06
Testing/meningioma/Te-me_0220.jpg,1,meningioma,1,2.4376322e-05,0.9999155,4.2679026e-06,5.575833e-05
Testing/meningioma/Te-me_0221.jpg,1,meningioma,1,0.0005269099,0.9991868,4.716296e-05,0.00023903955
Testing/meningioma/Te-me_0222.jpg,1,meningioma,1,0.00025648574,0.9992762,0.00020107655,0.00026624804
Testing/meningioma/Te-me_0223.jpg,1,meningioma,1,7.331193e-07,0.99998,6.689765e-07,1.859847e-05
Testing/meningioma/Te-me_0224.jpg,1,meningioma,1,0.004558042,0.99014294,0.002274046,0.0030249318
Testing/meningioma/Te-me_0225.jpg,1,meningioma,1,0.00032769478,0.8745948,0.0011434933,0.12393394
Testing/meningioma/Te-me_0226.jpg,1,meningioma,1,0.008519902,0.9911576,0.00024989137,7.257095e-05
Testing/meningioma/Te-me_0227.jpg,1,meningioma,1,4.5596184e-06,0.9998919,1.0949364e-05,9.257564e-05
Testing/meningioma/Te-me_0228.jpg,1,meningioma,1,1.0941313e-05,0.9999373,5.01745e-06,4.666061e-05
Testing/meningioma/Te-me_0229.jpg,1,meningioma,0,0.57763404,0.02631509,0.3781079,0.01794297
Testing/meningioma/Te-me_0230.jpg,1,meningioma,1,1.2189969e-05,0.9998783,3.170119e-05,7.785723e-05
Testing/meningioma/Te-me_0231.jpg,1,meningioma,1,6.213507e-05,0.9960949,0.0003560109,0.0034870575
Testing/meningioma/Te-me_0232.jpg,1,meningioma,2,0.36004087,0.16881742,0.43917465,0.031967018
Testing/meningioma/Te-me_0233.jpg,1,meningioma,1,0.0007648154,0.99528104,0.0027340187,0.001220165
Testing/meningioma/Te-me_0234.jpg,1,meningioma,1,0.00026435452,0.9997156,1.3571393e-05,6.457625e-06
Testing/meningioma/Te-me_0235.jpg,1,meningioma,1,0.00054975215,0.9987953,0.00038210288,0.00027284937
Testing/meningioma/Te-me_0236.jpg,1,meningioma,1,2.9758592e-06,0.9999969,1.2976462e-08,1.337065e-07
Testing/meningioma/Te-me_0237.jpg,1,meningioma,1,0.36946633,0.5149414,0.040689655,0.07490265
Testing/meningioma/Te-me_0238.jpg,1,meningioma,1,2.9437408e-05,0.9987423,2.8762457e-05,0.0011995621
Testing/meningioma/Te-me_0239.jpg,1,meningioma,1,0.007867607,0.98690575,0.0022240062,0.0030026918
Testing/meningioma/Te-me_0240.jpg,1,meningioma,1,7.807745e-06,0.9999691,2.6715754e-06,2.0416812e-05
Testing/meningioma/Te-me_0241.jpg,1,meningioma,1,0.00091035065,0.99864596,0.00016785834,0.00027587332
Testing/meningioma/Te-me_0242.jpg,1,meningioma,1,4.4025214e-08,0.9999999,1.5440426e-08,1.1213129e-07
Testing/meningioma/Te-me_0243.jpg,1,meningioma,1,4.8604857e-08,1.0,2.8313105e-10,5.2793536e-10
Testing/meningioma/Te-me_0244.jpg,1,meningioma,1,4.518247e-08,0.99999905,8.8582695e-08,8.270768e-07
Testing/meningioma/Te-me_0245.jpg,1,meningioma,1,1.9639623e-07,0.9999988,1.4065338e-07,8.7229995e-07
Testing/meningioma/Te-me_0246.jpg,1,meningioma,3,0.043499026,0.32388473,0.049239647,0.5833766
Testing/meningioma/Te-me_0247.jpg,1,meningioma,1,0.020987459,0.9578294,0.015753489,0.0054295813
Testing/meningioma/Te-me_0248.jpg,1,meningioma,3,0.002435261,0.48576164,0.0049520386,0.50685114
Testing/meningioma/Te-me_0249.jpg,1,meningioma,1,0.0002600197,0.99973196,2.442971e-06,5.496297e-06
Testing/meningioma/Te-me_0250.jpg,1,meningioma,1,3.0849118e-05,0.9999683,2.9088383e-07,5.502335e-07
Testing/meningioma/Te-me_0251.jpg,1,meningioma,1,0.0068147182,0.9469388,0.0011774098,0.045069117
Testing/meningioma/Te-me_0252.jpg,1,meningioma,1,0.0182784,0.9661723,0.0062662973,0.009283054
Testing/meningioma/Te-me_0253.jpg,1,meningioma,1,1.5780497e-05,0.9999707,1.6592725e-06,1.1908143e-05
Testing/meningioma/Te-me_0254.jpg,1,meningioma,1,0.0028743797,0.9966319,0.00041074518,8.295212e-05
Testing/meningioma/Te-me_0255.jpg,1,meningioma,1,3.8806405e-08,0.99999964,4.27057e-08,3.2822084e-07
Testing/meningioma/Te-me_0256.jpg,1,meningioma,1,0.006292,0.9897058,0.0013268061,0.0026754148
Testing/meningioma/Te-me_0257.jpg,1,meningioma,1,2.6697162e-05,0.9995396,0.00022545966,0.00020826193
Testing/meningioma/Te-me_0258.jpg,1,meningioma,1,1.2915947e-05,0.99988353,2.8258928e-05,7.530613e-05
Testing/meningioma/Te-me_0259.jpg,1,meningioma,1,0.29366168,0.6759166,0.028301915,0.0021197463
Testing/meningioma/Te-me_0260.jpg,1,meningioma,1,0.007334601,0.95861423,0.033172276,0.00087891665
Testing/meningioma/Te-me_0261.jpg,1,meningioma,1,8.971637e-05,0.9995098,8.128774e-06,0.0003922782
Testing/meningioma/Te-me_0262.jpg,1,meningioma,1,0.00015521345,0.9996526,1.8519684e-05,0.00017369592
Testing/meningioma/Te-me_0263.jpg,1,meningioma,1,1.3377187e-05,0.99998415,2.0249413e-08,2.4322899e-06
Testing/meningioma/Te-me_0264.jpg,1,meningioma,1,2.2387687e-05,0.9999716,3.801312e-06,2.1388805e-06
Testing/meningioma/Te-me_0265.jpg,1,meningioma,1,0.0009854283,0.99888736,7.921677e-05,4.7904698e-05
Testing/meningioma/Te-me_0266.jpg,1,meningioma,1,0.4450774,0.49372756,0.016133634,0.04506141
Testing/meningioma/Te-me_0267.jpg,1,meningioma,1,3.4161467e-08,0.99999976,1.0484578e-09,2.2640319e-07
Testing/meningioma/Te-me_0268.jpg,1,meningioma,1,3.1459376e-07,0.9999993,6.9585457e-09,2.9902057e-07
Testing/meningioma/Te-me_0269.jpg,1,meningioma,1,9.971276e-05,0.999363,0.000121034594,0.00041623684
Testing/meningioma/Te-me_0270.jpg,1,meningioma,1,1.677797e-05,0.9999777,5.3475933e-06,8.811033e-08
Testing/meningioma/Te-me_0271.jpg,1,meningioma,1,0.000610698,0.4988921,0.0036359676,0.49686122
Testing/meningioma/Te-me_0272.jpg,1,meningioma,1,1.7252811e-06,0.99997616,2.8421891e-06,1.9351452e-05
Testing/meningioma/Te-me_0273.jpg,1,meningioma,1,1.8129444e-05,0.99998116,5.00899e-07,1.8266964e-07
Testing/meningioma/Te-me_0274.jpg,1,meningioma,1,2.5243136e-07,0.99999976,1.4054135e-08,2.5900144e-08
Testing/meningioma/Te-me_0275.jpg,1,meningioma,1,0.00018685563,0.9997857,9.206324e-06,1.8187802e-05
Testing/meningioma/Te-me_0276.jpg,1,meningioma,1,0.0041011623,0.99589795,1.4054866e-07,6.385421e-07
Testing/meningioma/Te-me_0277.jpg,1,meningioma,1,6.4745094e-05,0.9999058,1.620745e-05,1.3233926e-05
Testing/meningioma/Te-me_0278.jpg,1,meningioma,1,1.8937238e-09,1.0,3.6998457e-10,1.9994703e-08
Testing/meningioma/Te-me_0279.jpg,1,meningioma,1,4.2023104e-05,0.9999461,9.371995e-07,1.0869025e-05
Testing/meningioma/Te-me_0280.jpg,1,meningioma,1,0.004902143,0.96954614,0.0022080047,0.02334372
Testing/meningioma/Te-me_0281.jpg,1,meningioma,1,2.2955793e-09,1.0,3.201829e-09,4.61721e-08
Testing/meningioma/Te-me_0282.jpg,1,meningioma,1,0.00010539193,0.99981505,1.2891509e-05,6.668497e-05
Testing/meningioma/Te-me_0283.jpg,1,meningioma,1,0.00017426931,0.9995876,1.1841026e-05,0.0002264158
Testing/meningioma/Te-me_0284.jpg,1,meningioma,1,1.8694827e-06,0.9999467,7.6205633e-06,4.381289e-05
Testing/meningioma/Te-me_0285.jpg,1,meningioma,1,0.00034639306,0.9989825,0.0005894019,8.164303e-05
Testing/meningioma/Te-me_0286.jpg,1,meningioma,1,0.09648434,0.79776376,0.004401907,0.10134993
Testing/meningioma/Te-me_0287.jpg,1,meningioma,1,0.03126628,0.82918715,0.027590515,0.11195604
Testing/meningioma/Te-me_0288.jpg,1,meningioma,1,0.018141596,0.9801593,0.0006053794,0.001093773
Testing/meningioma/Te-me_0289.jpg,1,meningioma,1,0.012660161,0.98696077,0.00022249902,0.00015656359
Testing/meningioma/Te-me_0290.jpg,1,meningioma,1,6.2982065e-07,0.9999994,2.4559375e-09,1.11310365e-08
Testing/meningioma/Te-me_0291.jpg,1,meningioma,0,0.7191115,0.020343423,0.22200266,0.038542386
Testing/meningioma/Te-me_0292.jpg,1,meningioma,1,0.024060944,0.69710153,0.011597884,0.26723963
Testing/meningioma/Te-me_0293.jpg,1,meningioma,1,0.0005230178,0.9981943,0.00013452477,0.0011482337
Testing/meningioma/Te-me_0294.jpg,1,meningioma,1,8.410836e-05,0.99838114,0.0001839813,0.0013507502
Testing/meningioma/Te-me_0295.jpg,1,meningioma,1,0.0039006867,0.97311914,0.003680293,0.019299902
Testing/meningioma/Te-me_0296.jpg,1,meningioma,1,0.0010682268,0.906534,0.0064250496,0.08597268
Testing/meningioma/Te-me_0297.jpg,1,meningioma,0,0.52264065,0.001215901,0.47190654,0.0042368528
Testing/meningioma/Te-me_0298.jpg,1,meningioma,1,0.000143383,0.99960977,4.3467444e-05,0.00020349103
Testing/meningioma/Te-me_0299.jpg,1,meningioma,1,7.657996e-05,0.99934083,0.00010658846,0.00047591524
Testing/meningioma/Te-me_0300.jpg,1,meningioma,2,0.4619541,0.0005909744,0.5306067,0.00684822
Testing/meningioma/Te-me_0301.jpg,1,meningioma,1,0.022885144,0.9750172,0.0011898819,0.0009078617
Testing/meningioma/Te-me_0302.jpg,1,meningioma,1,3.47703e-07,0.99999964,4.1556795e-08,8.224625e-09
Testing/meningioma/Te-me_0303.jpg,1,meningioma,1,0.0056794356,0.982811,0.0027027663,0.008806869
Testing/meningioma/Te-me_0304.jpg,1,meningioma,2,0.36205786,0.00042557882,0.62681544,0.010701107
Testing/meningioma/Te-me_0305.jpg,1,meningioma,1,0.0005455456,0.99555165,0.0016344648,0.0022683362
Testing/notumor/Te-noTr_0000.jpg,2,no_tumor,2,1.7996439e-16,2.4761367e-16,1.0,6.7784994e-18
Testing/notumor/Te-noTr_0001.jpg,2,no_tumor,2,5.6877387e-13,1.8856781e-10,1.0,1.2078512e-11
Testing/notumor/Te-noTr_0002.jpg,2,no_tumor,2,1.2842625e-12,2.490064e-10,1.0,9.6933184e-11
Testing/notumor/Te-noTr_0003.jpg,2,no_tumor,2,0.35066685,8.3329996e-07,0.64918584,0.0001464008
Testing/notumor/Te-noTr_0004.jpg,2,no_tumor,2,6.06884e-11,3.9512865e-10,1.0,4.6754917e-10
Testing/notumor/Te-noTr_0005.jpg,2,no_tumor,2,1.2448069e-12,1.1812066e-11,1.0,1.8082458e-12
Testing/notumor/Te-noTr_0006.jpg,2,no_tumor,2,4.0983917e-08,2.8330768e-10,1.0,7.8497875e-10
Testing/notumor/Te-noTr_0007.jpg,2,no_tumor,2,5.0035566e-12,3.418471e-10,1.0,3.7700095e-12
Testing/notumor/Te-noTr_0008.jpg,2,no_tumor,2,5.2829445e-27,9.153448e-22,1.0,4.141276e-25
Testing/notumor/Te-noTr_0009.jpg,2,no_tumor,2,2.7999365e-18,1.0356981e-16,1.0,3.7703844e-19
Testing/notumor/Te-no_0010.jpg,2,no_tumor,2,6.0084695e-08,6.853905e-07,0.9999993,2.496218e-08
Testing/notumor/Te-no_0011.jpg,2,no_tumor,2,1.019137e-13,6.900619e-13,1.0,2.2098884e-15
Testing/notumor/Te-no_0012.jpg,2,no_tumor,2,6.810669e-17,8.676459e-16,1.0,3.8347754e-18
Testing/notumor/Te-no_0013.jpg,2,no_tumor,2,1.9966648e-16,4.4716966e-16,1.0,3.1342885e-16
Testing/notumor/Te-no_0014.jpg,2,no_tumor,2,1.706987e-21,8.967502e-23,1.0,7.650223e-26
Testing/notumor/Te-no_0015.jpg,2,no_tumor,2,1.95865e-17,1.251959e-13,1.0,1.0539365e-15
Testing/notumor/Te-no_0016.jpg,2,no_tumor,2,4.1762682e-06,3.5327578e-06,0.9999912,1.072575e-06
Testing/notumor/Te-no_0017.jpg,2,no_tumor,2,1.9464331e-11,2.3358693e-09,1.0,1.7751163e-11
Testing/notumor/Te-no_0018.jpg,2,no_tumor,2,6.9910397e-12,3.9243027e-09,1.0,4.8901018e-12
Testing/notumor/Te-no_0019.jpg,2,no_tumor,2,0.04056082,0.0113826925,0.9183212,0.029735295
Testing/notumor/Te-no_0020.jpg,2,no_tumor,2,8.356302e-12,9.355741e-12,1.0,9.57692e-14
Testing/notumor/Te-no_0021.jpg,2,no_tumor,2,1.8904368e-27,6.24013e-23,1.0,4.266761e-23
Testing/notumor/Te-no_0022.jpg,2,no_tumor,2,0.107197024,2.1723195e-05,0.89244753,0.00033376704
Testing/notumor/Te-no_0023.jpg,2,no_tumor,2,0.024466112,2.5820014e-05,0.97502476,0.00048324934
Testing/notumor/Te-no_0024.jpg,2,no_tumor,2,5.6601226e-07,0.00017689564,0.9998142,8.310124e-06
Testing/notumor/Te-no_0025.jpg,2,no_tumor,2,2.785602e-09,0.00013987433,0.9998599,8.4127e-08
Testing/notumor/Te-no_0026.jpg,2,no_tumor,2,4.3799968e-13,5.1878262e-11,1.0,2.2266054e-11
Testing/notumor/Te-no_0027.jpg,2,no_tumor,2,0.03685946,0.00013882064,0.9617376,0.0012641102
Testing/notumor/Te-no_0028.jpg,2,no_tumor,2,6.686657e-05,4.6114157e-05,0.9998833,3.7514342e-06
Testing/notumor/Te-no_0029.jpg,2,no_tumor,2,2.3676328e-05,9.382137e-05,0.9998784,4.087785e-06
Testing/notumor/Te-no_0030.jpg,2,no_tumor,2,0.022091707,0.0038399948,0.96562505,0.008443224
Testing/notumor/Te-no_0031.jpg,2,no_tumor,2,5.6877387e-13,1.8856781e-10,1.0,1.2078512e-11
Testing/notumor/Te-no_0032.jpg,2,no_tumor,2,1.199149e-26,2.2981214e-23,1.0,7.2298283e-28
Testing/notumor/Te-no_0033.jpg,2,no_tumor,2,0.02693319,6.8160275e-06,0.9727965,0.0002634209
Testing/notumor/Te-no_0034.jpg,2,no_tumor,2,1.06432694e-07,1.2139825e-06,0.9999987,4.6992362e-08
Testing/notumor/Te-no_0035.jpg,2,no_tumor,2,0.00095303124,7.808884e-05,0.9989354,3.3447664e-05
Testing/notumor/Te-no_0036.jpg,2,no_tumor,2,9.780282e-16,1.5413436e-13,1.0,9.151307e-17
Testing/notumor/Te-no_0037.jpg,2,no_tumor,2,1.2222818e-12,1.5211965e-10,1.0,4.551849e-11
Testing/notumor/Te-no_0038.jpg,2,no_tumor,2,2.5450504e-07,5.928638e-07,0.99999857,6.3392383e-07
Testing/notumor/Te-no_0039.jpg,2,no_tumor,2,0.006351138,2.9940757e-06,0.9935823,6.347063e-05
Testing/notumor/Te-no_0040.jpg,2,no_tumor,2,3.0217217e-16,1.4059619e-14,1.0,3.2324107e-17
Testing/notumor/Te-no_0041.jpg,2,no_tumor,2,3.8767475e-21,2.0269975e-20,1.0,9.85662e-22
Testing/notumor/Te-no_0042.jpg,2,no_tumor,2,3.291393e-15,6.8303226e-14,1.0,1.053434e-15
Testing/notumor/Te-no_0043.jpg,2,no_tumor,2,5.0348994e-16,1.06018364e-13,1.0,6.075029e-17
Testing/notumor/Te-no_0044.jpg,2,no_tumor,2,6.810669e-17,8.676459e-16,1.0,3.8347754e-18
Testing/notumor/Te-no_0045.jpg,2,no_tumor,2,8.590794e-07,2.5378506e-07,0.9999989,4.8065488e-08
Testing/notumor/Te-no_0046.jpg,2,no_tumor,2,4.3799968e-13,5.1878262e-11,1.0,2.2266054e-11
Testing/notumor/Te-no_0047.jpg,2,no_tumor,2,8.583634e-21,5.0353117e-20,1.0,2.7724259e-21
Testing/notumor/Te-no_0048.jpg,2,no_tumor,2,1.019137e-13,6.900619e-13,1.0,2.2098884e-15
Testing/notumor/Te-no_0049.jpg,2,no_tumor,2,3.2568267e-12,5.7198378e-11,1.0,1.6059906e-09
Testing/notumor/Te-no_0050.jpg,2,no_tumor,2,8.590794e-07,2.5378506e-07,0.9999989,4.8065488e-08
Testing/notumor/Te-no_0051.jpg,2,no_tumor,2,1.5435632e-15,5.3197552e-14,1.0,1.5843195e-16
Testing/notumor/Te-no_0052.jpg,2,no_tumor,2,3.0217217e-16,1.4059619e-14,1.0,3.2324107e-17
Testing/notumor/Te-no_0053.jpg,2,no_tumor,2,1.019137e-13,6.900619e-13,1.0,2.2098884e-15
Testing/notumor/Te-no_0054.jpg,2,no_tumor,2,8.590794e-07,2.5378506e-07,0.9999989,4.8065488e-08
Testing/notumor/Te-no_0055.jpg,2,no_tumor,2,6.810669e-17,8.676459e-16,1.0,3.8347754e-18
Testing/notumor/Te-no_0056.jpg,2,no_tumor,2,5.9981785e-12,2.9298627e-10,1.0,1.910147e-12
Testing/notumor/Te-no_0057.jpg,2,no_tumor,2,1.820712e-08,1.4637193e-07,0.9999999,1.0408371e-08
Testing/notumor/Te-no_0058.jpg,2,no_tumor,2,5.7949167e-22,2.7178382e-21,1.0,2.9573697e-24
Testing/notumor/Te-no_0059.jpg,2,no_tumor,2,2.849072e-15,5.2190216e-14,1.0,1.0460898e-15
Testing/notumor/Te-no_0060.jpg,2,no_tumor,2,1.2222818e-12,1.5211965e-10,1.0,4.551849e-11
Testing/notumor/Te-no_0061.jpg,2,no_tumor,2,6.810669e-17,8.676459e-16,1.0,3.8347754e-18
Testing/notumor/Te-no_0062.jpg,2,no_tumor,2,0.04056082,0.0113826925,0.9183212,0.029735295
Testing/notumor/Te-no_0063.jpg,2,no_tumor,2,7.393604e-09,3.279211e-08,1.0,2.063557e-09
Testing/notumor/Te-no_0064.jpg,2,no_tumor,2,4.3799968e-13,5.1878262e-11,1.0,2.2266054e-11
Testing/notumor/Te-no_0065.jpg,2,no_tumor,2,0.022091707,0.0038399948,0.96562505,0.008443224
Testing/notumor/Te-no_0066.jpg,2,no_tumor,2,2.0067111e-26,2.7292354e-21,1.0,1.2793454e-24
Testing/notumor/Te-no_0067.jpg,2,no_tumor,2,5.6877387e-13,1.8856781e-10,1.0,1.2078512e-11
Testing/notumor/Te-no_0068.jpg,2,no_tumor,2,1.019137e-13,6.900619e-13,1.0,2.2098884e-15
Testing/notumor/Te-no_0069.jpg,2,no_tumor,2,2.3676328e-05,9.382137e-05,0.9998784,4.087785e-06
Testing/notumor/Te-no_0070.jpg,2,no_tumor,2,6.9910397e-12,3.9243027e-09,1.0,4.8901018e-12
Testing/notumor/Te-no_0071.jpg,2,no_tumor,2,4.499309e-05,3.416886e-05,0.999918,2.8805089e-06
Testing/notumor/Te-no_0072.jpg,2,no_tumor,2,1.8904368e-27,6.24013e-23,1.0,4.266761e-23
Testing/notumor/Te-no_0073.jpg,2,no_tumor,2,0.04056082,0.0113826925,0.9183212,0.029735295
Testing/notumor/Te-no_0074.jpg,2,no_tumor,2,1.9464331e-11,2.3358693e-09,1.0,1.7751163e-11
Testing/notumor/Te-no_0075.jpg,2,no_tumor,2,0.107197024,2.1723195e-05,0.89244753,0.00033376704
Testing/notumor/Te-no_0076.jpg,2,no_tumor,2,0.022883913,3.3355005e-05,0.976499,0.0005836864
Testing/notumor/Te-no_0077.jpg,2,no_tumor,2,8.583634e-21,5.0353117e-20,1.0,2.7724259e-21
Testing/notumor/Te-no_0078.jpg,2,no_tumor,2,2.0067111e-26,2.7292354e-21,1.0,1.2793454e-24
Testing/notumor/Te-no_0079.jpg,2,no_tumor,2,9.086578e-07,0.0002537914,0.99973255,1.2794256e-05
Testing/notumor/Te-no_0080.jpg,2,no_tumor,2,5.22574e-27,3.3307096e-24,1.0,1.4467665e-23
Testing/notumor/Te-no_0081.jpg,2,no_tumor,2,0.00095303124,7.808884e-05,0.9989354,3.3447664e-05
Testing/notumor/Te-no_0082.jpg,2,no_tumor,2,3.8767475e-21,2.0269975e-20,1.0,9.85662e-22
Testing/notumor/Te-no_0083.jpg,2,no_tumor,2,7.753693e-07,3.1646925e-07,0.9999989,1.6888736e-08
Testing/notumor/Te-no_0084.jpg,2,no_tumor,2,5.6877387e-13,1.8856781e-10,1.0,1.2078512e-11
Testing/notumor/Te-no_0085.jpg,2,no_tumor,2,1.9437706e-10,4.986967e-09,1.0,1.896793e-09
Testing/notumor/Te-no_0086.jpg,2,no_tumor,2,1.3159109e-10,1.3273384e-09,1.0,4.592356e-11
Testing/notumor/Te-no_0087.jpg,2,no_tumor,2,1.019137e-13,6.900619e-13,1.0,2.2098884e-15
Testing/notumor/Te-no_0088.jpg,2,no_tumor,2,5.0035566e-12,3.418471e-10,1.0,3.7700095e-12
Testing/notumor/Te-no_0089.jpg,2,no_tumor,2,7.890854e-08,7.1731956e-06,0.9999926,8.097664e-08
Testing/notumor/Te-no_0090.jpg,2,no_tumor,2,0.0007047842,0.020474503,0.9780099,0.00081083534
Testing/notumor/Te-no_0091.jpg,2,no_tumor,2,2.4885266e-28,3.5018882e-25,1.0,1.5494885e-27
Testing/notumor/Te-no_0092.jpg,2,no_tumor,2,5.242734e-19,6.7686065e-17,1.0,1.967628e-18
Testing/notumor/Te-no_0093.jpg,2,no_tumor,2,7.753693e-07,3.1646925e-07,0.9999989,1.6888736e-08
Testing/notumor/Te-no_0094.jpg,2,no_tumor,2,2.4939768e-09,8.769247e-08,0.9999999,3.974099e-09
Testing/notumor/Te-no_0095.jpg,2,no_tumor,2,2.5808031e-08,1.0091782e-07,0.9999999,3.1119014e-09
Testing/notumor/Te-no_0096.jpg,2,no_tumor,2,0.00022892417,0.00050540693,0.9992243,4.130055e-05
Testing/notumor/Te-no_0097.jpg,2,no_tumor,2,6.2264394e-10,1.9775255e-08,1.0,4.2428026e-09
Testing/notumor/Te-no_0098.jpg,2,no_tumor,2,2.2665677e-07,1.733197e-05,0.99998236,6.487208e-08
Testing/notumor/Te-no_0099.jpg,2,no_tumor,2,0.013576684,2.8762113e-05,0.9857965,0.000598013
Testing/notumor/Te-no_0100.jpg,2,no_tumor,2,2.1287488e-24,1.1223684e-21,1.0,2.9632096e-23
Testing/notumor/Te-no_0101.jpg,2,no_tumor,0,0.62528366,0.11299157,0.24277627,0.01894855
Testing/notumor/Te-no_0102.jpg,2,no_tumor,2,1.0600219e-13,5.171263e-13,1.0,1.09144295e-13
Testing/notumor/Te-no_0103.jpg,2,no_tumor,2,8.116093e-23,1.6493013e-21,1.0,1.1347758e-21
Testing/notumor/Te-no_0104.jpg,2,no_tumor,2,0.0012315809,0.0012299394,0.9972562,0.0002822097
Testing/notumor/Te-no_0105.jpg,2,no_tumor,2,5.2086316e-17,3.680974e-14,1.0,1.0490018e-17
Testing/notumor/Te-no_0106.jpg,2,no_tumor,2,3.3755167e-31,4.4768773e-27,1.0,8.4326624e-26
Testing/notumor/Te-no_0107.jpg,2,no_tumor,2,2.334029e-21,7.26929e-21,1.0,2.0579276e-21
Testing/notumor/Te-no_0108.jpg,2,no_tumor,2,4.7487122e-21,5.3692006e-23,1.0,2.2135495e-23
Testing/notumor/Te-no_0109.jpg,2,no_tumor,2,1.6763284e-29,1.4755917e-26,1.0,6.0197774e-25
Testing/notumor/Te-no_0110.jpg,2,no_tumor,2,1.0448017e-06,5.4759545e-07,0.9999964,2.0145899e-06
Testing/notumor/Te-no_0111.jpg,2,no_tumor,2,0.012404912,0.0015329004,0.98475325,0.0013089683
Testing/notumor/Te-no_0112.jpg,2,no_tumor,2,0.00021359204,5.150804e-05,0.9997234,1.15203975e-05
Testing/notumor/Te-no_0113.jpg,2,no_tumor,2,0.026594682,0.09224158,0.85579544,0.025368316
Testing/notumor/Te-no_0114.jpg,2,no_tumor,2,4.196592e-30,3.514516e-28,1.0,3.6861148e-30
Testing/notumor/Te-no_0115.jpg,2,no_tumor,2,0.019737598,2.0109866e-07,0.98024267,1.948119e-05
Testing/notumor/Te-no_0116.jpg,2,no_tumor,2,2.4677456e-15,1.75584e-13,1.0,1.1308425e-15
Testing/notumor/Te-no_0117.jpg,2,no_tumor,2,0.008621987,0.0020250555,0.9850798,0.0042730845
Testing/notumor/Te-no_0118.jpg,2,no_tumor,2,5.7886984e-18,2.6174802e-14,1.0,1.5632245e-15
Testing/notumor/Te-no_0119.jpg,2,no_tumor,2,1.7104195e-24,4.2798534e-22,1.0,1.9383661e-24
Testing/notumor/Te-no_0120.jpg,2,no_tumor,2,0.006677691,0.00066905515,0.99165475,0.0009984088
Testing/notumor/Te-no_0121.jpg,2,no_tumor,2,1.78732e-11,2.7578256e-11,1.0,3.1847487e-14
Testing/notumor/Te-no_0122.jpg,2,no_tumor,0,0.9667168,4.590951e-09,0.03327875,4.415342e-06
Testing/notumor/Te-no_0123.jpg,2,no_tumor,0,0.76034284,5.880434e-07,0.23963612,2.0475436e-05
Testing/notumor/Te-no_0124.jpg,2,no_tumor,2,1.8229762e-17,1.2786907e-18,1.0,8.692405e-21
Testing/notumor/Te-no_0125.jpg,2,no_tumor,2,1.1872803e-15,3.258899e-14,1.0,1.9067069e-16
Testing/notumor/Te-no_0126.jpg,2,no_tumor,2,1.7926249e-19,3.65253e-18,1.0,3.4329853e-20
Testing/notumor/Te-no_0127.jpg,2,no_tumor,2,1.7664517e-08,3.4902163e-07,0.99999964,3.0294067e-09
Testing/notumor/Te-no_0128.jpg,2,no_tumor,2,2.6186207e-20,6.5025764e-18,1.0,4.9885877e-19
Testing/notumor/Te-no_0129.jpg,2,no_tumor,2,0.0043036756,3.0687743e-06,0.9955018,0.00019137809
Testing/notumor/Te-no_0130.jpg,2,no_tumor,2,9.773897e-25,1.4890052e-25,1.0,4.393158e-24
Testing/notumor/Te-no_0131.jpg,2,no_tumor,2,5.2469283e-29,4.310545e-28,1.0,1.8705379e-27
Testing/notumor/Te-no_0132.jpg,2,no_tumor,2,0.0029371104,7.624211e-06,0.996736,0.0003192385
Testing/notumor/Te-no_0133.jpg,2,no_tumor,0,0.78370064,1.8030947e-08,0.21628146,1.7896835e-05
Testing/notumor/Te-no_0134.jpg,2,no_tumor,2,1.2210309e-15,4.910275e-18,1.0,3.6633128e-20
Testing/notumor/Te-no_0135.jpg,2,no_tumor,2,1.3112292e-16,9.184352e-14,1.0,2.8598055e-13
Testing/notumor/Te-no_0136.jpg,2,no_tumor,2,0.012155904,0.005749703,0.9716204,0.010474098
Testing/notumor/Te-no_0137.jpg,2,no_tumor,2,0.0025363795,0.00038294878,0.995285,0.0017957266
Testing/notumor/Te-no_0138.jpg,2,no_tumor,2,4.2146266e-14,9.193423e-12,1.0,3.783632e-12
Testing/notumor/Te-no_0139.jpg,2,no_tumor,2,0.021331964,6.535634e-07,0.97861165,5.5763216e-05
Testing/notumor/Te-no_0140.jpg,2,no_tumor,2,2.7189656e-23,2.0133266e-20,1.0,1.0504018e-20
Testing/notumor/Te-no_0141.jpg,2,no_tumor,2,0.012602311,7.571113e-05,0.98593026,0.0013916413
Testing/notumor/Te-no_0142.jpg,2,no_tumor,2,5.035171e-15,3.9506528e-14,1.0,2.5404908e-16
Testing/notumor/Te-no_0143.jpg,2,no_tumor,2,2.1887264e-33,2.2760068e-29,1.0,2.155251e-28
Testing/notumor/Te-no_0144.jpg,2,no_tumor,2,9.15333e-25,4.2478412e-23,1.0,3.1965204e-24
Testing/notumor/Te-no_0145.jpg,2,no_tumor,2,2.5417218e-31,1.8870919e-29,1.0,4.1285322e-32
Testing/notumor/Te-no_0146.jpg,2,no_tumor,2,3.3517873e-11,1.3429436e-09,1.0,1.8502668e-11
Testing/notumor/Te-no_0147.jpg,2,no_tumor,2,0.018364174,2.365631e-05,0.9810385,0.000573646
Testing/notumor/Te-no_0148.jpg,2,no_tumor,2,0.00027507308,5.7641705e-06,0.99965215,6.701612e-05
Testing/notumor/Te-no_0149.jpg,2,no_tumor,2,2.2356075e-13,1.020671e-11,1.0,2.5518978e-13
Testing/notumor/Te-no_0150.jpg,2,no_tumor,2,5.779784e-14,3.4687724e-12,1.0,2.46511e-16
Testing/notumor/Te-no_0151.jpg,2,no_tumor,2,0.0014974839,8.778952e-06,0.9982856,0.00020814192
Testing/notumor/Te-no_0152.jpg,2,no_tumor,2,0.0016509093,3.0953634e-06,0.9981913,0.00015466349
Testing/notumor/Te-no_0153.jpg,2,no_tumor,2,0.0007861299,0.00078251265,0.99765515,0.0007761581
Testing/notumor/Te-no_0154.jpg,2,no_tumor,2,3.1699626e-17,1.09802065e-16,1.0,1.2156425e-18
Testing/notumor/Te-no_0155.jpg,2,no_tumor,2,0.0035835016,0.00045402037,0.99306524,0.0028971992
Testing/notumor/Te-no_0156.jpg,2,no_tumor,2,0.3612363,7.858025e-08,0.6387237,3.998746e-05
Testing/notumor/Te-no_0157.jpg,2,no_tumor,0,0.78487927,0.0023316839,0.19813344,0.014655675
Testing/notumor/Te-no_0158.jpg,2,no_tumor,2,9.033939e-23,4.752749e-23,1.0,7.2034937e-25
Testing/notumor/Te-no_0159.jpg,2,no_tumor,2,0.08672938,2.1357806e-05,0.91186756,0.0013817683
Testing/notumor/Te-no_0160.jpg,2,no_tumor,2,1.2380022e-34,3.65163e-30,1.0,3.3945244e-31
Testing/notumor/Te-no_0161.jpg,2,no_tumor,2,1.6438543e-15,4.602611e-13,1.0,1.17907545e-14
Testing/notumor/Te-no_0162.jpg,2,no_tumor,0,0.9928039,3.3120635e-12,0.007196159,1.5168101e-08
Testing/notumor/Te-no_0163.jpg,2,no_tumor,2,1.3445401e-28,4.7676552e-24,1.0,1.3645575e-28
Testing/notumor/Te-no_0164.jpg,2,no_tumor,2,5.4151053e-14,1.5932928e-12,1.0,6.661131e-16
Testing/notumor/Te-no_0165.jpg,2,no_tumor,2,3.539825e-28,5.0478022e-24,1.0,8.0748536e-26
Testing/notumor/Te-no_0166.jpg,2,no_tumor,2,4.094683e-09,6.9567204e-07,0.9999993,1.0160524e-09
Testing/notumor/Te-no_0167.jpg,2,no_tumor,2,0.0021687343,0.00012569713,0.9970182,0.0006873434
Testing/notumor/Te-no_0168.jpg,2,no_tumor,2,0.0017360828,0.0008228673,0.9967912,0.0006498902
Testing/notumor/Te-no_0169.jpg,2,no_tumor,2,4.6673545e-22,1.9549083e-19,1.0,4.877967e-22
Testing/notumor/Te-no_0170.jpg,2,no_tumor,0,0.97274417,1.2886448e-11,0.027255796,6.871043e-08
Testing/notumor/Te-no_0171.jpg,2,no_tumor,2,4.7191197e-19,1.3039754e-14,1.0,2.2352097e-18
Testing/notumor/Te-no_0172.jpg,2,no_tumor,2,4.0925137e-25,2.6182924e-19,1.0,2.7283165e-23
Testing/notumor/Te-no_0173.jpg,2,no_tumor,2,1.9443662e-15,8.785506e-15,1.0,3.2137851e-16
Testing/notumor/Te-no_0174.jpg,2,no_tumor,2,1.6668001e-31,2.06307e-27,1.0,8.418853e-31
Testing/notumor/Te-no_0175.jpg,2,no_tumor,2,7.582377e-20,4.0495774e-16,1.0,1.6140742e-19
Testing/notumor/Te-no_0176.jpg,2,no_tumor,2,2.5941677e-12,9.408428e-11,1.0,4.477885e-12
Testing/notumor/Te-no_0177.jpg,2,no_tumor,2,1.815555e-27,1.4559834e-25,1.0,1.0427601e-28
Testing/notumor/Te-no_0178.jpg,2,no_tumor,2,2.3062788e-24,8.073067e-26,1.0,4.566258e-26
Testing/notumor/Te-no_0179.jpg,2,no_tumor,2,2.5924323e-34,1.412572e-32,1.0,8.017222e-31
Testing/notumor/Te-no_0180.jpg,2,no_tumor,2,3.90586e-34,2.9290677e-30,1.0,3.90606e-31
Testing/notumor/Te-no_0181.jpg,2,no_tumor,2,4.1785294e-28,1.2471051e-23,1.0,4.622635e-28
Testing/notumor/Te-no_0182.jpg,2,no_tumor,2,1.1479149e-30,4.98808e-24,1.0,1.3309971e-27
Testing/notumor/Te-no_0183.jpg,2,no_tumor,2,0.09669291,0.01544257,0.85742086,0.030443588
Testing/notumor/Te-no_0184.jpg,2,no_tumor,2,1.1063731e-27,4.819419e-25,1.0,2.1985908e-27
Testing/notumor/Te-no_0185.jpg,2,no_tumor,2,1.6457135e-20,2.9414904e-19,1.0,8.383738e-21
Testing/notumor/Te-no_0186.jpg,2,no_tumor,2,2.0953528e-10,6.0694942e-09,1.0,3.0809238e-10
Testing/notumor/Te-no_0187.jpg,2,no_tumor,2,0.0008420641,0.0004747188,0.9985493,0.00013389975
Testing/notumor/Te-no_0188.jpg,2,no_tumor,2,0.0047149505,0.00058645447,0.9914483,0.0032503451
Testing/notumor/Te-no_0189.jpg,2,no_tumor,2,7.585956e-11,1.0580122e-09,1.0,1.7673767e-11
Testing/notumor/Te-no_0190.jpg,2,no_tumor,2,0.026334196,0.0050638807,0.95460343,0.013998467
Testing/notumor/Te-no_0191.jpg,2,no_tumor,2,3.1521798e-15,3.4008513e-15,1.0,8.934958e-16
Testing/notumor/Te-no_0192.jpg,2,no_tumor,2,2.0902832e-25,2.9952208e-25,1.0,2.4368987e-26
Testing/notumor/Te-no_0193.jpg,2,no_tumor,2,1.1899885e-13,9.075803e-12,1.0,7.980607e-16
Testing/notumor/Te-no_0194.jpg,2,no_tumor,2,2.8009277e-12,3.2053008e-12,1.0,6.288384e-13
Testing/notumor/Te-no_0195.jpg,2,no_tumor,2,2.4390297e-25,2.4959105e-23,1.0,1.4632672e-24
Testing/notumor/Te-no_0196.jpg,2,no_tumor,2,2.0989886e-14,1.4217713e-12,1.0,3.205756e-14
Testing/notumor/Te-no_0197.jpg,2,no_tumor,2,1.0800682e-27,6.114535e-23,1.0,4.8639704e-24
Testing/notumor/Te-no_0198.jpg,2,no_tumor,2,5.8450716e-29,1.8405987e-25,1.0,3.5877256e-24
Testing/notumor/Te-no_0199.jpg,2,no_tumor,2,7.299848e-16,4.1485387e-15,1.0,1.3583906e-16
Testing/notumor/Te-no_0200.jpg,2,no_tumor,2,1.0534758e-27,7.878238e-26,1.0,6.887293e-26
Testing/notumor/Te-no_0201.jpg,2,no_tumor,2,0.016583962,4.148563e-05,0.982415,0.0009595068
Testing/notumor/Te-no_0202.jpg,2,no_tumor,2,2.0474693e-18,1.0230702e-15,1.0,2.6187335e-18
Testing/notumor/Te-no_0203.jpg,2,no_tumor,2,7.511741e-24,1.0437327e-25,1.0,2.9142378e-27
Testing/notumor/Te-no_0204.jpg,2,no_tumor,2,0.0008343948,3.0435424e-06,0.99899477,0.0001678326
Testing/notumor/Te-no_0205.jpg,2,no_tumor,2,0.19944148,1.0515876e-06,0.8004721,8.5399515e-05
Testing/notumor/Te-no_0206.jpg,2,no_tumor,2,0.010795146,4.659724e-05,0.98881465,0.00034357226
Testing/notumor/Te-no_0207.jpg,2,no_tumor,2,0.06398598,0.004985931,0.9159745,0.015053581
Testing/notumor/Te-no_0208.jpg,2,no_tumor,2,0.006072675,1.2564635e-05,0.99349207,0.00042274134
Testing/notumor/Te-no_0209.jpg,2,no_tumor,2,0.029592905,5.6441168e-06,0.97014433,0.0002571118
Testing/notumor/Te-no_0210.jpg,2,no_tumor,2,0.009853485,0.0005068116,0.98703825,0.0026014405
Testing/notumor/Te-no_0211.jpg,2,no_tumor,0,0.9710939,1.8241333e-09,0.028904075,2.0189304e-06
Testing/notumor/Te-no_0212.jpg,2,no_tumor,2,1.3881669e-06,1.8539287e-06,0.99999666,1.15862804e-07
Testing/notumor/Te-no_0213.jpg,2,no_tumor,2,5.3900614e-19,8.2560955e-20,1.0,1.3689262e-21
Testing/notumor/Te-no_0214.jpg,2,no_tumor,2,7.256678e-15,2.3358512e-13,1.0,1.4603351e-15
Testing/notumor/Te-no_0215.jpg,2,no_tumor,2,3.1589513e-26,2.6255083e-23,1.0,1.451997e-23
Testing/notumor/Te-no_0216.jpg,2,no_tumor,2,1.7049417e-23,5.5454337e-22,1.0,4.3284012e-23
Testing/notumor/Te-no_0217.jpg,2,no_tumor,2,1.9596599e-31,7.9463826e-28,1.0,2.3040735e-30
Testing/notumor/Te-no_0218.jpg,2,no_tumor,2,3.0562363e-29,5.213853e-27,1.0,5.1618254e-27
Testing/notumor/Te-no_0219.jpg,2,no_tumor,2,7.826304e-05,7.4658988e-06,0.99991,4.3170016e-06
Testing/notumor/Te-no_0220.jpg,2,no_tumor,0,0.8334327,1.182474e-08,0.16655813,9.214543e-06
Testing/notumor/Te-no_0221.jpg,2,no_tumor,2,3.380742e-07,4.9979855e-07,0.99999917,1.8473976e-08
Testing/notumor/Te-no_0222.jpg,2,no_tumor,2,3.8359603e-18,6.604156e-15,1.0,1.5172698e-14
Testing/notumor/Te-no_0223.jpg,2,no_tumor,2,0.009217543,8.4366264e-05,0.9887527,0.0019452908
Testing/notumor/Te-no_0224.jpg,2,no_tumor,2,0.013526665,0.008716792,0.96436554,0.013391066
Testing/notumor/Te-no_0225.jpg,2,no_tumor,2,5.380746e-15,2.9595925e-13,1.0,4.273861e-13
Testing/notumor/Te-no_0226.jpg,2,no_tumor,2,2.8378517e-18,2.0705951e-16,1.0,1.8331226e-17
Testing/notumor/Te-no_0227.jpg,2,no_tumor,2,6.3973565e-22,2.7285302e-19,1.0,7.857466e-19
Testing/notumor/Te-no_0228.jpg,2,no_tumor,2,2.719732e-09,6.277372e-09,1.0,3.0799957e-10
Testing/notumor/Te-no_0229.jpg,2,no_tumor,2,0.008122108,1.4683067e-05,0.99148494,0.00037821752
Testing/notumor/Te-no_0230.jpg,2,no_tumor,2,1.16043365e-27,4.3426055e-24,1.0,1.7635094e-24
Testing/notumor/Te-no_0231.jpg,2,no_tumor,2,1.5470263e-19,1.0009804e-16,1.0,4.7142615e-19
Testing/notumor/Te-no_0232.jpg,2,no_tumor,2,1.1384865e-30,6.7048046e-30,1.0,2.161994e-29
Testing/notumor/Te-no_0233.jpg,2,no_tumor,2,6.2914744e-22,4.9996703e-21,1.0,1.8687036e-21
Testing/notumor/Te-no_0234.jpg,2,no_tumor,2,0.15789938,0.032310635,0.7731327,0.036657274
Testing/notumor/Te-no_0235.jpg,2,no_tumor,2,1.3120142e-17,4.5054644e-15,1.0,9.170382e-18
Testing/notumor/Te-no_0236.jpg,2,no_tumor,2,1.558639e-08,3.2632066e-08,1.0,6.488606e-09
Testing/notumor/Te-no_0237.jpg,2,no_tumor,2,0.11394622,2.1996204e-06,0.8858282,0.0002233301
Testing/notumor/Te-no_0238.jpg,2,no_tumor,2,0.042464074,0.01877092,0.9377476,0.0010174232
Testing/notumor/Te-no_0239.jpg,2,no_tumor,2,2.8204264e-15,5.462732e-14,1.0,1.0504691e-14
Testing/notumor/Te-no_0240.jpg,2,no_tumor,2,1.3401496e-31,5.6996787e-30,1.0,1.1712496e-27
Testing/notumor/Te-no_0241.jpg,2,no_tumor,2,0.0069960523,1.5192674e-05,0.99243635,0.0005523347
Testing/notumor/Te-no_0242.jpg,2,no_tumor,2,1.4487685e-07,4.0943132e-07,0.9999994,4.387403e-09
Testing/notumor/Te-no_0243.jpg,2,no_tumor,2,4.1235764e-16,4.9274007e-13,1.0,1.7013623e-15
Testing/notumor/Te-no_0244.jpg,2,no_tumor,2,4.884531e-18,1.4823293e-17,1.0,1.0372078e-17
Testing/notumor/Te-no_0245.jpg,2,no_tumor,2,0.032730315,0.0069735954,0.94178796,0.018508116
Testing/notumor/Te-no_0246.jpg,2,no_tumor,2,1.006704e-26,4.6160915e-23,1.0,3.536768e-24
Testing/notumor/Te-no_0247.jpg,2,no_tumor,2,2.642238e-15,3.1641475e-12,1.0,1.655206e-11
Testing/notumor/Te-no_0248.jpg,2,no_tumor,2,6.6730794e-25,5.524275e-23,1.0,7.192282e-20
Testing/notumor/Te-no_0249.jpg,2,no_tumor,2,0.0035351457,0.000111481924,0.9954957,0.00085761654
Testing/notumor/Te-no_0250.jpg,2,no_tumor,2,0.0,1.5279057e-35,1.0,9.423709e-38
Testing/notumor/Te-no_0251.jpg,2,no_tumor,2,0.0018498767,0.000156731,0.99709654,0.00089685206
Testing/notumor/Te-no_0252.jpg,2,no_tumor,0,0.9984925,5.932101e-15,0.001507455,4.707141e-10
Testing/notumor/Te-no_0253.jpg,2,no_tumor,2,0.013761936,1.9548539e-05,0.9857547,0.00046380382
Testing/notumor/Te-no_0254.jpg,2,no_tumor,2,8.461664e-26,5.678407e-24,1.0,1.8804252e-27
Testing/notumor/Te-no_0255.jpg,2,no_tumor,2,0.00027767275,9.735371e-06,0.99962485,8.7750894e-05
Testing/notumor/Te-no_0256.jpg,2,no_tumor,2,1.9875478e-29,9.4147825e-26,1.0,1.3852395e-25
Testing/notumor/Te-no_0257.jpg,2,no_tumor,2,4.201052e-19,3.18757e-17,1.0,8.75461e-19
Testing/notumor/Te-no_0258.jpg,2,no_tumor,2,0.009532959,0.0002147677,0.9882477,0.0020046446
Testing/notumor/Te-no_0259.jpg,2,no_tumor,2,2.257693e-13,4.67223e-13,1.0,1.4301824e-14
Testing/notumor/Te-no_0260.jpg,2,no_tumor,2,0.05326439,7.438374e-08,0.9467012,3.426825e-05
Testing/notumor/Te-no_0261.jpg,2,no_tumor,2,2.6437981e-17,7.408333e-15,1.0,7.722892e-16
Testing/notumor/Te-no_0262.jpg,2,no_tumor,2,1.1355238e-23,6.3467546e-20,1.0,1.2402592e-23
Testing/notumor/Te-no_0263.jpg,2,no_tumor,2,3.6048537e-35,4.2817094e-32,1.0,1.8885015e-31
Testing/notumor/Te-no_0264.jpg,2,no_tumor,2,2.8117194e-34,9.2335503e-29,1.0,6.0013906e-32
Testing/notumor/Te-no_0265.jpg,2,no_tumor,2,0.04242603,0.003590863,0.94232595,0.011657109
Testing/notumor/Te-no_0266.jpg,2,no_tumor,2,1.4521506e-25,9.679376e-21,1.0,4.492364e-25
Testing/notumor/Te-no_0267.jpg,2,no_tumor,2,0.0011269422,6.137792e-07,0.9987936,7.8830664e-05
Testing/notumor/Te-no_0268.jpg,2,no_tumor,2,1.2274015e-29,3.919614e-23,1.0,6.950153e-28
Testing/notumor/Te-no_0269.jpg,2,no_tumor,2,1.9575484e-28,7.369788e-26,1.0,3.3550463e-28
Testing/notumor/Te-no_0270.jpg,2,no_tumor,2,0.28991756,0.0055711414,0.6733378,0.031173492
Testing/notumor/Te-no_0271.jpg,2,no_tumor,2,0.0025386468,2.2385497e-05,0.9969574,0.00048161595
Testing/notumor/Te-no_0272.jpg,2,no_tumor,2,8.7581255e-17,3.2034274e-14,1.0,2.1652094e-17
Testing/notumor/Te-no_0273.jpg,2,no_tumor,2,0.08470646,2.3699915e-08,0.91528666,6.9194657e-06
Testing/notumor/Te-no_0274.jpg,2,no_tumor,2,6.49109e-14,1.0269446e-12,1.0,1.1911635e-15
Testing/notumor/Te-no_0275.jpg,2,no_tumor,2,0.0302969,0.0016659942,0.9606748,0.0073621883
Testing/notumor/Te-no_0276.jpg,2,no_tumor,2,5.6552402e-14,1.3110193e-12,1.0,9.07823e-15
Testing/notumor/Te-no_0277.jpg,2,no_tumor,2,5.988124e-18,2.0142019e-13,1.0,1.2366353e-16
Testing/notumor/Te-no_0278.jpg,2,no_tumor,2,1.9783687e-25,4.864421e-22,1.0,5.6347484e-26
Testing/notumor/Te-no_0279.jpg,2,no_tumor,2,8.914648e-09,4.7507555e-08,1.0,3.774863e-10
Testing/notumor/Te-no_0280.jpg,2,no_tumor,2,0.0076235207,0.014431485,0.96597743,0.011967591
Testing/notumor/Te-no_0281.jpg,2,no_tumor,0,0.8236208,0.0030554663,0.15680662,0.016517183
Testing/notumor/Te-no_0282.jpg,2,no_tumor,2,5.426051e-15,4.043083e-14,1.0,2.8122078e-15
Testing/notumor/Te-no_0283.jpg,2,no_tumor,2,0.07852678,8.090448e-05,0.9190737,0.0023186696
Testing/notumor/Te-no_0284.jpg,2,no_tumor,2,3.5498414e-15,4.0496198e-14,1.0,1.1335888e-16
Testing/notumor/Te-no_0285.jpg,2,no_tumor,2,1.4088911e-32,4.892765e-29,1.0,1.6873845e-27
Testing/notumor/Te-no_0286.jpg,2,no_tumor,2,2.60301e-12,2.2232836e-10,1.0,4.734869e-12
Testing/notumor/Te-no_0287.jpg,2,no_tumor,2,7.5722587e-28,9.62104e-26,1.0,5.790875e-29
Testing/notumor/Te-no_0288.jpg,2,no_tumor,2,1.3011424e-34,1.1205537e-30,1.0,9.977247e-32
Testing/notumor/Te-no_0289.jpg,2,no_tumor,2,2.616802e-06,2.447577e-06,0.9999933,1.6834708e-06
Testing/notumor/Te-no_0290.jpg,2,no_tumor,2,0.2824988,0.00024082845,0.7094985,0.0077618775
Testing/notumor/Te-no_0291.jpg,2,no_tumor,2,0.13436319,2.1753947e-06,0.8653363,0.00029828117
Testing/notumor/Te-no_0292.jpg,2,no_tumor,2,1.3428107e-31,1.1375337e-26,1.0,8.3586365e-29
Testing/notumor/Te-no_0293.jpg,2,no_tumor,2,5.1868975e-33,1.3219288e-28,1.0,8.238533e-29
Testing/notumor/Te-no_0294.jpg,2,no_tumor,2,4.2752572e-12,3.2383851e-09,1.0,5.119937e-12
Testing/notumor/Te-no_0295.jpg,2,no_tumor,2,0.0019077262,6.410398e-05,0.9974935,0.0005347802
Testing/notumor/Te-no_0296.jpg,2,no_tumor,2,1.7105542e-34,1.8214966e-31,1.0,7.025412e-33
Testing/notumor/Te-no_0297.jpg,2,no_tumor,2,1.2691254e-28,8.889666e-25,1.0,1.422885e-25
Testing/notumor/Te-no_0298.jpg,2,no_tumor,2,0.0051601976,0.0053392407,0.9815143,0.007986308
Testing/notumor/Te-no_0299.jpg,2,no_tumor,2,0.014289594,4.919072e-09,0.98570836,2.0455848e-06
Testing/notumor/Te-no_0300.jpg,2,no_tumor,2,0.17802706,0.22019956,0.35334158,0.24843182
Testing/notumor/Te-no_0301.jpg,2,no_tumor,2,7.97101e-34,1.1692204e-31,1.0,3.195165e-33
Testing/notumor/Te-no_0302.jpg,2,no_tumor,2,0.3004173,7.900763e-07,0.69951177,7.009401e-05
Testing/notumor/Te-no_0303.jpg,2,no_tumor,2,1.5210665e-28,1.5507904e-26,1.0,2.0244512e-24
Testing/notumor/Te-no_0304.jpg,2,no_tumor,2,0.07989879,8.095583e-08,0.9200603,4.0951272e-05
Testing/notumor/Te-no_0305.jpg,2,no_tumor,2,0.006595354,6.567953e-06,0.99309945,0.00029857078
Testing/notumor/Te-no_0306.jpg,2,no_tumor,2,0.072735295,1.6647723e-06,0.9271202,0.00014283291
Testing/notumor/Te-no_0307.jpg,2,no_tumor,0,0.9546641,2.1288797e-09,0.045333393,2.4490214e-06
Testing/notumor/Te-no_0308.jpg,2,no_tumor,2,0.005186057,1.0275706e-05,0.994578,0.00022559366
Testing/notumor/Te-no_0309.jpg,2,no_tumor,2,0.08328521,3.2245214e-06,0.9164279,0.00028374384
Testing/notumor/Te-no_0310.jpg,2,no_tumor,2,2.1694945e-15,1.3423901e-13,1.0,6.2873435e-16
Testing/notumor/Te-no_0311.jpg,2,no_tumor,2,2.756198e-13,9.522673e-11,1.0,7.491612e-12
Testing/notumor/Te-no_0312.jpg,2,no_tumor,2,1.0604396e-26,5.7813983e-24,1.0,2.4755389e-26
Testing/notumor/Te-no_0313.jpg,2,no_tumor,2,3.1695483e-19,6.0877355e-19,1.0,1.2680093e-18
Testing/notumor/Te-no_0314.jpg,2,no_tumor,2,0.0,4.5916867e-35,1.0,2.5484632e-36
Testing/notumor/Te-no_0315.jpg,2,no_tumor,2,8.0419864e-05,5.6858808e-05,0.9998541,8.554338e-06
Testing/notumor/Te-no_0316.jpg,2,no_tumor,2,0.005125058,0.0008953001,0.9893596,0.0046199393
Testing/notumor/Te-no_0317.jpg,2,no_tumor,2,0.024084048,0.006279782,0.9580726,0.011563534
Testing/notumor/Te-no_0318.jpg,2,no_tumor,2,2.6340775e-14,4.4314385e-14,1.0,1.8957898e-14
Testing/notumor/Te-no_0319.jpg,2,no_tumor,2,1.1157636e-15,4.339059e-18,1.0,2.6345618e-20
Testing/notumor/Te-no_0320.jpg,2,no_tumor,2,1.5354853e-11,4.041665e-10,1.0,1.0242789e-11
Testing/notumor/Te-no_0321.jpg,2,no_tumor,2,0.07280976,0.017571665,0.88683814,0.022780448
Testing/notumor/Te-no_0322.jpg,2,no_tumor,2,6.159746e-29,1.9633024e-25,1.0,2.8783022e-24
Testing/notumor/Te-no_0323.jpg,2,no_tumor,2,7.3165376e-26,7.598791e-21,1.0,2.801871e-25
Testing/notumor/Te-no_0324.jpg,2,no_tumor,2,1.4289234e-13,1.0615324e-11,1.0,1.3784216e-13
Testing/notumor/Te-no_0325.jpg,2,no_tumor,2,6.456437e-05,0.00038453765,0.9995369,1.4102523e-05
Testing/notumor/Te-no_0326.jpg,2,no_tumor,2,0.16609259,0.0017598358,0.80705476,0.025092829
Testing/notumor/Te-no_0327.jpg,2,no_tumor,2,2.7932142e-19,5.515174e-17,1.0,6.884484e-18
Testing/notumor/Te-no_0328.jpg,2,no_tumor,2,4.756107e-22,1.7601132e-19,1.0,1.4118265e-20
Testing/notumor/Te-no_0329.jpg,2,no_tumor,2,5.0560404e-28,1.9131552e-23,1.0,1.5164608e-20
Testing/notumor/Te-no_0330.jpg,2,no_tumor,2,3.092519e-12,4.603015e-13,1.0,1.1070891e-15
Testing/notumor/Te-no_0331.jpg,2,no_tumor,2,6.8171325e-08,4.8921358e-08,0.9999999,1.73203e-10
Testing/notumor/Te-no_0332.jpg,2,no_tumor,2,4.796149e-31,5.7678197e-27,1.0,1.0457533e-25
Testing/notumor/Te-no_0333.jpg,2,no_tumor,2,2.0125486e-15,6.958608e-15,1.0,4.800872e-16
Testing/notumor/Te-no_0334.jpg,2,no_tumor,2,5.198976e-20,1.917077e-17,1.0,1.9635395e-20
Testing/notumor/Te-no_0335.jpg,2,no_tumor,2,0.017721748,2.6237658e-05,0.9817345,0.0005175316
Testing/notumor/Te-no_0336.jpg,2,no_tumor,2,0.3829511,7.209628e-07,0.61701995,2.8202501e-05
Testing/notumor/Te-no_0337.jpg,2,no_tumor,2,1.4748784e-17,1.6227437e-17,1.0,9.101101e-18
Testing/notumor/Te-no_0338.jpg,2,no_tumor,2,0.0100646205,0.00067564927,0.9847995,0.004460211
Testing/notumor/Te-no_0339.jpg,2,no_tumor,2,9.686047e-24,1.3843337e-21,1.0,6.783342e-24
Testing/notumor/Te-no_0340.jpg,2,no_tumor,2,1.7913633e-23,3.0812447e-19,1.0,2.7531123e-18
Testing/notumor/Te-no_0341.jpg,2,no_tumor,0,0.9517814,1.0588884e-08,0.04821101,7.5596977e-06
Testing/notumor/Te-no_0342.jpg,2,no_tumor,2,1.1158689e-32,6.461864e-29,1.0,9.97525e-28
Testing/notumor/Te-no_0343.jpg,2,no_tumor,2,1.4770242e-16,3.734036e-15,1.0,1.955604e-17
Testing/notumor/Te-no_0344.jpg,2,no_tumor,2,0.32396176,0.036221534,0.54077595,0.09904075
Testing/notumor/Te-no_0345.jpg,2,no_tumor,2,3.1649965e-32,8.532178e-30,1.0,6.9149175e-31
Testing/notumor/Te-no_0346.jpg,2,no_tumor,2,4.85858e-29,3.8962145e-28,1.0,1.7518667e-27
Testing/notumor/Te-no_0347.jpg,2,no_tumor,0,0.7714864,2.3284851e-08,0.22849485,1.8696608e-05
Testing/notumor/Te-no_0348.jpg,2,no_tumor,2,0.0109368265,0.0049649635,0.974422,0.009676294
Testing/notumor/Te-no_0349.jpg,2,no_tumor,2,0.0009796998,0.00028026153,0.9981908,0.00054924894
Testing/notumor/Te-no_0350.jpg,2,no_tumor,2,2.1279628e-05,2.6760008e-05,0.999951,9.666977e-07
Testing/notumor/Te-no_0351.jpg,2,no_tumor,2,0.049680594,1.5033081e-05,0.94912934,0.0011750102
Testing/notumor/Te-no_0352.jpg,2,no_tumor,2,5.16297e-26,1.6504812e-25,1.0,1.9106819e-24
Testing/notumor/Te-no_0353.jpg,2,no_tumor,2,0.003154134,1.9979856e-05,0.99627376,0.0005521368
Testing/notumor/Te-no_0354.jpg,2,no_tumor,2,1.2681311e-24,3.583409e-21,1.0,5.0553663e-20
Testing/notumor/Te-no_0355.jpg,2,no_tumor,2,2.3173626e-18,1.5840529e-17,1.0,6.4407595e-18
Testing/notumor/Te-no_0356.jpg,2,no_tumor,2,1.1465955e-11,5.6783384e-10,1.0,1.2120352e-11
Testing/notumor/Te-no_0357.jpg,2,no_tumor,2,2.8259247e-26,6.2005035e-23,1.0,3.5022925e-23
Testing/notumor/Te-no_0358.jpg,2,no_tumor,2,3.644555e-18,1.07756736e-17,1.0,5.410621e-19
Testing/notumor/Te-no_0359.jpg,2,no_tumor,2,5.1077496e-25,1.306099e-21,1.0,2.145572e-20
Testing/notumor/Te-no_0360.jpg,2,no_tumor,2,7.182462e-10,2.9140532e-09,1.0,8.062485e-10
Testing/notumor/Te-no_0361.jpg,2,no_tumor,2,0.093401246,0.009866812,0.8407647,0.055967268
Testing/notumor/Te-no_0362.jpg,2,no_tumor,2,1.0697942e-12,3.410049e-11,1.0,2.7542382e-09
Testing/notumor/Te-no_0363.jpg,2,no_tumor,2,1.9744763e-27,4.385002e-25,1.0,1.253226e-27
Testing/notumor/Te-no_0364.jpg,2,no_tumor,2,4.4539607e-22,2.9801857e-19,1.0,3.5987635e-22
Testing/notumor/Te-no_0365.jpg,2,no_tumor,2,1.5488568e-19,3.21329e-19,1.0,8.371763e-19
Testing/notumor/Te-no_0366.jpg,2,no_tumor,2,8.875873e-33,2.191899e-28,1.0,7.8789425e-30
Testing/notumor/Te-no_0367.jpg,2,no_tumor,2,1.3546795e-32,2.8771547e-28,1.0,1.5499668e-28
Testing/notumor/Te-no_0368.jpg,2,no_tumor,0,0.99859875,5.853244e-15,0.0014012415,4.6744825e-10
Testing/notumor/Te-no_0369.jpg,2,no_tumor,2,1.8575608e-27,2.7928766e-24,1.0,1.9346463e-28
Testing/notumor/Te-no_0370.jpg,2,no_tumor,2,4.2394795e-27,2.706958e-25,1.0,1.3999364e-28
Testing/notumor/Te-no_0371.jpg,2,no_tumor,2,0.0025406117,0.00014899207,0.9964162,0.00089423556
Testing/notumor/Te-no_0372.jpg,2,no_tumor,2,3.8372424e-21,8.585046e-20,1.0,3.6903068e-23
Testing/notumor/Te-no_0373.jpg,2,no_tumor,2,1.4206238e-17,8.132606e-17,1.0,4.2555237e-18
Testing/notumor/Te-no_0374.jpg,2,no_tumor,2,7.5739936e-35,1.561138e-31,1.0,6.577452e-31
Testing/notumor/Te-no_0375.jpg,2,no_tumor,2,1.30659e-17,8.591649e-16,1.0,4.305867e-18
Testing/notumor/Te-no_0376.jpg,2,no_tumor,2,0.02278329,0.0001452619,0.9742886,0.0027829055
Testing/notumor/Te-no_0377.jpg,2,no_tumor,2,2.6081934e-12,7.360268e-10,1.0,7.442331e-13
Testing/notumor/Te-no_0378.jpg,2,no_tumor,2,1.1393145e-33,4.308223e-30,1.0,2.4729663e-30
Testing/notumor/Te-no_0379.jpg,2,no_tumor,2,0.02249249,0.0011562232,0.95813006,0.018221252
Testing/notumor/Te-no_0380.jpg,2,no_tumor,2,5.91102e-28,8.340371e-25,1.0,1.1151452e-25
Testing/notumor/Te-no_0381.jpg,2,no_tumor,2,0.00074121123,5.2366413e-06,0.99905425,0.000199276
Testing/notumor/Te-no_0382.jpg,2,no_tumor,2,2.9382374e-27,7.4865345e-25,1.0,7.707108e-26
Testing/notumor/Te-no_0383.jpg,2,no_tumor,2,5.104172e-30,3.3166418e-28,1.0,5.4525067e-30
Testing/notumor/Te-no_0384.jpg,2,no_tumor,2,2.5073685e-14,1.4019277e-12,1.0,1.0250709e-14
Testing/notumor/Te-no_0385.jpg,2,no_tumor,2,0.00972218,0.001987797,0.9835881,0.004701969
Testing/notumor/Te-no_0386.jpg,2,no_tumor,2,1.3720872e-24,4.3177995e-22,1.0,1.5674509e-24
Testing/notumor/Te-no_0387.jpg,2,no_tumor,0,0.9474617,3.1009573e-09,0.052537836,4.6746496e-07
Testing/notumor/Te-no_0388.jpg,2,no_tumor,2,0.007101459,1.6991202e-05,0.99256426,0.00031738615
Testing/notumor/Te-no_0389.jpg,2,no_tumor,2,3.3320696e-16,8.333767e-15,1.0,5.8288526e-17
Testing/notumor/Te-no_0390.jpg,2,no_tumor,2,3.3185106e-23,1.2022673e-20,1.0,5.1868077e-22
Testing/notumor/Te-no_0391.jpg,2,no_tumor,2,6.091319e-17,7.0641647e-14,1.0,1.4708841e-16
Testing/notumor/Te-no_0392.jpg,2,no_tumor,2,1.6563852e-17,9.4210055e-17,1.0,1.7202267e-18
Testing/notumor/Te-no_0393.jpg,2,no_tumor,2,4.0845788e-23,5.7103716e-20,1.0,9.6933335e-23
Testing/notumor/Te-no_0394.jpg,2,no_tumor,2,1.0940505e-05,6.609488e-05,0.9999207,2.252853e-06
Testing/notumor/Te-no_0395.jpg,2,no_tumor,2,0.028553722,8.626085e-06,0.9711022,0.00033547767
Testing/notumor/Te-no_0396.jpg,2,no_tumor,2,0.029118901,0.009745094,0.9438602,0.017275898
Testing/notumor/Te-no_0397.jpg,2,no_tumor,2,0.011948005,0.0011695843,0.97978824,0.0070941485
Testing/notumor/Te-no_0398.jpg,2,no_tumor,2,1.7275977e-19,3.7798782e-17,1.0,5.692413e-18
Testing/notumor/Te-no_0399.jpg,2,no_tumor,2,1.1676753e-21,4.6314814e-19,1.0,2.41327e-20
Testing/notumor/Te-no_0400.jpg,2,no_tumor,2,1.5115305e-14,1.4643963e-15,1.0,5.6542884e-15
Testing/notumor/Te-no_0401.jpg,2,no_tumor,2,3.028571e-12,2.4944503e-11,1.0,2.17297e-14
Testing/notumor/Te-no_0402.jpg,2,no_tumor,2,5.2219555e-19,4.533799e-19,1.0,2.178513e-19
Testing/notumor/Te-no_0403.jpg,2,no_tumor,2,3.0402267e-20,9.679875e-17,1.0,7.942449e-19
Testing/notumor/Te-no_0404.jpg,2,no_tumor,2,0.00016416672,1.32343175e-05,0.99982184,8.056787e-07
Testing/pituitary/Te-piTr_0000.jpg,3,pituitary,3,0.00090409577,0.0026255858,0.0006129231,0.9958574
Testing/pituitary/Te-piTr_0001.jpg,3,pituitary,3,3.2317224e-12,1.1724046e-09,7.9237485e-11,1.0
Testing/pituitary/Te-piTr_0002.jpg,3,pituitary,1,5.1240102e-05,0.59772104,0.00028373406,0.40194398
Testing/pituitary/Te-piTr_0003.jpg,3,pituitary,3,3.7057353e-14,3.0283098e-13,7.406048e-14,1.0
Testing/pituitary/Te-piTr_0004.jpg,3,pituitary,3,2.116002e-12,1.6808821e-09,8.3607225e-11,1.0
Testing/pituitary/Te-piTr_0005.jpg,3,pituitary,3,3.9430785e-11,2.7123137e-09,1.9918933e-10,1.0
Testing/pituitary/Te-piTr_0006.jpg,3,pituitary,3,3.4416916e-09,1.05976075e-10,7.1099935e-09,1.0
Testing/pituitary/Te-piTr_0007.jpg,3,pituitary,3,1.7359486e-06,8.421115e-06,9.263469e-07,0.9999889
Testing/pituitary/Te-piTr_0008.jpg,3,pituitary,3,3.783637e-10,1.428087e-06,9.9280726e-08,0.99999845
Testing/pituitary/Te-piTr_0009.jpg,3,pituitary,3,0.02766589,0.03426491,0.0072171367,0.93085206
Testing/pituitary/Te-pi_0010.jpg,3,pituitary,3,0.006327523,0.019486677,0.0019801883,0.9722056
Testing/pituitary/Te-pi_0011.jpg,3,pituitary,3,6.3742285e-05,2.0554913e-05,6.034696e-06,0.99990964
Testing/pituitary/Te-pi_0012.jpg,3,pituitary,3,4.0936525e-06,9.514111e-05,5.06483e-06,0.9998957
Testing/pituitary/Te-pi_0013.jpg,3,pituitary,3,0.0050629256,0.0009827695,0.00055888057,0.9933955
Testing/pituitary/Te-pi_0014.jpg,3,pituitary,3,0.00019047542,0.0029007758,0.00011723943,0.9967914
Testing/pituitary/Te-pi_0015.jpg,3,pituitary,3,0.015085558,0.03309022,0.0047217538,0.9471025
Testing/pituitary/Te-pi_0016.jpg,3,pituitary,2,0.28193086,0.00276062,0.66069853,0.054609954
Testing/pituitary/Te-pi_0017.jpg,3,pituitary,3,8.246009e-08,3.553563e-06,2.0891962e-07,0.99999607
Testing/pituitary/Te-pi_0018.jpg,3,pituitary,0,0.53811085,0.0012532631,0.42953458,0.031101258
Testing/pituitary/Te-pi_0019.jpg,3,pituitary,3,0.016708938,0.12740275,0.0060454453,0.8498429
Testing/pituitary/Te-pi_0020.jpg,3,pituitary,3,6.42314e-09,1.0199727e-06,1.62022e-07,0.9999988
Testing/pituitary/Te-pi_0021.jpg,3,pituitary,3,4.490231e-05,3.2632918e-06,1.1570163e-06,0.99995065
Testing/pituitary/Te-pi_0022.jpg,3,pituitary,3,0.0021346149,1.158992e-05,2.0185442e-05,0.99783355
Testing/pituitary/Te-pi_0023.jpg,3,pituitary,3,2.8173558e-06,8.140489e-06,5.808738e-07,0.99998844
Testing/pituitary/Te-pi_0024.jpg,3,pituitary,3,0.00012331038,0.0013961071,0.00011669017,0.9983639
Testing/pituitary/Te-pi_0025.jpg,3,pituitary,3,0.0187293,0.068878956,0.011887942,0.9005038
Testing/pituitary/Te-pi_0026.jpg,3,pituitary,3,4.18986e-08,8.0962985e-07,2.3246862e-07,0.9999989
Testing/pituitary/Te-pi_0027.jpg,3,pituitary,3,0.0007079279,0.0036639883,0.0003881164,0.99524
Testing/pituitary/Te-pi_0028.jpg,3,pituitary,3,0.043766916,0.28535572,0.014238893,0.6566385
Testing/pituitary/Te-pi_0029.jpg,3,pituitary,3,1.7454887e-06,0.00065573084,1.877561e-06,0.9993406
Testing/pituitary/Te-pi_0030.jpg,3,pituitary,3,6.645879e-05,9.61018e-05,8.564553e-06,0.9998288
Testing/pituitary/Te-pi_0031.jpg,3,pituitary,3,0.005829561,0.00861125,0.0013026707,0.98425657
Testing/pituitary/Te-pi_0032.jpg,3,pituitary,0,0.635063,0.00024843833,0.3557332,0.008955362
Testing/pituitary/Te-pi_0033.jpg,3,pituitary,3,0.0027084898,0.00056428753,0.00024630158,0.99648094
Testing/pituitary/Te-pi_0034.jpg,3,pituitary,3,0.00018275097,0.063515924,0.00032612114,0.93597513
Testing/pituitary/Te-pi_0035.jpg,3,pituitary,3,0.022685999,0.030140454,0.013858498,0.933315
Testing/pituitary/Te-pi_0036.jpg,3,pituitary,3,0.021554714,0.013274841,0.008515189,0.9566553
Testing/pituitary/Te-pi_0037.jpg,3,pituitary,3,0.00018372132,0.0012125417,0.000118623924,0.99848515
Testing/pituitary/Te-pi_0038.jpg,3,pituitary,3,0.0018229929,0.0043958668,0.0009914726,0.9927898
Testing/pituitary/Te-pi_0039.jpg,3,pituitary,3,0.0014145061,0.0004263566,0.00015197936,0.99800724
Testing/pituitary/Te-pi_0040.jpg,3,pituitary,3,2.2703503e-05,1.6589704e-05,2.7771096e-06,0.9999579
Testing/pituitary/Te-pi_0041.jpg,3,pituitary,0,0.51526046,0.0012705928,0.4552846,0.028184393
Testing/pituitary/Te-pi_0042.jpg,3,pituitary,3,0.0002415546,0.00092420285,0.00015332387,0.9986809
Testing/pituitary/Te-pi_0043.jpg,3,pituitary,2,0.010234974,0.07408058,0.66771585,0.24796861
Testing/pituitary/Te-pi_0044.jpg,3,pituitary,3,0.00047618704,0.0016028922,9.7283395e-05,0.9978236
Testing/pituitary/Te-pi_0045.jpg,3,pituitary,3,2.0952444e-09,7.1030354e-07,2.5680741e-08,0.9999993
Testing/pituitary/Te-pi_0046.jpg,3,pituitary,3,4.699353e-14,2.583878e-11,4.742905e-12,1.0
Testing/pituitary/Te-pi_0047.jpg,3,pituitary,3,3.40763e-15,5.280711e-11,9.2515114e-11,1.0
Testing/pituitary/Te-pi_0048.jpg,3,pituitary,3,3.1094037e-13,1.00445504e-13,1.7808007e-14,1.0
Testing/pituitary/Te-pi_0049.jpg,3,pituitary,3,3.5078907e-14,2.4742393e-12,1.7684345e-12,1.0
Testing/pituitary/Te-pi_0050.jpg,3,pituitary,3,4.094045e-17,2.3110818e-14,1.7819322e-14,1.0
Testing/pituitary/Te-pi_0051.jpg,3,pituitary,3,9.4882694e-08,6.0962856e-07,5.752205e-08,0.9999993
Testing/pituitary/Te-pi_0052.jpg,3,pituitary,3,2.4712865e-05,0.00058658654,4.4663215e-05,0.99934405
Testing/pituitary/Te-pi_0053.jpg,3,pituitary,3,3.546379e-08,8.689972e-07,1.730881e-08,0.99999905
Testing/pituitary/Te-pi_0054.jpg,3,pituitary,3,0.03396454,0.032185048,0.012568998,0.9212814
Testing/pituitary/Te-pi_0055.jpg,3,pituitary,3,1.2457598e-15,1.4971447e-13,6.3436276e-14,1.0
Testing/pituitary/Te-pi_0056.jpg,3,pituitary,3,1.6715927e-06,1.3548924e-05,1.7105675e-06,0.9999831
Testing/pituitary/Te-pi_0057.jpg,3,pituitary,3,0.007928547,0.0061671673,0.0043023224,0.9816019
Testing/pituitary/Te-pi_0058.jpg,3,pituitary,0,0.41979772,0.112465344,0.25005886,0.21767804
Testing/pituitary/Te-pi_0059.jpg,3,pituitary,3,2.4447404e-08,7.190389e-07,1.7194492e-07,0.99999917
Testing/pituitary/Te-pi_0060.jpg,3,pituitary,3,2.8410193e-06,1.1478427e-06,5.059883e-07,0.9999956
Testing/pituitary/Te-pi_0061.jpg,3,pituitary,3,3.0614835e-08,3.331817e-07,2.4266509e-08,0.99999964
Testing/pituitary/Te-pi_0062.jpg,3,pituitary,3,4.7343143e-05,0.000121025645,1.3447318e-05,0.99981815
Testing/pituitary/Te-pi_0063.jpg,3,pituitary,3,0.00012147694,0.00017890762,5.522224e-05,0.9996444
Testing/pituitary/Te-pi_0064.jpg,3,pituitary,0,0.48387775,0.14548577,0.13496019,0.23567632
Testing/pituitary/Te-pi_0065.jpg,3,pituitary,3,0.0023238135,0.005652446,0.001574745,0.990449
Testing/pituitary/Te-pi_0066.jpg,3,pituitary,3,1.4774683e-05,0.00055494334,1.0449878e-05,0.9994198
Testing/pituitary/Te-pi_0067.jpg,3,pituitary,3,3.5701522e-10,2.2115962e-07,2.6041307e-09,0.99999976
Testing/pituitary/Te-pi_0068.jpg,3,pituitary,3,1.0618726e-08,1.297587e-05,5.2636157e-08,0.999987
Testing/pituitary/Te-pi_0069.jpg,3,pituitary,3,8.061313e-10,2.2544816e-06,1.5163135e-08,0.99999774
Testing/pituitary/Te-pi_0070.jpg,3,pituitary,3,4.3232648e-10,8.735701e-10,7.3249965e-12,1.0
Testing/pituitary/Te-pi_0071.jpg,3,pituitary,3,2.8444032e-11,1.6984111e-05,1.4053786e-09,0.9999831
Testing/pituitary/Te-pi_0072.jpg,3,pituitary,3,0.019106839,0.026793797,0.004330734,0.9497686
Testing/pituitary/Te-pi_0073.jpg,3,pituitary,3,2.0521734e-10,2.180035e-11,7.243434e-14,1.0
Testing/pituitary/Te-pi_0074.jpg,3,pituitary,3,1.6502519e-13,1.4283517e-16,8.096058e-15,1.0
Testing/pituitary/Te-pi_0075.jpg,3,pituitary,3,6.2030854e-06,1.0852596e-07,1.918093e-09,0.9999937
Testing/pituitary/Te-pi_0076.jpg,3,pituitary,3,3.7758738e-16,9.510166e-15,1.5861141e-14,1.0
Testing/pituitary/Te-pi_0077.jpg,3,pituitary,3,5.8029376e-10,9.1305913e-10,1.1894122e-09,1.0
Testing/pituitary/Te-pi_0078.jpg,3,pituitary,3,4.3924397e-06,0.00035528312,7.544087e-06,0.99963284
Testing/pituitary/Te-pi_0079.jpg,3,pituitary,3,7.573151e-10,3.981195e-08,1.5783742e-09,1.0
Testing/pituitary/Te-pi_0080.jpg,3,pituitary,3,2.8050139e-11,7.057667e-12,7.859382e-12,1.0
Testing/pituitary/Te-pi_0081.jpg,3,pituitary,3,1.1169712e-11,1.0764167e-10,2.4111633e-12,1.0
Testing/pituitary/Te-pi_0082.jpg,3,pituitary,3,9.7506985e-17,3.3521246e-12,7.868217e-12,1.0
Testing/pituitary/Te-pi_0083.jpg,3,pituitary,3,3.4581232e-16,1.3439965e-13,6.9866373e-13,1.0
Testing/pituitary/Te-pi_0084.jpg,3,pituitary,3,7.023504e-05,6.287236e-05,9.640952e-06,0.9998572
Testing/pituitary/Te-pi_0085.jpg,3,pituitary,3,1.2035249e-12,4.377792e-13,3.0876194e-13,1.0
Testing/pituitary/Te-pi_0086.jpg,3,pituitary,3,2.0876072e-08,0.0010315644,2.2906324e-05,0.99894553
Testing/pituitary/Te-pi_0087.jpg,3,pituitary,3,5.2920415e-12,2.1890485e-10,6.4693834e-11,1.0
Testing/pituitary/Te-pi_0088.jpg,3,pituitary,3,1.2062116e-09,1.700363e-05,1.4189401e-06,0.9999815
Testing/pituitary/Te-pi_0089.jpg,3,pituitary,3,5.6239163e-08,2.4887433e-06,6.8980256e-07,0.9999968
Testing/pituitary/Te-pi_0090.jpg,3,pituitary,3,2.0224574e-11,8.377368e-08,7.0910184e-09,0.9999999
Testing/pituitary/Te-pi_0091.jpg,3,pituitary,3,2.6791688e-14,1.8761059e-11,1.01275125e-11,1.0
Testing/pituitary/Te-pi_0092.jpg,3,pituitary,3,2.5448594e-08,2.2177119e-07,4.102427e-07,0.9999994
Testing/pituitary/Te-pi_0093.jpg,3,pituitary,3,4.6552827e-06,0.0011756147,5.6964254e-05,0.99876285
Testing/pituitary/Te-pi_0094.jpg,3,pituitary,3,6.561179e-05,3.7783234e-06,2.4113406e-06,0.99992824
Testing/pituitary/Te-pi_0095.jpg,3,pituitary,3,1.870405e-13,4.6878026e-11,6.413381e-12,1.0
Testing/pituitary/Te-pi_0096.jpg,3,pituitary,3,6.4326913e-15,1.0046342e-11,3.9557693e-12,1.0
Testing/pituitary/Te-pi_0097.jpg,3,pituitary,3,3.6399428e-10,7.2710673e-09,1.1877731e-09,1.0
Testing/pituitary/Te-pi_0098.jpg,3,pituitary,3,9.452479e-11,2.8255773e-09,3.956166e-10,1.0
Testing/pituitary/Te-pi_0099.jpg,3,pituitary,3,2.1238698e-08,3.6020251e-06,8.5323296e-07,0.9999956
Testing/pituitary/Te-pi_0100.jpg,3,pituitary,3,2.3040999e-15,2.3098942e-12,3.973343e-12,1.0
Testing/pituitary/Te-pi_0101.jpg,3,pituitary,3,1.1410747e-13,4.328409e-12,2.5648888e-12,1.0
Testing/pituitary/Te-pi_0102.jpg,3,pituitary,3,2.8314493e-11,6.2513013e-09,1.0271755e-09,1.0
Testing/pituitary/Te-pi_0103.jpg,3,pituitary,3,0.032309882,2.303551e-05,0.0009956515,0.96667147
Testing/pituitary/Te-pi_0104.jpg,3,pituitary,3,1.3843408e-11,1.4288534e-08,3.0218866e-10,1.0
Testing/pituitary/Te-pi_0105.jpg,3,pituitary,3,1.7976047e-10,4.8628408e-08,6.5746906e-09,1.0
Testing/pituitary/Te-pi_0106.jpg,3,pituitary,3,3.7201798e-06,0.00012804143,4.659685e-06,0.9998636
Testing/pituitary/Te-pi_0107.jpg,3,pituitary,3,1.358722e-07,0.0005108589,2.851904e-06,0.9994861
Testing/pituitary/Te-pi_0108.jpg,3,pituitary,3,2.3201825e-12,5.808151e-11,2.9822204e-12,1.0
Testing/pituitary/Te-pi_0109.jpg,3,pituitary,3,3.167865e-07,1.1000224e-06,2.7963067e-08,0.99999857
Testing/pituitary/Te-pi_0110.jpg,3,pituitary,3,3.9462517e-12,8.383038e-09,1.7127698e-09,1.0
Testing/pituitary/Te-pi_0111.jpg,3,pituitary,3,1.347284e-10,2.2322832e-10,7.212481e-11,1.0
Testing/pituitary/Te-pi_0112.jpg,3,pituitary,0,0.4105801,0.062680244,0.24469437,0.28204522
Testing/pituitary/Te-pi_0113.jpg,3,pituitary,3,5.6481015e-09,9.070019e-07,7.724683e-08,0.9999989
Testing/pituitary/Te-pi_0114.jpg,3,pituitary,3,1.5459133e-06,1.587366e-05,2.7859222e-05,0.9999547
Testing/pituitary/Te-pi_0115.jpg,3,pituitary,3,3.69912e-12,6.121454e-07,1.1773322e-08,0.9999994
Testing/pituitary/Te-pi_0116.jpg,3,pituitary,3,1.4907497e-14,5.6787935e-10,6.094981e-13,1.0
Testing/pituitary/Te-pi_0117.jpg,3,pituitary,3,2.2738113e-14,1.3458333e-13,7.83864e-14,1.0
Testing/pituitary/Te-pi_0118.jpg,3,pituitary,3,6.3987125e-14,2.1734521e-13,1.6008341e-13,1.0
Testing/pituitary/Te-pi_0119.jpg,3,pituitary,3,0.00038692143,7.520013e-05,2.7129008e-05,0.99951077
Testing/pituitary/Te-pi_0120.jpg,3,pituitary,3,0.000110139605,0.0035600918,0.00024264836,0.9960872
Testing/pituitary/Te-pi_0121.jpg,3,pituitary,3,0.065388046,0.017729731,0.017631344,0.89925086
Testing/pituitary/Te-pi_0122.jpg,3,pituitary,1,0.019349307,0.559432,0.01649028,0.4047284
Testing/pituitary/Te-pi_0123.jpg,3,pituitary,3,4.944224e-09,1.32362254e-08,3.856343e-09,1.0
Testing/pituitary/Te-pi_0124.jpg,3,pituitary,3,1.7417335e-06,7.0609093e-07,2.998944e-07,0.99999714
Testing/pituitary/Te-pi_0125.jpg,3,pituitary,3,4.4266595e-13,1.3585456e-09,9.462743e-11,1.0
Testing/pituitary/Te-pi_0126.jpg,3,pituitary,3,2.5804755e-05,4.061646e-06,1.5840601e-06,0.9999685
Testing/pituitary/Te-pi_0127.jpg,3,pituitary,3,1.115753e-07,2.047015e-06,5.508008e-08,0.99999785
Testing/pituitary/Te-pi_0128.jpg,3,pituitary,3,2.0024622e-06,2.7951426e-06,2.4715587e-07,0.999995
Testing/pituitary/Te-pi_0129.jpg,3,pituitary,3,0.023190152,0.11456238,0.015250497,0.84699696
Testing/pituitary/Te-pi_0130.jpg,3,pituitary,3,0.037032228,0.2812719,0.0147469845,0.6669489
Testing/pituitary/Te-pi_0131.jpg,3,pituitary,3,1.8747323e-05,6.0014004e-06,3.9335328e-06,0.9999713
Testing/pituitary/Te-pi_0132.jpg,3,pituitary,3,1.5944813e-08,2.4777964e-07,1.4979966e-08,0.99999976
Testing/pituitary/Te-pi_0133.jpg,3,pituitary,3,4.6809905e-06,7.4341324e-06,1.0263849e-05,0.9999776
Testing/pituitary/Te-pi_0134.jpg,3,pituitary,3,1.1076811e-05,3.7697594e-06,1.0487419e-06,0.999984
Testing/pituitary/Te-pi_0135.jpg,3,pituitary,3,1.9310304e-08,2.7416638e-07,2.70039e-08,0.99999976
Testing/pituitary/Te-pi_0136.jpg,3,pituitary,3,2.6631474e-07,9.036137e-06,1.1622536e-06,0.9999895
Testing/pituitary/Te-pi_0137.jpg,3,pituitary,3,0.00012582327,0.00018121937,1.2901256e-05,0.99968016
Testing/pituitary/Te-pi_0138.jpg,3,pituitary,3,0.005212797,0.00048975437,0.00020959832,0.9940878
Testing/pituitary/Te-pi_0139.jpg,3,pituitary,3,0.00080758985,0.0014927376,0.00022339648,0.9974763
Testing/pituitary/Te-pi_0140.jpg,3,pituitary,0,0.38876998,0.067012124,0.27839226,0.26582557
Testing/pituitary/Te-pi_0141.jpg,3,pituitary,3,3.2456755e-06,0.00010132828,1.435542e-05,0.99988115
Testing/pituitary/Te-pi_0142.jpg,3,pituitary,3,2.7878318e-07,1.7677161e-05,1.9552515e-06,0.9999801
Testing/pituitary/Te-pi_0143.jpg,3,pituitary,3,1.2734166e-14,8.007336e-12,5.407316e-13,1.0
Testing/pituitary/Te-pi_0144.jpg,3,pituitary,3,3.998051e-06,2.5513462e-05,3.7252714e-06,0.99996674
Testing/pituitary/Te-pi_0145.jpg,3,pituitary,3,1.01429345e-08,2.1121515e-08,3.9240855e-09,1.0
Testing/pituitary/Te-pi_0146.jpg,3,pituitary,3,0.007871509,0.0035968316,0.0016745535,0.9868571
Testing/pituitary/Te-pi_0147.jpg,3,pituitary,3,0.0010097679,0.0013280944,0.00046123465,0.99720097
Testing/pituitary/Te-pi_0148.jpg,3,pituitary,3,1.4581407e-07,7.552815e-07,1.1068201e-07,0.9999989
Testing/pituitary/Te-pi_0149.jpg,3,pituitary,3,0.026488325,0.0070007327,0.0022585415,0.9642525
Testing/pituitary/Te-pi_0150.jpg,3,pituitary,3,0.0007091041,0.001477332,0.0003646446,0.99744886
Testing/pituitary/Te-pi_0151.jpg,3,pituitary,3,0.026152188,0.13243859,0.010697192,0.8307121
Testing/pituitary/Te-pi_0152.jpg,3,pituitary,0,0.7266434,0.00028428488,0.2616167,0.011455665
Testing/pituitary/Te-pi_0153.jpg,3,pituitary,3,5.2398853e-05,0.0036812832,0.00012721095,0.9961391
Testing/pituitary/Te-pi_0154.jpg,3,pituitary,0,0.7998417,6.275395e-05,0.19499037,0.0051051746
Testing/pituitary/Te-pi_0155.jpg,3,pituitary,3,0.004481009,0.0024619661,0.00058546435,0.9924716
Testing/pituitary/Te-pi_0156.jpg,3,pituitary,3,0.00093276176,0.0041151023,0.00043875922,0.9945134
Testing/pituitary/Te-pi_0157.jpg,3,pituitary,3,1.7607697e-07,2.1494151e-07,3.244073e-08,0.99999964
Testing/pituitary/Te-pi_0158.jpg,3,pituitary,3,0.11433955,0.0047165197,0.00524568,0.87569827
Testing/pituitary/Te-pi_0159.jpg,3,pituitary,3,0.00018093581,0.011200136,0.0003744182,0.98824453
Testing/pituitary/Te-pi_0160.jpg,3,pituitary,3,0.18325996,0.22117741,0.107317224,0.48824537
Testing/pituitary/Te-pi_0161.jpg,3,pituitary,3,5.6790133e-05,9.9578196e-05,1.5374973e-05,0.9998282
Testing/pituitary/Te-pi_0162.jpg,3,pituitary,3,0.004429338,0.009732183,0.0028786748,0.98295975
Testing/pituitary/Te-pi_0163.jpg,3,pituitary,3,3.438566e-05,0.15850796,0.00015255132,0.84130514
Testing/pituitary/Te-pi_0164.jpg,3,pituitary,3,0.026874999,0.19027214,0.01639225,0.7664606
Testing/pituitary/Te-pi_0165.jpg,3,pituitary,3,2.5261814e-05,0.00010330678,1.1364758e-05,0.99986005
Testing/pituitary/Te-pi_0166.jpg,3,pituitary,3,5.2130974e-07,6.98897e-06,2.5880706e-06,0.99998987
Testing/pituitary/Te-pi_0167.jpg,3,pituitary,3,3.1855976e-05,1.7315648e-05,1.3093567e-05,0.99993765
Testing/pituitary/Te-pi_0168.jpg,3,pituitary,3,3.8353637e-08,4.0380976e-07,1.3560578e-08,0.9999995
Testing/pituitary/Te-pi_0169.jpg,3,pituitary,3,0.00063468685,0.0013801369,0.00020078327,0.99778444
Testing/pituitary/Te-pi_0170.jpg,3,pituitary,3,0.09652913,0.16465975,0.044152156,0.69465894
Testing/pituitary/Te-pi_0171.jpg,3,pituitary,1,0.004215311,0.5520299,0.0022191403,0.4415356
Testing/pituitary/Te-pi_0172.jpg,3,pituitary,3,0.056185767,0.022671422,0.018372452,0.90277034
Testing/pituitary/Te-pi_0173.jpg,3,pituitary,3,1.8817467e-10,4.8629664e-07,4.691126e-08,0.9999995
Testing/pituitary/Te-pi_0174.jpg,3,pituitary,3,0.19351532,0.07970648,0.008045647,0.71873254
Testing/pituitary/Te-pi_0175.jpg,3,pituitary,0,0.98502004,2.1087433e-06,0.014799006,0.00017881335
Testing/pituitary/Te-pi_0176.jpg,3,pituitary,3,1.2412427e-06,4.318908e-05,3.144895e-06,0.99995244
Testing/pituitary/Te-pi_0177.jpg,3,pituitary,3,0.012751248,0.012544276,0.002099298,0.9726052
Testing/pituitary/Te-pi_0178.jpg,3,pituitary,3,2.8916813e-07,1.4844826e-05,3.7551698e-07,0.9999845
Testing/pituitary/Te-pi_0179.jpg,3,pituitary,3,0.2638211,0.23683216,0.09920981,0.400137
Testing/pituitary/Te-pi_0180.jpg,3,pituitary,3,0.00096705015,0.00011016946,7.769767e-05,0.998845
Testing/pituitary/Te-pi_0181.jpg,3,pituitary,3,0.0010111203,0.0022081507,0.0005486053,0.9962322
Testing/pituitary/Te-pi_0182.jpg,3,pituitary,3,0.0011843332,0.0038699866,0.0004749701,0.99447083
Testing/pituitary/Te-pi_0183.jpg,3,pituitary,3,0.00015664593,0.02105735,0.00015909469,0.9786269
Testing/pituitary/Te-pi_0184.jpg,3,pituitary,3,0.005125087,0.00095904624,0.00029659664,0.99361926
Testing/pituitary/Te-pi_0185.jpg,3,pituitary,3,3.6089213e-07,8.442277e-05,1.4865109e-05,0.99990034
Testing/pituitary/Te-pi_0186.jpg,3,pituitary,3,1.9342937e-05,3.8379345e-05,4.71675e-06,0.99993753
Testing/pituitary/Te-pi_0187.jpg,3,pituitary,3,0.024491725,0.044434726,0.0066113765,0.9244621
Testing/pituitary/Te-pi_0188.jpg,3,pituitary,0,0.76189095,0.009500722,0.00032607303,0.22828235
Testing/pituitary/Te-pi_0189.jpg,3,pituitary,3,0.38492376,0.13590464,0.03246061,0.44671094
Testing/pituitary/Te-pi_0190.jpg,3,pituitary,3,6.7162764e-05,0.0027758344,0.00013534958,0.9970216
Testing/pituitary/Te-pi_0191.jpg,3,pituitary,3,7.750186e-07,5.058624e-07,7.3342825e-08,0.99999857
Testing/pituitary/Te-pi_0192.jpg,3,pituitary,3,5.9258043e-10,1.06669575e-07,6.8075234e-10,0.9999999
Testing/pituitary/Te-pi_0193.jpg,3,pituitary,3,2.5574722e-09,3.969055e-05,3.1003847e-07,0.99995995
Testing/pituitary/Te-pi_0194.jpg,3,pituitary,3,6.2871988e-09,5.0632625e-06,2.3611099e-06,0.9999925
Testing/pituitary/Te-pi_0195.jpg,3,pituitary,3,2.8099742e-17,8.0814863e-13,1.431463e-13,1.0
Testing/pituitary/Te-pi_0196.jpg,3,pituitary,3,1.6214739e-07,1.9253964e-06,8.303897e-09,0.99999785
Testing/pituitary/Te-pi_0197.jpg,3,pituitary,3,9.1983275e-05,2.6914131e-05,5.4108947e-05,0.99982697
Testing/pituitary/Te-pi_0198.jpg,3,pituitary,3,2.3310699e-14,3.787063e-11,2.697032e-10,1.0
Testing/pituitary/Te-pi_0199.jpg,3,pituitary,3,1.4745584e-16,1.9610005e-14,4.296439e-15,1.0
Testing/pituitary/Te-pi_0200.jpg,3,pituitary,3,0.00069899036,4.8614354e-05,0.00037018416,0.99888223
Testing/pituitary/Te-pi_0201.jpg,3,pituitary,3,9.632796e-07,6.6800504e-07,9.440311e-09,0.99999833
Testing/pituitary/Te-pi_0202.jpg,3,pituitary,3,1.7774438e-15,1.2398876e-12,6.71415e-14,1.0
Testing/pituitary/Te-pi_0203.jpg,3,pituitary,3,1.3342905e-13,9.404341e-14,3.034136e-14,1.0
Testing/pituitary/Te-pi_0204.jpg,3,pituitary,3,3.6003042e-13,1.6764533e-10,2.4956304e-11,1.0
Testing/pituitary/Te-pi_0205.jpg,3,pituitary,3,7.030895e-14,1.4419476e-09,9.333609e-11,1.0
Testing/pituitary/Te-pi_0206.jpg,3,pituitary,3,1.976735e-06,1.642142e-06,0.00012565346,0.9998708
Testing/pituitary/Te-pi_0207.jpg,3,pituitary,3,5.345297e-13,9.0349515e-09,6.4119443e-10,1.0
Testing/pituitary/Te-pi_0208.jpg,3,pituitary,3,4.280816e-11,2.9503722e-09,2.6528038e-10,1.0
Testing/pituitary/Te-pi_0209.jpg,3,pituitary,3,1.4159723e-15,1.3251526e-13,1.3531168e-14,1.0
Testing/pituitary/Te-pi_0210.jpg,3,pituitary,3,1.0728786e-18,2.5199046e-15,1.9888048e-16,1.0
Testing/pituitary/Te-pi_0211.jpg,3,pituitary,3,3.4000535e-11,6.501149e-11,1.394276e-10,1.0
Testing/pituitary/Te-pi_0212.jpg,3,pituitary,3,3.112287e-12,1.3874528e-07,4.773808e-07,0.9999994
Testing/pituitary/Te-pi_0213.jpg,3,pituitary,3,3.3037457e-15,3.3309837e-12,2.122935e-12,1.0
Testing/pituitary/Te-pi_0214.jpg,3,pituitary,3,1.794114e-14,2.0901965e-13,5.5371305e-13,1.0
Testing/pituitary/Te-pi_0215.jpg,3,pituitary,3,6.4487104e-15,9.187686e-13,2.1833659e-13,1.0
Testing/pituitary/Te-pi_0216.jpg,3,pituitary,3,3.8345073e-13,1.3476925e-10,1.7641971e-11,1.0
Testing/pituitary/Te-pi_0217.jpg,3,pituitary,3,6.596499e-11,2.391133e-06,2.2314586e-08,0.9999976
Testing/pituitary/Te-pi_0218.jpg,3,pituitary,3,6.475616e-19,1.5723127e-14,4.83708e-11,1.0
Testing/pituitary/Te-pi_0219.jpg,3,pituitary,3,4.016496e-18,2.4720596e-16,1.26699924e-17,1.0
Testing/pituitary/Te-pi_0220.jpg,3,pituitary,3,4.215515e-12,3.8198385e-11,7.2247867e-12,1.0
Testing/pituitary/Te-pi_0221.jpg,3,pituitary,3,2.5317605e-19,3.1053686e-16,1.1976413e-17,1.0
Testing/pituitary/Te-pi_0222.jpg,3,pituitary,3,6.56478e-08,0.00025358502,9.972153e-06,0.99973637
Testing/pituitary/Te-pi_0223.jpg,3,pituitary,3,3.4199529e-13,3.034737e-11,4.560824e-12,1.0
Testing/pituitary/Te-pi_0224.jpg,3,pituitary,3,0.0024094218,0.0003397306,1.6606202e-06,0.9972492
Testing/pituitary/Te-pi_0225.jpg,3,pituitary,3,1.2877982e-14,2.8699064e-11,7.806599e-12,1.0
Testing/pituitary/Te-pi_0226.jpg,3,pituitary,3,2.0634168e-07,7.675533e-06,1.4688956e-07,0.999992
Testing/pituitary/Te-pi_0227.jpg,3,pituitary,3,1.938047e-14,6.232751e-13,1.5183736e-13,1.0
Testing/pituitary/Te-pi_0228.jpg,3,pituitary,3,9.380256e-12,2.9366692e-08,1.14396596e-10,1.0
Testing/pituitary/Te-pi_0229.jpg,3,pituitary,3,1.04440665e-16,1.5563477e-13,1.9501834e-14,1.0
Testing/pituitary/Te-pi_0230.jpg,3,pituitary,3,1.9271076e-13,1.0438164e-10,4.1920408e-11,1.0
Testing/pituitary/Te-pi_0231.jpg,3,pituitary,3,1.6366892e-12,3.271862e-09,6.4841216e-11,1.0
Testing/pituitary/Te-pi_0232.jpg,3,pituitary,3,2.5568047e-16,9.739812e-12,1.6794567e-12,1.0
Testing/pituitary/Te-pi_0233.jpg,3,pituitary,3,6.042193e-15,8.487263e-12,3.215987e-12,1.0
Testing/pituitary/Te-pi_0234.jpg,3,pituitary,3,9.180947e-12,6.5428782e-09,9.132965e-09,1.0
Testing/pituitary/Te-pi_0235.jpg,3,pituitary,3,5.0569255e-13,3.3851572e-07,8.257174e-10,0.99999964
Testing/pituitary/Te-pi_0236.jpg,3,pituitary,3,8.144955e-09,0.00022212171,1.9384102e-07,0.9997776
Testing/pituitary/Te-pi_0237.jpg,3,pituitary,3,1.3638233e-08,2.886636e-06,1.0836949e-08,0.99999714
Testing/pituitary/Te-pi_0238.jpg,3,pituitary,3,2.2412934e-14,1.6238764e-10,8.1124517e-13,1.0
Testing/pituitary/Te-pi_0239.jpg,3,pituitary,3,2.9973923e-10,1.4152079e-08,5.2882756e-09,1.0
Testing/pituitary/Te-pi_0240.jpg,3,pituitary,3,1.7379243e-13,2.9089595e-10,1.9870788e-13,1.0
Testing/pituitary/Te-pi_0241.jpg,3,pituitary,3,9.129259e-09,0.00095589977,7.634507e-07,0.9990434
Testing/pituitary/Te-pi_0242.jpg,3,pituitary,3,5.936322e-11,8.421906e-08,8.652769e-10,0.9999999
Testing/pituitary/Te-pi_0243.jpg,3,pituitary,3,2.410951e-13,9.530915e-09,3.1988443e-09,1.0
Testing/pituitary/Te-pi_0244.jpg,3,pituitary,3,2.6106594e-14,2.9805727e-11,9.793556e-12,1.0
Testing/pituitary/Te-pi_0245.jpg,3,pituitary,3,2.3094173e-13,4.2407478e-09,6.5532035e-10,1.0
Testing/pituitary/Te-pi_0246.jpg,3,pituitary,3,7.55728e-05,0.0011115249,0.00056460296,0.9982482
Testing/pituitary/Te-pi_0247.jpg,3,pituitary,3,0.00011836559,0.00012202733,0.0018913351,0.9978682
Testing/pituitary/Te-pi_0248.jpg,3,pituitary,3,4.43413e-08,2.0619302e-06,3.260864e-07,0.9999975
Testing/pituitary/Te-pi_0249.jpg,3,pituitary,3,5.456333e-08,1.3804615e-08,4.0175405e-09,0.9999999
Testing/pituitary/Te-pi_0250.jpg,3,pituitary,3,2.1017892e-10,5.0686733e-08,9.05094e-09,1.0
Testing/pituitary/Te-pi_0251.jpg,3,pituitary,3,3.2554185e-06,4.3839923e-06,4.36383e-05,0.99994874
Testing/pituitary/Te-pi_0252.jpg,3,pituitary,3,1.8807865e-08,1.1406927e-06,5.2592554e-06,0.99999356
Testing/pituitary/Te-pi_0253.jpg,3,pituitary,3,6.9945343e-12,2.3865865e-10,1.1984425e-11,1.0
Testing/pituitary/Te-pi_0254.jpg,3,pituitary,3,2.408437e-09,4.399332e-08,3.0759185e-08,1.0
Testing/pituitary/Te-pi_0255.jpg,3,pituitary,3,2.5406704e-12,3.7404874e-11,1.9503066e-10,1.0
Testing/pituitary/Te-pi_0256.jpg,3,pituitary,3,1.2375882e-13,2.2367486e-11,5.6415234e-11,1.0
Testing/pituitary/Te-pi_0257.jpg,3,pituitary,3,1.1092535e-15,1.1861176e-10,5.9878795e-12,1.0
Testing/pituitary/Te-pi_0258.jpg,3,pituitary,3,1.3414956e-15,1.0192057e-12,2.1984178e-13,1.0
Testing/pituitary/Te-pi_0259.jpg,3,pituitary,3,3.4258811e-09,2.9549057e-09,1.5980421e-10,1.0
Testing/pituitary/Te-pi_0260.jpg,3,pituitary,3,2.008747e-09,3.191208e-06,4.0820004e-07,0.9999964
Testing/pituitary/Te-pi_0261.jpg,3,pituitary,3,4.0765656e-14,9.34218e-10,6.816655e-11,1.0
Testing/pituitary/Te-pi_0262.jpg,3,pituitary,3,1.7165939e-12,1.211431e-09,9.9300616e-11,1.0
Testing/pituitary/Te-pi_0263.jpg,3,pituitary,3,6.730021e-11,1.652631e-12,2.2650482e-12,1.0
Testing/pituitary/Te-pi_0264.jpg,3,pituitary,3,8.7857216e-10,5.4755947e-08,2.5798428e-05,0.99997425
Testing/pituitary/Te-pi_0265.jpg,3,pituitary,3,6.0059552e-05,8.1273356e-05,1.32218875e-05,0.9998454
Testing/pituitary/Te-pi_0266.jpg,3,pituitary,3,4.7529475e-16,4.2842893e-14,8.257947e-14,1.0
Testing/pituitary/Te-pi_0267.jpg,3,pituitary,3,4.1879663e-05,0.00024819473,3.958411e-05,0.9996704
Testing/pituitary/Te-pi_0268.jpg,3,pituitary,3,3.4822423e-10,9.4783314e-07,8.449798e-08,0.9999989
Testing/pituitary/Te-pi_0269.jpg,3,pituitary,3,0.18803522,0.101779856,0.0031057633,0.7070792
Testing/pituitary/Te-pi_0270.jpg,3,pituitary,3,1.8518511e-12,2.6509323e-10,1.7418603e-09,1.0
Testing/pituitary/Te-pi_0271.jpg,3,pituitary,3,7.843284e-12,1.3662523e-10,2.2481558e-11,1.0
Testing/pituitary/Te-pi_0272.jpg,3,pituitary,3,1.8092862e-10,8.933541e-09,3.3885833e-10,1.0
Testing/pituitary/Te-pi_0273.jpg,3,pituitary,3,1.303176e-16,6.9296856e-14,3.2080577e-13,1.0
Testing/pituitary/Te-pi_0274.jpg,3,pituitary,3,3.0198728e-12,4.2855017e-09,1.4788977e-10,1.0
Testing/pituitary/Te-pi_0275.jpg,3,pituitary,3,1.3274939e-11,2.3974178e-10,1.8925087e-11,1.0
Testing/pituitary/Te-pi_0276.jpg,3,pituitary,3,7.043708e-12,4.3934745e-10,2.0322661e-09,1.0
Testing/pituitary/Te-pi_0277.jpg,3,pituitary,3,5.8553515e-13,6.006438e-14,2.0395778e-13,1.0
Testing/pituitary/Te-pi_0278.jpg,3,pituitary,3,2.0577916e-16,7.0049576e-13,3.5921878e-14,1.0
Testing/pituitary/Te-pi_0279.jpg,3,pituitary,3,1.0926651e-14,3.8800647e-12,3.6493725e-12,1.0
Testing/pituitary/Te-pi_0280.jpg,3,pituitary,3,6.9967115e-11,6.807024e-08,5.9363394e-09,0.9999999
Testing/pituitary/Te-pi_0281.jpg,3,pituitary,3,4.4754186e-11,8.777965e-08,7.7361015e-08,0.99999976
Testing/pituitary/Te-pi_0282.jpg,3,pituitary,3,2.6651344e-07,3.3740907e-05,2.0215615e-05,0.99994576
Testing/pituitary/Te-pi_0283.jpg,3,pituitary,3,6.8409167e-12,1.3528706e-08,8.6332347e-10,1.0
Testing/pituitary/Te-pi_0284.jpg,3,pituitary,3,1.824066e-07,5.912838e-07,9.4059374e-07,0.99999833
Testing/pituitary/Te-pi_0285.jpg,3,pituitary,3,5.927901e-16,1.9339306e-13,2.285871e-13,1.0
Testing/pituitary/Te-pi_0286.jpg,3,pituitary,3,1.9349195e-13,5.7618993e-10,6.996499e-11,1.0
Testing/pituitary/Te-pi_0287.jpg,3,pituitary,3,0.0017573381,0.20151132,0.015115047,0.7816163
Testing/pituitary/Te-pi_0288.jpg,3,pituitary,3,4.9228586e-11,7.1723214e-09,3.1653432e-08,1.0
Testing/pituitary/Te-pi_0289.jpg,3,pituitary,3,4.795736e-13,1.6163182e-10,3.1841887e-11,1.0
Testing/pituitary/Te-pi_0290.jpg,3,pituitary,3,6.2832886e-09,9.9663175e-08,2.7025544e-08,0.9999999
Testing/pituitary/Te-pi_0291.jpg,3,pituitary,3,1.7233147e-09,8.8049966e-08,5.377717e-08,0.9999999
Testing/pituitary/Te-pi_0292.jpg,3,pituitary,3,4.5683177e-17,6.3581146e-14,4.9076445e-14,1.0
Testing/pituitary/Te-pi_0293.jpg,3,pituitary,3,7.7493034e-08,8.0423444e-05,3.8140336e-06,0.9999157
Testing/pituitary/Te-pi_0294.jpg,3,pituitary,3,4.1469215e-13,5.344232e-11,2.3321319e-11,1.0
Testing/pituitary/Te-pi_0295.jpg,3,pituitary,3,4.627445e-16,2.6602559e-11,8.092531e-13,1.0
Testing/pituitary/Te-pi_0296.jpg,3,pituitary,3,1.1744283e-16,1.50146e-13,9.9174216e-14,1.0
Testing/pituitary/Te-pi_0297.jpg,3,pituitary,3,3.009478e-07,0.00028900563,1.8018567e-05,0.9996927
Testing/pituitary/Te-pi_0298.jpg,3,pituitary,3,9.472742e-12,4.934876e-10,3.3265446e-09,1.0
Testing/pituitary/Te-pi_0299.jpg,3,pituitary,3,9.666311e-14,6.0679424e-13,1.1393071e-12,1.0
