path,label,class_name,predicted_label,p_glioma,p_meningioma,p_no_tumor,p_pituitary
Testing/glioma/Te-glTr_0000.jpg,0,glioma,0,0.88846326,0.00043689169,0.11109906,8.0058857e-07
Testing/glioma/Te-glTr_0001.jpg,0,glioma,2,0.30333844,0.043786597,0.6226459,0.030229066
Testing/glioma/Te-glTr_0002.jpg,0,glioma,0,0.99321705,0.004904127,0.0018636368,1.5145509e-05
Testing/glioma/Te-glTr_0003.jpg,0,glioma,2,5.8172704e-05,0.005439874,0.99407804,0.00042385462
Testing/glioma/Te-glTr_0004.jpg,0,glioma,1,0.39671496,0.43415767,0.15949331,0.009634083
Testing/glioma/Te-glTr_0005.jpg,0,glioma,2,0.0022673598,0.03398803,0.9637438,8.480119e-07
Testing/glioma/Te-glTr_0006.jpg,0,glioma,0,0.98741245,3.652781e-05,0.012524578,2.6527783e-05
Testing/glioma/Te-glTr_0007.jpg,0,glioma,0,0.99879956,9.0868116e-07,0.0011993283,1.5983333e-07
Testing/glioma/Te-glTr_0008.jpg,0,glioma,0,0.9996567,9.60842e-06,0.00033051666,3.1942031e-06
Testing/glioma/Te-glTr_0009.jpg,0,glioma,0,0.9986797,0.0010801756,0.00023984442,3.01401e-07
Testing/glioma/Te-gl_0010.jpg,0,glioma,1,0.11194604,0.7812974,0.0023141194,0.10444251
Testing/glioma/Te-gl_0011.jpg,0,glioma,2,0.0021976596,0.049892943,0.5203543,0.4275552
Testing/glioma/Te-gl_0012.jpg,0,glioma,0,0.9969867,2.6556088e-05,0.0017728779,0.0012139489
Testing/glioma/Te-gl_0013.jpg,0,glioma,0,0.9960448,0.0023673167,0.0015668914,2.1030024e-05
Testing/glioma/Te-gl_0014.jpg,0,glioma,0,0.9887989,3.2703105e-05,0.01116783,5.602292e-07
Testing/glioma/Te-gl_0015.jpg,0,glioma,2,0.27962187,0.0011353461,0.5186963,0.20054652
Testing/glioma/Te-gl_0016.jpg,0,glioma,0,0.99979895,5.8694535e-05,0.00014085392,1.6080484e-06
Testing/glioma/Te-gl_0017.jpg,0,glioma,0,0.9905303,8.512641e-05,0.009384374,1.9488704e-07
Testing/glioma/Te-gl_0018.jpg,0,glioma,0,0.5749218,0.0041983603,0.42087325,6.5745244e-06
Testing/glioma/Te-gl_0019.jpg,0,glioma,2,0.002645703,0.033046864,0.9641285,0.00017900021
Testing/glioma/Te-gl_0020.jpg,0,glioma,0,0.9806204,0.004843461,0.013763802,0.0007724129
Testing/glioma/Te-gl_0021.jpg,0,glioma,0,0.9800631,0.0048601176,0.015023299,5.347835e-05
Testing/glioma/Te-gl_0022.jpg,0,glioma,0,0.9998951,2.7200045e-05,7.735939e-05,3.6148407e-07
Testing/glioma/Te-gl_0023.jpg,0,glioma,2,0.15576899,0.0035378695,0.8406793,1.3800724e-05
Testing/glioma/Te-gl_0024.jpg,0,glioma,2,8.500947e-06,0.00015101768,0.9998104,3.0146326e-05
Testing/glioma/Te-gl_0025.jpg,0,glioma,0,0.998151,0.00021504266,0.0016339025,3.6876315e-08
Testing/glioma/Te-gl_0026.jpg,0,glioma,0,0.9869146,1.739106e-05,0.012969555,9.849784e-05
Testing/glioma/Te-gl_0027.jpg,0,glioma,0,0.84592015,0.0019781492,0.15208119,2.0526788e-05
Testing/glioma/Te-gl_0028.jpg,0,glioma,1,0.19985521,0.6421057,0.1578238,0.0002153119
Testing/glioma/Te-gl_0029.jpg,0,glioma,2,8.500947e-06,0.00015101768,0.9998104,3.0146326e-05
Testing/glioma/Te-gl_0030.jpg,0,glioma,1,0.05657826,0.6273015,0.31591597,0.00020426603
Testing/glioma/Te-gl_0031.jpg,0,glioma,0,0.9999919,3.0163042e-07,7.658619e-06,3.402652e-08
Testing/glioma/Te-gl_0032.jpg,0,glioma,0,0.9995061,0.00021268995,0.00027943304,1.7131874e-06
Testing/glioma/Te-gl_0033.jpg,0,glioma,0,0.99998033,4.3235596e-06,1.4409542e-05,9.254966e-07
Testing/glioma/Te-gl_0034.jpg,0,glioma,0,0.9811178,0.0034676527,0.014608793,0.00080569315
Testing/glioma/Te-gl_0035.jpg,0,glioma,0,0.48299828,0.13826041,0.37873027,1.1112477e-05
Testing/glioma/Te-gl_0036.jpg,0,glioma,0,0.74153566,0.041963223,0.21599051,0.00051064824
Testing/glioma/Te-gl_0037.jpg,0,glioma,0,0.96905845,0.003267925,0.027239438,0.00043418296
Testing/glioma/Te-gl_0038.jpg,0,glioma,0,0.99973387,0.00014649979,7.988056e-06,0.0001116812
Testing/glioma/Te-gl_0039.jpg,0,glioma,0,0.9936289,0.0062585054,0.0001058123,6.6971675e-06
Testing/glioma/Te-gl_0040.jpg,0,glioma,0,0.914718,0.08452939,0.00070989033,4.2777054e-05
Testing/glioma/Te-gl_0041.jpg,0,glioma,2,0.31152663,0.14990962,0.521097,0.017466715
Testing/glioma/Te-gl_0042.jpg,0,glioma,1,0.020115804,0.9651527,0.014728235,3.3607166e-06
Testing/glioma/Te-gl_0043.jpg,0,glioma,2,0.00030376398,0.0020187215,0.99767655,9.523299e-07
Testing/glioma/Te-gl_0044.jpg,0,glioma,1,0.11579166,0.7317003,0.14810252,0.0044055497
Testing/glioma/Te-gl_0045.jpg,0,glioma,2,2.9243516e-05,2.4398525e-05,0.99987125,7.505992e-05
Testing/glioma/Te-gl_0046.jpg,0,glioma,2,2.0450848e-06,8.8557965e-05,0.9998671,4.232032e-05
Testing/glioma/Te-gl_0047.jpg,0,glioma,1,0.0037878742,0.99505925,0.0010420282,0.00011085273
Testing/glioma/Te-gl_0048.jpg,0,glioma,1,0.374866,0.5594527,0.0651429,0.0005383355
Testing/glioma/Te-gl_0049.jpg,0,glioma,0,0.9811724,0.0033690685,0.0154464645,1.2034139e-05
Testing/glioma/Te-gl_0050.jpg,0,glioma,0,0.75217503,0.14040452,0.107187495,0.0002329173
Testing/glioma/Te-gl_0051.jpg,0,glioma,0,0.99888104,0.0008821136,0.00023003672,6.7980927e-06
Testing/glioma/Te-gl_0052.jpg,0,glioma,0,0.9947372,0.0031071473,0.0021553484,1.9531441e-07
Testing/glioma/Te-gl_0053.jpg,0,glioma,0,0.9795559,0.0002911096,0.020030065,0.00012297108
Testing/glioma/Te-gl_0054.jpg,0,glioma,0,0.778045,0.0076003745,0.21435012,4.4601557e-06
Testing/glioma/Te-gl_0055.jpg,0,glioma,0,0.99427116,0.0015600635,0.004166214,2.560807e-06
Testing/glioma/Te-gl_0056.jpg,0,glioma,0,0.9953033,0.002549033,0.0013908261,0.0007568056
Testing/glioma/Te-gl_0057.jpg,0,glioma,0,0.55442977,0.15530935,0.28003412,0.010226818
Testing/glioma/Te-gl_0058.jpg,0,glioma,0,0.9967271,0.0029241734,0.00034453554,4.1915896e-06
Testing/glioma/Te-gl_0059.jpg,0,glioma,0,0.98895407,0.010080685,0.00035598016,0.000609285
Testing/glioma/Te-gl_0060.jpg,0,glioma,0,0.9989249,0.001010979,6.2998275e-05,1.0652448e-06
Testing/glioma/Te-gl_0061.jpg,0,glioma,0,0.9443884,0.015966378,0.027826253,0.011818952
Testing/glioma/Te-gl_0062.jpg,0,glioma,0,0.99998295,1.5478432e-05,1.5711471e-06,5.7140435e-09
Testing/glioma/Te-gl_0063.jpg,0,glioma,0,0.99946684,0.00042083857,0.000108725995,3.6078297e-06
Testing/glioma/Te-gl_0064.jpg,0,glioma,0,0.9978491,0.002066578,8.002411e-05,4.337923e-06
Testing/glioma/Te-gl_0065.jpg,0,glioma,0,0.99982625,7.8866644e-05,9.0512156e-05,4.350089e-06
Testing/glioma/Te-gl_0066.jpg,0,glioma,0,0.9984016,2.526146e-05,0.0014698276,0.00010337935
Testing/glioma/Te-gl_0067.jpg,0,glioma,0,0.9992275,0.00076488697,6.9183734e-06,7.0124634e-07
Testing/glioma/Te-gl_0068.jpg,0,glioma,0,0.95504224,0.04380527,0.0004136311,0.00073883915
Testing/glioma/Te-gl_0069.jpg,0,glioma,0,0.9998858,0.000106750886,1.4361736e-06,5.965943e-06
Testing/glioma/Te-gl_0070.jpg,0,glioma,0,0.9978325,0.00058279757,0.00027265862,0.0013120964
Testing/glioma/Te-gl_0071.jpg,0,glioma,0,0.99581903,0.004179077,8.8573165e-07,1.0117612e-06
Testing/glioma/Te-gl_0072.jpg,0,glioma,0,0.9473239,0.00030945853,0.052360862,5.7807183e-06
Testing/glioma/Te-gl_0073.jpg,0,glioma,0,0.7508032,0.02431937,0.19826011,0.026617348
Testing/glioma/Te-gl_0074.jpg,0,glioma,0,0.99999654,5.9903874e-07,2.6951718e-06,2.2136781e-07
Testing/glioma/Te-gl_0075.jpg,0,glioma,0,0.9639914,0.0018198186,0.034178223,1.0500559e-05
Testing/glioma/Te-gl_0076.jpg,0,glioma,0,0.99582833,0.000176158,0.003990613,4.9135397e-06
Testing/glioma/Te-gl_0077.jpg,0,glioma,0,0.9932373,0.003806525,0.0029556071,5.148273e-07
Testing/glioma/Te-gl_0078.jpg,0,glioma,0,0.9981975,3.4251686e-06,0.0017980409,1.0223708e-06
Testing/glioma/Te-gl_0079.jpg,0,glioma,0,0.99962854,4.2338456e-06,0.00036586533,1.2730666e-06
Testing/glioma/Te-gl_0080.jpg,0,glioma,0,0.997323,4.3817467e-06,0.0026676955,4.963541e-06
Testing/glioma/Te-gl_0081.jpg,0,glioma,2,0.091524266,0.0046617696,0.89890754,0.004906497
Testing/glioma/Te-gl_0082.jpg,0,glioma,0,0.99881727,0.0011616626,2.104356e-05,3.8684287e-09
Testing/glioma/Te-gl_0083.jpg,0,glioma,2,1.6785783e-05,0.00020014391,0.9997538,2.9300152e-05
Testing/glioma/Te-gl_0084.jpg,0,glioma,1,0.123587914,0.67516553,0.1886762,0.012570337
Testing/glioma/Te-gl_0085.jpg,0,glioma,0,0.9979956,2.4402914e-06,0.0019064869,9.540866e-05
Testing/glioma/Te-gl_0086.jpg,0,glioma,2,0.030416371,0.00034847413,0.96919984,3.5235844e-05
Testing/glioma/Te-gl_0087.jpg,0,glioma,1,0.051032696,0.6947433,0.25415832,6.571734e-05
Testing/glioma/Te-gl_0088.jpg,0,glioma,2,0.32589483,0.33090407,0.34319615,4.92022e-06
Testing/glioma/Te-gl_0089.jpg,0,glioma,1,0.03782208,0.56038004,0.37521777,0.026580062
Testing/glioma/Te-gl_0090.jpg,0,glioma,0,0.9956729,0.00024202823,0.003997883,8.720549e-05
Testing/glioma/Te-gl_0091.jpg,0,glioma,2,0.02360098,0.011669498,0.9493873,0.015342241
Testing/glioma/Te-gl_0092.jpg,0,glioma,1,0.45239535,0.5168393,0.016032483,0.01473279
Testing/glioma/Te-gl_0093.jpg,0,glioma,0,0.99760973,0.000102730985,0.00040761998,0.0018798416
Testing/glioma/Te-gl_0094.jpg,0,glioma,2,1.3194315e-05,0.0001739259,0.9998122,7.133044e-07
Testing/glioma/Te-gl_0095.jpg,0,glioma,0,0.99978334,1.9893824e-07,0.0002156533,8.0446995e-07
Testing/glioma/Te-gl_0096.jpg,0,glioma,1,0.19183058,0.41958347,0.37626228,0.012323657
Testing/glioma/Te-gl_0097.jpg,0,glioma,0,0.9741442,0.002252772,0.023587612,1.538704e-05
Testing/glioma/Te-gl_0098.jpg,0,glioma,0,0.79611725,0.02803676,0.17583703,8.876226e-06
Testing/glioma/Te-gl_0099.jpg,0,glioma,3,0.0018304762,0.02788114,0.11851931,0.8517691
Testing/glioma/Te-gl_0100.jpg,0,glioma,0,0.9854394,0.009306864,0.0052475026,6.3148727e-06
Testing/glioma/Te-gl_0101.jpg,0,glioma,2,0.008548474,0.005102147,0.9272717,0.05907765
Testing/glioma/Te-gl_0102.jpg,0,glioma,2,0.0048636184,7.2582156e-07,0.9951233,1.2395798e-05
Testing/glioma/Te-gl_0103.jpg,0,glioma,0,0.95707047,0.00010356158,0.04267148,0.00015448991
Testing/glioma/Te-gl_0104.jpg,0,glioma,0,0.96630514,3.1066433e-05,0.0336403,2.3416205e-05
Testing/glioma/Te-gl_0105.jpg,0,glioma,0,0.4318513,0.17575304,0.39156514,0.00083053816
Testing/glioma/Te-gl_0106.jpg,0,glioma,2,0.031680785,0.01688035,0.951255,0.00018381861
Testing/glioma/Te-gl_0107.jpg,0,glioma,2,0.004175891,0.09369652,0.9020206,0.00010699618
Testing/glioma/Te-gl_0108.jpg,0,glioma,0,0.97000813,0.018734269,0.011232167,2.5361236e-05
Testing/glioma/Te-gl_0109.jpg,0,glioma,2,0.0030306056,0.014753549,0.95696914,0.025246734
Testing/glioma/Te-gl_0110.jpg,0,glioma,0,0.9982482,0.00047208954,0.0009841331,0.0002955991
Testing/glioma/Te-gl_0111.jpg,0,glioma,0,0.9914125,0.0026558,0.005923727,8.04728e-06
Testing/glioma/Te-gl_0112.jpg,0,glioma,0,0.9982187,0.00031263268,0.0014635152,5.1303855e-06
Testing/glioma/Te-gl_0113.jpg,0,glioma,0,0.9963307,8.200925e-05,0.003582539,4.8485244e-06
Testing/glioma/Te-gl_0114.jpg,0,glioma,2,0.041135058,0.001790175,0.9570623,1.24685885e-05
Testing/glioma/Te-gl_0115.jpg,0,glioma,0,0.986068,0.010564795,0.003318869,4.8331407e-05
Testing/glioma/Te-gl_0116.jpg,0,glioma,0,0.9979405,0.0017725662,0.00026063202,2.6366917e-05
Testing/glioma/Te-gl_0117.jpg,0,glioma,1,0.13373654,0.6621476,0.20407085,4.5038803e-05
Testing/glioma/Te-gl_0118.jpg,0,glioma,0,0.9583452,0.040580373,0.001073424,1.0605839e-06
Testing/glioma/Te-gl_0119.jpg,0,glioma,1,0.14396407,0.7130687,0.12738045,0.015586772
Testing/glioma/Te-gl_0120.jpg,0,glioma,0,0.9994407,0.00033143786,0.00022638403,1.4523217e-06
Testing/glioma/Te-gl_0121.jpg,0,glioma,0,0.96154016,0.027260607,0.01116868,3.0558887e-05
Testing/glioma/Te-gl_0122.jpg,0,glioma,2,0.041119087,0.21965809,0.7392049,1.791609e-05
Testing/glioma/Te-gl_0123.jpg,0,glioma,0,0.9992435,0.00011603415,0.00051227334,0.00012825891
Testing/glioma/Te-gl_0124.jpg,0,glioma,0,0.9652626,0.033462055,0.00092696265,0.0003483268
Testing/glioma/Te-gl_0125.jpg,0,glioma,0,0.7600332,0.22452782,0.009790666,0.0056482404
Testing/glioma/Te-gl_0126.jpg,0,glioma,2,0.23997402,0.037400458,0.7212206,0.0014049654
Testing/glioma/Te-gl_0127.jpg,0,glioma,0,0.99986506,0.00013480624,1.2000925e-07,1.801692e-08
Testing/glioma/Te-gl_0128.jpg,0,glioma,0,0.98185205,0.016642679,0.0014664738,3.8877293e-05
Testing/glioma/Te-gl_0129.jpg,0,glioma,0,0.974114,0.018074086,0.0016842829,0.0061277086
Testing/glioma/Te-gl_0130.jpg,0,glioma,0,0.95721364,0.04140826,0.00092095643,0.0004571691
Testing/glioma/Te-gl_0131.jpg,0,glioma,0,0.99977154,0.00012166225,9.5064635e-05,1.1672087e-05
Testing/glioma/Te-gl_0132.jpg,0,glioma,0,0.996911,0.0027407312,0.00034236457,5.931533e-06
Testing/glioma/Te-gl_0133.jpg,0,glioma,0,0.5357622,0.4566369,0.0074444497,0.00015644466
Testing/glioma/Te-gl_0134.jpg,0,glioma,0,0.9998808,9.971486e-05,1.3450329e-05,5.922851e-06
Testing/glioma/Te-gl_0135.jpg,0,glioma,0,0.879069,0.006833508,0.11402222,7.535664e-05
Testing/glioma/Te-gl_0136.jpg,0,glioma,0,0.9988022,0.00029063874,0.0009069772,1.8977634e-07
Testing/glioma/Te-gl_0137.jpg,0,glioma,0,0.9970758,0.0013670761,2.5382704e-05,0.0015318135
Testing/glioma/Te-gl_0138.jpg,0,glioma,0,0.9776719,0.017736243,0.0042459765,0.00034592656
Testing/glioma/Te-gl_0139.jpg,0,glioma,0,0.9910471,0.002268568,0.003386936,0.0032973855
Testing/glioma/Te-gl_0140.jpg,0,glioma,0,0.9955538,0.0044162627,2.0284837e-05,9.679204e-06
Testing/glioma/Te-gl_0141.jpg,0,glioma,0,0.9892855,0.0043414244,0.0063066343,6.6384935e-05
Testing/glioma/Te-gl_0142.jpg,0,glioma,0,0.8593663,0.1394167,0.0011015623,0.000115516246
Testing/glioma/Te-gl_0143.jpg,0,glioma,0,0.8582565,0.011075398,0.12535821,0.005309812
Testing/glioma/Te-gl_0144.jpg,0,glioma,2,0.20854606,0.04730645,0.7396447,0.004502766
Testing/glioma/Te-gl_0145.jpg,0,glioma,0,0.98097974,0.019018847,1.2806531e-06,1.5011977e-07
Testing/glioma/Te-gl_0146.jpg,0,glioma,0,0.9159775,0.07846038,0.0053463206,0.00021580237
Testing/glioma/Te-gl_0147.jpg,0,glioma,0,0.94351333,0.05648645,1.6116765e-07,5.1674053e-08
Testing/glioma/Te-gl_0148.jpg,0,glioma,0,0.9142616,0.06946113,0.015815444,0.00046184973
Testing/glioma/Te-gl_0149.jpg,0,glioma,0,0.97107196,0.028443787,0.00042286847,6.13544e-05
Testing/glioma/Te-gl_0150.jpg,0,glioma,0,0.9667817,0.03299299,0.00020789208,1.7462724e-05
Testing/glioma/Te-gl_0151.jpg,0,glioma,1,0.2278325,0.67735416,0.09444317,0.0003701737
Testing/glioma/Te-gl_0152.jpg,0,glioma,2,0.020811897,0.10804089,0.8685769,0.002570349
Testing/glioma/Te-gl_0153.jpg,0,glioma,0,0.93294024,0.0039265645,0.010236547,0.05289662
Testing/glioma/Te-gl_0154.jpg,0,glioma,0,0.9991487,0.0006768535,0.00017358288,7.362869e-07
Testing/glioma/Te-gl_0155.jpg,0,glioma,0,0.99297583,0.0068713133,8.794576e-05,6.502251e-05
Testing/glioma/Te-gl_0156.jpg,0,glioma,0,0.7362151,0.002674295,0.0028768592,0.25823373
Testing/glioma/Te-gl_0157.jpg,0,glioma,0,0.99953115,0.0001584869,0.00030994235,4.7412038e-07
Testing/glioma/Te-gl_0158.jpg,0,glioma,1,0.00084482814,0.9889225,0.010165815,6.694077e-05
Testing/glioma/Te-gl_0159.jpg,0,glioma,2,0.19190426,0.03490353,0.77299684,0.0001953444
Testing/glioma/Te-gl_0160.jpg,0,glioma,2,0.01438679,0.015095528,0.9703128,0.00020500695
Testing/glioma/Te-gl_0161.jpg,0,glioma,0,0.9976447,0.0023484752,6.639541e-06,1.1694303e-07
Testing/glioma/Te-gl_0162.jpg,0,glioma,0,0.9709725,0.027490145,0.0015227273,1.464067e-05
Testing/glioma/Te-gl_0163.jpg,0,glioma,0,0.8407691,0.13054371,0.017319717,0.01136752
Testing/glioma/Te-gl_0164.jpg,0,glioma,0,0.9995565,0.00044279586,2.760186e-07,4.942517e-07
Testing/glioma/Te-gl_0165.jpg,0,glioma,0,0.99999857,1.4264892e-06,1.6338985e-08,3.2326535e-09
Testing/glioma/Te-gl_0166.jpg,0,glioma,0,0.9997485,0.00024440486,6.9734106e-06,1.9706809e-08
Testing/glioma/Te-gl_0167.jpg,0,glioma,0,0.87354136,0.12610583,0.00031676862,3.604454e-05
Testing/glioma/Te-gl_0168.jpg,0,glioma,0,0.69039124,0.08554587,0.2240601,2.8045233e-06
Testing/glioma/Te-gl_0169.jpg,0,glioma,0,0.5888732,0.41111973,7.0145384e-06,1.0343173e-07
Testing/glioma/Te-gl_0170.jpg,0,glioma,0,0.63161314,0.008624508,0.0050110174,0.3547514
Testing/glioma/Te-gl_0171.jpg,0,glioma,0,0.7837506,0.21562426,0.0004499065,0.00017519078
Testing/glioma/Te-gl_0172.jpg,0,glioma,0,0.9999987,7.690637e-07,4.4137764e-07,1.3349306e-07
Testing/glioma/Te-gl_0173.jpg,0,glioma,0,0.9939687,0.00047473665,0.005551401,5.086171e-06
Testing/glioma/Te-gl_0174.jpg,0,glioma,0,0.9932857,0.0065158634,0.00019721016,1.2030877e-06
Testing/glioma/Te-gl_0175.jpg,0,glioma,0,0.97449726,0.025488274,1.4329434e-05,4.000879e-08
Testing/glioma/Te-gl_0176.jpg,0,glioma,0,0.9871651,0.008550374,0.001558499,0.0027260594
Testing/glioma/Te-gl_0177.jpg,0,glioma,0,0.99033874,0.009660911,3.5805897e-07,1.3347397e-08
Testing/glioma/Te-gl_0178.jpg,0,glioma,0,0.87799746,0.12199239,9.563261e-06,5.6117756e-07
Testing/glioma/Te-gl_0179.jpg,0,glioma,0,0.9814368,0.018531848,2.3273225e-05,8.068894e-06
Testing/glioma/Te-gl_0180.jpg,0,glioma,0,0.99892515,0.0010729546,6.3517035e-07,1.3277054e-06
Testing/glioma/Te-gl_0181.jpg,0,glioma,0,0.9999932,6.808485e-06,1.3659259e-09,1.4468463e-10
Testing/glioma/Te-gl_0182.jpg,0,glioma,0,0.99950933,0.000490674,4.673389e-08,8.7834956e-10
Testing/glioma/Te-gl_0183.jpg,0,glioma,0,0.99902844,0.0005583026,0.0003955973,1.7686596e-05
Testing/glioma/Te-gl_0184.jpg,0,glioma,0,0.98993486,0.00983571,0.00020128544,2.8128403e-05
Testing/glioma/Te-gl_0185.jpg,0,glioma,0,0.9761236,0.023316883,0.00015941322,0.00040009612
Testing/glioma/Te-gl_0186.jpg,0,glioma,0,0.98345435,0.016526898,8.781622e-06,9.931788e-06
Testing/glioma/Te-gl_0187.jpg,0,glioma,0,0.9999999,6.007453e-08,1.9463497e-09,3.352545e-09
Testing/glioma/Te-gl_0188.jpg,0,glioma,0,0.9995782,6.254779e-06,0.00041536335,2.8019036e-07
Testing/glioma/Te-gl_0189.jpg,0,glioma,0,0.99333656,0.005806471,0.00083978026,1.7186367e-05
Testing/glioma/Te-gl_0190.jpg,0,glioma,1,0.39961857,0.58807576,0.008010852,0.0042948327
Testing/glioma/Te-gl_0191.jpg,0,glioma,0,0.97938716,0.020580238,3.1766525e-05,8.1532266e-07
Testing/glioma/Te-gl_0192.jpg,0,glioma,2,0.002260073,0.17840317,0.81890076,0.0004359636
Testing/glioma/Te-gl_0193.jpg,0,glioma,0,0.9999988,5.439652e-07,1.89385e-07,3.5475165e-07
Testing/glioma/Te-gl_0194.jpg,0,glioma,1,0.16433206,0.835553,0.00011343369,1.4673768e-06
Testing/glioma/Te-gl_0195.jpg,0,glioma,1,0.011232688,0.988766,1.2940127e-06,2.125082e-08
Testing/glioma/Te-gl_0196.jpg,0,glioma,0,0.97197634,0.024159439,0.003857864,6.331031e-06
Testing/glioma/Te-gl_0197.jpg,0,glioma,0,0.99751234,0.0024570448,2.921456e-05,1.4003477e-06
Testing/glioma/Te-gl_0198.jpg,0,glioma,0,0.95541763,0.044581138,1.228356e-06,1.4332123e-08
Testing/glioma/Te-gl_0199.jpg,0,glioma,0,0.9996587,0.00033922866,7.218593e-07,1.3523457e-06
Testing/glioma/Te-gl_0200.jpg,0,glioma,0,0.819296,0.17784277,0.0025571447,0.00030409082
Testing/glioma/Te-gl_0201.jpg,0,glioma,0,0.88893354,0.10983115,0.0012299373,5.354756e-06
Testing/glioma/Te-gl_0202.jpg,0,glioma,0,0.66338533,0.21742953,0.11913339,5.177014e-05
Testing/glioma/Te-gl_0203.jpg,0,glioma,0,0.99998033,1.3957388e-06,1.7367127e-05,8.6135464e-07
Testing/glioma/Te-gl_0204.jpg,0,glioma,0,0.80440664,0.19556533,2.784173e-05,1.683828e-07
Testing/glioma/Te-gl_0205.jpg,0,glioma,0,0.999446,0.0005536073,2.3814813e-07,8.455683e-08
Testing/glioma/Te-gl_0206.jpg,0,glioma,0,0.9991549,0.0008146912,2.2405697e-05,7.999266e-06
Testing/glioma/Te-gl_0207.jpg,0,glioma,0,0.7142901,0.27279824,0.0007609091,0.012150744
Testing/glioma/Te-gl_0208.jpg,0,glioma,0,0.98013043,0.019749006,0.000119577235,1.0360624e-06
Testing/glioma/Te-gl_0209.jpg,0,glioma,0,0.9779018,0.022017874,3.317631e-05,4.710684e-05
Testing/glioma/Te-gl_0210.jpg,0,glioma,0,0.9998754,0.00011853584,5.918404e-06,1.2329284e-07
Testing/glioma/Te-gl_0211.jpg,0,glioma,0,0.999476,0.00046695562,5.1061206e-06,5.1916402e-05
Testing/glioma/Te-gl_0212.jpg,0,glioma,0,0.9990471,4.983546e-05,0.0008927984,1.0337059e-05
Testing/glioma/Te-gl_0213.jpg,0,glioma,0,0.99949765,0.0004988505,3.0731424e-06,3.4262806e-07
Testing/glioma/Te-gl_0214.jpg,0,glioma,0,0.9741788,0.00038997593,0.020603813,0.0048274444
Testing/glioma/Te-gl_0215.jpg,0,glioma,0,0.9557122,0.012226059,0.03161635,0.00044538555
Testing/glioma/Te-gl_0216.jpg,0,glioma,0,0.9995115,0.00031940042,4.2193013e-05,0.00012684823
Testing/glioma/Te-gl_0217.jpg,0,glioma,1,0.45648953,0.53944117,0.004003357,6.597374e-05
Testing/glioma/Te-gl_0218.jpg,0,glioma,0,0.98240834,0.017404497,0.0001810962,6.0605253e-06
Testing/glioma/Te-gl_0219.jpg,0,glioma,1,0.42581764,0.5554468,0.0050447965,0.013690774
Testing/glioma/Te-gl_0220.jpg,0,glioma,0,0.99987006,0.000109393295,1.903122e-05,1.4971068e-06
Testing/glioma/Te-gl_0221.jpg,0,glioma,0,0.9948913,0.005050858,7.8643615e-07,5.7079895e-05
Testing/glioma/Te-gl_0222.jpg,0,glioma,0,0.99948883,0.00037002517,9.567597e-05,4.534385e-05
Testing/glioma/Te-gl_0223.jpg,0,glioma,0,0.9935075,0.006412618,2.9622586e-05,5.0267998e-05
Testing/glioma/Te-gl_0224.jpg,0,glioma,0,0.9857361,0.014259862,4.1125595e-06,1.7174184e-08
Testing/glioma/Te-gl_0225.jpg,0,glioma,0,0.9982052,0.0017857424,8.869532e-06,1.5362066e-07
Testing/glioma/Te-gl_0226.jpg,0,glioma,0,0.96435815,0.025054948,0.010219107,0.00036778222
Testing/glioma/Te-gl_0227.jpg,0,glioma,0,0.99994206,3.9488492e-05,1.8196251e-05,2.2661672e-07
Testing/glioma/Te-gl_0228.jpg,0,glioma,0,0.9941247,0.0058665685,8.72865e-06,7.354025e-08
Testing/glioma/Te-gl_0229.jpg,0,glioma,2,0.0006143037,0.023384674,0.9759991,1.885028e-06
Testing/glioma/Te-gl_0230.jpg,0,glioma,0,0.7402236,0.0005295881,0.25592625,0.0033205533
Testing/glioma/Te-gl_0231.jpg,0,glioma,0,0.9049052,0.00565696,0.089201406,0.00023642235
Testing/glioma/Te-gl_0232.jpg,0,glioma,1,0.061908204,0.8438212,0.061682675,0.032587864
Testing/glioma/Te-gl_0233.jpg,0,glioma,0,0.8003233,0.19308601,0.0050939126,0.0014966937
Testing/glioma/Te-gl_0234.jpg,0,glioma,1,0.044175323,0.90968055,0.04583193,0.00031227013
Testing/glioma/Te-gl_0235.jpg,0,glioma,1,0.29443812,0.69589055,0.009669623,1.6677441e-06
Testing/glioma/Te-gl_0236.jpg,0,glioma,2,0.06381186,0.15719356,0.7788866,0.00010795982
Testing/glioma/Te-gl_0237.jpg,0,glioma,1,0.018207267,0.94620895,0.034811955,0.00077188335
Testing/glioma/Te-gl_0238.jpg,0,glioma,2,0.03221001,0.40669417,0.55829406,0.0028017624
Testing/glioma/Te-gl_0239.jpg,0,glioma,2,0.018621732,0.228308,0.5447862,0.20828407
Testing/glioma/Te-gl_0240.jpg,0,glioma,2,0.0031557633,0.009882648,0.9859782,0.0009833474
Testing/glioma/Te-gl_0241.jpg,0,glioma,2,0.052773364,0.055659786,0.89115596,0.00041093843
Testing/glioma/Te-gl_0242.jpg,0,glioma,1,0.0017687415,0.99814796,8.285123e-05,4.5346061e-07
Testing/glioma/Te-gl_0243.jpg,0,glioma,0,0.66549957,0.33389905,0.00057251204,2.8933258e-05
Testing/glioma/Te-gl_0244.jpg,0,glioma,0,0.95466393,0.042606886,0.00035869287,0.0023704455
Testing/glioma/Te-gl_0245.jpg,0,glioma,1,0.40910605,0.55032986,0.040453974,0.00011011095
Testing/glioma/Te-gl_0246.jpg,0,glioma,2,0.048670806,0.047282156,0.90303195,0.0010150166
Testing/glioma/Te-gl_0247.jpg,0,glioma,1,0.29557416,0.49494115,0.20730603,0.0021786592
Testing/glioma/Te-gl_0248.jpg,0,glioma,2,0.22745085,0.031632982,0.74073946,0.00017671025
Testing/glioma/Te-gl_0249.jpg,0,glioma,0,0.4916746,0.41067475,0.09708858,0.0005620401
Testing/glioma/Te-gl_0250.jpg,0,glioma,1,0.39488006,0.39928216,0.17117047,0.03466736
Testing/glioma/Te-gl_0251.jpg,0,glioma,2,0.03361719,0.04257107,0.90920025,0.014611543
Testing/glioma/Te-gl_0252.jpg,0,glioma,0,0.800761,0.09302067,0.105954,0.00026427014
Testing/glioma/Te-gl_0253.jpg,0,glioma,1,0.25487533,0.7449249,0.00019722822,2.5548306e-06
Testing/glioma/Te-gl_0254.jpg,0,glioma,1,0.0037083204,0.9962884,3.0557794e-06,1.409886e-07
Testing/glioma/Te-gl_0255.jpg,0,glioma,1,0.02187546,0.97778404,0.00033991717,5.8918926e-07
Testing/glioma/Te-gl_0256.jpg,0,glioma,0,0.9534243,0.01312452,0.03345091,3.231955e-07
Testing/glioma/Te-gl_0257.jpg,0,glioma,0,0.9778463,0.021484181,0.0006677276,1.8042397e-06
Testing/glioma/Te-gl_0258.jpg,0,glioma,1,0.22331484,0.776646,3.8991144e-05,1.9290677e-07
Testing/glioma/Te-gl_0259.jpg,0,glioma,2,0.19798858,0.23098063,0.5644506,0.0065802205
Testing/glioma/Te-gl_0260.jpg,0,glioma,1,0.02161094,0.97838736,8.8302374e-07,8.6213925e-07
Testing/glioma/Te-gl_0261.jpg,0,glioma,1,0.057290014,0.9407047,0.0019988725,6.4376472e-06
Testing/glioma/Te-gl_0262.jpg,0,glioma,0,0.63555783,0.15089539,0.21342693,0.00011986497
Testing/glioma/Te-gl_0263.jpg,0,glioma,1,0.123896636,0.8755854,0.00047743396,4.060271e-05
Testing/glioma/Te-gl_0264.jpg,0,glioma,1,0.004806556,0.9943329,0.000856264,4.258126e-06
Testing/glioma/Te-gl_0265.jpg,0,glioma,1,0.008074548,0.5959988,0.3924601,0.0034665149
Testing/glioma/Te-gl_0266.jpg,0,glioma,0,0.8657729,0.13407065,0.00015598496,5.2009347e-07
Testing/glioma/Te-gl_0267.jpg,0,glioma,1,0.27947968,0.7191657,0.0011225529,0.00023211828
Testing/glioma/Te-gl_0268.jpg,0,glioma,1,0.19978678,0.789355,0.010672321,0.00018589945
Testing/glioma/Te-gl_0269.jpg,0,glioma,0,0.9981084,0.0018229921,6.469401e-05,3.9418874e-06
Testing/glioma/Te-gl_0270.jpg,0,glioma,0,0.94685894,0.0483442,0.0047869706,9.810752e-06
Testing/glioma/Te-gl_0271.jpg,0,glioma,2,0.0019674494,0.051447682,0.94297326,0.0036116515
Testing/glioma/Te-gl_0272.jpg,0,glioma,2,0.29883865,0.08336847,0.5905198,0.027273092
Testing/glioma/Te-gl_0273.jpg,0,glioma,0,0.83386695,0.14812915,0.014811949,0.0031918883
Testing/glioma/Te-gl_0274.jpg,0,glioma,0,0.99080443,0.001178128,0.007973445,4.3962482e-05
Testing/glioma/Te-gl_0275.jpg,0,glioma,1,0.3689942,0.63069683,0.0002456711,6.327119e-05
Testing/glioma/Te-gl_0276.jpg,0,glioma,1,0.06608251,0.88964105,0.032119587,0.012156814
Testing/glioma/Te-gl_0277.jpg,0,glioma,1,0.14499001,0.851762,0.0031982223,4.977047e-05
Testing/glioma/Te-gl_0278.jpg,0,glioma,0,0.6605348,0.33128616,0.008164299,1.4682757e-05
Testing/glioma/Te-gl_0279.jpg,0,glioma,0,0.45948836,0.44493818,0.094939046,0.000634366
Testing/glioma/Te-gl_0280.jpg,0,glioma,0,0.57743776,0.42216492,0.00031292453,8.4413114e-05
Testing/glioma/Te-gl_0281.jpg,0,glioma,0,0.85295224,0.14703836,8.953753e-06,3.8256144e-07
Testing/glioma/Te-gl_0282.jpg,0,glioma,0,0.8269293,0.16774467,0.0053252224,8.5955946e-07
Testing/glioma/Te-gl_0283.jpg,0,glioma,0,0.9802689,0.01897045,0.0007582125,2.418835e-06
Testing/glioma/Te-gl_0284.jpg,0,glioma,0,0.73659027,0.0019992953,0.26091272,0.00049771956
Testing/glioma/Te-gl_0285.jpg,0,glioma,1,0.12831764,0.87013125,0.0015464677,4.633678e-06
Testing/glioma/Te-gl_0286.jpg,0,glioma,0,0.9998497,0.00012999447,1.946607e-05,7.679891e-07
Testing/glioma/Te-gl_0287.jpg,0,glioma,0,0.99587834,0.002652814,0.0014678843,8.973642e-07
Testing/glioma/Te-gl_0288.jpg,0,glioma,0,0.99177986,0.0005117734,0.0076930765,1.5300478e-05
Testing/glioma/Te-gl_0289.jpg,0,glioma,0,0.40772107,0.35468844,0.22928081,0.008309727
Testing/glioma/Te-gl_0290.jpg,0,glioma,2,0.000113084476,0.006662352,0.99322355,1.108914e-06
Testing/glioma/Te-gl_0291.jpg,0,glioma,1,0.016939515,0.5078899,0.4751633,7.280187e-06
Testing/glioma/Te-gl_0292.jpg,0,glioma,2,0.004931888,0.0028991166,0.9921004,6.863471e-05
Testing/glioma/Te-gl_0293.jpg,0,glioma,0,0.5850628,0.32905686,0.08586177,1.854506e-05
Testing/glioma/Te-gl_0294.jpg,0,glioma,0,0.9999368,3.395815e-05,2.9006333e-05,1.5494389e-07
Testing/glioma/Te-gl_0295.jpg,0,glioma,2,0.00077262387,0.012613219,0.98661196,2.262054e-06
Testing/glioma/Te-gl_0296.jpg,0,glioma,0,0.994962,0.0023967996,0.002638979,2.195375e-06
Testing/glioma/Te-gl_0297.jpg,0,glioma,0,0.99887234,0.00091279467,0.00021477079,1.873257e-08
Testing/glioma/Te-gl_0298.jpg,0,glioma,0,0.8094503,0.014902278,0.17555094,9.652401e-05
Testing/glioma/Te-gl_0299.jpg,0,glioma,2,1.3668107e-05,0.0002074523,0.99840087,0.0013779777
Testing/meningioma/Te-meTr_0000.jpg,1,meningioma,1,0.0005415277,0.94069046,0.057318904,0.0014490884
Testing/meningioma/Te-meTr_0001.jpg,1,meningioma,3,0.021642977,0.16514404,0.40525496,0.40795797
Testing/meningioma/Te-meTr_0002.jpg,1,meningioma,2,1.2689621e-05,0.0003058523,0.9995765,0.00010500566
Testing/meningioma/Te-meTr_0003.jpg,1,meningioma,1,0.0015280936,0.5078829,0.49049747,9.152831e-05
Testing/meningioma/Te-meTr_0004.jpg,1,meningioma,2,3.8335877e-09,1.6842108e-05,0.9999832,4.2692756e-09
Testing/meningioma/Te-meTr_0005.jpg,1,meningioma,2,2.3734488e-08,1.2363671e-05,0.99998736,2.4031596e-07
Testing/meningioma/Te-meTr_0006.jpg,1,meningioma,2,1.9578526e-06,0.000298231,0.99969983,2.1354378e-08
Testing/meningioma/Te-meTr_0007.jpg,1,meningioma,2,4.062042e-05,0.0014649302,0.99802387,0.00047063146
Testing/meningioma/Te-meTr_0008.jpg,1,meningioma,1,6.915269e-06,0.9999752,1.7559778e-05,2.7893316e-07
Testing/meningioma/Te-meTr_0009.jpg,1,meningioma,2,2.4208843e-05,0.1243859,0.8755893,6.205033e-07
Testing/meningioma/Te-me_0010.jpg,1,meningioma,2,0.0003638527,0.09046747,0.90914446,2.4131823e-05
Testing/meningioma/Te-me_0011.jpg,1,meningioma,2,0.013933612,0.00017599252,0.9857751,0.00011527318
Testing/meningioma/Te-me_0012.jpg,1,meningioma,2,5.156957e-05,0.3028773,0.69703466,3.6496287e-05
Testing/meningioma/Te-me_0013.jpg,1,meningioma,3,0.00067355623,0.42813957,0.036552742,0.5346341
Testing/meningioma/Te-me_0014.jpg,1,meningioma,2,0.00032160265,0.04189103,0.9575939,0.00019352857
Testing/meningioma/Te-me_0015.jpg,1,meningioma,2,5.17661e-08,0.0013170008,0.998678,4.866845e-06
Testing/meningioma/Te-me_0016.jpg,1,meningioma,2,6.4518986e-06,3.975781e-05,0.99994993,3.8048454e-06
Testing/meningioma/Te-me_0017.jpg,1,meningioma,2,3.789515e-09,6.0238704e-06,0.9999939,2.3417033e-09
Testing/meningioma/Te-me_0018.jpg,1,meningioma,3,0.0002369089,0.02153238,0.018467085,0.9597636
Testing/meningioma/Te-me_0019.jpg,1,meningioma,2,4.811614e-08,0.00011845446,0.9998772,4.277257e-06
Testing/meningioma/Te-me_0020.jpg,1,meningioma,2,1.04536975e-08,2.8912722e-05,0.9999697,1.258968e-06
Testing/meningioma/Te-me_0021.jpg,1,meningioma,1,0.010629351,0.9222131,0.0670952,6.239463e-05
Testing/meningioma/Te-me_0022.jpg,1,meningioma,2,4.5740326e-05,0.0011312178,0.99876726,5.5870594e-05
Testing/meningioma/Te-me_0023.jpg,1,meningioma,2,2.9137252e-06,0.26993355,0.7300616,1.8939949e-06
Testing/meningioma/Te-me_0024.jpg,1,meningioma,2,5.5603317e-07,0.00013514217,0.9994597,0.00040459915
Testing/meningioma/Te-me_0025.jpg,1,meningioma,1,1.46585635e-05,0.9466002,0.050910495,0.0024746938
Testing/meningioma/Te-me_0026.jpg,1,meningioma,1,0.0006714292,0.533755,0.012498357,0.45307517
Testing/meningioma/Te-me_0027.jpg,1,meningioma,1,1.0493737e-05,0.9656444,0.034242265,0.000102898026
Testing/meningioma/Te-me_0028.jpg,1,meningioma,1,7.520092e-05,0.9930339,0.0058091544,0.001081748
Testing/meningioma/Te-me_0029.jpg,1,meningioma,2,2.0634081e-07,0.0004294342,0.9995702,9.608376e-08
Testing/meningioma/Te-me_0030.jpg,1,meningioma,2,8.283303e-05,3.179202e-06,0.99991024,3.7319307e-06
Testing/meningioma/Te-me_0031.jpg,1,meningioma,2,0.0003638527,0.09046747,0.90914446,2.4131823e-05
Testing/meningioma/Te-me_0032.jpg,1,meningioma,2,1.8721025e-06,4.6437856e-07,0.9999938,3.832377e-06
Testing/meningioma/Te-me_0033.jpg,1,meningioma,2,4.887279e-07,2.4293968e-05,0.99997497,2.1681954e-07
Testing/meningioma/Te-me_0034.jpg,1,meningioma,2,2.0085832e-08,1.1054511e-05,0.9999887,2.5282006e-07
Testing/meningioma/Te-me_0035.jpg,1,meningioma,2,3.56938e-05,0.02626541,0.9735821,0.0001168354
Testing/meningioma/Te-me_0036.jpg,1,meningioma,2,1.031263e-05,0.001510888,0.9984775,1.2638884e-06
Testing/meningioma/Te-me_0037.jpg,1,meningioma,2,2.8885522e-10,1.8162064e-12,1.0,2.3831544e-12
Testing/meningioma/Te-me_0038.jpg,1,meningioma,1,9.612927e-06,0.9999702,1.9801722e-05,3.977602e-07
Testing/meningioma/Te-me_0039.jpg,1,meningioma,2,9.56904e-07,0.18296711,0.8160363,0.0009956474
Testing/meningioma/Te-me_0040.jpg,1,meningioma,2,2.045856e-06,0.0076298965,0.9923665,1.538403e-06
Testing/meningioma/Te-me_0041.jpg,1,meningioma,2,7.131001e-06,4.259279e-05,0.9999466,3.7430304e-06
Testing/meningioma/Te-me_0042.jpg,1,meningioma,1,0.0011248791,0.99026906,0.008597799,8.261403e-06
Testing/meningioma/Te-me_0043.jpg,1,meningioma,1,1.302526e-06,0.9999957,2.3907592e-06,5.8395847e-07
Testing/meningioma/Te-me_0044.jpg,1,meningioma,1,6.987095e-05,0.97373724,0.024774605,0.0014182582
Testing/meningioma/Te-me_0045.jpg,1,meningioma,1,0.01319233,0.6806385,0.29299793,0.013171252
Testing/meningioma/Te-me_0046.jpg,1,meningioma,2,0.0018449064,0.007708987,0.9902346,0.00021149131
Testing/meningioma/Te-me_0047.jpg,1,meningioma,1,0.37703028,0.6165709,0.0063763917,2.238086e-05
Testing/meningioma/Te-me_0048.jpg,1,meningioma,3,1.4787893e-05,0.07624941,0.081985064,0.8417507
Testing/meningioma/Te-me_0049.jpg,1,meningioma,2,1.2517424e-07,6.1333754e-05,0.99993265,5.782727e-06
Testing/meningioma/Te-me_0050.jpg,1,meningioma,1,3.586569e-07,0.9999255,1.4063543e-05,6.0137445e-05
Testing/meningioma/Te-me_0051.jpg,1,meningioma,0,0.6137293,0.38202193,0.003921648,0.00032712176
Testing/meningioma/Te-me_0052.jpg,1,meningioma,2,0.014938074,0.10072997,0.87328845,0.011043459
Testing/meningioma/Te-me_0053.jpg,1,meningioma,1,2.232117e-05,0.9999764,2.5177656e-07,1.0209766e-06
Testing/meningioma/Te-me_0054.jpg,1,meningioma,1,0.0011248791,0.99026906,0.008597799,8.261403e-06
Testing/meningioma/Te-me_0055.jpg,1,meningioma,1,2.8803677e-07,0.99999917,3.7475257e-07,1.7095864e-07
Testing/meningioma/Te-me_0056.jpg,1,meningioma,2,0.00043845273,0.49551243,0.50360435,0.0004448028
Testing/meningioma/Te-me_0057.jpg,1,meningioma,2,4.1865474e-06,0.00020004268,0.9993111,0.00048476606
Testing/meningioma/Te-me_0058.jpg,1,meningioma,1,0.0032464466,0.9307105,0.0652922,0.00075078564
Testing/meningioma/Te-me_0059.jpg,1,meningioma,2,9.203633e-06,1.5045955e-06,0.9999864,2.8441978e-06
Testing/meningioma/Te-me_0060.jpg,1,meningioma,2,0.00036761476,0.10229173,0.89492327,0.0024173309
Testing/meningioma/Te-me_0061.jpg,1,meningioma,1,2.1629502e-07,0.9369149,0.06305949,2.5393663e-05
Testing/meningioma/Te-me_0062.jpg,1,meningioma,2,3.0174338e-06,0.009699005,0.99029666,1.3003814e-06
Testing/meningioma/Te-me_0063.jpg,1,meningioma,2,3.312524e-05,0.49228448,0.5076761,6.2375375e-06
Testing/meningioma/Te-me_0064.jpg,1,meningioma,2,1.525123e-06,3.4400628e-06,0.9999933,1.6630345e-06
Testing/meningioma/Te-me_0065.jpg,1,meningioma,2,3.6645026e-06,4.266788e-05,0.99995244,1.1414498e-06
Testing/meningioma/Te-me_0066.jpg,1,meningioma,1,0.034330454,0.85629004,0.10341995,0.0059595015
Testing/meningioma/Te-me_0067.jpg,1,meningioma,0,0.6873942,0.0077615855,0.30449244,0.0003517882
Testing/meningioma/Te-me_0068.jpg,1,meningioma,3,0.00080176356,0.48593023,0.012485834,0.50078213
Testing/meningioma/Te-me_0069.jpg,1,meningioma,2,5.1961e-05,0.051342763,0.94860107,4.147774e-06
Testing/meningioma/Te-me_0070.jpg,1,meningioma,2,1.4357008e-07,2.2638069e-05,0.9999261,5.114106e-05
Testing/meningioma/Te-me_0071.jpg,1,meningioma,1,0.028267633,0.873906,0.09569609,0.0021303743
Testing/meningioma/Te-me_0072.jpg,1,meningioma,2,1.0118696e-07,0.0004254832,0.99877876,0.0007956479
Testing/meningioma/Te-me_0073.jpg,1,meningioma,1,0.028267633,0.873906,0.09569609,0.0021303743
Testing/meningioma/Te-me_0074.jpg,1,meningioma,2,1.7305216e-05,0.017349843,0.9825865,4.6381352e-05
Testing/meningioma/Te-me_0075.jpg,1,meningioma,1,1.3981934e-05,0.9996209,0.0003593136,5.7782677e-06
Testing/meningioma/Te-me_0076.jpg,1,meningioma,1,6.946448e-05,0.993745,0.0053510065,0.0008345963
Testing/meningioma/Te-me_0077.jpg,1,meningioma,1,1.6177222e-05,0.94913757,0.050799966,4.6264857e-05
Testing/meningioma/Te-me_0078.jpg,1,meningioma,2,5.1964584e-05,0.029092068,0.97074395,0.00011199105
Testing/meningioma/Te-me_0079.jpg,1,meningioma,2,1.2632538e-06,0.0005232969,0.9994754,2.4235662e-08
Testing/meningioma/Te-me_0080.jpg,1,meningioma,2,0.33749166,0.010378329,0.651768,0.00036197543
Testing/meningioma/Te-me_0081.jpg,1,meningioma,1,0.0016203973,0.7417472,0.24457434,0.012058146
Testing/meningioma/Te-me_0082.jpg,1,meningioma,2,1.3736518e-06,0.009240095,0.9907556,2.9642624e-06
Testing/meningioma/Te-me_0083.jpg,1,meningioma,1,9.173099e-06,0.97395337,0.026035959,1.5045588e-06
Testing/meningioma/Te-me_0084.jpg,1,meningioma,2,1.3108384e-09,5.0984966e-08,0.99999964,3.2216485e-07
Testing/meningioma/Te-me_0085.jpg,1,meningioma,2,1.5072156e-07,2.5252727e-06,0.9999968,5.4314506e-07
Testing/meningioma/Te-me_0086.jpg,1,meningioma,1,0.00012279078,0.99984837,2.889524e-05,8.4764085e-10
Testing/meningioma/Te-me_0087.jpg,1,meningioma,1,0.017028194,0.85767394,0.1251563,0.000141505
Testing/meningioma/Te-me_0088.jpg,1,meningioma,2,1.4025737e-06,0.0002556925,0.9997404,2.516112e-06
Testing/meningioma/Te-me_0089.jpg,1,meningioma,1,2.0292908e-05,0.99989855,8.112048e-05,6.8783965e-09
Testing/meningioma/Te-me_0090.jpg,1,meningioma,2,3.0824003e-06,0.030648593,0.969348,2.409267e-07
Testing/meningioma/Te-me_0091.jpg,1,meningioma,2,1.0492356e-08,5.271121e-05,0.9999473,2.1489246e-08
Testing/meningioma/Te-me_0092.jpg,1,meningioma,3,0.0017530263,0.041857798,0.00074407546,0.95564514
Testing/meningioma/Te-me_0093.jpg,1,meningioma,2,4.837703e-06,8.889433e-06,0.99998415,2.1139863e-06
Testing/meningioma/Te-me_0094.jpg,1,meningioma,2,8.7315675e-09,7.053891e-07,0.9999993,7.5618295e-10
Testing/meningioma/Te-me_0095.jpg,1,meningioma,1,2.6293532e-05,0.9681143,0.020550812,0.01130853
Testing/meningioma/Te-me_0096.jpg,1,meningioma,2,6.736713e-06,0.00025917692,0.99950004,0.00023398943
Testing/meningioma/Te-me_0097.jpg,1,meningioma,2,1.881496e-08,5.509387e-05,0.9999435,1.4465318e-06
Testing/meningioma/Te-me_0098.jpg,1,meningioma,2,6.826974e-08,0.00015572613,0.9998441,1.530933e-07
Testing/meningioma/Te-me_0099.jpg,1,meningioma,2,1.2809662e-07,1.234388e-06,0.99999857,1.624989e-07
Testing/meningioma/Te-me_0100.jpg,1,meningioma,2,6.776012e-06,1.8689364e-06,0.99999106,1.8703297e-07
Testing/meningioma/Te-me_0101.jpg,1,meningioma,1,0.0003348838,0.5574546,0.44215494,5.5614764e-05
Testing/meningioma/Te-me_0102.jpg,1,meningioma,2,2.3546515e-06,3.4602705e-05,0.9999629,1.3875834e-07
Testing/meningioma/Te-me_0103.jpg,1,meningioma,2,4.4183338e-08,0.00014478728,0.9994844,0.0003706188
Testing/meningioma/Te-me_0104.jpg,1,meningioma,1,1.2765582e-05,0.95228934,0.047189485,0.0005085275
Testing/meningioma/Te-me_0105.jpg,1,meningioma,2,1.5729965e-07,0.0066215536,0.9933781,2.1473532e-07
Testing/meningioma/Te-me_0106.jpg,1,meningioma,2,1.3149412e-09,3.4037653e-06,0.99999654,6.899635e-09
Testing/meningioma/Te-me_0107.jpg,1,meningioma,2,2.3750987e-10,1.5457481e-06,0.99999845,2.9042538e-10
Testing/meningioma/Te-me_0108.jpg,1,meningioma,2,1.0344299e-07,1.3801663e-06,0.99999857,2.1874813e-09
Testing/meningioma/Te-me_0109.jpg,1,meningioma,2,7.094679e-06,0.14577115,0.8537134,0.0005084187
Testing/meningioma/Te-me_0110.jpg,1,meningioma,2,1.2916955e-05,0.0017395254,0.99824643,1.198012e-06
Testing/meningioma/Te-me_0111.jpg,1,meningioma,2,6.3650685e-10,1.4052013e-09,1.0,6.964389e-10
Testing/meningioma/Te-me_0112.jpg,1,meningioma,2,4.8079687e-06,2.0986748e-05,0.9999728,1.4269314e-06
Testing/meningioma/Te-me_0113.jpg,1,meningioma,2,1.6289092e-09,1.7615657e-06,0.9999982,6.613426e-10
Testing/meningioma/Te-me_0114.jpg,1,meningioma,2,1.687765e-06,0.005871974,0.9941248,1.4925428e-06
Testing/meningioma/Te-me_0115.jpg,1,meningioma,2,0.00026000844,0.09733014,0.87807816,0.024331767
Testing/meningioma/Te-me_0116.jpg,1,meningioma,2,0.00046500255,0.0018542823,0.9976338,4.681129e-05
Testing/meningioma/Te-me_0117.jpg,1,meningioma,1,0.00015482563,0.8400763,0.15976608,2.7689237e-06
Testing/meningioma/Te-me_0118.jpg,1,meningioma,3,9.515144e-05,0.0965569,0.0036596735,0.89968836
Testing/meningioma/Te-me_0119.jpg,1,meningioma,1,1.0320312e-06,0.9999471,5.1825682e-05,3.879756e-08
Testing/meningioma/Te-me_0120.jpg,1,meningioma,2,1.9544439e-06,0.00030137363,0.99969673,2.7840171e-08
Testing/meningioma/Te-me_0121.jpg,1,meningioma,3,4.8095404e-05,0.16330941,0.18416046,0.65248203
Testing/meningioma/Te-me_0122.jpg,1,meningioma,1,2.3696013e-05,0.9919946,0.00798069,1.0312502e-06
Testing/meningioma/Te-me_0123.jpg,1,meningioma,2,0.000112235466,0.02779404,0.97159684,0.00049682957
Testing/meningioma/Te-me_0124.jpg,1,meningioma,1,1.8910763e-05,0.9824432,0.01753745,5.3197226e-07
Testing/meningioma/Te-me_0125.jpg,1,meningioma,2,1.8274131e-05,0.3958107,0.604171,5.164242e-08
Testing/meningioma/Te-me_0126.jpg,1,meningioma,1,1.1036497e-05,0.99576133,0.004227012,6.6049256e-07
Testing/meningioma/Te-me_0127.jpg,1,meningioma,1,3.5238718e-05,0.5547658,0.44519776,1.2364143e-06
Testing/meningioma/Te-me_0128.jpg,1,meningioma,1,0.0003345771,0.98918927,0.0026793445,0.0077968165
Testing/meningioma/Te-me_0129.jpg,1,meningioma,1,3.2311356e-05,0.9888058,0.011161481,3.9103787e-07
Testing/meningioma/Te-me_0130.jpg,1,meningioma,1,0.07571204,0.63220835,0.29184696,0.0002327545
Testing/meningioma/Te-me_0131.jpg,1,meningioma,2,1.6493936e-05,0.013816646,0.9861655,1.3116338e-06
Testing/meningioma/Te-me_0132.jpg,1,meningioma,1,3.773094e-06,0.99489033,0.0005289981,0.0045769056
Testing/meningioma/Te-me_0133.jpg,1,meningioma,1,0.00019695262,0.5420024,0.45778397,1.6727989e-05
Testing/meningioma/Te-me_0134.jpg,1,meningioma,2,1.5070993e-06,0.010394995,0.98960334,2.5270847e-07
Testing/meningioma/Te-me_0135.jpg,1,meningioma,2,3.243722e-08,0.00031254758,0.99968743,5.5235985e-09
Testing/meningioma/Te-me_0136.jpg,1,meningioma,2,3.2547538e-05,0.0618715,0.9159053,0.022190638
Testing/meningioma/Te-me_0137.jpg,1,meningioma,2,0.000108987304,0.23729087,0.7625496,5.05285e-05
Testing/meningioma/Te-me_0138.jpg,1,meningioma,1,2.389559e-05,0.8896292,0.110343516,3.4751383e-06
Testing/meningioma/Te-me_0139.jpg,1,meningioma,2,4.208887e-06,0.0018477312,0.9981476,5.217337e-07
Testing/meningioma/Te-me_0140.jpg,1,meningioma,2,1.2689621e-05,0.0003058523,0.9995765,0.00010500566
Testing/meningioma/Te-me_0141.jpg,1,meningioma,2,2.0763191e-05,0.03081677,0.96858895,0.0005735266
Testing/meningioma/Te-me_0142.jpg,1,meningioma,1,0.0015272065,0.95225215,0.04573156,0.0004890588
Testing/meningioma/Te-me_0143.jpg,1,meningioma,2,1.3149412e-09,3.4037653e-06,0.99999654,6.899635e-09
Testing/meningioma/Te-me_0144.jpg,1,meningioma,1,1.2443354e-05,0.9997416,0.00024592923,1.03017946e-07
Testing/meningioma/Te-me_0145.jpg,1,meningioma,2,1.2916955e-05,0.0017395254,0.99824643,1.198012e-06
Testing/meningioma/Te-me_0146.jpg,1,meningioma,2,7.5735225e-06,0.00021787838,0.9997733,1.2322624e-06
Testing/meningioma/Te-me_0147.jpg,1,meningioma,1,1.1767614e-06,0.96213824,0.03786031,3.162261e-07
Testing/meningioma/Te-me_0148.jpg,1,meningioma,3,5.455171e-06,0.08701012,0.0014345254,0.91154987
Testing/meningioma/Te-me_0149.jpg,1,meningioma,2,4.833419e-07,0.008010458,0.99198896,6.188771e-08
Testing/meningioma/Te-me_0150.jpg,1,meningioma,1,0.002909487,0.9868413,0.010247712,1.4631752e-06
Testing/meningioma/Te-me_0151.jpg,1,meningioma,1,0.0001226741,0.6795363,0.32033464,6.4268424e-06
Testing/meningioma/Te-me_0152.jpg,1,meningioma,1,0.013772549,0.95014274,0.035860267,0.00022437099
Testing/meningioma/Te-me_0153.jpg,1,meningioma,2,0.0032213265,0.18803142,0.80246854,0.0062787714
Testing/meningioma/Te-me_0154.jpg,1,meningioma,1,4.566171e-06,0.9999527,4.2730237e-05,9.778665e-08
Testing/meningioma/Te-me_0155.jpg,1,meningioma,1,5.8381886e-08,0.9999994,5.7933994e-07,5.9177627e-09
Testing/meningioma/Te-me_0156.jpg,1,meningioma,2,0.0029054512,0.16878696,0.7296736,0.09863395
Testing/meningioma/Te-me_0157.jpg,1,meningioma,1,0.00059602386,0.99316484,0.0060627335,0.0001763642
Testing/meningioma/Te-me_0158.jpg,1,meningioma,2,0.0002621026,0.015209506,0.983424,0.0011043354
Testing/meningioma/Te-me_0159.jpg,1,meningioma,1,2.0785777e-05,0.42787555,0.38450402,0.18759958
Testing/meningioma/Te-me_0160.jpg,1,meningioma,1,0.00048597317,0.99892503,0.00026981882,0.00031918075
Testing/meningioma/Te-me_0161.jpg,1,meningioma,2,0.105549864,0.24925615,0.63820153,0.006992454
Testing/meningioma/Te-me_0162.jpg,1,meningioma,1,0.06963399,0.75166154,0.17778182,0.0009227189
Testing/meningioma/Te-me_0163.jpg,1,meningioma,3,0.0023047794,0.19920202,0.0044927136,0.79400057
Testing/meningioma/Te-me_0164.jpg,1,meningioma,2,1.6011547e-05,0.021323025,0.9656172,0.01304371
Testing/meningioma/Te-me_0165.jpg,1,meningioma,2,0.10720617,0.15519302,0.7363949,0.001205877
Testing/meningioma/Te-me_0166.jpg,1,meningioma,1,0.027913742,0.9463598,0.025710305,1.6075239e-05
Testing/meningioma/Te-me_0167.jpg,1,meningioma,2,0.026070124,0.38991764,0.5213075,0.06270471
Testing/meningioma/Te-me_0168.jpg,1,meningioma,1,0.00013996617,0.83912015,0.16073161,8.226456e-06
Testing/meningioma/Te-me_0169.jpg,1,meningioma,1,0.00063756946,0.51981133,0.47925377,0.0002973138
Testing/meningioma/Te-me_0170.jpg,1,meningioma,2,1.4212936e-05,0.03176653,0.9678522,0.00036710847
Testing/meningioma/Te-me_0171.jpg,1,meningioma,2,0.0015943772,0.13337748,0.86497045,5.777538e-05
Testing/meningioma/Te-me_0172.jpg,1,meningioma,1,0.0012700504,0.9930137,0.005631798,8.452854e-05
Testing/meningioma/Te-me_0173.jpg,1,meningioma,1,0.00016803433,0.59247255,0.0042520496,0.40310732
Testing/meningioma/Te-me_0174.jpg,1,meningioma,1,2.139973e-06,0.74131185,0.2586859,1.13234904e-07
Testing/meningioma/Te-me_0175.jpg,1,meningioma,1,0.0001496869,0.9998455,4.78845e-06,5.272373e-09
Testing/meningioma/Te-me_0176.jpg,1,meningioma,1,0.0005658516,0.99926776,0.00013953641,2.6894231e-05
Testing/meningioma/Te-me_0177.jpg,1,meningioma,1,0.43601403,0.5541574,0.005490837,0.00433781
Testing/meningioma/Te-me_0178.jpg,1,meningioma,2,0.00050912343,0.3005102,0.69895107,2.9558947e-05
Testing/meningioma/Te-me_0179.jpg,1,meningioma,1,0.008947942,0.9476728,0.040613797,0.0027655107
Testing/meningioma/Te-me_0180.jpg,1,meningioma,2,6.966665e-05,0.09523825,0.90459365,9.845e-05
Testing/meningioma/Te-me_0181.jpg,1,meningioma,1,0.05857768,0.78892475,0.15085568,0.0016418794
Testing/meningioma/Te-me_0182.jpg,1,meningioma,2,0.00029672793,0.042329267,0.9217019,0.035672124
Testing/meningioma/Te-me_0183.jpg,1,meningioma,1,0.18510364,0.48648214,0.309486,0.018928284
Testing/meningioma/Te-me_0184.jpg,1,meningioma,1,0.00020969604,0.9727039,0.026733145,0.00035336922
Testing/meningioma/Te-me_0185.jpg,1,meningioma,2,5.331846e-05,0.028334152,0.97097045,0.00064204185
Testing/meningioma/Te-me_0186.jpg,1,meningioma,2,0.0003442215,0.10390665,0.89497435,0.0007747444
Testing/meningioma/Te-me_0187.jpg,1,meningioma,1,0.0049568377,0.9946504,0.0003563539,3.6386e-05
Testing/meningioma/Te-me_0188.jpg,1,meningioma,1,0.013003999,0.85617,0.13073982,8.623362e-05
Testing/meningioma/Te-me_0189.jpg,1,meningioma,2,0.0020435068,0.010752491,0.9686378,0.01856616
Testing/meningioma/Te-me_0190.jpg,1,meningioma,1,0.11258787,0.7824417,0.1045935,0.0003769738
Testing/meningioma/Te-me_0191.jpg,1,meningioma,1,0.006596001,0.6172045,0.37278026,0.003419282
Testing/meningioma/Te-me_0192.jpg,1,meningioma,1,0.15164487,0.6732096,0.16764395,0.0075015277
Testing/meningioma/Te-me_0193.jpg,1,meningioma,3,2.9157834e-06,0.17726393,6.486978e-05,0.8226684
Testing/meningioma/Te-me_0194.jpg,1,meningioma,1,0.00067222875,0.9980038,0.0010161295,0.00030796137
Testing/meningioma/Te-me_0195.jpg,1,meningioma,2,0.0001658825,0.44159383,0.55728626,0.000954071
Testing/meningioma/Te-me_0196.jpg,1,meningioma,1,0.15101549,0.605641,0.24309932,0.00024423082
Testing/meningioma/Te-me_0197.jpg,1,meningioma,1,0.0004754081,0.96478647,0.034362197,0.00037592312
Testing/meningioma/Te-me_0198.jpg,1,meningioma,1,0.0012958114,0.9966078,0.002073583,2.290043e-05
Testing/meningioma/Te-me_0199.jpg,1,meningioma,2,0.0014495611,0.37421545,0.58462095,0.03971398
Testing/meningioma/Te-me_0200.jpg,1,meningioma,1,0.0011475632,0.9979663,0.00088437553,1.808583e-06
Testing/meningioma/Te-me_0201.jpg,1,meningioma,2,0.0009064409,0.052592374,0.94200444,0.0044968016
Testing/meningioma/Te-me_0202.jpg,1,meningioma,1,0.005095589,0.9446753,0.04997239,0.0002567401
Testing/meningioma/Te-me_0203.jpg,1,meningioma,2,0.0005186113,0.03526504,0.96326935,0.00094702514
Testing/meningioma/Te-me_0204.jpg,1,meningioma,2,0.0075462973,0.28202322,0.70967174,0.00075880875
Testing/meningioma/Te-me_0205.jpg,1,meningioma,1,0.007373195,0.980494,0.010490443,0.0016423198
Testing/meningioma/Te-me_0206.jpg,1,meningioma,1,1.0435703e-05,0.9999887,5.895945e-07,2.7767751e-07
Testing/meningioma/Te-me_0207.jpg,1,meningioma,3,0.00039874326,0.16159596,0.025924303,0.812081
Testing/meningioma/Te-me_0208.jpg,1,meningioma,1,1.8263996e-05,0.9999808,9.1572025e-07,7.626206e-09
Testing/meningioma/Te-me_0209.jpg,1,meningioma,2,0.0013763466,0.15374048,0.84165037,0.00323278
Testing/meningioma/Te-me_0210.jpg,1,meningioma,1,0.00011354429,0.9998857,7.602253e-07,4.4372248e-10
Testing/meningioma/Te-me_0211.jpg,1,meningioma,1,4.0790437e-07,0.9999995,1.8764727e-08,1.1470194e-07
Testing/meningioma/Te-me_0212.jpg,1,meningioma,1,6.15349e-05,0.9946979,0.00035434772,0.0048861275
Testing/meningioma/Te-me_0213.jpg,1,meningioma,2,0.0038589132,0.01738832,0.9754465,0.00330627
Testing/meningioma/Te-me_0214.jpg,1,meningioma,1,0.08987336,0.7186535,0.18628617,0.0051869573
Testing/meningioma/Te-me_0215.jpg,1,meningioma,1,3.570907e-05,0.9996517,0.00031186262,6.695871e-07
Testing/meningioma/Te-me_0216.jpg,1,meningioma,1,0.27310133,0.7164171,0.010455885,2.5670428e-05
Testing/meningioma/Te-me_0217.jpg,1,meningioma,1,0.027770005,0.9721966,3.2880558e-05,5.093111e-07
Testing/meningioma/Te-me_0218.jpg,1,meningioma,1,2.4453582e-05,0.9939023,0.006073314,4.9889675e-09
Testing/meningioma/Te-me_0219.jpg,1,meningioma,1,0.0011701625,0.9276003,0.07119151,3.7986712e-05
Testing/meningioma/Te-me_0220.jpg,1,meningioma,1,3.9893068e-05,0.9949325,0.00051488436,0.004512765
Testing/meningioma/Te-me_0221.jpg,1,meningioma,1,0.0007246915,0.99925774,1.7212988e-05,2.4934644e-07
Testing/meningioma/Te-me_0222.jpg,1,meningioma,1,0.0010099434,0.8199377,0.17504114,0.0040112073
Testing/meningioma/Te-me_0223.jpg,1,meningioma,1,6.497426e-05,0.9998561,7.743402e-05,1.4870003e-06
Testing/meningioma/Te-me_0224.jpg,1,meningioma,1,0.0006543098,0.99622214,0.0031146137,8.913599e-06
Testing/meningioma/Te-me_0225.jpg,1,meningioma,0,0.5425372,0.43362525,0.020662839,0.0031746964
Testing/meningioma/Te-me_0226.jpg,1,meningioma,1,0.4745133,0.52503914,0.0004475243,3.0289147e-08
Testing/meningioma/Te-me_0227.jpg,1,meningioma,1,0.0138019435,0.9227553,0.062914774,0.00052792433
Testing/meningioma/Te-me_0228.jpg,1,meningioma,1,0.0074475575,0.984577,0.0071845823,0.00079086656
Testing/meningioma/Te-me_0229.jpg,1,meningioma,2,1.1477268e-06,5.071054e-06,0.9999938,8.554572e-09
Testing/meningioma/Te-me_0230.jpg,1,meningioma,0,0.5416555,0.45600194,0.0020832722,0.00025929336
Testing/meningioma/Te-me_0231.jpg,1,meningioma,1,0.00050946476,0.95090425,0.0008765501,0.047709838
Testing/meningioma/Te-me_0232.jpg,1,meningioma,2,1.1853966e-06,8.516136e-05,0.9999136,1.08730866e-07
Testing/meningioma/Te-me_0233.jpg,1,meningioma,1,0.0018855092,0.99807286,4.1442825e-05,2.0096094e-07
Testing/meningioma/Te-me_0234.jpg,1,meningioma,1,0.07576429,0.92371595,0.0005186533,1.0670523e-06
Testing/meningioma/Te-me_0235.jpg,1,meningioma,1,2.2582078e-06,0.99998796,9.804083e-06,1.5825039e-08
Testing/meningioma/Te-me_0236.jpg,1,meningioma,1,0.03680669,0.948965,0.013892724,0.0003355503
Testing/meningioma/Te-me_0237.jpg,1,meningioma,1,0.17946014,0.70506084,0.115464896,1.4134065e-05
Testing/meningioma/Te-me_0238.jpg,1,meningioma,1,7.4009754e-06,0.9999926,3.858919e-09,1.4318438e-08
Testing/meningioma/Te-me_0239.jpg,1,meningioma,1,0.010776,0.98921084,1.296319e-05,1.5206494e-07
Testing/meningioma/Te-me_0240.jpg,1,meningioma,1,0.00075095706,0.9924245,0.006818739,5.786091e-06
Testing/meningioma/Te-me_0241.jpg,1,meningioma,2,0.0024384793,0.010645868,0.9868559,5.9821134e-05
Testing/meningioma/Te-me_0242.jpg,1,meningioma,1,4.462763e-05,0.9999554,8.130943e-09,3.4067849e-10
Testing/meningioma/Te-me_0243.jpg,1,meningioma,2,3.7794985e-06,0.0016164,0.9983798,1.43017e-08
Testing/meningioma/Te-me_0244.jpg,1,meningioma,1,0.00816887,0.9450529,0.046323027,0.00045515978
Testing/meningioma/Te-me_0245.jpg,1,meningioma,1,0.0010739645,0.99866366,0.0002496815,1.2713036e-05
Testing/meningioma/Te-me_0246.jpg,1,meningioma,1,0.17872559,0.6414113,0.17096293,0.008900186
Testing/meningioma/Te-me_0247.jpg,1,meningioma,1,0.052802097,0.94158584,0.0042276992,0.001384359
Testing/meningioma/Te-me_0248.jpg,1,meningioma,1,0.0038886128,0.9937163,0.0019446956,0.0004504069
Testing/meningioma/Te-me_0249.jpg,1,meningioma,0,0.9102042,0.012440321,0.07723203,0.00012349884
Testing/meningioma/Te-me_0250.jpg,1,meningioma,1,0.004270768,0.9955075,0.00022158894,1.8764722e-07
Testing/meningioma/Te-me_0251.jpg,1,meningioma,1,0.010630707,0.9889447,0.00024920036,0.00017534553
Testing/meningioma/Te-me_0252.jpg,1,meningioma,1,0.00010294045,0.99972767,0.00016644965,2.8947916e-06
Testing/meningioma/Te-me_0253.jpg,1,meningioma,1,0.016760973,0.9831786,5.4529843e-05,5.7806105e-06
Testing/meningioma/Te-me_0254.jpg,1,meningioma,2,4.178818e-07,0.00021965546,0.9997799,5.1995857e-09
Testing/meningioma/Te-me_0255.jpg,1,meningioma,1,0.00058267394,0.96734,0.032011364,6.597024e-05
Testing/meningioma/Te-me_0256.jpg,1,meningioma,1,0.004651049,0.98188066,0.012960651,0.0005075817
Testing/meningioma/Te-me_0257.jpg,1,meningioma,2,0.0023690981,0.4288384,0.5687455,4.7077232e-05
Testing/meningioma/Te-me_0258.jpg,1,meningioma,1,0.0017649792,0.9982253,5.0752296e-06,4.634925e-06
Testing/meningioma/Te-me_0259.jpg,1,meningioma,1,0.3877286,0.6029706,0.009283934,1.6946251e-05
Testing/meningioma/Te-me_0260.jpg,1,meningioma,1,0.0038657603,0.98498756,0.005866344,0.005280249
Testing/meningioma/Te-me_0261.jpg,1,meningioma,0,0.53711015,0.43866012,0.020372873,0.0038568412
Testing/meningioma/Te-me_0262.jpg,1,meningioma,1,0.00037592233,0.99961853,4.623286e-06,8.3936135e-07
Testing/meningioma/Te-me_0263.jpg,1,meningioma,1,6.158198e-06,0.9999887,4.751341e-06,3.2968165e-07
Testing/meningioma/Te-me_0264.jpg,1,meningioma,1,0.16297975,0.53546625,0.30147904,7.494592e-05
Testing/meningioma/Te-me_0265.jpg,1,meningioma,1,2.4536005e-06,0.9995493,0.0004481829,9.208559e-09
Testing/meningioma/Te-me_0266.jpg,1,meningioma,1,0.09456186,0.89642537,0.008913722,9.905618e-05
Testing/meningioma/Te-me_0267.jpg,1,meningioma,1,5.6735895e-05,0.99992645,1.4779708e-05,2.07537e-06
Testing/meningioma/Te-me_0268.jpg,1,meningioma,1,0.29813588,0.56041473,0.13997053,0.0014788995
Testing/meningioma/Te-me_0269.jpg,1,meningioma,1,0.00895033,0.85759354,0.1326387,0.0008174076
Testing/meningioma/Te-me_0270.jpg,1,meningioma,1,0.117239274,0.7482187,0.1345342,7.766873e-06
Testing/meningioma/Te-me_0271.jpg,1,meningioma,1,0.006063756,0.5251606,0.44047552,0.028300053
Testing/meningioma/Te-me_0272.jpg,1,meningioma,1,0.007312656,0.9327438,0.057587344,0.0023561807
Testing/meningioma/Te-me_0273.jpg,1,meningioma,1,0.00012819159,0.99965584,0.00021592974,5.4752163e-09
Testing/meningioma/Te-me_0274.jpg,1,meningioma,1,0.0007861954,0.9992137,7.098555e-08,7.352621e-12
Testing/meningioma/Te-me_0275.jpg,1,meningioma,1,0.0006623806,0.99933124,6.3331386e-06,7.0188875e-08
Testing/meningioma/Te-me_0276.jpg,1,meningioma,2,0.00020543097,0.28416756,0.7156266,4.4769183e-07
Testing/meningioma/Te-me_0277.jpg,1,meningioma,1,0.07324506,0.9263215,0.00043326532,1.7503453e-07
Testing/meningioma/Te-me_0278.jpg,1,meningioma,1,0.02231733,0.8739701,0.102771,0.0009416108
Testing/meningioma/Te-me_0279.jpg,1,meningioma,1,0.008504115,0.99130577,0.00016657624,2.3555367e-05
Testing/meningioma/Te-me_0280.jpg,1,meningioma,1,0.2862195,0.6789104,0.02865943,0.0062106745
Testing/meningioma/Te-me_0281.jpg,1,meningioma,1,0.0038263502,0.99571496,0.00018255392,0.0002760678
Testing/meningioma/Te-me_0282.jpg,1,meningioma,1,6.2084194e-07,0.9999994,8.865785e-10,2.4173278e-12
Testing/meningioma/Te-me_0283.jpg,1,meningioma,1,0.00012073265,0.9998766,1.8914177e-06,7.008525e-07
Testing/meningioma/Te-me_0284.jpg,1,meningioma,1,0.0052739456,0.6014523,0.36695656,0.026317228
Testing/meningioma/Te-me_0285.jpg,1,meningioma,1,0.00017253296,0.9998022,2.5281415e-05,1.6702383e-08
Testing/meningioma/Te-me_0286.jpg,1,meningioma,1,0.00039170604,0.9350508,0.012021711,0.05253582
Testing/meningioma/Te-me_0287.jpg,1,meningioma,3,9.89349e-06,0.013266835,0.016733339,0.96998996
Testing/meningioma/Te-me_0288.jpg,1,meningioma,1,0.0035679194,0.9961261,0.00030575987,1.9792739e-07
Testing/meningioma/Te-me_0289.jpg,1,meningioma,1,1.0961905e-05,0.9999856,3.0047966e-06,4.780426e-07
Testing/meningioma/Te-me_0290.jpg,1,meningioma,2,3.2418209e-06,0.033206847,0.9667899,4.6131227e-08
Testing/meningioma/Te-me_0291.jpg,1,meningioma,1,5.2276147e-05,0.9897138,0.010233572,3.4457418e-07
Testing/meningioma/Te-me_0292.jpg,1,meningioma,3,3.60931e-05,0.0236295,0.3144151,0.6619193
Testing/meningioma/Te-me_0293.jpg,1,meningioma,2,6.2424983e-06,0.42863253,0.57135254,8.743509e-06
Testing/meningioma/Te-me_0294.jpg,1,meningioma,2,9.32133e-06,0.039507553,0.95570296,0.00478026
Testing/meningioma/Te-me_0295.jpg,1,meningioma,2,0.000581311,0.019679189,0.979704,3.5509267e-05
Testing/meningioma/Te-me_0296.jpg,1,meningioma,2,0.00040831623,0.0027844922,0.891897,0.1049102
Testing/meningioma/Te-me_0297.jpg,1,meningioma,2,3.3292374e-05,0.008399113,0.9915241,4.3547636e-05
Testing/meningioma/Te-me_0298.jpg,1,meningioma,2,3.776166e-08,0.00055954437,0.99944013,1.8422624e-07
Testing/meningioma/Te-me_0299.jpg,1,meningioma,1,3.1374002e-06,0.74098563,0.0018399982,0.25717112
Testing/meningioma/Te-me_0300.jpg,1,meningioma,2,0.0041229236,0.1721566,0.81504446,0.008675995
Testing/meningioma/Te-me_0301.jpg,1,meningioma,1,3.2082233e-05,0.78316075,0.21680395,3.1885725e-06
Testing/meningioma/Te-me_0302.jpg,1,meningioma,2,9.876761e-06,0.22639778,0.77359235,3.391108e-08
Testing/meningioma/Te-me_0303.jpg,1,meningioma,2,3.1982368e-06,0.1087505,0.89124495,1.2479835e-06
Testing/meningioma/Te-me_0304.jpg,1,meningioma,2,3.1465795e-06,0.0058320505,0.9921485,0.0020161795
Testing/meningioma/Te-me_0305.jpg,1,meningioma,1,0.000255521,0.96605444,0.03012526,0.0035647657
Testing/notumor/Te-noTr_0000.jpg,2,no_tumor,2,6.737496e-07,6.024306e-05,0.99993885,2.1132807e-07
Testing/notumor/Te-noTr_0001.jpg,2,no_tumor,2,4.087616e-09,1.0169051e-07,0.9999999,1.882313e-08
Testing/notumor/Te-noTr_0002.jpg,2,no_tumor,2,5.7137345e-10,1.7624409e-08,1.0,7.301949e-09
Testing/notumor/Te-noTr_0003.jpg,2,no_tumor,2,4.782412e-08,2.1779413e-10,1.0,9.0951163e-10
Testing/notumor/Te-noTr_0004.jpg,2,no_tumor,2,2.2546418e-08,1.3652532e-07,0.99999356,6.3639113e-06
Testing/notumor/Te-noTr_0005.jpg,2,no_tumor,2,2.0137699e-11,1.907634e-09,1.0,9.401248e-12
Testing/notumor/Te-noTr_0006.jpg,2,no_tumor,2,6.65058e-09,2.5089572e-10,1.0,2.4675462e-09
Testing/notumor/Te-noTr_0007.jpg,2,no_tumor,2,0.0013268467,0.006387151,0.9922684,1.7571541e-05
Testing/notumor/Te-noTr_0008.jpg,2,no_tumor,2,6.8583517e-09,5.5145887e-07,0.9999994,2.8007594e-09
Testing/notumor/Te-noTr_0009.jpg,2,no_tumor,2,3.6464257e-10,6.045476e-08,0.9999999,3.2633088e-10
Testing/notumor/Te-no_0010.jpg,2,no_tumor,2,1.07612856e-07,1.9551842e-07,0.99999964,1.2922801e-08
Testing/notumor/Te-no_0011.jpg,2,no_tumor,2,2.0882789e-10,6.187879e-10,1.0,3.1591457e-10
Testing/notumor/Te-no_0012.jpg,2,no_tumor,2,1.7747297e-08,6.024814e-08,0.9999999,8.483229e-09
Testing/notumor/Te-no_0013.jpg,2,no_tumor,2,9.3734894e-07,1.11393065e-05,0.99998343,4.5616066e-06
Testing/notumor/Te-no_0014.jpg,2,no_tumor,2,1.3040521e-07,1.4010911e-08,0.9999999,3.9846717e-09
Testing/notumor/Te-no_0015.jpg,2,no_tumor,2,5.0314253e-07,0.00078436075,0.9992149,2.602268e-07
Testing/notumor/Te-no_0016.jpg,2,no_tumor,2,2.958549e-09,1.6359926e-09,1.0,1.6221553e-10
Testing/notumor/Te-no_0017.jpg,2,no_tumor,2,1.6169783e-05,2.0311847e-06,0.99995935,2.240063e-05
Testing/notumor/Te-no_0018.jpg,2,no_tumor,2,3.5577443e-05,0.00034363562,0.9996201,7.1486977e-07
Testing/notumor/Te-no_0019.jpg,2,no_tumor,2,1.0000188e-08,1.0177308e-09,1.0,6.2670175e-11
Testing/notumor/Te-no_0020.jpg,2,no_tumor,2,7.575989e-12,3.188984e-11,1.0,1.4047578e-11
Testing/notumor/Te-no_0021.jpg,2,no_tumor,2,1.6882464e-09,2.347934e-09,1.0,5.1859195e-10
Testing/notumor/Te-no_0022.jpg,2,no_tumor,2,1.959297e-08,5.090958e-07,0.9999995,4.4377746e-09
Testing/notumor/Te-no_0023.jpg,2,no_tumor,2,2.3543748e-08,1.2361266e-07,0.9999999,9.239505e-10
Testing/notumor/Te-no_0024.jpg,2,no_tumor,2,2.1130818e-07,1.0267909e-05,0.99938333,0.00060613867
Testing/notumor/Te-no_0025.jpg,2,no_tumor,2,2.0483977e-12,1.0093819e-08,1.0,1.1001041e-09
Testing/notumor/Te-no_0026.jpg,2,no_tumor,2,8.708419e-05,0.00031178465,0.9995266,7.447939e-05
Testing/notumor/Te-no_0027.jpg,2,no_tumor,2,4.8637146e-11,2.2618818e-10,1.0,2.4094937e-09
Testing/notumor/Te-no_0028.jpg,2,no_tumor,2,0.001133414,9.827997e-05,0.99847656,0.00029176878
Testing/notumor/Te-no_0029.jpg,2,no_tumor,2,5.559657e-09,8.7173476e-07,0.99999917,4.1133108e-10
Testing/notumor/Te-no_0030.jpg,2,no_tumor,2,2.2836973e-12,5.5288467e-09,1.0,1.8246656e-11
Testing/notumor/Te-no_0031.jpg,2,no_tumor,2,4.087616e-09,1.0169051e-07,0.9999999,1.882313e-08
Testing/notumor/Te-no_0032.jpg,2,no_tumor,2,3.7552187e-08,2.7711e-09,1.0,3.2758848e-08
Testing/notumor/Te-no_0033.jpg,2,no_tumor,2,9.9871125e-09,3.1385365e-08,1.0,2.0470347e-08
Testing/notumor/Te-no_0034.jpg,2,no_tumor,2,6.766365e-08,1.3278813e-07,0.99999976,8.430499e-09
Testing/notumor/Te-no_0035.jpg,2,no_tumor,2,0.00010614558,0.0003754008,0.99951434,4.2228294e-06
Testing/notumor/Te-no_0036.jpg,2,no_tumor,2,2.2536135e-06,4.896036e-05,0.9999484,3.4480945e-07
Testing/notumor/Te-no_0037.jpg,2,no_tumor,2,0.0003865153,0.0016279679,0.997629,0.00035652367
Testing/notumor/Te-no_0038.jpg,2,no_tumor,1,0.18876521,0.68413985,0.1266896,0.0004053806
Testing/notumor/Te-no_0039.jpg,2,no_tumor,2,1.7079113e-14,1.05193333e-13,1.0,1.2687406e-13
Testing/notumor/Te-no_0040.jpg,2,no_tumor,2,2.1487863e-09,6.475183e-08,0.9999999,1.6484297e-10
Testing/notumor/Te-no_0041.jpg,2,no_tumor,2,5.343695e-10,6.414321e-09,1.0,2.1682703e-11
Testing/notumor/Te-no_0042.jpg,2,no_tumor,2,6.879029e-09,3.737605e-08,1.0,1.0162101e-09
Testing/notumor/Te-no_0043.jpg,2,no_tumor,2,8.0998164e-10,9.690777e-09,1.0,6.899826e-10
Testing/notumor/Te-no_0044.jpg,2,no_tumor,2,1.7747297e-08,6.024814e-08,0.9999999,8.483229e-09
Testing/notumor/Te-no_0045.jpg,2,no_tumor,0,0.9892125,0.005637225,0.005150053,2.4696843e-07
Testing/notumor/Te-no_0046.jpg,2,no_tumor,2,8.708419e-05,0.00031178465,0.9995266,7.447939e-05
Testing/notumor/Te-no_0047.jpg,2,no_tumor,2,4.70961e-10,6.7554273e-09,1.0,1.5287932e-11
Testing/notumor/Te-no_0048.jpg,2,no_tumor,2,2.0882789e-10,6.187879e-10,1.0,3.1591457e-10
Testing/notumor/Te-no_0049.jpg,2,no_tumor,2,1.0694123e-06,3.748472e-08,0.9999832,1.5736601e-05
Testing/notumor/Te-no_0050.jpg,2,no_tumor,0,0.9892125,0.005637225,0.005150053,2.4696843e-07
Testing/notumor/Te-no_0051.jpg,2,no_tumor,2,3.686418e-11,1.3311463e-09,1.0,1.6436388e-10
Testing/notumor/Te-no_0052.jpg,2,no_tumor,2,2.1487863e-09,6.475183e-08,0.9999999,1.6484297e-10
Testing/notumor/Te-no_0053.jpg,2,no_tumor,2,2.0882789e-10,6.187879e-10,1.0,3.1591457e-10
Testing/notumor/Te-no_0054.jpg,2,no_tumor,0,0.9892125,0.005637225,0.005150053,2.4696843e-07
Testing/notumor/Te-no_0055.jpg,2,no_tumor,2,1.7747297e-08,6.024814e-08,0.9999999,8.483229e-09
Testing/notumor/Te-no_0056.jpg,2,no_tumor,2,2.607146e-07,2.5249381e-05,0.99997437,1.6657386e-07
Testing/notumor/Te-no_0057.jpg,2,no_tumor,2,6.62631e-08,7.344624e-08,0.9999999,1.7986283e-08
Testing/notumor/Te-no_0058.jpg,2,no_tumor,2,7.755751e-06,0.056766804,0.9432252,2.2691631e-07
Testing/notumor/Te-no_0059.jpg,2,no_tumor,2,4.566698e-09,4.5100375e-08,1.0,9.0380836e-10
Testing/notumor/Te-no_0060.jpg,2,no_tumor,2,0.0003865153,0.0016279679,0.997629,0.00035652367
Testing/notumor/Te-no_0061.jpg,2,no_tumor,2,1.7747297e-08,6.024814e-08,0.9999999,8.483229e-09
Testing/notumor/Te-no_0062.jpg,2,no_tumor,2,1.0000188e-08,1.0177308e-09,1.0,6.2670175e-11
Testing/notumor/Te-no_0063.jpg,2,no_tumor,2,1.3235898e-08,2.3457643e-08,1.0,5.687696e-09
Testing/notumor/Te-no_0064.jpg,2,no_tumor,2,8.708419e-05,0.00031178465,0.9995266,7.447939e-05
Testing/notumor/Te-no_0065.jpg,2,no_tumor,2,2.2836973e-12,5.5288467e-09,1.0,1.8246656e-11
Testing/notumor/Te-no_0066.jpg,2,no_tumor,2,3.9848995e-09,2.3802936e-07,0.99999976,9.721353e-10
Testing/notumor/Te-no_0067.jpg,2,no_tumor,2,4.087616e-09,1.0169051e-07,0.9999999,1.882313e-08
Testing/notumor/Te-no_0068.jpg,2,no_tumor,2,2.0882789e-10,6.187879e-10,1.0,3.1591457e-10
Testing/notumor/Te-no_0069.jpg,2,no_tumor,2,5.559657e-09,8.7173476e-07,0.99999917,4.1133108e-10
Testing/notumor/Te-no_0070.jpg,2,no_tumor,2,3.5577443e-05,0.00034363562,0.9996201,7.1486977e-07
Testing/notumor/Te-no_0071.jpg,2,no_tumor,2,0.0010636562,9.424603e-05,0.9985476,0.00029448725
Testing/notumor/Te-no_0072.jpg,2,no_tumor,2,1.6882464e-09,2.347934e-09,1.0,5.1859195e-10
Testing/notumor/Te-no_0073.jpg,2,no_tumor,2,1.0000188e-08,1.0177308e-09,1.0,6.2670175e-11
Testing/notumor/Te-no_0074.jpg,2,no_tumor,2,1.6169783e-05,2.0311847e-06,0.99995935,2.240063e-05
Testing/notumor/Te-no_0075.jpg,2,no_tumor,2,1.959297e-08,5.090958e-07,0.9999995,4.4377746e-09
Testing/notumor/Te-no_0076.jpg,2,no_tumor,2,3.4987664e-08,1.6996823e-07,0.99999976,1.1126641e-09
Testing/notumor/Te-no_0077.jpg,2,no_tumor,2,4.70961e-10,6.7554273e-09,1.0,1.5287932e-11
Testing/notumor/Te-no_0078.jpg,2,no_tumor,2,3.9848995e-09,2.3802936e-07,0.99999976,9.721353e-10
Testing/notumor/Te-no_0079.jpg,2,no_tumor,2,3.1545395e-07,1.0135074e-05,0.99946266,0.0005269169
Testing/notumor/Te-no_0080.jpg,2,no_tumor,2,5.938978e-13,8.523621e-15,1.0,1.0087265e-10
Testing/notumor/Te-no_0081.jpg,2,no_tumor,2,0.00010614558,0.0003754008,0.99951434,4.2228294e-06
Testing/notumor/Te-no_0082.jpg,2,no_tumor,2,5.343695e-10,6.414321e-09,1.0,2.1682703e-11
Testing/notumor/Te-no_0083.jpg,2,no_tumor,2,2.3913607e-11,3.203345e-12,1.0,1.08526896e-10
Testing/notumor/Te-no_0084.jpg,2,no_tumor,2,4.087616e-09,1.0169051e-07,0.9999999,1.882313e-08
Testing/notumor/Te-no_0085.jpg,2,no_tumor,2,8.329779e-06,0.00036718606,0.99957615,4.8387534e-05
Testing/notumor/Te-no_0086.jpg,2,no_tumor,2,5.481875e-07,9.293316e-05,0.9999058,6.845589e-07
Testing/notumor/Te-no_0087.jpg,2,no_tumor,2,2.0882789e-10,6.187879e-10,1.0,3.1591457e-10
Testing/notumor/Te-no_0088.jpg,2,no_tumor,2,0.0013268467,0.006387151,0.9922684,1.7571541e-05
Testing/notumor/Te-no_0089.jpg,2,no_tumor,2,9.545815e-08,2.1717504e-07,0.9999995,7.368587e-08
Testing/notumor/Te-no_0090.jpg,2,no_tumor,2,3.1932723e-10,1.2435945e-05,0.9999871,4.4757468e-07
Testing/notumor/Te-no_0091.jpg,2,no_tumor,2,1.6702907e-13,2.1043163e-10,1.0,7.7656544e-12
Testing/notumor/Te-no_0092.jpg,2,no_tumor,2,6.349608e-05,0.027390243,0.972514,3.2198786e-05
Testing/notumor/Te-no_0093.jpg,2,no_tumor,2,2.3913607e-11,3.203345e-12,1.0,1.08526896e-10
Testing/notumor/Te-no_0094.jpg,2,no_tumor,2,1.2605445e-07,6.274932e-08,0.99999607,3.7513635e-06
Testing/notumor/Te-no_0095.jpg,2,no_tumor,2,1.3630846e-10,2.7854327e-10,1.0,2.8447104e-12
Testing/notumor/Te-no_0096.jpg,2,no_tumor,2,6.613672e-06,0.00062295026,0.9993661,4.2822444e-06
Testing/notumor/Te-no_0097.jpg,2,no_tumor,2,0.028167242,0.011589736,0.95698303,0.003259932
Testing/notumor/Te-no_0098.jpg,2,no_tumor,2,3.1710377e-05,0.00014838143,0.99981886,1.1045232e-06
Testing/notumor/Te-no_0099.jpg,2,no_tumor,2,2.1157721e-08,1.2780686e-07,0.9999999,2.9208541e-08
Testing/notumor/Te-no_0100.jpg,2,no_tumor,2,3.243281e-07,1.9851494e-05,0.9999782,1.6421462e-06
Testing/notumor/Te-no_0101.jpg,2,no_tumor,2,0.004162868,0.0067136604,0.9890164,0.00010707675
Testing/notumor/Te-no_0102.jpg,2,no_tumor,2,3.3784843e-05,2.9560746e-05,0.9999367,1.7714354e-08
Testing/notumor/Te-no_0103.jpg,2,no_tumor,2,3.732482e-12,2.1543193e-12,1.0,1.940704e-09
Testing/notumor/Te-no_0104.jpg,2,no_tumor,2,4.905831e-06,2.9211492e-07,0.99999344,1.3150393e-06
Testing/notumor/Te-no_0105.jpg,2,no_tumor,2,3.149826e-10,1.8148542e-10,1.0,3.0006057e-11
Testing/notumor/Te-no_0106.jpg,2,no_tumor,2,2.3983153e-09,1.7518502e-08,1.0,9.934102e-10
Testing/notumor/Te-no_0107.jpg,2,no_tumor,2,4.6070556e-09,1.1721955e-07,0.9999999,1.4412626e-09
Testing/notumor/Te-no_0108.jpg,2,no_tumor,2,6.794873e-11,1.537086e-10,1.0,1.3867026e-12
Testing/notumor/Te-no_0109.jpg,2,no_tumor,2,3.211793e-09,1.8583041e-13,1.0,2.2482062e-12
Testing/notumor/Te-no_0110.jpg,2,no_tumor,2,5.6346386e-12,2.032419e-11,1.0,1.4940483e-11
Testing/notumor/Te-no_0111.jpg,2,no_tumor,2,2.0984085e-10,4.304852e-09,1.0,3.853385e-10
Testing/notumor/Te-no_0112.jpg,2,no_tumor,2,1.0487663e-08,1.705814e-07,0.99999976,2.3368134e-09
Testing/notumor/Te-no_0113.jpg,2,no_tumor,2,1.3788483e-12,3.020136e-13,1.0,1.0659493e-11
Testing/notumor/Te-no_0114.jpg,2,no_tumor,2,4.4255683e-14,7.0388926e-14,1.0,1.3074815e-11
Testing/notumor/Te-no_0115.jpg,2,no_tumor,2,1.810282e-08,4.015886e-09,1.0,7.3469324e-09
Testing/notumor/Te-no_0116.jpg,2,no_tumor,2,1.13646126e-13,2.3265404e-13,1.0,1.5549302e-12
Testing/notumor/Te-no_0117.jpg,2,no_tumor,2,2.656244e-12,5.2217973e-11,1.0,1.0196592e-11
Testing/notumor/Te-no_0118.jpg,2,no_tumor,2,5.1409095e-09,1.0874757e-06,0.9999989,3.6856605e-08
Testing/notumor/Te-no_0119.jpg,2,no_tumor,2,1.465171e-10,4.7028572e-11,1.0,3.0316316e-10
Testing/notumor/Te-no_0120.jpg,2,no_tumor,2,8.4964595e-09,9.749562e-10,1.0,2.7569136e-09
Testing/notumor/Te-no_0121.jpg,2,no_tumor,2,3.7510828e-11,7.818047e-11,1.0,3.9369105e-10
Testing/notumor/Te-no_0122.jpg,2,no_tumor,2,1.4263979e-07,3.0416953e-08,0.9999999,3.9314494e-09
Testing/notumor/Te-no_0123.jpg,2,no_tumor,2,1.6268257e-09,1.4825793e-08,1.0,1.010647e-09
Testing/notumor/Te-no_0124.jpg,2,no_tumor,2,5.923622e-07,5.1108786e-06,0.9999943,2.1385455e-08
Testing/notumor/Te-no_0125.jpg,2,no_tumor,2,1.4887059e-15,3.5738348e-16,1.0,2.8860382e-12
Testing/notumor/Te-no_0126.jpg,2,no_tumor,2,9.966597e-13,2.7675317e-11,1.0,9.866618e-09
Testing/notumor/Te-no_0127.jpg,2,no_tumor,2,4.3054844e-09,5.2889967e-11,1.0,2.8131018e-09
Testing/notumor/Te-no_0128.jpg,2,no_tumor,2,6.241639e-06,0.00016137068,0.9998221,1.04129e-05
Testing/notumor/Te-no_0129.jpg,2,no_tumor,2,3.9324302e-10,2.2758868e-09,1.0,1.9730675e-09
Testing/notumor/Te-no_0130.jpg,2,no_tumor,2,3.217463e-10,6.558268e-10,1.0,3.1575553e-10
Testing/notumor/Te-no_0131.jpg,2,no_tumor,2,7.284226e-09,1.1137937e-09,0.9999999,1.06143524e-07
Testing/notumor/Te-no_0132.jpg,2,no_tumor,2,1.7832687e-10,1.4235136e-08,1.0,1.06039675e-08
Testing/notumor/Te-no_0133.jpg,2,no_tumor,2,1.1587008e-10,8.822227e-08,0.9999999,8.321366e-10
Testing/notumor/Te-no_0134.jpg,2,no_tumor,2,1.1777507e-08,1.1851181e-10,1.0,4.774587e-10
Testing/notumor/Te-no_0135.jpg,2,no_tumor,2,0.0010767486,1.9722278e-05,0.9989034,1.5915404e-07
Testing/notumor/Te-no_0136.jpg,2,no_tumor,2,7.5033746e-10,5.2276253e-08,1.0,4.729359e-10
Testing/notumor/Te-no_0137.jpg,2,no_tumor,2,7.973837e-08,1.0568892e-08,0.9999999,1.2153188e-09
Testing/notumor/Te-no_0138.jpg,2,no_tumor,2,4.564475e-14,1.3948198e-12,1.0,1.5681552e-11
Testing/notumor/Te-no_0139.jpg,2,no_tumor,2,5.1617074e-12,3.815648e-13,1.0,2.6980672e-13
Testing/notumor/Te-no_0140.jpg,2,no_tumor,2,1.5236539e-07,3.6006302e-11,0.9999999,1.834201e-08
Testing/notumor/Te-no_0141.jpg,2,no_tumor,2,3.3181242e-12,5.373295e-13,1.0,1.3276054e-11
Testing/notumor/Te-no_0142.jpg,2,no_tumor,2,3.828024e-10,1.1470282e-08,1.0,6.2291154e-09
Testing/notumor/Te-no_0143.jpg,2,no_tumor,2,1.6197368e-11,5.1046717e-10,1.0,2.0440284e-10
Testing/notumor/Te-no_0144.jpg,2,no_tumor,2,1.10634714e-13,4.502297e-14,1.0,7.7283605e-12
Testing/notumor/Te-no_0145.jpg,2,no_tumor,2,3.8394184e-08,1.8483153e-07,0.9999994,3.3000603e-07
Testing/notumor/Te-no_0146.jpg,2,no_tumor,2,2.3672143e-14,1.4060852e-14,1.0,3.745824e-13
Testing/notumor/Te-no_0147.jpg,2,no_tumor,2,2.682302e-11,2.0826773e-11,1.0,3.794901e-11
Testing/notumor/Te-no_0148.jpg,2,no_tumor,2,1.245327e-12,2.199287e-12,1.0,2.0070469e-12
Testing/notumor/Te-no_0149.jpg,2,no_tumor,2,5.621722e-09,2.480562e-08,1.0,5.2241043e-09
Testing/notumor/Te-no_0150.jpg,2,no_tumor,2,2.9704466e-12,1.9749178e-11,1.0,1.0214111e-11
Testing/notumor/Te-no_0151.jpg,2,no_tumor,2,1.2654001e-10,3.2508596e-10,1.0,5.5538935e-10
Testing/notumor/Te-no_0152.jpg,2,no_tumor,2,5.2427295e-13,1.2525707e-09,1.0,2.4123516e-11
Testing/notumor/Te-no_0153.jpg,2,no_tumor,2,5.0412348e-11,1.9732605e-08,1.0,2.369558e-11
Testing/notumor/Te-no_0154.jpg,2,no_tumor,2,1.0446797e-08,6.268449e-08,0.9999999,2.8845781e-09
Testing/notumor/Te-no_0155.jpg,2,no_tumor,2,1.0188627e-10,4.0445047e-09,1.0,2.685402e-09
Testing/notumor/Te-no_0156.jpg,2,no_tumor,2,5.039767e-10,2.9300378e-09,1.0,2.3857857e-10
Testing/notumor/Te-no_0157.jpg,2,no_tumor,2,1.1097393e-13,3.2726981e-13,1.0,1.8911725e-12
Testing/notumor/Te-no_0158.jpg,2,no_tumor,2,3.6365824e-11,1.5940747e-11,1.0,5.038044e-11
Testing/notumor/Te-no_0159.jpg,2,no_tumor,2,3.7129647e-11,1.7862361e-11,1.0,7.820877e-12
Testing/notumor/Te-no_0160.jpg,2,no_tumor,2,1.7500175e-11,9.507869e-10,1.0,1.1706454e-10
Testing/notumor/Te-no_0161.jpg,2,no_tumor,2,7.5017244e-15,3.432328e-14,1.0,4.9945196e-15
Testing/notumor/Te-no_0162.jpg,2,no_tumor,2,3.1769425e-09,5.5179246e-08,1.0,2.4812977e-10
Testing/notumor/Te-no_0163.jpg,2,no_tumor,2,7.866154e-10,4.3301496e-09,1.0,9.9543915e-11
Testing/notumor/Te-no_0164.jpg,2,no_tumor,2,2.7098804e-11,3.830235e-11,1.0,4.5688977e-11
Testing/notumor/Te-no_0165.jpg,2,no_tumor,2,1.7131309e-11,1.3734997e-11,1.0,6.9228034e-10
Testing/notumor/Te-no_0166.jpg,2,no_tumor,2,9.715747e-12,2.6922802e-12,1.0,3.0652723e-11
Testing/notumor/Te-no_0167.jpg,2,no_tumor,2,1.549041e-10,1.2516356e-11,1.0,4.930698e-10
Testing/notumor/Te-no_0168.jpg,2,no_tumor,2,2.2847129e-08,2.4354016e-08,1.0,5.843768e-10
Testing/notumor/Te-no_0169.jpg,2,no_tumor,2,3.447974e-12,3.4159828e-09,1.0,4.8103915e-10
Testing/notumor/Te-no_0170.jpg,2,no_tumor,2,1.0986609e-10,2.0160673e-08,1.0,6.2034544e-10
Testing/notumor/Te-no_0171.jpg,2,no_tumor,2,1.621951e-10,5.350949e-09,1.0,5.272109e-10
Testing/notumor/Te-no_0172.jpg,2,no_tumor,2,1.3838682e-11,1.3463444e-09,1.0,3.4461396e-12
Testing/notumor/Te-no_0173.jpg,2,no_tumor,2,2.5494726e-11,5.0935844e-10,1.0,1.2594252e-08
Testing/notumor/Te-no_0174.jpg,2,no_tumor,2,9.283748e-12,1.853225e-09,1.0,5.407365e-10
Testing/notumor/Te-no_0175.jpg,2,no_tumor,2,7.717919e-15,6.738552e-14,1.0,1.7304954e-13
Testing/notumor/Te-no_0176.jpg,2,no_tumor,2,9.997845e-12,8.8270363e-13,1.0,4.5586698e-11
Testing/notumor/Te-no_0177.jpg,2,no_tumor,2,1.9577566e-14,2.3099522e-15,1.0,2.300418e-13
Testing/notumor/Te-no_0178.jpg,2,no_tumor,2,3.17486e-12,9.116279e-12,1.0,1.6718628e-12
Testing/notumor/Te-no_0179.jpg,2,no_tumor,2,9.898029e-11,2.1636154e-10,1.0,3.1843465e-11
Testing/notumor/Te-no_0180.jpg,2,no_tumor,2,3.760284e-13,3.643753e-12,1.0,9.9611855e-12
Testing/notumor/Te-no_0181.jpg,2,no_tumor,2,1.2600239e-07,1.7888657e-06,0.999998,1.2766873e-07
Testing/notumor/Te-no_0182.jpg,2,no_tumor,2,1.733028e-10,2.684809e-08,1.0,8.1534157e-10
Testing/notumor/Te-no_0183.jpg,2,no_tumor,2,6.3957845e-10,3.5851058e-09,1.0,1.6271288e-10
Testing/notumor/Te-no_0184.jpg,2,no_tumor,2,8.693286e-09,1.18235164e-07,0.9999999,8.275938e-10
Testing/notumor/Te-no_0185.jpg,2,no_tumor,2,7.172922e-13,2.0963951e-11,1.0,3.782618e-10
Testing/notumor/Te-no_0186.jpg,2,no_tumor,2,9.869045e-13,7.322076e-12,1.0,4.6592136e-12
Testing/notumor/Te-no_0187.jpg,2,no_tumor,2,9.580843e-15,8.840903e-13,1.0,1.2193037e-12
Testing/notumor/Te-no_0188.jpg,2,no_tumor,2,2.9726602e-10,1.4994397e-09,1.0,5.391248e-10
Testing/notumor/Te-no_0189.jpg,2,no_tumor,2,7.216355e-13,2.6071341e-12,1.0,2.3048859e-12
Testing/notumor/Te-no_0190.jpg,2,no_tumor,2,2.7156031e-11,1.6324616e-08,1.0,4.1175924e-10
Testing/notumor/Te-no_0191.jpg,2,no_tumor,2,1.0244254e-07,2.1003364e-08,0.9999999,2.437009e-08
Testing/notumor/Te-no_0192.jpg,2,no_tumor,2,1.40338e-09,1.0269287e-09,1.0,5.0494726e-11
Testing/notumor/Te-no_0193.jpg,2,no_tumor,2,4.4641175e-09,4.244958e-07,0.9999995,2.4264644e-09
Testing/notumor/Te-no_0194.jpg,2,no_tumor,2,1.4838507e-10,1.9296154e-10,1.0,3.3923583e-11
Testing/notumor/Te-no_0195.jpg,2,no_tumor,2,2.9192767e-13,1.0358774e-13,1.0,5.3190807e-12
Testing/notumor/Te-no_0196.jpg,2,no_tumor,2,2.717414e-09,1.2442279e-08,1.0,2.088244e-09
Testing/notumor/Te-no_0197.jpg,2,no_tumor,2,6.023614e-10,1.3153275e-08,1.0,1.2322385e-10
Testing/notumor/Te-no_0198.jpg,2,no_tumor,2,1.1641604e-08,1.4594883e-08,1.0,1.2487355e-08
Testing/notumor/Te-no_0199.jpg,2,no_tumor,2,1.1298229e-11,9.4917005e-11,1.0,7.3364164e-09
Testing/notumor/Te-no_0200.jpg,2,no_tumor,2,3.505829e-11,2.7834765e-15,1.0,3.8726246e-13
Testing/notumor/Te-no_0201.jpg,2,no_tumor,2,7.468212e-09,3.8934015e-08,1.0,5.269264e-10
Testing/notumor/Te-no_0202.jpg,2,no_tumor,2,2.898931e-12,2.0451953e-13,1.0,1.14072383e-10
Testing/notumor/Te-no_0203.jpg,2,no_tumor,2,0.00012398764,5.6849112e-05,0.9998153,3.9709244e-06
Testing/notumor/Te-no_0204.jpg,2,no_tumor,2,3.8330852e-11,1.9285749e-09,1.0,3.0550694e-11
Testing/notumor/Te-no_0205.jpg,2,no_tumor,2,2.348122e-13,5.577962e-13,1.0,1.6510587e-12
Testing/notumor/Te-no_0206.jpg,2,no_tumor,2,9.921414e-09,5.9889817e-07,0.9999994,5.5889284e-09
Testing/notumor/Te-no_0207.jpg,2,no_tumor,2,3.4371436e-10,4.435574e-10,1.0,1.876759e-09
Testing/notumor/Te-no_0208.jpg,2,no_tumor,2,5.0178757e-11,4.2603973e-10,1.0,6.1799293e-10
Testing/notumor/Te-no_0209.jpg,2,no_tumor,2,1.5683213e-08,4.5975693e-07,0.9999995,2.4816138e-10
Testing/notumor/Te-no_0210.jpg,2,no_tumor,2,2.0727255e-08,2.360992e-10,1.0,1.5906049e-09
Testing/notumor/Te-no_0211.jpg,2,no_tumor,2,5.7264174e-07,1.3746068e-08,0.9999994,3.82652e-09
Testing/notumor/Te-no_0212.jpg,2,no_tumor,2,2.4314921e-09,3.3463692e-08,1.0,1.747955e-08
Testing/notumor/Te-no_0213.jpg,2,no_tumor,2,3.510017e-07,3.8497847e-06,0.9999958,2.8047655e-08
Testing/notumor/Te-no_0214.jpg,2,no_tumor,2,4.681833e-15,2.3549998e-15,1.0,8.457476e-13
Testing/notumor/Te-no_0215.jpg,2,no_tumor,2,3.311525e-11,9.35252e-14,1.0,7.347756e-10
Testing/notumor/Te-no_0216.jpg,2,no_tumor,2,1.1833298e-09,5.553324e-09,1.0,8.307273e-09
Testing/notumor/Te-no_0217.jpg,2,no_tumor,2,3.0760228e-09,1.4620849e-08,1.0,3.396745e-09
Testing/notumor/Te-no_0218.jpg,2,no_tumor,2,5.2653584e-09,4.838356e-10,1.0,8.830321e-09
Testing/notumor/Te-no_0219.jpg,2,no_tumor,2,1.0277276e-10,1.5604185e-11,1.0,6.591827e-10
Testing/notumor/Te-no_0220.jpg,2,no_tumor,2,1.7852248e-08,2.2433407e-05,0.9999776,2.633273e-08
Testing/notumor/Te-no_0221.jpg,2,no_tumor,2,1.3512539e-07,4.9355197e-08,0.99999976,4.1656556e-08
Testing/notumor/Te-no_0222.jpg,2,no_tumor,2,4.775794e-06,1.6256158e-07,0.9999951,1.2317402e-08
Testing/notumor/Te-no_0223.jpg,2,no_tumor,2,3.0924804e-10,1.0609373e-07,0.9999999,1.115984e-09
Testing/notumor/Te-no_0224.jpg,2,no_tumor,2,6.4027184e-08,3.3344728e-05,0.9999666,4.1602983e-09
Testing/notumor/Te-no_0225.jpg,2,no_tumor,2,3.218667e-07,2.9835885e-06,0.99998736,9.287769e-06
Testing/notumor/Te-no_0226.jpg,2,no_tumor,2,2.611498e-09,1.7024323e-09,1.0,1.2812813e-10
Testing/notumor/Te-no_0227.jpg,2,no_tumor,2,4.6826156e-09,3.274173e-12,1.0,3.6511745e-09
Testing/notumor/Te-no_0228.jpg,2,no_tumor,2,6.1524105e-07,8.981827e-06,0.99998915,1.2459326e-06
Testing/notumor/Te-no_0229.jpg,2,no_tumor,2,2.895033e-14,9.48168e-14,1.0,1.3215399e-14
Testing/notumor/Te-no_0230.jpg,2,no_tumor,2,9.0102814e-11,4.688914e-10,1.0,2.1163876e-10
Testing/notumor/Te-no_0231.jpg,2,no_tumor,2,7.4447415e-10,9.675678e-11,1.0,5.409511e-10
Testing/notumor/Te-no_0232.jpg,2,no_tumor,2,4.007418e-08,4.550534e-09,1.0,5.11362e-09
Testing/notumor/Te-no_0233.jpg,2,no_tumor,2,2.3161624e-09,3.8989377e-08,1.0,5.6089124e-09
Testing/notumor/Te-no_0234.jpg,2,no_tumor,2,3.7420309e-10,5.544447e-08,1.0,6.332039e-09
Testing/notumor/Te-no_0235.jpg,2,no_tumor,2,1.2903784e-09,9.081548e-09,1.0,6.6761636e-09
Testing/notumor/Te-no_0236.jpg,2,no_tumor,2,1.5933363e-05,2.1085239e-07,0.9999838,9.956942e-08
Testing/notumor/Te-no_0237.jpg,2,no_tumor,2,4.941337e-09,4.6053583e-07,0.9999995,1.3567583e-09
Testing/notumor/Te-no_0238.jpg,2,no_tumor,2,3.3754527e-12,1.9621689e-13,1.0,1.1446186e-10
Testing/notumor/Te-no_0239.jpg,2,no_tumor,2,7.429362e-07,4.9691525e-06,0.9999943,3.941195e-09
Testing/notumor/Te-no_0240.jpg,2,no_tumor,2,2.919647e-11,1.5794138e-12,1.0,1.1842521e-11
Testing/notumor/Te-no_0241.jpg,2,no_tumor,2,3.5435677e-09,1.4418933e-08,1.0,1.2819671e-08
Testing/notumor/Te-no_0242.jpg,2,no_tumor,2,1.5194963e-11,1.2744186e-09,1.0,2.762602e-10
Testing/notumor/Te-no_0243.jpg,2,no_tumor,2,7.3835804e-10,5.1523244e-08,1.0,1.0352598e-08
Testing/notumor/Te-no_0244.jpg,2,no_tumor,2,1.6122847e-08,4.8472602e-06,0.9999951,1.589478e-09
Testing/notumor/Te-no_0245.jpg,2,no_tumor,2,1.1455429e-09,1.7355909e-07,0.9999999,9.508956e-10
Testing/notumor/Te-no_0246.jpg,2,no_tumor,2,6.8313947e-13,2.2907276e-10,1.0,1.0384859e-11
Testing/notumor/Te-no_0247.jpg,2,no_tumor,2,1.8326509e-13,4.3008364e-10,1.0,5.0259654e-09
Testing/notumor/Te-no_0248.jpg,2,no_tumor,2,7.737062e-08,2.0010237e-11,0.9999999,1.9563018e-09
Testing/notumor/Te-no_0249.jpg,2,no_tumor,2,3.0116703e-12,1.4607796e-09,1.0,1.1543773e-10
Testing/notumor/Te-no_0250.jpg,2,no_tumor,2,6.016204e-15,3.3902897e-14,1.0,2.1751898e-13
Testing/notumor/Te-no_0251.jpg,2,no_tumor,2,6.162159e-13,2.246454e-11,1.0,4.9669583e-12
Testing/notumor/Te-no_0252.jpg,2,no_tumor,2,4.2274102e-08,3.2381042e-06,0.99999666,5.629193e-09
Testing/notumor/Te-no_0253.jpg,2,no_tumor,2,4.2440504e-12,3.5912937e-12,1.0,8.010055e-12
Testing/notumor/Te-no_0254.jpg,2,no_tumor,2,8.694724e-14,3.7912945e-13,1.0,1.1057402e-12
Testing/notumor/Te-no_0255.jpg,2,no_tumor,2,2.2095125e-12,3.509487e-12,1.0,2.145605e-12
Testing/notumor/Te-no_0256.jpg,2,no_tumor,2,1.7112615e-08,2.1607507e-06,0.99999774,1.0009464e-07
Testing/notumor/Te-no_0257.jpg,2,no_tumor,2,7.653798e-15,6.1782936e-13,1.0,7.97759e-13
Testing/notumor/Te-no_0258.jpg,2,no_tumor,2,2.718089e-12,4.229091e-13,1.0,1.303147e-11
Testing/notumor/Te-no_0259.jpg,2,no_tumor,2,9.375687e-10,2.0433834e-08,1.0,6.9965065e-09
Testing/notumor/Te-no_0260.jpg,2,no_tumor,2,6.2696927e-12,4.5122825e-12,1.0,1.9359763e-12
Testing/notumor/Te-no_0261.jpg,2,no_tumor,2,1.7080018e-15,2.3652197e-14,1.0,5.8122723e-15
Testing/notumor/Te-no_0262.jpg,2,no_tumor,2,2.292338e-12,1.2710164e-11,1.0,1.2792869e-09
Testing/notumor/Te-no_0263.jpg,2,no_tumor,2,3.1367603e-11,6.7663336e-10,1.0,8.494847e-11
Testing/notumor/Te-no_0264.jpg,2,no_tumor,2,4.208229e-12,1.1899669e-11,1.0,5.2893774e-12
Testing/notumor/Te-no_0265.jpg,2,no_tumor,2,3.519198e-13,3.153625e-10,1.0,2.17421e-10
Testing/notumor/Te-no_0266.jpg,2,no_tumor,2,1.2907069e-09,1.0302633e-06,0.9999989,6.3219314e-09
Testing/notumor/Te-no_0267.jpg,2,no_tumor,2,1.1271213e-09,8.713247e-05,0.99991286,4.1702658e-10
Testing/notumor/Te-no_0268.jpg,2,no_tumor,2,1.4755848e-13,2.1452872e-11,1.0,5.300072e-12
Testing/notumor/Te-no_0269.jpg,2,no_tumor,2,9.162872e-08,2.9703818e-07,0.9999995,7.2108925e-08
Testing/notumor/Te-no_0270.jpg,2,no_tumor,2,3.0420297e-09,2.0513993e-07,0.99999976,1.9338685e-08
Testing/notumor/Te-no_0271.jpg,2,no_tumor,2,4.0910205e-15,5.5448007e-14,1.0,2.027407e-13
Testing/notumor/Te-no_0272.jpg,2,no_tumor,2,2.5419547e-12,4.8741203e-13,1.0,1.5259577e-12
Testing/notumor/Te-no_0273.jpg,2,no_tumor,2,2.927028e-12,7.740273e-10,1.0,1.32226305e-11
Testing/notumor/Te-no_0274.jpg,2,no_tumor,2,1.3706242e-10,1.797296e-10,1.0,2.1463645e-10
Testing/notumor/Te-no_0275.jpg,2,no_tumor,2,2.927645e-10,5.1446497e-10,1.0,1.5418612e-09
Testing/notumor/Te-no_0276.jpg,2,no_tumor,2,6.1093908e-09,4.4339632e-08,1.0,2.6738727e-08
Testing/notumor/Te-no_0277.jpg,2,no_tumor,2,1.2789385e-12,1.8880299e-12,1.0,8.81346e-13
Testing/notumor/Te-no_0278.jpg,2,no_tumor,2,4.93003e-14,9.810489e-13,1.0,2.952114e-11
Testing/notumor/Te-no_0279.jpg,2,no_tumor,2,1.4211687e-13,1.3576454e-11,1.0,1.0256885e-11
Testing/notumor/Te-no_0280.jpg,2,no_tumor,2,1.6639693e-13,6.096632e-13,1.0,6.2171974e-13
Testing/notumor/Te-no_0281.jpg,2,no_tumor,2,8.045467e-13,2.076952e-12,1.0,7.2227753e-12
Testing/notumor/Te-no_0282.jpg,2,no_tumor,2,4.024977e-11,3.6745068e-10,1.0,4.2572784e-10
Testing/notumor/Te-no_0283.jpg,2,no_tumor,2,2.1491461e-10,4.8108188e-08,1.0,6.005156e-10
Testing/notumor/Te-no_0284.jpg,2,no_tumor,2,5.25271e-09,2.1413822e-08,1.0,4.0618314e-08
Testing/notumor/Te-no_0285.jpg,2,no_tumor,2,2.612868e-13,1.3843883e-11,1.0,7.005192e-11
Testing/notumor/Te-no_0286.jpg,2,no_tumor,2,3.0611342e-12,6.690479e-13,1.0,2.869091e-11
Testing/notumor/Te-no_0287.jpg,2,no_tumor,2,2.1870116e-14,7.810653e-15,1.0,2.822426e-13
Testing/notumor/Te-no_0288.jpg,2,no_tumor,2,1.8618128e-13,1.3545461e-12,1.0,3.8795317e-12
Testing/notumor/Te-no_0289.jpg,2,no_tumor,2,2.2417211e-14,7.564038e-11,1.0,6.590598e-13
Testing/notumor/Te-no_0290.jpg,2,no_tumor,2,1.1571013e-09,1.0189918e-06,0.9999989,4.8144186e-09
Testing/notumor/Te-no_0291.jpg,2,no_tumor,2,1.6541676e-11,2.2171285e-08,1.0,2.3426298e-12
Testing/notumor/Te-no_0292.jpg,2,no_tumor,2,7.6804215e-13,5.50439e-10,1.0,4.1370167e-12
Testing/notumor/Te-no_0293.jpg,2,no_tumor,2,7.79535e-12,2.6297206e-10,1.0,3.6257938e-10
Testing/notumor/Te-no_0294.jpg,2,no_tumor,2,4.70412e-12,1.3134547e-12,1.0,1.0825023e-11
Testing/notumor/Te-no_0295.jpg,2,no_tumor,2,3.280058e-10,3.433453e-11,1.0,1.2825192e-09
Testing/notumor/Te-no_0296.jpg,2,no_tumor,2,6.3816216e-11,7.610709e-11,1.0,1.6242171e-10
Testing/notumor/Te-no_0297.jpg,2,no_tumor,2,1.0549708e-14,1.6364012e-13,1.0,1.5054001e-13
Testing/notumor/Te-no_0298.jpg,2,no_tumor,2,3.861043e-06,3.4256485e-07,0.9999958,2.887991e-09
Testing/notumor/Te-no_0299.jpg,2,no_tumor,2,4.338644e-11,2.4318676e-13,1.0,1.658071e-12
Testing/notumor/Te-no_0300.jpg,2,no_tumor,2,2.1082834e-12,2.9894075e-12,1.0,2.5908265e-11
Testing/notumor/Te-no_0301.jpg,2,no_tumor,2,2.2033335e-13,1.4602537e-12,1.0,2.9496167e-10
Testing/notumor/Te-no_0302.jpg,2,no_tumor,2,2.3739889e-13,5.0114627e-13,1.0,1.3558928e-12
Testing/notumor/Te-no_0303.jpg,2,no_tumor,2,5.8323284e-15,1.708876e-14,1.0,4.6809805e-13
Testing/notumor/Te-no_0304.jpg,2,no_tumor,2,1.6745327e-10,5.2818117e-10,1.0,1.184382e-09
Testing/notumor/Te-no_0305.jpg,2,no_tumor,2,5.566277e-11,4.1194068e-10,1.0,5.746961e-10
Testing/notumor/Te-no_0306.jpg,2,no_tumor,2,1.0256976e-08,2.1499257e-07,0.99999976,1.7543593e-10
Testing/notumor/Te-no_0307.jpg,2,no_tumor,2,3.2669e-07,1.3406891e-08,0.99999964,1.8381747e-09
Testing/notumor/Te-no_0308.jpg,2,no_tumor,2,2.3154448e-10,3.3514254e-07,0.99999964,5.7366834e-11
Testing/notumor/Te-no_0309.jpg,2,no_tumor,2,4.5981782e-10,2.5391338e-09,1.0,2.7085484e-10
Testing/notumor/Te-no_0310.jpg,2,no_tumor,2,2.0491292e-15,1.5900116e-15,1.0,4.1947638e-13
Testing/notumor/Te-no_0311.jpg,2,no_tumor,2,4.7529164e-10,5.137785e-10,1.0,1.9451365e-09
Testing/notumor/Te-no_0312.jpg,2,no_tumor,2,5.6046447e-09,1.0346582e-07,0.9999999,1.0865493e-09
Testing/notumor/Te-no_0313.jpg,2,no_tumor,2,1.5001699e-07,3.1822267e-07,0.9999995,3.5981216e-08
Testing/notumor/Te-no_0314.jpg,2,no_tumor,2,2.2789248e-15,1.0712475e-13,1.0,6.5485737e-12
Testing/notumor/Te-no_0315.jpg,2,no_tumor,2,8.023346e-15,6.5755176e-13,1.0,9.099665e-13
Testing/notumor/Te-no_0316.jpg,2,no_tumor,2,8.870503e-15,2.8937478e-13,1.0,1.1809718e-12
Testing/notumor/Te-no_0317.jpg,2,no_tumor,2,1.1720636e-11,5.4711817e-09,1.0,2.4172442e-10
Testing/notumor/Te-no_0318.jpg,2,no_tumor,2,9.1376434e-11,2.1930228e-10,1.0,3.310843e-11
Testing/notumor/Te-no_0319.jpg,2,no_tumor,2,1.710603e-08,1.8580233e-10,1.0,5.72306e-10
Testing/notumor/Te-no_0320.jpg,2,no_tumor,2,4.6665756e-09,1.3892973e-08,1.0,3.9592782e-09
Testing/notumor/Te-no_0321.jpg,2,no_tumor,2,3.7255745e-09,2.8796764e-08,1.0,3.709316e-09
Testing/notumor/Te-no_0322.jpg,2,no_tumor,2,1.3090955e-08,1.9295328e-08,1.0,8.129289e-09
Testing/notumor/Te-no_0323.jpg,2,no_tumor,2,5.6767324e-10,6.610971e-07,0.9999993,3.8253005e-09
Testing/notumor/Te-no_0324.jpg,2,no_tumor,2,1.0821492e-11,1.4850222e-11,1.0,7.782389e-10
Testing/notumor/Te-no_0325.jpg,2,no_tumor,2,2.0222338e-11,2.5964808e-11,1.0,9.128358e-11
Testing/notumor/Te-no_0326.jpg,2,no_tumor,2,1.4315947e-08,7.050038e-08,0.99999976,7.7090284e-08
Testing/notumor/Te-no_0327.jpg,2,no_tumor,2,7.652075e-15,6.8130863e-13,1.0,1.3116172e-12
Testing/notumor/Te-no_0328.jpg,2,no_tumor,2,7.895897e-11,6.50251e-08,0.9999999,1.0548813e-08
Testing/notumor/Te-no_0329.jpg,2,no_tumor,2,7.1457785e-16,1.1934343e-13,1.0,3.8276806e-14
Testing/notumor/Te-no_0330.jpg,2,no_tumor,2,2.215879e-10,4.132805e-12,1.0,4.2126882e-11
Testing/notumor/Te-no_0331.jpg,2,no_tumor,2,1.6826214e-12,6.455976e-10,1.0,7.023105e-11
Testing/notumor/Te-no_0332.jpg,2,no_tumor,2,3.8496624e-09,1.9958772e-08,1.0,1.03857e-09
Testing/notumor/Te-no_0333.jpg,2,no_tumor,2,1.3504752e-08,8.998087e-07,0.99999595,3.07774e-06
Testing/notumor/Te-no_0334.jpg,2,no_tumor,2,2.5635531e-08,2.8839256e-07,0.99999964,5.629918e-09
Testing/notumor/Te-no_0335.jpg,2,no_tumor,2,1.1427027e-11,4.1945083e-09,1.0,1.637612e-10
Testing/notumor/Te-no_0336.jpg,2,no_tumor,2,1.4980302e-13,1.9388355e-13,1.0,1.4898948e-13
Testing/notumor/Te-no_0337.jpg,2,no_tumor,2,1.0862229e-15,1.4628329e-15,1.0,2.8561246e-14
Testing/notumor/Te-no_0338.jpg,2,no_tumor,2,1.750363e-08,3.2415699e-07,0.99999964,6.1448774e-10
Testing/notumor/Te-no_0339.jpg,2,no_tumor,2,1.2489558e-10,1.8181966e-11,1.0,1.2283502e-10
Testing/notumor/Te-no_0340.jpg,2,no_tumor,2,2.1012527e-17,1.7092979e-16,1.0,8.012538e-14
Testing/notumor/Te-no_0341.jpg,2,no_tumor,2,3.4995418e-07,4.962771e-08,0.99999964,6.8398287e-09
Testing/notumor/Te-no_0342.jpg,2,no_tumor,2,3.898095e-13,3.8545445e-11,1.0,2.7104284e-11
Testing/notumor/Te-no_0343.jpg,2,no_tumor,2,2.9397448e-16,1.0189606e-16,1.0,1.28042e-12
Testing/notumor/Te-no_0344.jpg,2,no_tumor,2,1.8728152e-06,2.30476e-06,0.9999949,9.705859e-07
Testing/notumor/Te-no_0345.jpg,2,no_tumor,2,2.9037557e-09,1.4499842e-09,1.0,1.03541675e-10
Testing/notumor/Te-no_0346.jpg,2,no_tumor,2,5.1127227e-09,8.4658164e-10,0.9999999,8.929167e-08
Testing/notumor/Te-no_0347.jpg,2,no_tumor,2,3.639108e-11,3.581089e-08,1.0,3.2148864e-10
Testing/notumor/Te-no_0348.jpg,2,no_tumor,2,7.873374e-10,4.808342e-08,1.0,5.251485e-10
Testing/notumor/Te-no_0349.jpg,2,no_tumor,2,8.5169025e-13,7.5923684e-11,1.0,1.2295182e-09
Testing/notumor/Te-no_0350.jpg,2,no_tumor,2,4.930115e-10,2.486425e-09,1.0,4.1578354e-09
Testing/notumor/Te-no_0351.jpg,2,no_tumor,2,9.556333e-07,1.561106e-07,0.9999988,8.6373845e-08
Testing/notumor/Te-no_0352.jpg,2,no_tumor,2,2.4708438e-08,5.449843e-08,0.9999999,8.345128e-10
Testing/notumor/Te-no_0353.jpg,2,no_tumor,2,1.0270451e-11,7.994471e-12,1.0,2.1555975e-12
Testing/notumor/Te-no_0354.jpg,2,no_tumor,2,1.4789126e-08,2.285711e-07,0.9999995,1.8157633e-07
Testing/notumor/Te-no_0355.jpg,2,no_tumor,2,1.1291795e-08,2.7865306e-06,0.99999726,7.483573e-10
Testing/notumor/Te-no_0356.jpg,2,no_tumor,2,1.6963442e-10,2.4145057e-11,1.0,5.259955e-10
Testing/notumor/Te-no_0357.jpg,2,no_tumor,2,6.248267e-11,1.1325577e-09,1.0,2.9357083e-10
Testing/notumor/Te-no_0358.jpg,2,no_tumor,2,2.5478566e-09,4.4545363e-08,1.0,4.6112936e-09
Testing/notumor/Te-no_0359.jpg,2,no_tumor,2,1.7381014e-06,1.0939223e-05,0.9999819,5.489425e-06
Testing/notumor/Te-no_0360.jpg,2,no_tumor,2,1.3190038e-05,8.376186e-08,0.99998665,1.4100611e-07
Testing/notumor/Te-no_0361.jpg,2,no_tumor,2,1.153175e-09,1.0709596e-05,0.9999893,2.541945e-10
Testing/notumor/Te-no_0362.jpg,2,no_tumor,2,3.7913323e-12,3.208535e-13,1.0,6.831376e-11
Testing/notumor/Te-no_0363.jpg,2,no_tumor,2,7.448624e-08,2.2278026e-07,0.99999964,7.3399725e-08
Testing/notumor/Te-no_0364.jpg,2,no_tumor,2,8.305121e-12,6.169524e-12,1.0,2.5331634e-10
Testing/notumor/Te-no_0365.jpg,2,no_tumor,2,1.3879318e-07,4.0124579e-07,0.9999994,3.293274e-08
Testing/notumor/Te-no_0366.jpg,2,no_tumor,2,2.6265876e-10,3.5617347e-09,1.0,2.199155e-10
Testing/notumor/Te-no_0367.jpg,2,no_tumor,2,1.3275724e-11,4.5900553e-10,1.0,4.239904e-10
Testing/notumor/Te-no_0368.jpg,2,no_tumor,2,7.625558e-09,1.1484706e-06,0.9999988,1.9926216e-09
Testing/notumor/Te-no_0369.jpg,2,no_tumor,2,2.0154665e-09,2.7366698e-09,1.0,3.5944636e-10
Testing/notumor/Te-no_0370.jpg,2,no_tumor,2,1.1179973e-13,6.8984743e-13,1.0,1.9534094e-12
Testing/notumor/Te-no_0371.jpg,2,no_tumor,2,2.580412e-10,4.0977233e-10,1.0,6.394147e-11
Testing/notumor/Te-no_0372.jpg,2,no_tumor,2,2.4196936e-10,1.06276675e-10,1.0,2.321296e-10
Testing/notumor/Te-no_0373.jpg,2,no_tumor,2,4.0368956e-08,3.419268e-07,0.9999989,6.7428886e-07
Testing/notumor/Te-no_0374.jpg,2,no_tumor,2,4.4932703e-11,5.6536986e-10,1.0,5.862096e-11
Testing/notumor/Te-no_0375.jpg,2,no_tumor,2,1.120432e-07,5.2098144e-09,0.9999999,5.3273865e-08
Testing/notumor/Te-no_0376.jpg,2,no_tumor,2,4.837389e-13,4.007889e-13,1.0,3.0495446e-11
Testing/notumor/Te-no_0377.jpg,2,no_tumor,2,1.99205e-09,1.9821343e-10,1.0,5.367253e-09
Testing/notumor/Te-no_0378.jpg,2,no_tumor,2,9.995673e-12,4.7802252e-11,1.0,9.712942e-10
Testing/notumor/Te-no_0379.jpg,2,no_tumor,2,2.082835e-08,9.161984e-08,0.9999999,1.4616769e-09
Testing/notumor/Te-no_0380.jpg,2,no_tumor,2,8.0559196e-14,5.5890806e-13,1.0,1.1292191e-12
Testing/notumor/Te-no_0381.jpg,2,no_tumor,2,8.80314e-10,4.994963e-09,0.9999999,1.2731162e-07
Testing/notumor/Te-no_0382.jpg,2,no_tumor,2,4.338897e-09,6.568649e-09,1.0,7.985141e-09
Testing/notumor/Te-no_0383.jpg,2,no_tumor,2,1.4591442e-14,1.6616816e-14,1.0,5.447951e-12
Testing/notumor/Te-no_0384.jpg,2,no_tumor,2,1.8586479e-13,3.472451e-13,1.0,2.033942e-12
Testing/notumor/Te-no_0385.jpg,2,no_tumor,2,1.9404456e-12,3.1386393e-11,1.0,5.253443e-12
Testing/notumor/Te-no_0386.jpg,2,no_tumor,2,6.687487e-11,4.050561e-11,1.0,1.0174702e-10
Testing/notumor/Te-no_0387.jpg,2,no_tumor,2,4.4550028e-12,2.491116e-12,1.0,4.1725244e-13
Testing/notumor/Te-no_0388.jpg,2,no_tumor,2,9.3977374e-11,9.4633876e-08,0.9999999,3.417017e-10
Testing/notumor/Te-no_0389.jpg,2,no_tumor,2,5.372706e-15,1.6688878e-15,1.0,5.7812353e-12
Testing/notumor/Te-no_0390.jpg,2,no_tumor,2,1.3019768e-11,7.9738286e-14,1.0,1.4422e-10
Testing/notumor/Te-no_0391.jpg,2,no_tumor,2,1.6630708e-10,7.0606667e-09,1.0,3.047732e-10
Testing/notumor/Te-no_0392.jpg,2,no_tumor,2,7.2792683e-09,7.571234e-09,1.0,3.277452e-09
Testing/notumor/Te-no_0393.jpg,2,no_tumor,2,6.4913794e-09,1.8462755e-08,1.0,3.5336914e-10
Testing/notumor/Te-no_0394.jpg,2,no_tumor,2,2.0136892e-11,2.4596917e-11,1.0,1.1738809e-10
Testing/notumor/Te-no_0395.jpg,2,no_tumor,2,4.4286967e-16,2.889604e-14,1.0,3.1571635e-14
Testing/notumor/Te-no_0396.jpg,2,no_tumor,2,2.988518e-12,4.6165356e-14,1.0,1.5498767e-11
Testing/notumor/Te-no_0397.jpg,2,no_tumor,2,6.2156616e-15,9.11733e-14,1.0,1.2942512e-12
Testing/notumor/Te-no_0398.jpg,2,no_tumor,2,3.806826e-15,5.6310794e-13,1.0,9.62562e-13
Testing/notumor/Te-no_0399.jpg,2,no_tumor,2,6.30814e-11,3.9727677e-08,1.0,8.483392e-09
Testing/notumor/Te-no_0400.jpg,2,no_tumor,2,6.7490293e-12,4.027265e-11,1.0,2.2467968e-11
Testing/notumor/Te-no_0401.jpg,2,no_tumor,2,8.542591e-09,2.7641764e-07,0.99999976,2.7595737e-10
Testing/notumor/Te-no_0402.jpg,2,no_tumor,2,3.2208458e-10,7.996863e-09,1.0,1.7117575e-09
Testing/notumor/Te-no_0403.jpg,2,no_tumor,2,6.904753e-13,1.6167299e-12,1.0,1.1625427e-12
Testing/notumor/Te-no_0404.jpg,2,no_tumor,2,2.8410555e-12,8.416647e-10,1.0,1.4013438e-10
Testing/pituitary/Te-piTr_0000.jpg,3,pituitary,3,1.0299739e-07,0.00015268355,1.461488e-08,0.9998472
Testing/pituitary/Te-piTr_0001.jpg,3,pituitary,2,0.006523448,0.1072344,0.78398633,0.10225592
Testing/pituitary/Te-piTr_0002.jpg,3,pituitary,3,0.0142175,0.10205336,0.36048818,0.523241
Testing/pituitary/Te-piTr_0003.jpg,3,pituitary,1,0.038345356,0.59169745,0.03264334,0.33731386
Testing/pituitary/Te-piTr_0004.jpg,3,pituitary,1,0.004453006,0.79629385,0.0023278263,0.19692534
Testing/pituitary/Te-piTr_0005.jpg,3,pituitary,2,0.00094535516,0.0035905268,0.9591985,0.036265716
Testing/pituitary/Te-piTr_0006.jpg,3,pituitary,3,0.0014004924,0.020325314,0.039386917,0.9388873
Testing/pituitary/Te-piTr_0007.jpg,3,pituitary,3,0.002005786,0.16277288,0.022716062,0.8125053
Testing/pituitary/Te-piTr_0008.jpg,3,pituitary,3,0.011662359,0.12775435,0.053732257,0.806851
Testing/pituitary/Te-piTr_0009.jpg,3,pituitary,3,1.1522051e-05,0.0003785843,0.31207186,0.687538
Testing/pituitary/Te-pi_0010.jpg,3,pituitary,3,1.0969906e-06,0.002030245,0.00011353198,0.9978551
Testing/pituitary/Te-pi_0011.jpg,3,pituitary,3,4.166007e-05,0.037246857,0.0039123255,0.9587992
Testing/pituitary/Te-pi_0012.jpg,3,pituitary,3,3.8208073e-05,0.0485975,6.4637024e-05,0.95129967
Testing/pituitary/Te-pi_0013.jpg,3,pituitary,1,0.0013286946,0.50068486,4.20529e-05,0.4979444
Testing/pituitary/Te-pi_0014.jpg,3,pituitary,3,7.276231e-06,0.1310753,1.2260883e-05,0.8689052
Testing/pituitary/Te-pi_0015.jpg,3,pituitary,3,4.832446e-06,0.0059490665,0.034980204,0.9590659
Testing/pituitary/Te-pi_0016.jpg,3,pituitary,3,1.18198585e-07,0.054180276,0.00016000224,0.94565964
Testing/pituitary/Te-pi_0017.jpg,3,pituitary,2,3.1350073e-06,0.025320895,0.5654087,0.40926734
Testing/pituitary/Te-pi_0018.jpg,3,pituitary,2,0.00017331121,0.00538378,0.5850908,0.40935206
Testing/pituitary/Te-pi_0019.jpg,3,pituitary,2,0.00017625908,0.013236973,0.7429279,0.2436588
Testing/pituitary/Te-pi_0020.jpg,3,pituitary,3,9.006277e-05,0.05150351,0.020469368,0.9279371
Testing/pituitary/Te-pi_0021.jpg,3,pituitary,3,4.4792545e-05,5.827548e-05,2.836654e-06,0.999894
Testing/pituitary/Te-pi_0022.jpg,3,pituitary,3,0.001136369,0.0003376025,0.002779439,0.9957467
Testing/pituitary/Te-pi_0023.jpg,3,pituitary,3,0.0003889113,0.025788609,0.003350613,0.9704719
Testing/pituitary/Te-pi_0024.jpg,3,pituitary,1,0.0018378412,0.42789328,0.30951434,0.2607546
Testing/pituitary/Te-pi_0025.jpg,3,pituitary,1,3.671236e-05,0.9064354,0.06324344,0.030284416
Testing/pituitary/Te-pi_0026.jpg,3,pituitary,3,1.282164e-07,9.082697e-05,0.0007606909,0.99914825
Testing/pituitary/Te-pi_0027.jpg,3,pituitary,3,3.5787116e-07,0.00016401586,5.2176125e-07,0.99983513
Testing/pituitary/Te-pi_0028.jpg,3,pituitary,3,0.00013226713,0.0028670458,4.9751674e-05,0.99695086
Testing/pituitary/Te-pi_0029.jpg,3,pituitary,2,0.00029607033,0.040660474,0.9407054,0.018338019
Testing/pituitary/Te-pi_0030.jpg,3,pituitary,3,1.3297759e-05,0.09330832,8.120571e-05,0.9065972
Testing/pituitary/Te-pi_0031.jpg,3,pituitary,3,5.7134555e-05,0.0042949007,0.22938395,0.76626396
Testing/pituitary/Te-pi_0032.jpg,3,pituitary,2,0.00014470273,0.00029552256,0.9995413,1.8477083e-05
Testing/pituitary/Te-pi_0033.jpg,3,pituitary,3,0.002915321,0.008132519,0.14832054,0.8406316
Testing/pituitary/Te-pi_0034.jpg,3,pituitary,3,1.2680401e-06,0.01936408,0.00087269314,0.97976196
Testing/pituitary/Te-pi_0035.jpg,3,pituitary,2,6.645673e-05,8.527649e-05,0.7927386,0.20710965
Testing/pituitary/Te-pi_0036.jpg,3,pituitary,3,2.6324955e-07,0.00048193114,3.0542786e-05,0.9994873
Testing/pituitary/Te-pi_0037.jpg,3,pituitary,3,9.354702e-08,0.0012737595,1.8904124e-05,0.9987072
Testing/pituitary/Te-pi_0038.jpg,3,pituitary,3,0.00010493549,0.00025708988,0.000475136,0.9991629
Testing/pituitary/Te-pi_0039.jpg,3,pituitary,2,0.008851611,0.00040519616,0.98933685,0.001406302
Testing/pituitary/Te-pi_0040.jpg,3,pituitary,2,0.003453596,0.005499454,0.5243179,0.46672902
Testing/pituitary/Te-pi_0041.jpg,3,pituitary,2,5.6924197e-05,0.1130461,0.8804695,0.0064273938
Testing/pituitary/Te-pi_0042.jpg,3,pituitary,3,1.2086788e-06,0.004657114,5.9942945e-06,0.99533564
Testing/pituitary/Te-pi_0043.jpg,3,pituitary,2,0.00082088285,0.02216377,0.96952033,0.0074950024
Testing/pituitary/Te-pi_0044.jpg,3,pituitary,3,0.16265579,0.10631838,0.2693668,0.4616591
Testing/pituitary/Te-pi_0045.jpg,3,pituitary,3,0.015950173,0.017556496,0.004206274,0.962287
Testing/pituitary/Te-pi_0046.jpg,3,pituitary,3,0.00047100856,0.0050535193,0.32388815,0.67058736
Testing/pituitary/Te-pi_0047.jpg,3,pituitary,3,0.00016647484,0.0014319121,5.861829e-05,0.998343
Testing/pituitary/Te-pi_0048.jpg,3,pituitary,3,0.0040986566,0.0076930025,0.00021496651,0.98799336
Testing/pituitary/Te-pi_0049.jpg,3,pituitary,3,0.00042445376,0.0025587953,0.00010950105,0.9969073
Testing/pituitary/Te-pi_0050.jpg,3,pituitary,3,0.00161351,0.0035111532,0.0043432023,0.99053204
Testing/pituitary/Te-pi_0051.jpg,3,pituitary,3,0.042809553,0.005710913,0.00087211706,0.95060736
Testing/pituitary/Te-pi_0052.jpg,3,pituitary,3,4.4441074e-07,0.013629104,3.606242e-05,0.9863344
Testing/pituitary/Te-pi_0053.jpg,3,pituitary,3,8.9950123e-07,0.0017588838,3.5249927e-06,0.99823666
Testing/pituitary/Te-pi_0054.jpg,3,pituitary,3,8.165119e-06,0.005505709,0.00071149424,0.99377465
Testing/pituitary/Te-pi_0055.jpg,3,pituitary,3,0.01490018,0.014633628,0.0035707029,0.96689546
Testing/pituitary/Te-pi_0056.jpg,3,pituitary,3,2.7181213e-06,0.001994661,2.0815916e-07,0.99800235
Testing/pituitary/Te-pi_0057.jpg,3,pituitary,3,3.515644e-08,0.00023886678,0.0013221968,0.9984389
Testing/pituitary/Te-pi_0058.jpg,3,pituitary,3,6.9919196e-07,0.023477877,0.0009186912,0.97560275
Testing/pituitary/Te-pi_0059.jpg,3,pituitary,3,5.284671e-06,0.0041409507,0.00010429214,0.99574935
Testing/pituitary/Te-pi_0060.jpg,3,pituitary,3,3.5249664e-06,0.00079816947,0.00012146333,0.99907684
Testing/pituitary/Te-pi_0061.jpg,3,pituitary,3,6.4130255e-08,0.017703218,8.186686e-06,0.9822885
Testing/pituitary/Te-pi_0062.jpg,3,pituitary,3,1.3536131e-05,0.013010751,2.7822163e-05,0.9869479
Testing/pituitary/Te-pi_0063.jpg,3,pituitary,3,2.7156522e-05,0.00078462926,0.028083531,0.9711048
Testing/pituitary/Te-pi_0064.jpg,3,pituitary,3,4.2042402e-07,0.001897709,2.636647e-06,0.99809927
Testing/pituitary/Te-pi_0065.jpg,3,pituitary,3,2.465443e-08,2.27402e-05,2.623397e-06,0.9999746
Testing/pituitary/Te-pi_0066.jpg,3,pituitary,3,5.0354117e-08,0.0011560577,6.4209036e-07,0.9988433
Testing/pituitary/Te-pi_0067.jpg,3,pituitary,2,0.0004969208,0.010873873,0.7206103,0.2680189
Testing/pituitary/Te-pi_0068.jpg,3,pituitary,2,0.0025305802,0.12248753,0.7622014,0.11278047
Testing/pituitary/Te-pi_0069.jpg,3,pituitary,2,0.00018768516,0.0072078346,0.92731375,0.06529078
Testing/pituitary/Te-pi_0070.jpg,3,pituitary,3,0.0011636935,0.006881331,0.00215837,0.9897967
Testing/pituitary/Te-pi_0071.jpg,3,pituitary,2,0.01858215,0.3713261,0.581749,0.028342707
Testing/pituitary/Te-pi_0072.jpg,3,pituitary,3,1.3422074e-05,0.0006771191,4.57401e-06,0.9993049
Testing/pituitary/Te-pi_0073.jpg,3,pituitary,3,0.018960254,0.15295424,0.02132359,0.8067619
Testing/pituitary/Te-pi_0074.jpg,3,pituitary,2,0.005990849,0.023482198,0.86326575,0.107261196
Testing/pituitary/Te-pi_0075.jpg,3,pituitary,3,0.005579343,0.03234897,0.36259687,0.5994748
Testing/pituitary/Te-pi_0076.jpg,3,pituitary,3,0.010890976,0.03010456,0.0118533755,0.9471511
Testing/pituitary/Te-pi_0077.jpg,3,pituitary,2,0.004284797,0.20057821,0.58596677,0.20917025
Testing/pituitary/Te-pi_0078.jpg,3,pituitary,2,4.9704122e-05,0.0031333338,0.98601127,0.01080575
Testing/pituitary/Te-pi_0079.jpg,3,pituitary,2,1.1136859e-05,0.0009172016,0.97300375,0.026067834
Testing/pituitary/Te-pi_0080.jpg,3,pituitary,2,0.003695132,0.01785815,0.5052336,0.4732132
Testing/pituitary/Te-pi_0081.jpg,3,pituitary,3,0.02002452,0.08830059,0.26010397,0.6315709
Testing/pituitary/Te-pi_0082.jpg,3,pituitary,2,0.000248343,0.0027515125,0.8053596,0.19164054
Testing/pituitary/Te-pi_0083.jpg,3,pituitary,3,1.0587723e-05,0.00015138606,1.5532178e-05,0.99982256
Testing/pituitary/Te-pi_0084.jpg,3,pituitary,3,1.4554023e-07,0.0017034336,4.1507574e-06,0.99829227
Testing/pituitary/Te-pi_0085.jpg,3,pituitary,2,0.0020456356,0.011655927,0.73170495,0.2545935
Testing/pituitary/Te-pi_0086.jpg,3,pituitary,1,0.069617376,0.38404405,0.35885975,0.18747883
Testing/pituitary/Te-pi_0087.jpg,3,pituitary,3,0.0016157982,0.15431042,0.0017998589,0.8422739
Testing/pituitary/Te-pi_0088.jpg,3,pituitary,3,0.0023476933,0.09753538,0.17062677,0.72949016
Testing/pituitary/Te-pi_0089.jpg,3,pituitary,3,0.054339428,0.104153074,0.005456576,0.8360509
Testing/pituitary/Te-pi_0090.jpg,3,pituitary,3,0.00025507735,0.02109458,0.0009567541,0.97769356
Testing/pituitary/Te-pi_0091.jpg,3,pituitary,3,0.0010554477,0.011968563,8.251907e-05,0.98689353
Testing/pituitary/Te-pi_0092.jpg,3,pituitary,3,0.079975285,0.19736049,0.0031696009,0.71949464
Testing/pituitary/Te-pi_0093.jpg,3,pituitary,1,0.06865352,0.7804174,0.050313346,0.10061577
Testing/pituitary/Te-pi_0094.jpg,3,pituitary,3,3.396618e-06,0.009252565,1.13368305e-05,0.99073267
Testing/pituitary/Te-pi_0095.jpg,3,pituitary,3,0.001805349,0.12044074,0.002023136,0.87573075
Testing/pituitary/Te-pi_0096.jpg,3,pituitary,3,0.0001885348,0.010513541,0.00012199648,0.98917586
Testing/pituitary/Te-pi_0097.jpg,3,pituitary,3,0.03490148,0.045294534,0.016880536,0.9029234
Testing/pituitary/Te-pi_0098.jpg,3,pituitary,1,0.00205332,0.8687078,0.00011747092,0.12912141
Testing/pituitary/Te-pi_0099.jpg,3,pituitary,3,1.915644e-06,2.473296e-06,0.015135809,0.9848599
Testing/pituitary/Te-pi_0100.jpg,3,pituitary,3,0.012817837,0.13285899,0.0019041906,0.85241896
Testing/pituitary/Te-pi_0101.jpg,3,pituitary,3,0.0065715373,0.18538164,0.00027869234,0.80776817
Testing/pituitary/Te-pi_0102.jpg,3,pituitary,3,4.6252437e-05,0.019389376,0.027786,0.9527784
Testing/pituitary/Te-pi_0103.jpg,3,pituitary,2,0.019008648,0.00017289561,0.9142041,0.066614375
Testing/pituitary/Te-pi_0104.jpg,3,pituitary,3,0.06847058,0.062792294,0.00015231059,0.8685848
Testing/pituitary/Te-pi_0105.jpg,3,pituitary,3,0.0063955775,0.050572734,9.4098184e-05,0.9429376
Testing/pituitary/Te-pi_0106.jpg,3,pituitary,1,0.00548403,0.48589963,0.40251684,0.106099516
Testing/pituitary/Te-pi_0107.jpg,3,pituitary,2,0.0039671664,0.3083122,0.3871795,0.30054107
Testing/pituitary/Te-pi_0108.jpg,3,pituitary,3,0.09652492,0.023674434,0.0020737192,0.8777269
Testing/pituitary/Te-pi_0109.jpg,3,pituitary,1,0.03853867,0.61453295,0.0010805309,0.34584787
Testing/pituitary/Te-pi_0110.jpg,3,pituitary,1,0.013753301,0.4725906,0.3639517,0.1497044
Testing/pituitary/Te-pi_0111.jpg,3,pituitary,3,0.018088602,0.006914533,0.0012112826,0.9737855
Testing/pituitary/Te-pi_0112.jpg,3,pituitary,3,9.600849e-07,0.0002389602,5.2993546e-06,0.99975485
Testing/pituitary/Te-pi_0113.jpg,3,pituitary,2,0.08958459,0.16391718,0.602755,0.14374317
Testing/pituitary/Te-pi_0114.jpg,3,pituitary,0,0.33216253,0.2551648,0.20951651,0.20315619
Testing/pituitary/Te-pi_0115.jpg,3,pituitary,3,0.0021364887,0.008095798,0.0061483863,0.9836194
Testing/pituitary/Te-pi_0116.jpg,3,pituitary,3,8.049903e-05,0.0055762096,1.9902971e-05,0.9943234
Testing/pituitary/Te-pi_0117.jpg,3,pituitary,3,0.054033797,0.0638307,0.017113993,0.8650216
Testing/pituitary/Te-pi_0118.jpg,3,pituitary,2,0.009211879,0.023903724,0.78161275,0.18527165
Testing/pituitary/Te-pi_0119.jpg,3,pituitary,2,0.00036745114,0.1578928,0.70023155,0.14150822
Testing/pituitary/Te-pi_0120.jpg,3,pituitary,3,3.8145527e-06,0.014334981,0.0077520856,0.9779091
Testing/pituitary/Te-pi_0121.jpg,3,pituitary,3,4.878067e-06,0.00021261047,0.007195384,0.99258715
Testing/pituitary/Te-pi_0122.jpg,3,pituitary,3,0.0003148304,0.0049330583,0.002365646,0.99238646
Testing/pituitary/Te-pi_0123.jpg,3,pituitary,3,3.3751305e-05,0.0069237044,0.00037569503,0.9926668
Testing/pituitary/Te-pi_0124.jpg,3,pituitary,3,2.096735e-07,0.00013138785,1.3819059e-07,0.9998683
Testing/pituitary/Te-pi_0125.jpg,3,pituitary,1,0.07639106,0.80497706,0.0055634147,0.113068484
Testing/pituitary/Te-pi_0126.jpg,3,pituitary,3,4.122736e-06,0.0010461474,6.886683e-05,0.9988809
Testing/pituitary/Te-pi_0127.jpg,3,pituitary,3,2.9352604e-08,0.014294703,5.0614777e-05,0.98565465
Testing/pituitary/Te-pi_0128.jpg,3,pituitary,3,0.00012231569,0.14167714,0.00012460712,0.858076
Testing/pituitary/Te-pi_0129.jpg,3,pituitary,3,1.1276194e-07,0.00095680234,0.061573286,0.9374698
Testing/pituitary/Te-pi_0130.jpg,3,pituitary,3,9.988e-06,0.021339731,9.7153614e-05,0.97855306
Testing/pituitary/Te-pi_0131.jpg,3,pituitary,3,8.18135e-07,0.00027689213,8.069298e-08,0.9997222
Testing/pituitary/Te-pi_0132.jpg,3,pituitary,3,1.1613784e-08,0.002419456,6.567818e-07,0.9975799
Testing/pituitary/Te-pi_0133.jpg,3,pituitary,2,2.5536992e-05,0.004378719,0.9516155,0.043980166
Testing/pituitary/Te-pi_0134.jpg,3,pituitary,3,1.6389204e-07,0.000112232665,1.9067917e-07,0.99988735
Testing/pituitary/Te-pi_0135.jpg,3,pituitary,3,0.00011420626,0.010730947,0.099233516,0.8899213
Testing/pituitary/Te-pi_0136.jpg,3,pituitary,3,4.2274394e-07,0.004901674,0.00079962134,0.9942983
Testing/pituitary/Te-pi_0137.jpg,3,pituitary,3,0.027181987,0.0509064,0.0049949093,0.9169167
Testing/pituitary/Te-pi_0138.jpg,3,pituitary,3,5.838529e-06,0.000821867,4.116656e-06,0.99916816
Testing/pituitary/Te-pi_0139.jpg,3,pituitary,3,1.314669e-05,0.3212349,0.0011247922,0.6776272
Testing/pituitary/Te-pi_0140.jpg,3,pituitary,3,0.00017244207,0.10245049,0.004265543,0.8931115
Testing/pituitary/Te-pi_0141.jpg,3,pituitary,3,8.544402e-07,0.0013159345,0.00072478247,0.9979584
Testing/pituitary/Te-pi_0142.jpg,3,pituitary,3,0.22792287,0.21610233,0.0065126093,0.54946214
Testing/pituitary/Te-pi_0143.jpg,3,pituitary,3,0.0069107492,0.11975506,0.002208593,0.8711255
Testing/pituitary/Te-pi_0144.jpg,3,pituitary,3,5.633093e-07,0.008201079,0.0033094175,0.98848885
Testing/pituitary/Te-pi_0145.jpg,3,pituitary,3,2.8290963e-06,0.003905034,0.00011091153,0.9959812
Testing/pituitary/Te-pi_0146.jpg,3,pituitary,3,8.553208e-08,0.0002075805,5.421086e-07,0.9997918
Testing/pituitary/Te-pi_0147.jpg,3,pituitary,1,0.00094155694,0.8576475,0.00017684323,0.1412341
Testing/pituitary/Te-pi_0148.jpg,3,pituitary,3,3.207174e-05,0.22358476,0.00054166024,0.7758415
Testing/pituitary/Te-pi_0149.jpg,3,pituitary,3,2.069621e-06,2.8136417e-05,2.6019276e-05,0.99994385
Testing/pituitary/Te-pi_0150.jpg,3,pituitary,3,4.0603095e-06,0.027650258,1.188214e-05,0.9723337
Testing/pituitary/Te-pi_0151.jpg,3,pituitary,3,2.6697298e-05,0.048176154,0.00065366674,0.9511435
Testing/pituitary/Te-pi_0152.jpg,3,pituitary,2,5.277028e-05,0.0008673867,0.99396837,0.0051114038
Testing/pituitary/Te-pi_0153.jpg,3,pituitary,3,2.122714e-06,0.10230482,0.011700214,0.88599277
Testing/pituitary/Te-pi_0154.jpg,3,pituitary,3,1.2344592e-05,0.006110197,0.10177192,0.8921056
Testing/pituitary/Te-pi_0155.jpg,3,pituitary,3,6.2005014e-08,5.343778e-05,0.0001623226,0.9997842
Testing/pituitary/Te-pi_0156.jpg,3,pituitary,2,4.4358985e-05,0.0011914338,0.99862385,0.00014040557
Testing/pituitary/Te-pi_0157.jpg,3,pituitary,3,2.7892004e-06,0.00038187127,6.0354356e-05,0.99955493
Testing/pituitary/Te-pi_0158.jpg,3,pituitary,3,0.00024152738,0.0016686319,0.00066650496,0.9974234
Testing/pituitary/Te-pi_0159.jpg,3,pituitary,3,0.00020284008,0.29274297,0.014409369,0.6926448
Testing/pituitary/Te-pi_0160.jpg,3,pituitary,2,0.0001322344,0.0049190647,0.7108751,0.28407362
Testing/pituitary/Te-pi_0161.jpg,3,pituitary,3,0.0010888138,0.01704466,0.010606212,0.9712603
Testing/pituitary/Te-pi_0162.jpg,3,pituitary,3,0.00010588294,0.00034200263,0.15613851,0.84341353
Testing/pituitary/Te-pi_0163.jpg,3,pituitary,3,0.00012389368,0.06400631,0.31908384,0.61678594
Testing/pituitary/Te-pi_0164.jpg,3,pituitary,1,9.065714e-07,0.9622806,0.0015863455,0.03613208
Testing/pituitary/Te-pi_0165.jpg,3,pituitary,3,6.965247e-06,7.051523e-05,7.123364e-05,0.9998512
Testing/pituitary/Te-pi_0166.jpg,3,pituitary,3,4.229594e-06,0.00015229663,1.99522e-05,0.99982363
Testing/pituitary/Te-pi_0167.jpg,3,pituitary,3,4.5182777e-08,0.0024228175,7.876462e-06,0.99756926
Testing/pituitary/Te-pi_0168.jpg,3,pituitary,3,6.212444e-08,0.0004905889,5.8642033e-08,0.99950933
Testing/pituitary/Te-pi_0169.jpg,3,pituitary,3,4.169895e-05,6.373004e-05,2.6512785e-06,0.999892
Testing/pituitary/Te-pi_0170.jpg,3,pituitary,3,0.00011532947,0.0006032799,0.0006042297,0.9986772
Testing/pituitary/Te-pi_0171.jpg,3,pituitary,3,0.00018448052,0.30366468,0.0026829292,0.6934679
Testing/pituitary/Te-pi_0172.jpg,3,pituitary,3,6.4480155e-06,0.02319603,0.00029206078,0.9765055
Testing/pituitary/Te-pi_0173.jpg,3,pituitary,3,0.0495593,0.026641453,0.1266524,0.7971468
Testing/pituitary/Te-pi_0174.jpg,3,pituitary,3,1.8075305e-05,0.0038387852,0.02482666,0.9713165
Testing/pituitary/Te-pi_0175.jpg,3,pituitary,2,0.026385853,0.006264871,0.9662973,0.0010518994
Testing/pituitary/Te-pi_0176.jpg,3,pituitary,3,1.0380663e-07,0.0001882477,0.00031303352,0.9994986
Testing/pituitary/Te-pi_0177.jpg,3,pituitary,3,0.02116173,0.010735832,0.030032963,0.9380695
Testing/pituitary/Te-pi_0178.jpg,3,pituitary,3,8.255803e-06,0.032892622,0.0007884894,0.9663106
Testing/pituitary/Te-pi_0179.jpg,3,pituitary,1,1.6065178e-05,0.6336951,0.13013248,0.23615633
Testing/pituitary/Te-pi_0180.jpg,3,pituitary,3,0.021352448,0.019470654,0.37312382,0.5860531
Testing/pituitary/Te-pi_0181.jpg,3,pituitary,3,5.848162e-08,0.00061841734,3.0558138e-05,0.99935085
Testing/pituitary/Te-pi_0182.jpg,3,pituitary,3,3.185642e-07,0.003094797,3.3494278e-05,0.9968714
Testing/pituitary/Te-pi_0183.jpg,3,pituitary,3,7.657806e-06,0.00038560678,7.580917e-05,0.99953103
Testing/pituitary/Te-pi_0184.jpg,3,pituitary,2,0.004103653,0.00054807385,0.9936009,0.001747263
Testing/pituitary/Te-pi_0185.jpg,3,pituitary,2,0.0006614158,0.003801687,0.70497185,0.29056507
Testing/pituitary/Te-pi_0186.jpg,3,pituitary,3,0.010861451,0.031935513,0.22047555,0.7367274
Testing/pituitary/Te-pi_0187.jpg,3,pituitary,3,0.0068038516,0.009149477,0.017902754,0.9661439
Testing/pituitary/Te-pi_0188.jpg,3,pituitary,2,0.06650385,0.35560635,0.57782847,6.128426e-05
Testing/pituitary/Te-pi_0189.jpg,3,pituitary,3,3.3845123e-07,0.030317917,4.835533e-06,0.9696769
Testing/pituitary/Te-pi_0190.jpg,3,pituitary,3,1.1296159e-05,0.13681695,0.012122804,0.85104895
Testing/pituitary/Te-pi_0191.jpg,3,pituitary,3,0.0044847536,0.017885659,0.08915692,0.8884727
Testing/pituitary/Te-pi_0192.jpg,3,pituitary,2,0.0036937697,0.0056278803,0.5141891,0.4764892
Testing/pituitary/Te-pi_0193.jpg,3,pituitary,2,2.0742174e-05,0.00048284876,0.9161099,0.083386526
Testing/pituitary/Te-pi_0194.jpg,3,pituitary,3,0.0020139231,0.0020584383,0.017728189,0.9781994
Testing/pituitary/Te-pi_0195.jpg,3,pituitary,2,1.2278039e-06,8.678679e-05,0.9989128,0.0009992504
Testing/pituitary/Te-pi_0196.jpg,3,pituitary,3,0.0010011983,0.05045405,0.4527229,0.4958218
Testing/pituitary/Te-pi_0197.jpg,3,pituitary,1,0.0126829045,0.522721,0.1501633,0.31443277
Testing/pituitary/Te-pi_0198.jpg,3,pituitary,3,2.570951e-05,0.0017595547,5.5689958e-05,0.998159
Testing/pituitary/Te-pi_0199.jpg,3,pituitary,3,5.308972e-05,0.00063788856,0.0010493215,0.9982597
Testing/pituitary/Te-pi_0200.jpg,3,pituitary,3,1.5249937e-05,0.0052627143,0.0003683978,0.99435365
Testing/pituitary/Te-pi_0201.jpg,3,pituitary,3,0.00026333146,0.016590001,0.005195925,0.9779507
Testing/pituitary/Te-pi_0202.jpg,3,pituitary,3,0.03844383,0.09947493,0.33460456,0.52747667
Testing/pituitary/Te-pi_0203.jpg,3,pituitary,2,0.25703296,0.02189769,0.37129635,0.34977302
Testing/pituitary/Te-pi_0204.jpg,3,pituitary,2,0.023536202,0.23084065,0.62967837,0.11594472
Testing/pituitary/Te-pi_0205.jpg,3,pituitary,3,0.0057335845,0.2831008,0.086791836,0.62437373
Testing/pituitary/Te-pi_0206.jpg,3,pituitary,2,0.0046473388,0.0564742,0.72368735,0.21519111
Testing/pituitary/Te-pi_0207.jpg,3,pituitary,2,1.6681102e-05,0.00015544485,0.7098734,0.28995442
Testing/pituitary/Te-pi_0208.jpg,3,pituitary,2,0.00028071314,0.0130019495,0.63702595,0.3496914
Testing/pituitary/Te-pi_0209.jpg,3,pituitary,3,2.4890858e-05,0.00054328714,0.0016615505,0.9977703
Testing/pituitary/Te-pi_0210.jpg,3,pituitary,3,0.00021256981,0.008093198,0.20733106,0.78436315
Testing/pituitary/Te-pi_0211.jpg,3,pituitary,2,0.0008798546,0.0034807934,0.51303434,0.48260498
Testing/pituitary/Te-pi_0212.jpg,3,pituitary,2,4.2866013e-06,0.0002064266,0.9977181,0.0020711678
Testing/pituitary/Te-pi_0213.jpg,3,pituitary,3,0.00012918511,0.0008037056,0.0057089613,0.9933582
Testing/pituitary/Te-pi_0214.jpg,3,pituitary,3,0.004153633,0.0037424963,0.005254358,0.98684955
Testing/pituitary/Te-pi_0215.jpg,3,pituitary,1,0.0064730495,0.63991225,0.024014862,0.32959983
Testing/pituitary/Te-pi_0216.jpg,3,pituitary,3,0.0011533725,0.004409157,0.015491087,0.97894645
Testing/pituitary/Te-pi_0217.jpg,3,pituitary,1,0.021872329,0.76719993,0.15154201,0.059385736
Testing/pituitary/Te-pi_0218.jpg,3,pituitary,2,7.052338e-05,0.00040536755,0.9777729,0.021751191
Testing/pituitary/Te-pi_0219.jpg,3,pituitary,3,0.00326228,0.001736293,0.0073688794,0.9876325
Testing/pituitary/Te-pi_0220.jpg,3,pituitary,3,0.0012915534,0.0054430575,0.0030199492,0.99024534
Testing/pituitary/Te-pi_0221.jpg,3,pituitary,3,0.0010016059,0.0047355737,0.015907079,0.97835577
Testing/pituitary/Te-pi_0222.jpg,3,pituitary,3,0.017157909,0.032385565,0.011218101,0.9392384
Testing/pituitary/Te-pi_0223.jpg,3,pituitary,3,0.0026870423,0.07677053,0.0516559,0.8688865
Testing/pituitary/Te-pi_0224.jpg,3,pituitary,0,0.49431264,0.43983218,0.027439129,0.038416035
Testing/pituitary/Te-pi_0225.jpg,3,pituitary,3,0.010637867,0.07636096,0.02365433,0.8893469
Testing/pituitary/Te-pi_0226.jpg,3,pituitary,3,0.0015856377,0.07950508,0.018671831,0.90023744
Testing/pituitary/Te-pi_0227.jpg,3,pituitary,2,0.000148504,0.014702647,0.96481466,0.020334153
Testing/pituitary/Te-pi_0228.jpg,3,pituitary,3,0.0033848905,0.023355912,0.010891625,0.9623676
Testing/pituitary/Te-pi_0229.jpg,3,pituitary,3,3.057832e-05,0.0006678629,0.019728994,0.9795726
Testing/pituitary/Te-pi_0230.jpg,3,pituitary,2,0.00029225214,0.007053952,0.5550623,0.43759146
Testing/pituitary/Te-pi_0231.jpg,3,pituitary,3,0.0027782482,0.0037546435,0.41096324,0.58250386
Testing/pituitary/Te-pi_0232.jpg,3,pituitary,3,0.0048641223,0.05437912,0.12375158,0.8170053
Testing/pituitary/Te-pi_0233.jpg,3,pituitary,2,0.008027542,0.036167927,0.6550503,0.30075428
Testing/pituitary/Te-pi_0234.jpg,3,pituitary,2,6.556944e-05,0.00019264396,0.9701577,0.029584115
Testing/pituitary/Te-pi_0235.jpg,3,pituitary,3,0.0059741777,0.0056576133,0.28268948,0.70567876
Testing/pituitary/Te-pi_0236.jpg,3,pituitary,3,0.0040132175,0.117391616,0.16631858,0.71227664
Testing/pituitary/Te-pi_0237.jpg,3,pituitary,1,0.13972011,0.71973574,0.04344319,0.097100906
Testing/pituitary/Te-pi_0238.jpg,3,pituitary,2,0.0006390735,0.06506597,0.67246854,0.26182643
Testing/pituitary/Te-pi_0239.jpg,3,pituitary,2,8.528465e-06,0.00048324117,0.99764985,0.0018584124
Testing/pituitary/Te-pi_0240.jpg,3,pituitary,3,0.008150006,0.14984371,0.00053864927,0.84146756
Testing/pituitary/Te-pi_0241.jpg,3,pituitary,3,0.0029234553,0.07690968,0.07069881,0.849468
Testing/pituitary/Te-pi_0242.jpg,3,pituitary,3,0.0006571064,0.041067727,0.15112683,0.8071483
Testing/pituitary/Te-pi_0243.jpg,3,pituitary,3,0.006673722,0.0054383473,0.004265983,0.9836219
Testing/pituitary/Te-pi_0244.jpg,3,pituitary,3,0.023043651,0.013056517,1.6016358e-05,0.9638839
Testing/pituitary/Te-pi_0245.jpg,3,pituitary,3,0.00025043343,0.0013050874,1.0180735e-05,0.99843425
Testing/pituitary/Te-pi_0246.jpg,3,pituitary,1,0.24528134,0.6213172,0.09770274,0.035698712
Testing/pituitary/Te-pi_0247.jpg,3,pituitary,0,0.37251037,0.23388658,0.05692416,0.33667886
Testing/pituitary/Te-pi_0248.jpg,3,pituitary,3,0.08680496,0.3345224,0.0070618414,0.5716108
Testing/pituitary/Te-pi_0249.jpg,3,pituitary,2,0.0023113023,0.005490358,0.7313639,0.26083437
Testing/pituitary/Te-pi_0250.jpg,3,pituitary,3,0.020035652,0.41400382,0.0015178293,0.56444263
Testing/pituitary/Te-pi_0251.jpg,3,pituitary,1,0.017826041,0.92758906,0.012239576,0.042345278
Testing/pituitary/Te-pi_0252.jpg,3,pituitary,2,0.001570418,0.09154742,0.62852675,0.2783554
Testing/pituitary/Te-pi_0253.jpg,3,pituitary,1,0.005417139,0.99093175,0.0012177206,0.0024333736
Testing/pituitary/Te-pi_0254.jpg,3,pituitary,3,0.23815149,0.121474415,0.117591806,0.5227823
Testing/pituitary/Te-pi_0255.jpg,3,pituitary,3,0.000539006,0.047856607,0.016649622,0.9349547
Testing/pituitary/Te-pi_0256.jpg,3,pituitary,3,0.050658625,0.04239734,0.017832821,0.88911116
Testing/pituitary/Te-pi_0257.jpg,3,pituitary,3,0.000323396,0.0016192159,0.0002385298,0.99781895
Testing/pituitary/Te-pi_0258.jpg,3,pituitary,3,0.0009882597,0.083344534,0.0011545258,0.9145127
Testing/pituitary/Te-pi_0259.jpg,3,pituitary,3,0.0040576668,0.13989833,0.3434743,0.51256967
Testing/pituitary/Te-pi_0260.jpg,3,pituitary,3,0.02012325,0.058409575,0.13914898,0.7823181
Testing/pituitary/Te-pi_0261.jpg,3,pituitary,3,0.04424804,0.12605618,0.008391306,0.82130444
Testing/pituitary/Te-pi_0262.jpg,3,pituitary,3,0.0005692806,0.32048404,0.004599817,0.67434686
Testing/pituitary/Te-pi_0263.jpg,3,pituitary,3,0.013147851,0.09255239,0.016068546,0.8782312
Testing/pituitary/Te-pi_0264.jpg,3,pituitary,2,3.942424e-06,0.00030638723,0.9962774,0.003412294
Testing/pituitary/Te-pi_0265.jpg,3,pituitary,3,2.4687026e-05,0.0045186076,1.3412224e-05,0.99544334
Testing/pituitary/Te-pi_0266.jpg,3,pituitary,3,0.0008564591,0.101379745,0.0003986629,0.89736503
Testing/pituitary/Te-pi_0267.jpg,3,pituitary,1,0.36705524,0.6265481,0.00029186095,0.00610475
Testing/pituitary/Te-pi_0268.jpg,3,pituitary,3,0.17639591,0.054839898,0.0042268997,0.7645373
Testing/pituitary/Te-pi_0269.jpg,3,pituitary,1,0.0208675,0.97868764,0.00019994033,0.00024488094
Testing/pituitary/Te-pi_0270.jpg,3,pituitary,3,3.802344e-05,0.005906581,0.006105862,0.9879496
Testing/pituitary/Te-pi_0271.jpg,3,pituitary,3,0.10570749,0.02770007,0.0006714795,0.865921
Testing/pituitary/Te-pi_0272.jpg,3,pituitary,3,0.10331911,0.024720786,0.00018345518,0.87177664
Testing/pituitary/Te-pi_0273.jpg,3,pituitary,3,0.00083107955,0.0041511157,0.10371488,0.8913028
Testing/pituitary/Te-pi_0274.jpg,3,pituitary,3,0.1327863,0.19509691,0.004018661,0.66809815
Testing/pituitary/Te-pi_0275.jpg,3,pituitary,3,0.0031940977,0.04927671,0.0010978148,0.94643146
Testing/pituitary/Te-pi_0276.jpg,3,pituitary,3,0.0401,0.23516344,0.021988403,0.7027481
Testing/pituitary/Te-pi_0277.jpg,3,pituitary,1,0.037675407,0.550857,0.00025802726,0.41120958
Testing/pituitary/Te-pi_0278.jpg,3,pituitary,3,0.00032841193,0.016775472,1.7745586e-05,0.98287845
Testing/pituitary/Te-pi_0279.jpg,3,pituitary,3,0.0015718647,0.009941837,0.0011108693,0.9873754
Testing/pituitary/Te-pi_0280.jpg,3,pituitary,3,0.0013029173,0.18790437,0.01900453,0.7917881
Testing/pituitary/Te-pi_0281.jpg,3,pituitary,3,0.012665079,0.38810095,0.0001111041,0.5991229
Testing/pituitary/Te-pi_0282.jpg,3,pituitary,3,0.005635888,0.4901847,0.002583219,0.5015962
Testing/pituitary/Te-pi_0283.jpg,3,pituitary,3,7.189037e-05,0.016472757,0.002675755,0.9807796
Testing/pituitary/Te-pi_0284.jpg,3,pituitary,3,0.0028809407,0.0027173704,7.61119e-05,0.9943256
Testing/pituitary/Te-pi_0285.jpg,3,pituitary,3,0.042300504,0.24127933,0.0026954457,0.71372473
Testing/pituitary/Te-pi_0286.jpg,3,pituitary,3,0.0021843293,0.006141385,6.708506e-05,0.9916072
Testing/pituitary/Te-pi_0287.jpg,3,pituitary,3,0.00044365425,0.0005235772,0.14833516,0.8506976
Testing/pituitary/Te-pi_0288.jpg,3,pituitary,3,0.00010701391,0.0075263362,0.0025004095,0.9898662
Testing/pituitary/Te-pi_0289.jpg,3,pituitary,3,0.0002912329,0.011402105,0.0008259692,0.9874807
Testing/pituitary/Te-pi_0290.jpg,3,pituitary,2,0.18759014,0.0076341727,0.7535438,0.051231857
Testing/pituitary/Te-pi_0291.jpg,3,pituitary,1,0.030182429,0.9054733,0.011459635,0.05288464
Testing/pituitary/Te-pi_0292.jpg,3,pituitary,3,0.20887336,0.18741687,0.0320767,0.571633
Testing/pituitary/Te-pi_0293.jpg,3,pituitary,2,0.0012698085,0.30338174,0.69124174,0.0041067298
Testing/pituitary/Te-pi_0294.jpg,3,pituitary,3,0.00089769205,0.045577448,0.0017960117,0.9517289
Testing/pituitary/Te-pi_0295.jpg,3,pituitary,3,0.005433461,0.014831559,0.04701407,0.93272096
Testing/pituitary/Te-pi_0296.jpg,3,pituitary,3,0.018665563,0.35967746,0.0072230357,0.61443394
Testing/pituitary/Te-pi_0297.jpg,3,pituitary,3,0.24260671,0.06284524,0.19903313,0.49551493
Testing/pituitary/Te-pi_0298.jpg,3,pituitary,0,0.94359696,0.02812101,0.0020577477,0.026224254
Testing/pituitary/Te-pi_0299.jpg,3,pituitary,3,0.00127074,0.019231247,0.0806241,0.8988739
