path,label,class_name,predicted_label,p_glioma,p_meningioma,p_no_tumor,p_pituitary
Testing/glioma/Te-glTr_0000.jpg,0,glioma,0,0.9992342,7.9219346e-05,0.00068642665,2.0021439e-07
Testing/glioma/Te-glTr_0001.jpg,0,glioma,0,0.5099172,0.024075782,0.46573314,0.0002738382
Testing/glioma/Te-glTr_0002.jpg,0,glioma,2,0.056128506,0.0052247513,0.93856746,7.9341604e-05
Testing/glioma/Te-glTr_0003.jpg,0,glioma,0,0.59247965,0.39875478,0.0062870863,0.0024784985
Testing/glioma/Te-glTr_0004.jpg,0,glioma,0,0.94043714,0.053997986,0.005559063,5.7498974e-06
Testing/glioma/Te-glTr_0005.jpg,0,glioma,0,0.94430226,0.049929664,0.005758064,1.0030349e-05
Testing/glioma/Te-glTr_0006.jpg,0,glioma,0,0.92693484,0.04886003,0.024176758,2.845256e-05
Testing/glioma/Te-glTr_0007.jpg,0,glioma,0,0.89491916,2.6754764e-05,0.10505353,5.6230795e-07
Testing/glioma/Te-glTr_0008.jpg,0,glioma,0,0.9998852,0.00010456464,1.0133133e-05,1.3448593e-07
Testing/glioma/Te-glTr_0009.jpg,0,glioma,0,0.9073414,0.002315865,0.09033899,3.6949768e-06
Testing/glioma/Te-gl_0010.jpg,0,glioma,0,0.9694164,0.030380003,0.00016937696,3.424278e-05
Testing/glioma/Te-gl_0011.jpg,0,glioma,0,0.9958866,0.0011501319,0.0025228246,0.00044042396
Testing/glioma/Te-gl_0012.jpg,0,glioma,0,0.94536847,0.00070832483,0.04848677,0.0054364568
Testing/glioma/Te-gl_0013.jpg,0,glioma,0,0.53919816,0.027638845,0.43315247,1.0527514e-05
Testing/glioma/Te-gl_0014.jpg,0,glioma,0,0.63047934,5.2640193e-05,0.36943364,3.4397235e-05
Testing/glioma/Te-gl_0015.jpg,0,glioma,0,0.9779433,0.0033918708,0.018446214,0.00021861386
Testing/glioma/Te-gl_0016.jpg,0,glioma,0,0.59284884,0.0060460395,0.40093413,0.00017100711
Testing/glioma/Te-gl_0017.jpg,0,glioma,0,0.8445494,0.06202184,0.09316336,0.00026538112
Testing/glioma/Te-gl_0018.jpg,0,glioma,2,0.037442498,2.0007444e-06,0.9625549,5.972587e-07
Testing/glioma/Te-gl_0019.jpg,0,glioma,2,0.0007800748,0.13571855,0.8634921,9.283077e-06
Testing/glioma/Te-gl_0020.jpg,0,glioma,0,0.9080649,0.09037203,0.0015611034,2.0082973e-06
Testing/glioma/Te-gl_0021.jpg,0,glioma,0,0.9982768,0.00017901418,0.0015441306,1.2256601e-07
Testing/glioma/Te-gl_0022.jpg,0,glioma,2,0.0056865877,0.00091379834,0.99333924,6.03634e-05
Testing/glioma/Te-gl_0023.jpg,0,glioma,2,0.027498685,0.031360675,0.94083035,0.00031034154
Testing/glioma/Te-gl_0024.jpg,0,glioma,2,0.26334703,0.20715348,0.5283053,0.0011941948
Testing/glioma/Te-gl_0025.jpg,0,glioma,2,0.07809168,0.0010917998,0.92081094,5.548832e-06
Testing/glioma/Te-gl_0026.jpg,0,glioma,0,0.98913705,1.7649169e-06,0.01085997,1.2544292e-06
Testing/glioma/Te-gl_0027.jpg,0,glioma,2,0.40535933,0.0015144385,0.5930469,7.9390906e-05
Testing/glioma/Te-gl_0028.jpg,0,glioma,0,0.96476495,0.0010146296,0.034219243,1.2325662e-06
Testing/glioma/Te-gl_0029.jpg,0,glioma,0,0.44857678,0.15009777,0.4004312,0.0008943204
Testing/glioma/Te-gl_0030.jpg,0,glioma,0,0.8844612,0.08764454,0.02788391,1.0372057e-05
Testing/glioma/Te-gl_0031.jpg,0,glioma,0,0.9995834,0.0004070119,9.532002e-06,1.4405828e-09
Testing/glioma/Te-gl_0032.jpg,0,glioma,0,0.6487124,0.01702065,0.33425605,1.0894114e-05
Testing/glioma/Te-gl_0033.jpg,0,glioma,0,0.9966524,0.0004048497,0.0029408382,1.8604474e-06
Testing/glioma/Te-gl_0034.jpg,0,glioma,0,0.9450729,0.00034061432,0.054508507,7.799926e-05
Testing/glioma/Te-gl_0035.jpg,0,glioma,2,0.38163862,0.0010874921,0.6172251,4.8714708e-05
Testing/glioma/Te-gl_0036.jpg,0,glioma,0,0.99096817,0.0057955333,0.0032360994,1.9309279e-07
Testing/glioma/Te-gl_0037.jpg,0,glioma,1,0.039679002,0.79858273,0.16173571,2.5133252e-06
Testing/glioma/Te-gl_0038.jpg,0,glioma,0,0.99038637,0.0056831106,0.003925737,4.855263e-06
Testing/glioma/Te-gl_0039.jpg,0,glioma,0,0.4625924,0.25655398,0.28084177,1.1812489e-05
Testing/glioma/Te-gl_0040.jpg,0,glioma,1,0.115266114,0.8838059,0.00092782604,1.5580189e-07
Testing/glioma/Te-gl_0041.jpg,0,glioma,0,0.720119,0.113362804,0.16650102,1.7207956e-05
Testing/glioma/Te-gl_0042.jpg,0,glioma,1,0.0657175,0.9340246,0.00025791134,4.880589e-08
Testing/glioma/Te-gl_0043.jpg,0,glioma,0,0.79273254,0.14941163,0.05774884,0.000107025364
Testing/glioma/Te-gl_0044.jpg,0,glioma,2,0.0055449866,0.26155296,0.7326381,0.0002639496
Testing/glioma/Te-gl_0045.jpg,0,glioma,2,0.00079694367,0.008206347,0.9909809,1.5887206e-05
Testing/glioma/Te-gl_0046.jpg,0,glioma,1,0.0009995635,0.87921464,0.11973344,5.238661e-05
Testing/glioma/Te-gl_0047.jpg,0,glioma,1,0.00020258872,0.9985904,0.0012058378,1.1313233e-06
Testing/glioma/Te-gl_0048.jpg,0,glioma,1,0.0005585943,0.9966054,0.002834376,1.6177672e-06
Testing/glioma/Te-gl_0049.jpg,0,glioma,0,0.9992969,0.0003762042,0.0003265416,3.4303e-07
Testing/glioma/Te-gl_0050.jpg,0,glioma,0,0.96398723,0.036001377,1.0811263e-05,5.960002e-07
Testing/glioma/Te-gl_0051.jpg,0,glioma,0,0.99549854,0.0043607266,0.0001405212,2.1481559e-07
Testing/glioma/Te-gl_0052.jpg,0,glioma,0,0.8778269,0.00020354005,0.121968746,7.9441674e-07
Testing/glioma/Te-gl_0053.jpg,0,glioma,0,0.98322093,0.00084095565,0.015910568,2.7552278e-05
Testing/glioma/Te-gl_0054.jpg,0,glioma,0,0.90686965,0.0013287062,0.09179447,7.127784e-06
Testing/glioma/Te-gl_0055.jpg,0,glioma,2,0.005688072,0.0050862934,0.98919183,3.388321e-05
Testing/glioma/Te-gl_0056.jpg,0,glioma,2,0.2864291,0.19660875,0.51674,0.00022207432
Testing/glioma/Te-gl_0057.jpg,0,glioma,1,0.014173324,0.75574714,0.22988155,0.00019800695
Testing/glioma/Te-gl_0058.jpg,0,glioma,0,0.9753097,0.020274099,0.004409211,6.9544435e-06
Testing/glioma/Te-gl_0059.jpg,0,glioma,0,0.99863166,0.00080129434,0.00056697347,1.4672479e-08
Testing/glioma/Te-gl_0060.jpg,0,glioma,0,0.9993438,0.00034605435,0.0003098754,2.6064467e-07
Testing/glioma/Te-gl_0061.jpg,0,glioma,0,0.99632746,0.002176839,0.0014814361,1.4311126e-05
Testing/glioma/Te-gl_0062.jpg,0,glioma,0,0.99445504,0.0045090294,0.0010359914,2.0895708e-08
Testing/glioma/Te-gl_0063.jpg,0,glioma,0,0.5637398,0.42556894,0.010670706,2.0599071e-05
Testing/glioma/Te-gl_0064.jpg,0,glioma,0,0.9077853,0.09207627,0.000114358016,2.4043225e-05
Testing/glioma/Te-gl_0065.jpg,0,glioma,0,0.9937522,0.005635514,0.0006034017,8.918718e-06
Testing/glioma/Te-gl_0066.jpg,0,glioma,0,0.7159397,0.09649055,0.18730919,0.00026057725
Testing/glioma/Te-gl_0067.jpg,0,glioma,0,0.6637287,0.28351215,0.05259419,0.00016501223
Testing/glioma/Te-gl_0068.jpg,0,glioma,0,0.7831114,0.2112036,0.0056700464,1.4967023e-05
Testing/glioma/Te-gl_0069.jpg,0,glioma,1,0.43683523,0.5556046,0.007544733,1.5462592e-05
Testing/glioma/Te-gl_0070.jpg,0,glioma,0,0.70160383,0.046956457,0.25110146,0.00033826765
Testing/glioma/Te-gl_0071.jpg,0,glioma,0,0.94005555,0.058408186,0.0015358311,4.656319e-07
Testing/glioma/Te-gl_0072.jpg,0,glioma,2,0.39631158,0.0020335396,0.60164744,7.4212417e-06
Testing/glioma/Te-gl_0073.jpg,0,glioma,2,0.2014713,0.0015769077,0.7886163,0.008335559
Testing/glioma/Te-gl_0074.jpg,0,glioma,0,0.996093,0.000111934576,0.0037927735,2.3210773e-06
Testing/glioma/Te-gl_0075.jpg,0,glioma,0,0.9154213,7.739764e-05,0.084500656,6.3679835e-07
Testing/glioma/Te-gl_0076.jpg,0,glioma,0,0.8850443,0.0021000484,0.112754375,0.00010129156
Testing/glioma/Te-gl_0077.jpg,0,glioma,2,0.088351,0.012139329,0.89897114,0.0005384888
Testing/glioma/Te-gl_0078.jpg,0,glioma,0,0.80629635,0.00026715852,0.19337445,6.208433e-05
Testing/glioma/Te-gl_0079.jpg,0,glioma,0,0.51999533,0.002219023,0.47773153,5.4166943e-05
Testing/glioma/Te-gl_0080.jpg,0,glioma,0,0.9978789,0.0001423824,0.001960657,1.807479e-05
Testing/glioma/Te-gl_0081.jpg,0,glioma,0,0.88647664,0.06205075,0.051362526,0.00011001668
Testing/glioma/Te-gl_0082.jpg,0,glioma,0,0.85900426,0.003561246,0.13743082,3.6790095e-06
Testing/glioma/Te-gl_0083.jpg,0,glioma,2,0.103859834,0.30893424,0.5836941,0.0035118384
Testing/glioma/Te-gl_0084.jpg,0,glioma,0,0.8387829,0.15971437,0.00047206582,0.0010307208
Testing/glioma/Te-gl_0085.jpg,0,glioma,0,0.99457246,0.0009984807,0.0040287767,0.0004002897
Testing/glioma/Te-gl_0086.jpg,0,glioma,0,0.7586344,0.0032095346,0.23814361,1.24930475e-05
Testing/glioma/Te-gl_0087.jpg,0,glioma,2,0.054152,0.014730894,0.93110025,1.6881597e-05
Testing/glioma/Te-gl_0088.jpg,0,glioma,2,0.0012603713,0.0013453708,0.9973882,6.1030164e-06
Testing/glioma/Te-gl_0089.jpg,0,glioma,1,0.03585734,0.96371454,0.00023554072,0.00019246103
Testing/glioma/Te-gl_0090.jpg,0,glioma,0,0.71740174,0.050967257,0.23113441,0.00049657526
Testing/glioma/Te-gl_0091.jpg,0,glioma,0,0.96996844,0.024797218,0.0051446143,8.973419e-05
Testing/glioma/Te-gl_0092.jpg,0,glioma,0,0.8257778,0.17398365,0.00015426736,8.4211126e-05
Testing/glioma/Te-gl_0093.jpg,0,glioma,0,0.9708133,0.02399891,0.0051020863,8.572284e-05
Testing/glioma/Te-gl_0094.jpg,0,glioma,2,0.28367436,0.0711755,0.64503443,0.00011576034
Testing/glioma/Te-gl_0095.jpg,0,glioma,0,0.9980434,8.725685e-05,0.0018676586,1.7357448e-06
Testing/glioma/Te-gl_0096.jpg,0,glioma,0,0.99871755,0.0011553686,0.00012626367,9.0357395e-07
Testing/glioma/Te-gl_0097.jpg,0,glioma,2,0.4010385,0.15661792,0.4422751,6.849842e-05
Testing/glioma/Te-gl_0098.jpg,0,glioma,0,0.9624875,0.0025334142,0.03497381,5.254003e-06
Testing/glioma/Te-gl_0099.jpg,0,glioma,0,0.993331,0.0065024253,5.554388e-05,0.00011093355
Testing/glioma/Te-gl_0100.jpg,0,glioma,0,0.70362616,0.02071247,0.27564916,1.22393685e-05
Testing/glioma/Te-gl_0101.jpg,0,glioma,0,0.88385785,0.112733565,0.0030738877,0.0003347462
Testing/glioma/Te-gl_0102.jpg,0,glioma,2,0.04180007,6.4494434e-06,0.95819116,2.2635597e-06
Testing/glioma/Te-gl_0103.jpg,0,glioma,2,0.3134824,2.8395807e-05,0.68644214,4.7060064e-05
Testing/glioma/Te-gl_0104.jpg,0,glioma,2,0.043975897,3.146755e-05,0.9559925,1.2167486e-07
Testing/glioma/Te-gl_0105.jpg,0,glioma,2,0.032344483,0.0018065189,0.96584666,2.2930442e-06
Testing/glioma/Te-gl_0106.jpg,0,glioma,0,0.9470009,0.020042332,0.0328906,6.609466e-05
Testing/glioma/Te-gl_0107.jpg,0,glioma,1,0.06813825,0.5993899,0.33231828,0.0001536255
Testing/glioma/Te-gl_0108.jpg,0,glioma,0,0.99849474,0.00065451226,0.000850297,3.8324438e-07
Testing/glioma/Te-gl_0109.jpg,0,glioma,1,0.053779744,0.9456991,0.00051024463,1.08890235e-05
Testing/glioma/Te-gl_0110.jpg,0,glioma,0,0.9772668,0.022511976,0.00021928252,1.9640618e-06
Testing/glioma/Te-gl_0111.jpg,0,glioma,0,0.9975783,6.365192e-05,0.0023580382,4.5471687e-08
Testing/glioma/Te-gl_0112.jpg,0,glioma,0,0.99965405,4.7161084e-05,0.00029875108,1.2099267e-09
Testing/glioma/Te-gl_0113.jpg,0,glioma,2,0.021944802,0.0011657556,0.9768797,9.7067e-06
Testing/glioma/Te-gl_0114.jpg,0,glioma,2,0.00084614486,0.0011143741,0.9979826,5.686214e-05
Testing/glioma/Te-gl_0115.jpg,0,glioma,0,0.773833,0.2261421,2.4855291e-05,3.1590766e-08
Testing/glioma/Te-gl_0116.jpg,0,glioma,0,0.96023005,0.03898074,0.0007884401,8.121759e-07
Testing/glioma/Te-gl_0117.jpg,0,glioma,0,0.7519142,0.0052609416,0.24282424,6.136949e-07
Testing/glioma/Te-gl_0118.jpg,0,glioma,0,0.7129967,0.00456325,0.28242698,1.3069909e-05
Testing/glioma/Te-gl_0119.jpg,0,glioma,0,0.8455267,0.15445054,2.1233955e-05,1.5777711e-06
Testing/glioma/Te-gl_0120.jpg,0,glioma,0,0.9840246,0.01461165,0.001363753,7.983116e-08
Testing/glioma/Te-gl_0121.jpg,0,glioma,2,0.031126382,0.18688749,0.7819626,2.362035e-05
Testing/glioma/Te-gl_0122.jpg,0,glioma,1,0.0004682637,0.8702182,0.12931319,3.0594992e-07
Testing/glioma/Te-gl_0123.jpg,0,glioma,0,0.99878913,0.0010657026,0.00014496583,1.4072874e-07
Testing/glioma/Te-gl_0124.jpg,0,glioma,1,0.057539664,0.9365552,0.005904155,9.0302933e-07
Testing/glioma/Te-gl_0125.jpg,0,glioma,1,0.148353,0.72784925,0.12330392,0.00049385295
Testing/glioma/Te-gl_0126.jpg,0,glioma,2,0.014328694,0.36044934,0.6251765,4.553042e-05
Testing/glioma/Te-gl_0127.jpg,0,glioma,0,0.8369307,0.16061093,0.0024547225,3.687759e-06
Testing/glioma/Te-gl_0128.jpg,0,glioma,1,0.42075714,0.4698171,0.10939301,3.2751726e-05
Testing/glioma/Te-gl_0129.jpg,0,glioma,1,0.4009493,0.5970493,0.0019938059,7.5017374e-06
Testing/glioma/Te-gl_0130.jpg,0,glioma,2,0.010068604,0.042334206,0.9473944,0.00020288768
Testing/glioma/Te-gl_0131.jpg,0,glioma,0,0.9950374,0.0044626514,0.00049931207,6.0757634e-07
Testing/glioma/Te-gl_0132.jpg,0,glioma,0,0.8916505,0.060300253,0.04800827,4.0924548e-05
Testing/glioma/Te-gl_0133.jpg,0,glioma,1,0.27778542,0.6991383,0.023074338,1.9401327e-06
Testing/glioma/Te-gl_0134.jpg,0,glioma,0,0.9963295,0.0036437837,2.6646874e-05,2.525317e-08
Testing/glioma/Te-gl_0135.jpg,0,glioma,0,0.9779016,7.941856e-05,0.022018844,1.6915621e-07
Testing/glioma/Te-gl_0136.jpg,0,glioma,2,0.24644189,0.013896261,0.7393114,0.0003504427
Testing/glioma/Te-gl_0137.jpg,0,glioma,0,0.8069044,0.13287073,0.060154118,7.074694e-05
Testing/glioma/Te-gl_0138.jpg,0,glioma,1,0.043001004,0.95697176,2.6798638e-05,3.2164957e-07
Testing/glioma/Te-gl_0139.jpg,0,glioma,0,0.49320707,0.061981585,0.43920103,0.0056103263
Testing/glioma/Te-gl_0140.jpg,0,glioma,0,0.79060876,0.1730609,0.03632391,6.3855036e-06
Testing/glioma/Te-gl_0141.jpg,0,glioma,0,0.93485427,0.06280861,0.0023350925,2.1076244e-06
Testing/glioma/Te-gl_0142.jpg,0,glioma,0,0.5263323,0.45962977,0.014002335,3.5542816e-05
Testing/glioma/Te-gl_0143.jpg,0,glioma,1,0.33650857,0.6626794,0.00079531904,1.6755364e-05
Testing/glioma/Te-gl_0144.jpg,0,glioma,2,0.29033983,0.018738512,0.6909053,1.6409842e-05
Testing/glioma/Te-gl_0145.jpg,0,glioma,0,0.9724036,0.02759527,1.0981396e-06,9.466912e-08
Testing/glioma/Te-gl_0146.jpg,0,glioma,0,0.626078,0.35894722,0.014974034,7.4462974e-07
Testing/glioma/Te-gl_0147.jpg,0,glioma,0,0.9968657,0.0031047298,2.9559666e-05,1.5240205e-09
Testing/glioma/Te-gl_0148.jpg,0,glioma,0,0.72969306,0.2671166,0.0031899242,3.9748682e-07
Testing/glioma/Te-gl_0149.jpg,0,glioma,0,0.9205269,0.07922184,0.0002511992,8.2310706e-08
Testing/glioma/Te-gl_0150.jpg,0,glioma,0,0.8121035,0.18664165,0.0012416245,1.3187416e-05
Testing/glioma/Te-gl_0151.jpg,0,glioma,0,0.8138009,0.13912183,0.04703756,3.9784525e-05
Testing/glioma/Te-gl_0152.jpg,0,glioma,2,0.013026091,0.09700244,0.88994604,2.5445344e-05
Testing/glioma/Te-gl_0153.jpg,0,glioma,0,0.6026834,0.35802266,0.03470718,0.004586738
Testing/glioma/Te-gl_0154.jpg,0,glioma,0,0.9951925,0.004747311,6.012167e-05,4.450251e-08
Testing/glioma/Te-gl_0155.jpg,0,glioma,1,0.14435308,0.8513829,0.0042638704,1.0846303e-07
Testing/glioma/Te-gl_0156.jpg,0,glioma,1,0.27541566,0.4577713,0.2372597,0.029553369
Testing/glioma/Te-gl_0157.jpg,0,glioma,0,0.99895775,0.0009494691,9.281281e-05,8.308577e-09
Testing/glioma/Te-gl_0158.jpg,0,glioma,1,0.0031578203,0.99590224,0.00093825656,1.6341993e-06
Testing/glioma/Te-gl_0159.jpg,0,glioma,2,0.07387385,0.4377571,0.48818263,0.00018641826
Testing/glioma/Te-gl_0160.jpg,0,glioma,1,0.16929245,0.63861316,0.19171096,0.0003833636
Testing/glioma/Te-gl_0161.jpg,0,glioma,0,0.84384465,0.15264226,0.0035111152,1.8863036e-06
Testing/glioma/Te-gl_0162.jpg,0,glioma,0,0.9756588,0.022334436,0.0019804004,2.642026e-05
Testing/glioma/Te-gl_0163.jpg,0,glioma,0,0.9868139,0.010851646,0.0022739335,6.0497223e-05
Testing/glioma/Te-gl_0164.jpg,0,glioma,0,0.996768,0.003231372,5.615204e-07,3.0620033e-08
Testing/glioma/Te-gl_0165.jpg,0,glioma,0,0.9997899,0.0002090947,1.1109977e-06,6.2535173e-09
Testing/glioma/Te-gl_0166.jpg,0,glioma,0,0.9849954,0.013823456,0.0011800486,1.1208444e-06
Testing/glioma/Te-gl_0167.jpg,0,glioma,1,0.33407417,0.4379211,0.22704686,0.00095783983
Testing/glioma/Te-gl_0168.jpg,0,glioma,0,0.59538174,0.40356538,0.0010360479,1.68612e-05
Testing/glioma/Te-gl_0169.jpg,0,glioma,1,0.072751746,0.92534596,0.0019021509,1.8208823e-07
Testing/glioma/Te-gl_0170.jpg,0,glioma,0,0.9693643,0.019593585,0.010606853,0.00043535567
Testing/glioma/Te-gl_0171.jpg,0,glioma,0,0.97969407,0.020191325,0.00011384348,7.37997e-07
Testing/glioma/Te-gl_0172.jpg,0,glioma,0,0.99199283,0.00041925895,0.0075864103,1.5407994e-06
Testing/glioma/Te-gl_0173.jpg,0,glioma,0,0.7586486,0.007926796,0.23341776,6.905778e-06
Testing/glioma/Te-gl_0174.jpg,0,glioma,0,0.517763,0.48138565,0.0008509714,3.364925e-07
Testing/glioma/Te-gl_0175.jpg,0,glioma,0,0.92342144,0.0745387,0.0020397408,4.060888e-08
Testing/glioma/Te-gl_0176.jpg,0,glioma,0,0.9923298,0.0005270351,0.0071187415,2.4540386e-05
Testing/glioma/Te-gl_0177.jpg,0,glioma,0,0.9824097,0.017589506,8.393647e-07,2.543028e-09
Testing/glioma/Te-gl_0178.jpg,0,glioma,1,0.36458725,0.6271466,0.008265511,6.54734e-07
Testing/glioma/Te-gl_0179.jpg,0,glioma,0,0.9657607,0.033946034,0.0002916172,1.6634111e-06
Testing/glioma/Te-gl_0180.jpg,0,glioma,0,0.89125377,0.10688912,0.0018359474,2.1096012e-05
Testing/glioma/Te-gl_0181.jpg,0,glioma,0,0.9953094,0.0046887496,1.8301441e-06,2.0349317e-08
Testing/glioma/Te-gl_0182.jpg,0,glioma,0,0.7174008,0.26637158,0.016226321,1.3063996e-06
Testing/glioma/Te-gl_0183.jpg,0,glioma,0,0.9986528,0.0003027505,0.0010421991,2.178275e-06
Testing/glioma/Te-gl_0184.jpg,0,glioma,0,0.9667907,0.009970281,0.023235736,3.2782202e-06
Testing/glioma/Te-gl_0185.jpg,0,glioma,0,0.96844727,0.0307186,0.0008298991,4.1791113e-06
Testing/glioma/Te-gl_0186.jpg,0,glioma,0,0.9751614,0.018097231,0.001979404,0.004762041
Testing/glioma/Te-gl_0187.jpg,0,glioma,0,0.99991333,8.39135e-05,2.7274793e-06,1.7584059e-09
Testing/glioma/Te-gl_0188.jpg,0,glioma,0,0.9984427,0.00030110643,0.0012508881,5.322338e-06
Testing/glioma/Te-gl_0189.jpg,0,glioma,1,0.4640595,0.5349765,0.000963144,9.4282933e-07
Testing/glioma/Te-gl_0190.jpg,0,glioma,0,0.66837597,0.32345366,0.008074457,9.5874835e-05
Testing/glioma/Te-gl_0191.jpg,0,glioma,0,0.8447219,0.14851531,0.006761946,8.528455e-07
Testing/glioma/Te-gl_0192.jpg,0,glioma,0,0.7841334,0.20684104,0.009025088,4.6602798e-07
Testing/glioma/Te-gl_0193.jpg,0,glioma,0,0.99907184,0.00092709734,1.0441115e-06,7.233877e-08
Testing/glioma/Te-gl_0194.jpg,0,glioma,0,0.8535494,0.14334652,0.003103758,2.3028089e-07
Testing/glioma/Te-gl_0195.jpg,0,glioma,1,0.31604418,0.64161855,0.042335108,2.234664e-06
Testing/glioma/Te-gl_0196.jpg,0,glioma,2,0.114524215,0.37524933,0.5101704,5.6100114e-05
Testing/glioma/Te-gl_0197.jpg,0,glioma,1,0.4772248,0.49021345,0.03253184,2.9911696e-05
Testing/glioma/Te-gl_0198.jpg,0,glioma,1,0.3938409,0.60255444,0.0036045937,3.0419542e-08
Testing/glioma/Te-gl_0199.jpg,0,glioma,0,0.602183,0.39761075,0.000204319,1.9039469e-06
Testing/glioma/Te-gl_0200.jpg,0,glioma,0,0.8261372,0.17319438,0.00066694914,1.4606801e-06
Testing/glioma/Te-gl_0201.jpg,0,glioma,1,0.0882213,0.9080285,0.0037501317,3.684483e-08
Testing/glioma/Te-gl_0202.jpg,0,glioma,1,0.0072853426,0.9918218,0.00089279376,4.5518536e-08
Testing/glioma/Te-gl_0203.jpg,0,glioma,0,0.99910897,2.8682634e-05,0.0008621992,1.3022306e-07
Testing/glioma/Te-gl_0204.jpg,0,glioma,1,0.056987446,0.9364954,0.006515471,1.6246936e-06
Testing/glioma/Te-gl_0205.jpg,0,glioma,0,0.5988787,0.39714313,0.0039661867,1.1950484e-05
Testing/glioma/Te-gl_0206.jpg,0,glioma,0,0.61729324,0.2969375,0.08547557,0.00029366132
Testing/glioma/Te-gl_0207.jpg,0,glioma,1,0.193164,0.8021369,0.00467527,2.3785971e-05
Testing/glioma/Te-gl_0208.jpg,0,glioma,1,0.028555322,0.87894917,0.092403665,9.185612e-05
Testing/glioma/Te-gl_0209.jpg,0,glioma,0,0.9939527,0.006015258,2.1534717e-05,1.0440517e-05
Testing/glioma/Te-gl_0210.jpg,0,glioma,0,0.9999676,2.975907e-05,2.5899833e-06,1.6809848e-09
Testing/glioma/Te-gl_0211.jpg,0,glioma,0,0.96785986,0.020942526,0.0110934675,0.000104149585
Testing/glioma/Te-gl_0212.jpg,0,glioma,0,0.9936985,0.0059186565,0.00038173975,1.1047417e-06
Testing/glioma/Te-gl_0213.jpg,0,glioma,0,0.99900776,0.00094661023,4.3069012e-05,2.5695265e-06
Testing/glioma/Te-gl_0214.jpg,0,glioma,0,0.9999299,6.180414e-05,8.279892e-06,3.8423455e-08
Testing/glioma/Te-gl_0215.jpg,0,glioma,0,0.9857712,0.0016903086,0.012530338,8.16255e-06
Testing/glioma/Te-gl_0216.jpg,0,glioma,0,0.9993481,0.0005078204,0.00014342903,5.451365e-07
Testing/glioma/Te-gl_0217.jpg,0,glioma,1,0.25872812,0.7289133,0.012357132,1.4121217e-06
Testing/glioma/Te-gl_0218.jpg,0,glioma,0,0.80285287,0.19163358,0.005511255,2.282935e-06
Testing/glioma/Te-gl_0219.jpg,0,glioma,0,0.9522891,0.03739574,0.0100695165,0.0002456612
Testing/glioma/Te-gl_0220.jpg,0,glioma,0,0.87148005,0.12641077,0.0021075662,1.6548447e-06
Testing/glioma/Te-gl_0221.jpg,0,glioma,0,0.99941313,0.00040248927,8.253843e-06,0.00017620268
Testing/glioma/Te-gl_0222.jpg,0,glioma,0,0.6017291,0.08496552,0.3126274,0.00067800964
Testing/glioma/Te-gl_0223.jpg,0,glioma,0,0.9696898,0.022951039,0.0073506995,8.506168e-06
Testing/glioma/Te-gl_0224.jpg,0,glioma,0,0.8465718,0.106583014,0.046839092,6.1189976e-06
Testing/glioma/Te-gl_0225.jpg,0,glioma,0,0.99996233,1.4242918e-05,2.3477476e-05,2.9485847e-09
Testing/glioma/Te-gl_0226.jpg,0,glioma,0,0.99965477,0.00033627733,8.857738e-06,7.2436215e-08
Testing/glioma/Te-gl_0227.jpg,0,glioma,0,0.9964393,0.0015062694,0.0020528475,1.5050058e-06
Testing/glioma/Te-gl_0228.jpg,0,glioma,0,0.9685606,0.029998219,0.0014410632,1.4469096e-07
Testing/glioma/Te-gl_0229.jpg,0,glioma,2,0.0057670823,0.011245367,0.98292047,6.701886e-05
Testing/glioma/Te-gl_0230.jpg,0,glioma,0,0.9407279,0.030924764,0.028065333,0.0002819699
Testing/glioma/Te-gl_0231.jpg,0,glioma,1,0.011924899,0.62182826,0.36618537,6.146992e-05
Testing/glioma/Te-gl_0232.jpg,0,glioma,1,0.0033730678,0.9847275,0.011892141,7.283196e-06
Testing/glioma/Te-gl_0233.jpg,0,glioma,1,0.007868958,0.9166435,0.07546689,2.0675887e-05
Testing/glioma/Te-gl_0234.jpg,0,glioma,1,0.009652585,0.7365119,0.25364736,0.00018811201
Testing/glioma/Te-gl_0235.jpg,0,glioma,0,0.8728412,0.076702185,0.050455965,6.2978853e-07
Testing/glioma/Te-gl_0236.jpg,0,glioma,0,0.915358,0.0577879,0.02684901,5.0583967e-06
Testing/glioma/Te-gl_0237.jpg,0,glioma,1,5.076405e-06,0.9999764,1.833608e-05,1.8244383e-07
Testing/glioma/Te-gl_0238.jpg,0,glioma,2,0.01316389,0.36539525,0.62143457,6.309375e-06
Testing/glioma/Te-gl_0239.jpg,0,glioma,1,0.0031671461,0.73708063,0.25973898,1.3180791e-05
Testing/glioma/Te-gl_0240.jpg,0,glioma,1,0.07557689,0.55363953,0.37077895,4.6568302e-06
Testing/glioma/Te-gl_0241.jpg,0,glioma,1,0.25070143,0.6544136,0.094879024,5.9918743e-06
Testing/glioma/Te-gl_0242.jpg,0,glioma,1,0.012002966,0.94192964,0.046061937,5.4409024e-06
Testing/glioma/Te-gl_0243.jpg,0,glioma,1,0.0049833218,0.99365777,0.001358673,2.2431266e-07
Testing/glioma/Te-gl_0244.jpg,0,glioma,0,0.8898124,0.105826594,0.004358786,2.2405127e-06
Testing/glioma/Te-gl_0245.jpg,0,glioma,1,0.000113394344,0.99912256,0.0007639035,1.5068979e-07
Testing/glioma/Te-gl_0246.jpg,0,glioma,1,0.04039405,0.67745596,0.28214282,7.159698e-06
Testing/glioma/Te-gl_0247.jpg,0,glioma,1,0.0011971792,0.9744381,0.024337007,2.779098e-05
Testing/glioma/Te-gl_0248.jpg,0,glioma,1,0.029762296,0.75967336,0.21055567,8.639969e-06
Testing/glioma/Te-gl_0249.jpg,0,glioma,1,0.020662902,0.967579,0.011748256,9.855769e-06
Testing/glioma/Te-gl_0250.jpg,0,glioma,0,0.43449494,0.3876466,0.17778513,7.336365e-05
Testing/glioma/Te-gl_0251.jpg,0,glioma,2,0.0041137715,0.026604837,0.96903795,0.00024337388
Testing/glioma/Te-gl_0252.jpg,0,glioma,1,0.35850304,0.44320342,0.19787674,0.00041682762
Testing/glioma/Te-gl_0253.jpg,0,glioma,1,0.06429728,0.9341818,0.0015204949,3.5452396e-07
Testing/glioma/Te-gl_0254.jpg,0,glioma,1,0.2350351,0.73224854,0.032715876,4.768523e-07
Testing/glioma/Te-gl_0255.jpg,0,glioma,1,0.00020300162,0.9136538,0.08614262,6.1697205e-07
Testing/glioma/Te-gl_0256.jpg,0,glioma,2,0.30884588,0.04367925,0.647441,3.3773616e-05
Testing/glioma/Te-gl_0257.jpg,0,glioma,0,0.42319125,0.3696572,0.20709068,6.089027e-05
Testing/glioma/Te-gl_0258.jpg,0,glioma,1,0.00028936978,0.99970347,7.131852e-06,8.5860974e-10
Testing/glioma/Te-gl_0259.jpg,0,glioma,1,0.006839315,0.82624966,0.16677861,0.00013237713
Testing/glioma/Te-gl_0260.jpg,0,glioma,1,0.021759009,0.975632,0.0025857764,2.3201374e-05
Testing/glioma/Te-gl_0261.jpg,0,glioma,1,0.4776481,0.52105653,0.0012884611,6.880652e-06
Testing/glioma/Te-gl_0262.jpg,0,glioma,0,0.7896328,0.18143839,0.02875806,0.00017071558
Testing/glioma/Te-gl_0263.jpg,0,glioma,0,0.5023058,0.39917463,0.098504655,1.4918389e-05
Testing/glioma/Te-gl_0264.jpg,0,glioma,1,0.00075068703,0.99785715,0.0013915247,5.5383975e-07
Testing/glioma/Te-gl_0265.jpg,0,glioma,1,0.0560754,0.9218401,0.02206907,1.5443176e-05
Testing/glioma/Te-gl_0266.jpg,0,glioma,1,0.42865548,0.54803836,0.0232958,1.0333734e-05
Testing/glioma/Te-gl_0267.jpg,0,glioma,0,0.55904204,0.39254478,0.048328552,8.467914e-05
Testing/glioma/Te-gl_0268.jpg,0,glioma,2,0.0017238699,0.057226233,0.94080806,0.00024179247
Testing/glioma/Te-gl_0269.jpg,0,glioma,0,0.99680054,0.0025861089,0.00061265175,7.1265896e-07
Testing/glioma/Te-gl_0270.jpg,0,glioma,0,0.78114194,0.19557606,0.023262374,1.9722898e-05
Testing/glioma/Te-gl_0271.jpg,0,glioma,2,0.027946237,0.2345113,0.73706007,0.00048239552
Testing/glioma/Te-gl_0272.jpg,0,glioma,0,0.8909568,0.032403104,0.0737692,0.0028708617
Testing/glioma/Te-gl_0273.jpg,0,glioma,0,0.40063027,0.21287341,0.38560838,0.00088800787
Testing/glioma/Te-gl_0274.jpg,0,glioma,0,0.9165979,0.050895937,0.03250422,1.993907e-06
Testing/glioma/Te-gl_0275.jpg,0,glioma,1,0.017439052,0.62896556,0.35324207,0.00035335388
Testing/glioma/Te-gl_0276.jpg,0,glioma,1,0.017486561,0.975216,0.0072930288,4.358198e-06
Testing/glioma/Te-gl_0277.jpg,0,glioma,1,0.18462943,0.78290886,0.032365374,9.625251e-05
Testing/glioma/Te-gl_0278.jpg,0,glioma,0,0.6078094,0.21218628,0.17991963,8.471035e-05
Testing/glioma/Te-gl_0279.jpg,0,glioma,1,0.32663617,0.5277324,0.14563042,1.0796954e-06
Testing/glioma/Te-gl_0280.jpg,0,glioma,1,0.15989915,0.83813554,0.0019558812,9.399164e-06
Testing/glioma/Te-gl_0281.jpg,0,glioma,0,0.80770046,0.18903786,0.0032611506,5.226555e-07
Testing/glioma/Te-gl_0282.jpg,0,glioma,1,0.3017685,0.6854594,0.012772008,4.6079215e-08
Testing/glioma/Te-gl_0283.jpg,0,glioma,1,0.37692705,0.5665919,0.056480587,4.3584228e-07
Testing/glioma/Te-gl_0284.jpg,0,glioma,0,0.9647436,0.011505349,0.023747934,3.0397543e-06
Testing/glioma/Te-gl_0285.jpg,0,glioma,0,0.81585276,0.18250592,0.0016334841,7.834445e-06
Testing/glioma/Te-gl_0286.jpg,0,glioma,0,0.9978542,8.560761e-05,0.0020594427,6.692832e-07
Testing/glioma/Te-gl_0287.jpg,0,glioma,0,0.9964702,0.001594454,0.0019351048,1.9539475e-07
Testing/glioma/Te-gl_0288.jpg,0,glioma,2,0.3000776,0.016311003,0.68360764,3.7225611e-06
Testing/glioma/Te-gl_0289.jpg,0,glioma,0,0.95294565,0.025601294,0.021390755,6.230181e-05
Testing/glioma/Te-gl_0290.jpg,0,glioma,0,0.904443,0.035149757,0.06039484,1.2365717e-05
Testing/glioma/Te-gl_0291.jpg,0,glioma,0,0.4780974,0.0883063,0.43357372,2.2586519e-05
Testing/glioma/Te-gl_0292.jpg,0,glioma,2,0.46858335,0.0017442473,0.52938056,0.00029190088
Testing/glioma/Te-gl_0293.jpg,0,glioma,0,0.99340963,0.006402683,0.00017682032,1.0933827e-05
Testing/glioma/Te-gl_0294.jpg,0,glioma,0,0.9644578,0.014598851,0.020942034,1.3737545e-06
Testing/glioma/Te-gl_0295.jpg,0,glioma,1,0.0681326,0.6540539,0.27750164,0.0003118469
Testing/glioma/Te-gl_0296.jpg,0,glioma,2,0.050816663,0.006574512,0.94260186,7.012825e-06
Testing/glioma/Te-gl_0297.jpg,0,glioma,2,0.113642715,0.009977963,0.8763223,5.6945286e-05
Testing/glioma/Te-gl_0298.jpg,0,glioma,0,0.9833581,0.00034737997,0.016294438,1.5541897e-07
Testing/glioma/Te-gl_0299.jpg,0,glioma,0,0.98232645,0.006359295,0.0077413623,0.0035729848
Testing/meningioma/Te-meTr_0000.jpg,1,meningioma,1,9.0561825e-09,0.99999917,8.4472094e-07,5.8294303e-12
Testing/meningioma/Te-meTr_0001.jpg,1,meningioma,0,0.976076,0.00078639056,0.023135616,2.058744e-06
Testing/meningioma/Te-meTr_0002.jpg,1,meningioma,1,0.006735454,0.94135106,0.051537726,0.0003758259
Testing/meningioma/Te-meTr_0003.jpg,1,meningioma,1,4.857224e-06,0.9996253,0.00036979947,5.7536056e-09
Testing/meningioma/Te-meTr_0004.jpg,1,meningioma,2,1.5634889e-06,0.17947721,0.82051903,2.2089812e-06
Testing/meningioma/Te-meTr_0005.jpg,1,meningioma,2,2.4381748e-06,0.40777597,0.5920214,0.00020022274
Testing/meningioma/Te-meTr_0006.jpg,1,meningioma,1,0.00030058908,0.94365627,0.055802166,0.00024099632
Testing/meningioma/Te-meTr_0007.jpg,1,meningioma,1,0.005172506,0.8018864,0.19292164,1.9489406e-05
Testing/meningioma/Te-meTr_0008.jpg,1,meningioma,1,3.539171e-05,0.9937359,0.006214979,1.3651266e-05
Testing/meningioma/Te-meTr_0009.jpg,1,meningioma,1,8.2777895e-08,0.9999058,9.396972e-05,5.993544e-08
Testing/meningioma/Te-me_0010.jpg,1,meningioma,1,9.3840514e-05,0.8873051,0.112599045,2.07749e-06
Testing/meningioma/Te-me_0011.jpg,1,meningioma,2,3.347913e-06,0.022854922,0.97692865,0.00021316217
Testing/meningioma/Te-me_0012.jpg,1,meningioma,1,1.254033e-10,1.0,3.3900996e-08,1.4937947e-11
Testing/meningioma/Te-me_0013.jpg,1,meningioma,1,0.0003009172,0.99961144,6.908407e-05,1.8604705e-05
Testing/meningioma/Te-me_0014.jpg,1,meningioma,1,7.775715e-08,0.9999994,5.132134e-07,3.7514814e-11
Testing/meningioma/Te-me_0015.jpg,1,meningioma,1,3.5723035e-05,0.99973565,0.0001458058,8.277229e-05
Testing/meningioma/Te-me_0016.jpg,1,meningioma,2,5.741893e-07,0.42614913,0.57384896,1.3046927e-06
Testing/meningioma/Te-me_0017.jpg,1,meningioma,2,7.5848734e-06,0.19621304,0.8037752,4.2582474e-06
Testing/meningioma/Te-me_0018.jpg,1,meningioma,1,0.14746368,0.84936154,0.0030280354,0.00014672891
Testing/meningioma/Te-me_0019.jpg,1,meningioma,1,0.00010334296,0.9998049,8.970889e-05,2.0750979e-06
Testing/meningioma/Te-me_0020.jpg,1,meningioma,1,7.856269e-09,0.99997425,2.5796879e-05,4.9143125e-09
Testing/meningioma/Te-me_0021.jpg,1,meningioma,1,0.00030143646,0.99945885,0.00023629238,3.3923134e-06
Testing/meningioma/Te-me_0022.jpg,1,meningioma,1,0.01978941,0.83187777,0.14789492,0.00043791265
Testing/meningioma/Te-me_0023.jpg,1,meningioma,1,1.0995139e-08,0.9999778,2.2101924e-05,2.1850685e-08
Testing/meningioma/Te-me_0024.jpg,1,meningioma,1,0.0009244769,0.9989485,7.755165e-05,4.9492814e-05
Testing/meningioma/Te-me_0025.jpg,1,meningioma,1,9.076768e-09,1.0,3.749021e-08,8.249624e-09
Testing/meningioma/Te-me_0026.jpg,1,meningioma,1,2.8136943e-10,0.9999995,1.1374655e-08,4.564249e-07
Testing/meningioma/Te-me_0027.jpg,1,meningioma,1,3.0652697e-07,0.99999714,2.4734563e-06,4.074178e-09
Testing/meningioma/Te-me_0028.jpg,1,meningioma,1,1.8522291e-08,0.9999999,1.3874045e-07,3.3402916e-08
Testing/meningioma/Te-me_0029.jpg,1,meningioma,1,3.2962953e-07,0.9921956,0.0078035374,4.5975642e-07
Testing/meningioma/Te-me_0030.jpg,1,meningioma,1,0.002994546,0.965345,0.03164663,1.3759122e-05
Testing/meningioma/Te-me_0031.jpg,1,meningioma,1,2.9576502e-06,0.99414045,0.005856357,1.5925171e-07
Testing/meningioma/Te-me_0032.jpg,1,meningioma,1,0.059821915,0.8382697,0.1018555,5.2856798e-05
Testing/meningioma/Te-me_0033.jpg,1,meningioma,1,4.0290612e-07,0.9972224,0.0027769273,2.4706227e-07
Testing/meningioma/Te-me_0034.jpg,1,meningioma,2,6.737789e-05,0.43447933,0.562223,0.0032302781
Testing/meningioma/Te-me_0035.jpg,1,meningioma,1,6.650841e-05,0.99148107,0.0075476216,0.0009048055
Testing/meningioma/Te-me_0036.jpg,1,meningioma,1,7.1589566e-05,0.9943001,0.005626321,1.9144022e-06
Testing/meningioma/Te-me_0037.jpg,1,meningioma,2,0.0030901204,0.0598667,0.9367347,0.00030854944
Testing/meningioma/Te-me_0038.jpg,1,meningioma,1,7.1367656e-05,0.9548282,0.045057207,4.3244338e-05
Testing/meningioma/Te-me_0039.jpg,1,meningioma,1,2.7213244e-07,0.999995,4.6157033e-06,9.701424e-08
Testing/meningioma/Te-me_0040.jpg,1,meningioma,1,1.18310425e-07,0.9997092,0.0002906506,5.146647e-10
Testing/meningioma/Te-me_0041.jpg,1,meningioma,1,2.1096394e-06,0.58890045,0.41109586,1.6110599e-06
Testing/meningioma/Te-me_0042.jpg,1,meningioma,1,3.6123897e-08,0.9999993,7.165568e-07,4.016251e-09
Testing/meningioma/Te-me_0043.jpg,1,meningioma,1,8.3748036e-10,1.0,6.3300426e-10,7.062299e-12
Testing/meningioma/Te-me_0044.jpg,1,meningioma,1,8.5592656e-05,0.9983253,0.001586188,2.9487749e-06
Testing/meningioma/Te-me_0045.jpg,1,meningioma,1,0.0068015405,0.839978,0.15069193,0.0025285736
Testing/meningioma/Te-me_0046.jpg,1,meningioma,1,0.0013504404,0.8613184,0.13717635,0.0001548201
Testing/meningioma/Te-me_0047.jpg,1,meningioma,1,0.0015597137,0.9982816,0.0001586598,1.3671858e-07
Testing/meningioma/Te-me_0048.jpg,1,meningioma,1,0.0010156631,0.9932289,0.0023997272,0.0033557203
Testing/meningioma/Te-me_0049.jpg,1,meningioma,1,1.6121046e-05,0.99467576,0.0053055594,2.5805728e-06
Testing/meningioma/Te-me_0050.jpg,1,meningioma,1,3.4629682e-12,1.0,5.36702e-08,2.542817e-09
Testing/meningioma/Te-me_0051.jpg,1,meningioma,1,1.7797596e-05,0.998403,0.00157286,6.2682175e-06
Testing/meningioma/Te-me_0052.jpg,1,meningioma,1,0.0001397049,0.9976617,0.0020442817,0.00015427996
Testing/meningioma/Te-me_0053.jpg,1,meningioma,1,1.8693827e-06,0.9999361,6.130058e-05,6.5647544e-07
Testing/meningioma/Te-me_0054.jpg,1,meningioma,1,1.8282716e-08,0.9999987,1.3024528e-06,9.940988e-10
Testing/meningioma/Te-me_0055.jpg,1,meningioma,1,1.3386575e-09,1.0,2.7127156e-10,4.60813e-12
Testing/meningioma/Te-me_0056.jpg,1,meningioma,1,1.5618939e-06,0.99999833,8.827532e-08,3.240244e-10
Testing/meningioma/Te-me_0057.jpg,1,meningioma,2,0.00037993048,0.16820782,0.8311573,0.00025490983
Testing/meningioma/Te-me_0058.jpg,1,meningioma,1,0.000272975,0.99844176,0.0012851355,2.5823283e-07
Testing/meningioma/Te-me_0059.jpg,1,meningioma,2,0.000301336,0.040037826,0.9589942,0.0006665667
Testing/meningioma/Te-me_0060.jpg,1,meningioma,1,0.00020673027,0.99681014,0.0029808718,2.2177267e-06
Testing/meningioma/Te-me_0061.jpg,1,meningioma,1,6.1020966e-10,0.9999999,6.5330795e-08,3.2262626e-10
Testing/meningioma/Te-me_0062.jpg,1,meningioma,1,1.0043282e-05,0.81919587,0.18077804,1.6071526e-05
Testing/meningioma/Te-me_0063.jpg,1,meningioma,1,8.200432e-06,0.9989753,0.0010164801,2.0766251e-08
Testing/meningioma/Te-me_0064.jpg,1,meningioma,1,2.8525885e-06,0.86097157,0.13902368,1.8514961e-06
Testing/meningioma/Te-me_0065.jpg,1,meningioma,1,1.1299023e-05,0.98568535,0.014297718,5.666868e-06
Testing/meningioma/Te-me_0066.jpg,1,meningioma,1,0.004401576,0.99523395,0.00035816018,6.2928248e-06
Testing/meningioma/Te-me_0067.jpg,1,meningioma,1,0.09139214,0.8976222,0.010979107,6.56349e-06
Testing/meningioma/Te-me_0068.jpg,1,meningioma,1,4.0323185e-09,0.9999999,2.5394338e-09,6.343695e-08
Testing/meningioma/Te-me_0069.jpg,1,meningioma,1,2.713576e-06,0.87287724,0.12711939,6.0587337e-07
Testing/meningioma/Te-me_0070.jpg,1,meningioma,1,0.0005322652,0.9988397,0.00048372892,0.0001443164
Testing/meningioma/Te-me_0071.jpg,1,meningioma,1,9.437778e-05,0.99985766,4.7177346e-05,7.831127e-07
Testing/meningioma/Te-me_0072.jpg,1,meningioma,1,0.020756554,0.7688357,0.20581527,0.0045924666
Testing/meningioma/Te-me_0073.jpg,1,meningioma,1,0.0010381559,0.9985448,0.00041647037,6.7147505e-07
Testing/meningioma/Te-me_0074.jpg,1,meningioma,1,4.904648e-08,0.99999654,3.3625483e-06,4.1653003e-08
Testing/meningioma/Te-me_0075.jpg,1,meningioma,1,3.221638e-06,0.9999788,1.7902403e-05,4.5259355e-08
Testing/meningioma/Te-me_0076.jpg,1,meningioma,1,2.018826e-07,0.9999993,4.2274473e-07,6.71437e-08
Testing/meningioma/Te-me_0077.jpg,1,meningioma,1,2.2513919e-07,0.9999982,1.5114158e-06,2.8385256e-09
Testing/meningioma/Te-me_0078.jpg,1,meningioma,1,0.00024731905,0.9876215,0.00994688,0.0021842455
Testing/meningioma/Te-me_0079.jpg,1,meningioma,2,0.00023498911,0.21427947,0.78548473,8.206317e-07
Testing/meningioma/Te-me_0080.jpg,1,meningioma,1,0.020431437,0.95526534,0.023771042,0.0005321336
Testing/meningioma/Te-me_0081.jpg,1,meningioma,1,4.4274355e-08,0.97940683,0.020491125,0.00010200374
Testing/meningioma/Te-me_0082.jpg,1,meningioma,1,4.294724e-06,0.99826825,0.0017270395,3.9642333e-07
Testing/meningioma/Te-me_0083.jpg,1,meningioma,1,2.695107e-05,0.9987453,0.0012275951,1.9981685e-07
Testing/meningioma/Te-me_0084.jpg,1,meningioma,1,0.0036325685,0.81186783,0.17457917,0.009920444
Testing/meningioma/Te-me_0085.jpg,1,meningioma,1,0.000334923,0.5190945,0.48044008,0.0001305281
Testing/meningioma/Te-me_0086.jpg,1,meningioma,1,7.698117e-08,0.9999261,7.376346e-05,7.4110873e-09
Testing/meningioma/Te-me_0087.jpg,1,meningioma,2,4.117328e-05,0.49169192,0.5079279,0.00033902426
Testing/meningioma/Te-me_0088.jpg,1,meningioma,1,4.9995902e-05,0.9988417,0.00095138635,0.00015692793
Testing/meningioma/Te-me_0089.jpg,1,meningioma,1,7.2737816e-06,0.99976045,0.00023224096,7.554784e-08
Testing/meningioma/Te-me_0090.jpg,1,meningioma,1,4.303657e-06,0.99985254,0.00014296992,1.8205348e-07
Testing/meningioma/Te-me_0091.jpg,1,meningioma,1,2.0057112e-06,0.8713464,0.12864839,3.254625e-06
Testing/meningioma/Te-me_0092.jpg,1,meningioma,0,0.9481672,0.04979724,0.00058546814,0.0014501119
Testing/meningioma/Te-me_0093.jpg,1,meningioma,1,0.00042196768,0.9847466,0.014822657,8.695094e-06
Testing/meningioma/Te-me_0094.jpg,1,meningioma,2,0.0005332007,0.3897819,0.6096789,5.9717004e-06
Testing/meningioma/Te-me_0095.jpg,1,meningioma,1,5.510517e-09,0.9999999,1.5216564e-08,6.464335e-08
Testing/meningioma/Te-me_0096.jpg,1,meningioma,1,6.605186e-05,0.99179256,0.008127165,1.4161785e-05
Testing/meningioma/Te-me_0097.jpg,1,meningioma,2,0.0021743032,0.47155946,0.51814234,0.008123868
Testing/meningioma/Te-me_0098.jpg,1,meningioma,1,3.341694e-07,0.99915206,0.0008475266,2.0700439e-08
Testing/meningioma/Te-me_0099.jpg,1,meningioma,1,2.0567002e-06,0.90872014,0.091271944,5.9099148e-06
Testing/meningioma/Te-me_0100.jpg,1,meningioma,1,0.0010981247,0.9361121,0.06276441,2.5409145e-05
Testing/meningioma/Te-me_0101.jpg,1,meningioma,1,2.8145914e-07,0.998384,0.0016111063,4.612964e-06
Testing/meningioma/Te-me_0102.jpg,1,meningioma,1,0.00011998605,0.6009665,0.398738,0.00017546282
Testing/meningioma/Te-me_0103.jpg,1,meningioma,1,0.031360857,0.88000435,0.085569486,0.003065313
Testing/meningioma/Te-me_0104.jpg,1,meningioma,1,1.07018494e-07,0.9999944,4.6733035e-06,8.494225e-07
Testing/meningioma/Te-me_0105.jpg,1,meningioma,1,1.2096865e-06,0.9997458,0.00025236353,6.9933475e-07
Testing/meningioma/Te-me_0106.jpg,1,meningioma,2,1.27117605e-08,0.08559432,0.9144055,1.4008278e-07
Testing/meningioma/Te-me_0107.jpg,1,meningioma,2,4.9967444e-09,0.0116882175,0.9883118,3.4083307e-08
Testing/meningioma/Te-me_0108.jpg,1,meningioma,1,7.6280805e-05,0.73791546,0.26188344,0.0001248222
Testing/meningioma/Te-me_0109.jpg,1,meningioma,1,0.00052860874,0.99244624,0.0069542876,7.0888986e-05
Testing/meningioma/Te-me_0110.jpg,1,meningioma,1,0.0029562938,0.86306584,0.13379206,0.00018585734
Testing/meningioma/Te-me_0111.jpg,1,meningioma,2,9.353275e-07,0.0010253913,0.99896,1.3637836e-05
Testing/meningioma/Te-me_0112.jpg,1,meningioma,1,0.00013339237,0.6645027,0.33536032,3.6214983e-06
Testing/meningioma/Te-me_0113.jpg,1,meningioma,2,3.1534333e-07,0.17757711,0.82242197,5.4420855e-07
Testing/meningioma/Te-me_0114.jpg,1,meningioma,1,1.0810343e-07,0.99919826,0.0008016044,9.825868e-10
Testing/meningioma/Te-me_0115.jpg,1,meningioma,1,0.07750418,0.7294867,0.17044282,0.022566374
Testing/meningioma/Te-me_0116.jpg,1,meningioma,1,0.001517837,0.9655623,0.032786135,0.00013375595
Testing/meningioma/Te-me_0117.jpg,1,meningioma,2,0.00048346966,0.28142807,0.7180663,2.2159302e-05
Testing/meningioma/Te-me_0118.jpg,1,meningioma,2,0.034680445,0.27809045,0.46673205,0.22049706
Testing/meningioma/Te-me_0119.jpg,1,meningioma,1,2.0666046e-05,0.98248017,0.017498573,7.113e-07
Testing/meningioma/Te-me_0120.jpg,1,meningioma,2,0.0013104135,0.17104195,0.8276107,3.6956073e-05
Testing/meningioma/Te-me_0121.jpg,1,meningioma,3,0.1344456,0.33018723,0.0994236,0.4359436
Testing/meningioma/Te-me_0122.jpg,1,meningioma,2,0.00020409898,0.23126805,0.76844525,8.2611026e-05
Testing/meningioma/Te-me_0123.jpg,1,meningioma,1,0.029036298,0.94222105,0.028638305,0.000104312254
Testing/meningioma/Te-me_0124.jpg,1,meningioma,2,0.001960874,0.14587443,0.8509076,0.0012571294
Testing/meningioma/Te-me_0125.jpg,1,meningioma,1,5.0949215e-08,0.9996549,0.00034503057,6.075996e-08
Testing/meningioma/Te-me_0126.jpg,1,meningioma,1,1.1548333e-06,0.9999256,7.294495e-05,2.1504842e-07
Testing/meningioma/Te-me_0127.jpg,1,meningioma,1,0.11853707,0.46930647,0.4117146,0.00044188683
Testing/meningioma/Te-me_0128.jpg,1,meningioma,1,0.18110417,0.80112755,0.016928531,0.0008397978
Testing/meningioma/Te-me_0129.jpg,1,meningioma,2,0.0011120391,0.045863196,0.9528699,0.000154982
Testing/meningioma/Te-me_0130.jpg,1,meningioma,2,9.700127e-05,0.010578748,0.9892709,5.3268308e-05
Testing/meningioma/Te-me_0131.jpg,1,meningioma,1,0.003273073,0.56701714,0.4287956,0.00091414526
Testing/meningioma/Te-me_0132.jpg,1,meningioma,1,5.683573e-05,0.99650854,2.4315448e-05,0.0034103054
Testing/meningioma/Te-me_0133.jpg,1,meningioma,1,0.0008881821,0.9565391,0.042551767,2.094767e-05
Testing/meningioma/Te-me_0134.jpg,1,meningioma,2,2.4190378e-05,0.16736507,0.8325248,8.5977386e-05
Testing/meningioma/Te-me_0135.jpg,1,meningioma,1,6.5632958e-06,0.9934436,0.006548938,9.503563e-07
Testing/meningioma/Te-me_0136.jpg,1,meningioma,1,0.003933597,0.9444411,0.04949714,0.0021280628
Testing/meningioma/Te-me_0137.jpg,1,meningioma,1,4.3483356e-06,0.9999361,5.9517773e-05,4.117828e-08
Testing/meningioma/Te-me_0138.jpg,1,meningioma,2,0.00094060774,0.45721173,0.5416919,0.00015578327
Testing/meningioma/Te-me_0139.jpg,1,meningioma,1,3.980664e-05,0.9944484,0.005482368,2.9344355e-05
Testing/meningioma/Te-me_0140.jpg,1,meningioma,1,0.01171262,0.9316988,0.056057815,0.0005307589
Testing/meningioma/Te-me_0141.jpg,1,meningioma,1,0.0005519414,0.99402726,0.005398969,2.1817792e-05
Testing/meningioma/Te-me_0142.jpg,1,meningioma,1,0.0024182694,0.99722433,0.00011490312,0.00024257161
Testing/meningioma/Te-me_0143.jpg,1,meningioma,2,2.1585966e-09,0.0047510928,0.995249,4.774274e-08
Testing/meningioma/Te-me_0144.jpg,1,meningioma,1,3.204324e-05,0.96125656,0.03848487,0.00022656053
Testing/meningioma/Te-me_0145.jpg,1,meningioma,1,0.0023612753,0.848176,0.14937285,8.997437e-05
Testing/meningioma/Te-me_0146.jpg,1,meningioma,2,0.017066004,0.0035612034,0.97936046,1.2384685e-05
Testing/meningioma/Te-me_0147.jpg,1,meningioma,1,4.1036788e-08,0.99999976,2.1937932e-07,7.657792e-09
Testing/meningioma/Te-me_0148.jpg,1,meningioma,1,0.035186034,0.65087014,0.08502314,0.22892064
Testing/meningioma/Te-me_0149.jpg,1,meningioma,1,0.00025210937,0.7636448,0.23574519,0.00035790747
Testing/meningioma/Te-me_0150.jpg,1,meningioma,1,0.0021124675,0.9694493,0.028359707,7.8549725e-05
Testing/meningioma/Te-me_0151.jpg,1,meningioma,1,2.1864202e-05,0.9956792,0.0042988895,9.574625e-08
Testing/meningioma/Te-me_0152.jpg,1,meningioma,1,0.00013899685,0.97695744,0.022901949,1.7025118e-06
Testing/meningioma/Te-me_0153.jpg,1,meningioma,1,0.0007626045,0.97077435,0.028451204,1.1742656e-05
Testing/meningioma/Te-me_0154.jpg,1,meningioma,1,2.0553165e-08,0.99999774,2.2101044e-06,3.896912e-09
Testing/meningioma/Te-me_0155.jpg,1,meningioma,1,1.8209054e-09,1.0,8.965098e-10,2.6469762e-10
Testing/meningioma/Te-me_0156.jpg,1,meningioma,1,0.13792743,0.677826,0.18136227,0.0028843298
Testing/meningioma/Te-me_0157.jpg,1,meningioma,1,3.2102964e-06,0.9999845,1.1677591e-05,6.4087124e-07
Testing/meningioma/Te-me_0158.jpg,1,meningioma,1,4.3247703e-05,0.9859616,0.013992621,2.5175705e-06
Testing/meningioma/Te-me_0159.jpg,1,meningioma,0,0.44174266,0.39730364,0.1304638,0.030489909
Testing/meningioma/Te-me_0160.jpg,1,meningioma,1,4.030522e-07,0.99999857,1.0264861e-06,1.4326692e-08
Testing/meningioma/Te-me_0161.jpg,1,meningioma,1,0.0014811634,0.9785306,0.019970605,1.7557742e-05
Testing/meningioma/Te-me_0162.jpg,1,meningioma,1,0.0016182798,0.9001688,0.098165676,4.7209003e-05
Testing/meningioma/Te-me_0163.jpg,1,meningioma,1,0.0001877607,0.9581514,0.0066159777,0.03504488
Testing/meningioma/Te-me_0164.jpg,1,meningioma,1,1.3036067e-06,0.99933666,0.00029456598,0.00036746412
Testing/meningioma/Te-me_0165.jpg,1,meningioma,1,0.00025568804,0.85416293,0.14555764,2.3707125e-05
Testing/meningioma/Te-me_0166.jpg,1,meningioma,1,5.6540994e-06,0.9999926,1.7153867e-06,5.3955038e-08
Testing/meningioma/Te-me_0167.jpg,1,meningioma,1,0.0005289451,0.993587,0.005863019,2.0920254e-05
Testing/meningioma/Te-me_0168.jpg,1,meningioma,1,1.6558959e-06,0.9999974,9.759821e-07,1.0247854e-09
Testing/meningioma/Te-me_0169.jpg,1,meningioma,1,2.4390472e-06,0.99989736,0.00010019304,8.926922e-08
Testing/meningioma/Te-me_0170.jpg,1,meningioma,1,0.036611684,0.78875196,0.17211497,0.002521387
Testing/meningioma/Te-me_0171.jpg,1,meningioma,2,0.0015193498,0.46363705,0.5348392,4.382839e-06
Testing/meningioma/Te-me_0172.jpg,1,meningioma,1,1.2803564e-08,0.99997306,2.6905693e-05,1.7644584e-08
Testing/meningioma/Te-me_0173.jpg,1,meningioma,2,0.00012599656,0.28795576,0.7115426,0.00037557574
Testing/meningioma/Te-me_0174.jpg,1,meningioma,1,4.8785237e-06,0.998723,0.0012711548,9.321904e-07
Testing/meningioma/Te-me_0175.jpg,1,meningioma,1,0.034588985,0.88754195,0.06683075,0.011038276
Testing/meningioma/Te-me_0176.jpg,1,meningioma,1,4.832104e-06,0.9999944,6.9981627e-07,1.4130125e-08
Testing/meningioma/Te-me_0177.jpg,1,meningioma,0,0.6117247,0.37683603,0.011392447,4.682452e-05
Testing/meningioma/Te-me_0178.jpg,1,meningioma,2,4.0909003e-06,0.003320714,0.9966453,2.9991026e-05
Testing/meningioma/Te-me_0179.jpg,1,meningioma,1,6.8601e-07,0.99991953,7.966254e-05,3.0579294e-08
Testing/meningioma/Te-me_0180.jpg,1,meningioma,1,4.7278023e-05,0.9999256,2.6931271e-05,9.5240324e-08
Testing/meningioma/Te-me_0181.jpg,1,meningioma,1,4.7289777e-05,0.9843956,0.015556184,8.565521e-07
Testing/meningioma/Te-me_0182.jpg,1,meningioma,1,0.0033313532,0.75899094,0.229544,0.008133656
Testing/meningioma/Te-me_0183.jpg,1,meningioma,2,0.0010286316,0.14477439,0.854063,0.00013394485
Testing/meningioma/Te-me_0184.jpg,1,meningioma,1,3.3682994e-07,0.99978334,0.00021636237,3.386697e-11
Testing/meningioma/Te-me_0185.jpg,1,meningioma,1,0.00029295988,0.9581956,0.041500516,1.0808822e-05
Testing/meningioma/Te-me_0186.jpg,1,meningioma,1,6.128689e-05,0.9952732,0.004649289,1.6210519e-05
Testing/meningioma/Te-me_0187.jpg,1,meningioma,1,9.450071e-06,0.9994338,0.0005565414,1.8471962e-07
Testing/meningioma/Te-me_0188.jpg,1,meningioma,1,0.00026862757,0.99610186,0.003629375,1.9821155e-07
Testing/meningioma/Te-me_0189.jpg,1,meningioma,1,0.007290332,0.9779595,0.010290585,0.004459535
Testing/meningioma/Te-me_0190.jpg,1,meningioma,1,1.9590182e-07,0.9998472,0.00015243245,8.2237364e-08
Testing/meningioma/Te-me_0191.jpg,1,meningioma,1,3.3529302e-06,0.9998062,0.00019034515,1.5479901e-07
Testing/meningioma/Te-me_0192.jpg,1,meningioma,2,0.00044774162,0.05246242,0.9470699,1.9991605e-05
Testing/meningioma/Te-me_0193.jpg,1,meningioma,3,0.034402322,0.2037409,0.022607254,0.7392496
Testing/meningioma/Te-me_0194.jpg,1,meningioma,1,0.0007222499,0.99704,0.002232765,4.8931565e-06
Testing/meningioma/Te-me_0195.jpg,1,meningioma,1,2.6386422e-07,0.99999607,3.6494287e-06,5.3944387e-09
Testing/meningioma/Te-me_0196.jpg,1,meningioma,1,0.005995213,0.7921399,0.20183359,3.126048e-05
Testing/meningioma/Te-me_0197.jpg,1,meningioma,1,0.0011154776,0.9325628,0.06628535,3.6336423e-05
Testing/meningioma/Te-me_0198.jpg,1,meningioma,1,8.7264025e-06,0.9999095,8.123122e-05,4.840666e-07
Testing/meningioma/Te-me_0199.jpg,1,meningioma,1,3.151183e-08,0.9999988,1.1249775e-06,1.1799032e-08
Testing/meningioma/Te-me_0200.jpg,1,meningioma,1,3.2181283e-06,0.999995,1.7687853e-06,2.2720814e-08
Testing/meningioma/Te-me_0201.jpg,1,meningioma,1,0.00022439136,0.6907448,0.30269408,0.0063367323
Testing/meningioma/Te-me_0202.jpg,1,meningioma,1,0.0065046027,0.99319804,0.0002972854,9.5284946e-08
Testing/meningioma/Te-me_0203.jpg,1,meningioma,1,4.810095e-05,0.9996325,0.00031911512,2.284737e-07
Testing/meningioma/Te-me_0204.jpg,1,meningioma,1,0.13188098,0.8660065,0.0021098908,2.642489e-06
Testing/meningioma/Te-me_0205.jpg,1,meningioma,1,1.1699432e-05,0.9997008,0.00028442236,3.1247005e-06
Testing/meningioma/Te-me_0206.jpg,1,meningioma,1,5.4974716e-08,1.0,9.6310654e-11,4.2107623e-10
Testing/meningioma/Te-me_0207.jpg,1,meningioma,1,0.010311849,0.9637623,0.002836346,0.02308945
Testing/meningioma/Te-me_0208.jpg,1,meningioma,1,2.2004087e-06,0.9999975,4.0005634e-07,4.7644613e-09
Testing/meningioma/Te-me_0209.jpg,1,meningioma,1,2.7439884e-05,0.96055067,0.039419454,2.359402e-06
Testing/meningioma/Te-me_0210.jpg,1,meningioma,1,3.2471523e-06,0.9999956,1.1573806e-06,4.4034596e-08
Testing/meningioma/Te-me_0211.jpg,1,meningioma,1,6.615743e-11,1.0,2.8666949e-11,7.93485e-11
Testing/meningioma/Te-me_0212.jpg,1,meningioma,1,8.567444e-06,0.9999908,3.2952567e-08,6.0829e-07
Testing/meningioma/Te-me_0213.jpg,1,meningioma,1,0.06692989,0.71093464,0.22042327,0.0017121697
Testing/meningioma/Te-me_0214.jpg,1,meningioma,1,0.0007057752,0.99397606,0.00479199,0.0005262793
Testing/meningioma/Te-me_0215.jpg,1,meningioma,1,5.4842353e-06,0.99999166,2.8226734e-06,1.4605946e-09
Testing/meningioma/Te-me_0216.jpg,1,meningioma,1,0.17065184,0.7824378,0.0469025,7.955786e-06
Testing/meningioma/Te-me_0217.jpg,1,meningioma,1,0.00010572788,0.9995053,0.0003877421,1.2467902e-06
Testing/meningioma/Te-me_0218.jpg,1,meningioma,1,0.00080576853,0.57641095,0.42277217,1.1091211e-05
Testing/meningioma/Te-me_0219.jpg,1,meningioma,1,6.711743e-05,0.9998228,0.00011015075,7.3057804e-09
Testing/meningioma/Te-me_0220.jpg,1,meningioma,1,1.7013902e-07,0.9999999,9.125859e-09,8.383501e-09
Testing/meningioma/Te-me_0221.jpg,1,meningioma,1,0.0022651737,0.9975648,0.00017002417,3.725055e-08
Testing/meningioma/Te-me_0222.jpg,1,meningioma,1,0.0028107008,0.9818195,0.015244063,0.00012574776
Testing/meningioma/Te-me_0223.jpg,1,meningioma,1,0.043370362,0.9563349,0.0002947545,4.3836692e-08
Testing/meningioma/Te-me_0224.jpg,1,meningioma,1,0.00019364512,0.9927148,0.0070896987,1.8550896e-06
Testing/meningioma/Te-me_0225.jpg,1,meningioma,1,0.26776102,0.7158524,0.0152135845,0.0011730588
Testing/meningioma/Te-me_0226.jpg,1,meningioma,1,0.00062604406,0.9985978,0.00077607605,3.549389e-08
Testing/meningioma/Te-me_0227.jpg,1,meningioma,1,0.00081341184,0.9980013,0.0011791731,6.1515125e-06
Testing/meningioma/Te-me_0228.jpg,1,meningioma,1,0.0008975547,0.99687994,0.0021770399,4.541739e-05
Testing/meningioma/Te-me_0229.jpg,1,meningioma,2,0.022454614,0.122582264,0.8549592,3.9686233e-06
Testing/meningioma/Te-me_0230.jpg,1,meningioma,1,0.21793617,0.77653265,0.005513663,1.7448363e-05
Testing/meningioma/Te-me_0231.jpg,1,meningioma,1,0.01010975,0.96764463,0.015932841,0.0063128355
Testing/meningioma/Te-me_0232.jpg,1,meningioma,1,0.12754989,0.659762,0.21268548,2.5886036e-06
Testing/meningioma/Te-me_0233.jpg,1,meningioma,1,0.0127965445,0.9734281,0.013760959,1.448455e-05
Testing/meningioma/Te-me_0234.jpg,1,meningioma,1,4.4400413e-06,0.9999956,1.4077524e-08,6.252773e-10
Testing/meningioma/Te-me_0235.jpg,1,meningioma,1,0.00026101738,0.99743843,0.002281506,1.9036625e-05
Testing/meningioma/Te-me_0236.jpg,1,meningioma,1,0.014975695,0.8048439,0.1800812,9.91863e-05
Testing/meningioma/Te-me_0237.jpg,1,meningioma,1,0.29134628,0.53985906,0.16879007,4.652941e-06
Testing/meningioma/Te-me_0238.jpg,1,meningioma,1,2.1031565e-06,0.99999785,7.115889e-10,7.381959e-10
Testing/meningioma/Te-me_0239.jpg,1,meningioma,1,0.0006049277,0.99936765,2.7277449e-05,1.7697697e-07
Testing/meningioma/Te-me_0240.jpg,1,meningioma,1,6.45858e-05,0.99992204,1.3390256e-05,1.9067432e-09
Testing/meningioma/Te-me_0241.jpg,1,meningioma,1,0.17714873,0.5560317,0.26651937,0.0003001533
Testing/meningioma/Te-me_0242.jpg,1,meningioma,1,3.4892848e-05,0.9999645,6.305126e-07,1.0691353e-10
Testing/meningioma/Te-me_0243.jpg,1,meningioma,1,0.002196363,0.9653037,0.03249829,1.6291074e-06
Testing/meningioma/Te-me_0244.jpg,1,meningioma,1,0.0070997775,0.7599271,0.23292401,4.9174563e-05
Testing/meningioma/Te-me_0245.jpg,1,meningioma,1,1.4074564e-05,0.99884605,0.001139868,1.5060547e-08
Testing/meningioma/Te-me_0246.jpg,1,meningioma,0,0.4974304,0.2767178,0.22574852,0.000103293634
Testing/meningioma/Te-me_0247.jpg,1,meningioma,1,0.0013050562,0.9710696,0.027578807,4.6568744e-05
Testing/meningioma/Te-me_0248.jpg,1,meningioma,1,0.0024982542,0.9956409,0.001855361,5.472605e-06
Testing/meningioma/Te-me_0249.jpg,1,meningioma,0,0.531049,0.43036634,0.038561504,2.3147722e-05
Testing/meningioma/Te-me_0250.jpg,1,meningioma,1,0.045466937,0.95212716,0.0023982776,7.5945554e-06
Testing/meningioma/Te-me_0251.jpg,1,meningioma,1,0.0009349928,0.9968631,0.0022006778,1.2507278e-06
Testing/meningioma/Te-me_0252.jpg,1,meningioma,1,0.00028267037,0.9918256,0.007891054,6.540054e-07
Testing/meningioma/Te-me_0253.jpg,1,meningioma,1,0.008693238,0.9653495,0.025955195,2.0943558e-06
Testing/meningioma/Te-me_0254.jpg,1,meningioma,2,0.0032545293,0.15389116,0.84261686,0.00023749434
Testing/meningioma/Te-me_0255.jpg,1,meningioma,1,0.0018023548,0.9966568,0.0015349191,5.9874324e-06
Testing/meningioma/Te-me_0256.jpg,1,meningioma,1,0.091392174,0.89992994,0.008659499,1.8348408e-05
Testing/meningioma/Te-me_0257.jpg,1,meningioma,1,0.000631153,0.9735638,0.025803695,1.4508573e-06
Testing/meningioma/Te-me_0258.jpg,1,meningioma,1,2.9242567e-05,0.9999695,1.3106533e-06,2.961242e-09
Testing/meningioma/Te-me_0259.jpg,1,meningioma,1,0.24073122,0.7475947,0.011673172,8.508739e-07
Testing/meningioma/Te-me_0260.jpg,1,meningioma,1,0.018816508,0.9788462,0.002335224,2.123698e-06
Testing/meningioma/Te-me_0261.jpg,1,meningioma,1,0.1866981,0.8092553,0.0039266637,0.00011991436
Testing/meningioma/Te-me_0262.jpg,1,meningioma,1,0.0017329246,0.9982627,4.3598616e-06,1.9830452e-08
Testing/meningioma/Te-me_0263.jpg,1,meningioma,1,1.4132639e-05,0.9999857,1.6092473e-07,1.1225091e-09
Testing/meningioma/Te-me_0264.jpg,1,meningioma,1,0.34337518,0.6513303,0.0052726367,2.1897122e-05
Testing/meningioma/Te-me_0265.jpg,1,meningioma,1,0.0015242569,0.99658054,0.0018864678,8.832005e-06
Testing/meningioma/Te-me_0266.jpg,1,meningioma,0,0.5266571,0.19216873,0.2811511,2.3077451e-05
Testing/meningioma/Te-me_0267.jpg,1,meningioma,1,4.8980525e-07,0.9999969,2.6009304e-06,1.3215626e-08
Testing/meningioma/Te-me_0268.jpg,1,meningioma,1,0.07225942,0.81422293,0.11330235,0.00021533144
Testing/meningioma/Te-me_0269.jpg,1,meningioma,1,0.0031545828,0.9769363,0.019889848,1.9357056e-05
Testing/meningioma/Te-me_0270.jpg,1,meningioma,0,0.62357455,0.26227897,0.114133954,1.2501927e-05
Testing/meningioma/Te-me_0271.jpg,1,meningioma,2,0.0016814605,0.12552789,0.8723819,0.00040871088
Testing/meningioma/Te-me_0272.jpg,1,meningioma,1,0.0010735429,0.7610836,0.2378274,1.53737e-05
Testing/meningioma/Te-me_0273.jpg,1,meningioma,1,0.0010486037,0.9986652,0.00028612028,1.964637e-08
Testing/meningioma/Te-me_0274.jpg,1,meningioma,1,0.0016391248,0.998114,0.00024684428,2.9845313e-09
Testing/meningioma/Te-me_0275.jpg,1,meningioma,1,5.5996015e-06,0.9999583,3.6077057e-05,1.876337e-09
Testing/meningioma/Te-me_0276.jpg,1,meningioma,1,0.0006264853,0.8143234,0.18490541,0.00014465378
Testing/meningioma/Te-me_0277.jpg,1,meningioma,1,0.007772598,0.99119204,0.0010351778,1.0067225e-07
Testing/meningioma/Te-me_0278.jpg,1,meningioma,1,0.00075210235,0.9972218,0.0020064958,1.9509176e-05
Testing/meningioma/Te-me_0279.jpg,1,meningioma,1,0.0011842231,0.99867576,0.00013856382,1.4361412e-06
Testing/meningioma/Te-me_0280.jpg,1,meningioma,1,0.027659161,0.9719873,0.00035308299,4.4165665e-07
Testing/meningioma/Te-me_0281.jpg,1,meningioma,1,0.030214226,0.9438734,0.025880825,3.1504343e-05
Testing/meningioma/Te-me_0282.jpg,1,meningioma,1,2.1135863e-08,1.0,3.4540748e-09,2.0218724e-10
Testing/meningioma/Te-me_0283.jpg,1,meningioma,1,0.018592164,0.98024625,0.0010622267,9.944708e-05
Testing/meningioma/Te-me_0284.jpg,1,meningioma,1,0.00010806133,0.99155277,0.008145221,0.00019393285
Testing/meningioma/Te-me_0285.jpg,1,meningioma,1,1.949977e-06,0.999705,0.00029306955,1.2795439e-09
Testing/meningioma/Te-me_0286.jpg,1,meningioma,1,0.0004588232,0.92355555,0.075968154,1.7489512e-05
Testing/meningioma/Te-me_0287.jpg,1,meningioma,3,0.28850108,0.13938557,0.026226303,0.54588705
Testing/meningioma/Te-me_0288.jpg,1,meningioma,1,0.075900435,0.8932315,0.030849105,1.8919889e-05
Testing/meningioma/Te-me_0289.jpg,1,meningioma,1,1.239303e-07,0.9999999,2.937715e-09,9.797632e-11
Testing/meningioma/Te-me_0290.jpg,1,meningioma,1,0.006069168,0.73694134,0.2568642,0.00012533403
Testing/meningioma/Te-me_0291.jpg,1,meningioma,1,0.0006346106,0.99787104,0.0014878347,6.4271726e-06
Testing/meningioma/Te-me_0292.jpg,1,meningioma,1,0.2845354,0.32927835,0.074632876,0.31155342
Testing/meningioma/Te-me_0293.jpg,1,meningioma,1,0.0010469734,0.79421,0.20469807,4.502388e-05
Testing/meningioma/Te-me_0294.jpg,1,meningioma,1,0.0010391234,0.99824274,0.0003767709,0.00034144096
Testing/meningioma/Te-me_0295.jpg,1,meningioma,1,0.013026351,0.89303297,0.0938911,4.9501403e-05
Testing/meningioma/Te-me_0296.jpg,1,meningioma,1,0.0007346946,0.97253144,0.021658335,0.0050755576
Testing/meningioma/Te-me_0297.jpg,1,meningioma,1,0.04225191,0.88622063,0.06931657,0.002210911
Testing/meningioma/Te-me_0298.jpg,1,meningioma,1,8.415312e-06,0.9928195,0.0071621696,9.88063e-06
Testing/meningioma/Te-me_0299.jpg,1,meningioma,1,0.0155129405,0.93021345,0.031769153,0.022504445
Testing/meningioma/Te-me_0300.jpg,1,meningioma,1,0.010635946,0.97946405,0.009643468,0.0002565519
Testing/meningioma/Te-me_0301.jpg,1,meningioma,1,9.75484e-05,0.99602616,0.0038735264,2.7437761e-06
Testing/meningioma/Te-me_0302.jpg,1,meningioma,1,1.9380841e-05,0.99756086,0.0024196946,4.33998e-08
Testing/meningioma/Te-me_0303.jpg,1,meningioma,1,3.5401867e-05,0.9942345,0.005727268,2.777944e-06
Testing/meningioma/Te-me_0304.jpg,1,meningioma,1,0.003959887,0.61811024,0.3659498,0.011980023
Testing/meningioma/Te-me_0305.jpg,1,meningioma,1,0.004179053,0.991746,0.0040475116,2.7474545e-05
Testing/notumor/Te-noTr_0000.jpg,2,no_tumor,2,2.981373e-06,0.0005525881,0.99944013,4.260795e-06
Testing/notumor/Te-noTr_0001.jpg,2,no_tumor,2,2.7886514e-05,0.08085414,0.91899264,0.0001253456
Testing/notumor/Te-noTr_0002.jpg,2,no_tumor,2,1.3518113e-05,0.003989734,0.9959694,2.7297498e-05
Testing/notumor/Te-noTr_0003.jpg,2,no_tumor,2,8.9105146e-07,2.7172428e-07,0.9999988,2.8707012e-08
Testing/notumor/Te-noTr_0004.jpg,2,no_tumor,2,8.1556114e-05,0.00021227243,0.99905974,0.000646492
Testing/notumor/Te-noTr_0005.jpg,2,no_tumor,2,4.6736746e-05,0.0004954048,0.9992619,0.00019599107
Testing/notumor/Te-noTr_0006.jpg,2,no_tumor,2,9.7605094e-05,0.006988979,0.9928911,2.2337608e-05
Testing/notumor/Te-noTr_0007.jpg,2,no_tumor,2,7.9139807e-07,0.00040759836,0.9995876,4.047627e-06
Testing/notumor/Te-noTr_0008.jpg,2,no_tumor,2,5.1143945e-07,0.06574658,0.9342327,2.0170159e-05
Testing/notumor/Te-noTr_0009.jpg,2,no_tumor,2,4.9696453e-08,2.6930074e-06,0.99999714,9.581271e-08
Testing/notumor/Te-no_0010.jpg,2,no_tumor,2,2.5952366e-08,2.0488967e-07,0.99999976,2.0927343e-08
Testing/notumor/Te-no_0011.jpg,2,no_tumor,2,9.4168047e-07,1.3674871e-06,0.99999714,6.0921985e-07
Testing/notumor/Te-no_0012.jpg,2,no_tumor,2,1.9503594e-09,5.264919e-08,1.0,7.738727e-09
Testing/notumor/Te-no_0013.jpg,2,no_tumor,2,0.00085681025,0.0048724604,0.992765,0.0015056747
Testing/notumor/Te-no_0014.jpg,2,no_tumor,2,4.164395e-05,0.0018312352,0.9980677,5.9437894e-05
Testing/notumor/Te-no_0015.jpg,2,no_tumor,2,7.510497e-05,0.011915592,0.988003,6.2220192e-06
Testing/notumor/Te-no_0016.jpg,2,no_tumor,2,4.201795e-09,1.1490552e-05,0.99998856,1.558021e-08
Testing/notumor/Te-no_0017.jpg,2,no_tumor,2,0.0029082906,0.0069718016,0.9649121,0.025207864
Testing/notumor/Te-no_0018.jpg,2,no_tumor,2,1.4270028e-05,0.0010065357,0.9989662,1.2982542e-05
Testing/notumor/Te-no_0019.jpg,2,no_tumor,2,4.0412834e-07,1.2805168e-05,0.9999862,6.1839216e-07
Testing/notumor/Te-no_0020.jpg,2,no_tumor,2,1.3730753e-05,0.00011918371,0.99980634,6.0793252e-05
Testing/notumor/Te-no_0021.jpg,2,no_tumor,2,4.536388e-09,2.6265811e-06,0.9999974,4.3469197e-09
Testing/notumor/Te-no_0022.jpg,2,no_tumor,2,1.4099429e-07,1.4742906e-06,0.9999982,1.10932376e-07
Testing/notumor/Te-no_0023.jpg,2,no_tumor,2,1.5089228e-07,2.50127e-05,0.99997485,5.0516338e-09
Testing/notumor/Te-no_0024.jpg,2,no_tumor,2,0.0013780242,0.18795906,0.76171255,0.04895041
Testing/notumor/Te-no_0025.jpg,2,no_tumor,2,1.7625776e-09,2.046371e-06,0.999998,7.972068e-09
Testing/notumor/Te-no_0026.jpg,2,no_tumor,2,0.00011487249,0.00331007,0.99457777,0.0019973367
Testing/notumor/Te-no_0027.jpg,2,no_tumor,2,1.4145729e-09,5.746189e-08,1.0,1.9209033e-08
Testing/notumor/Te-no_0028.jpg,2,no_tumor,2,9.040176e-06,0.06361698,0.9363681,5.9544177e-06
Testing/notumor/Te-no_0029.jpg,2,no_tumor,2,4.7655952e-11,2.1800716e-08,1.0,1.9704687e-09
Testing/notumor/Te-no_0030.jpg,2,no_tumor,1,2.193927e-05,0.57158077,0.4283803,1.698261e-05
Testing/notumor/Te-no_0031.jpg,2,no_tumor,2,2.8632821e-05,0.10844497,0.89136183,0.00016458017
Testing/notumor/Te-no_0032.jpg,2,no_tumor,2,4.5903575e-06,0.0017927674,0.99818856,1.3987754e-05
Testing/notumor/Te-no_0033.jpg,2,no_tumor,2,3.901849e-07,4.2523716e-05,0.999859,9.8145916e-05
Testing/notumor/Te-no_0034.jpg,2,no_tumor,2,1.4682776e-08,1.094757e-07,0.9999999,2.1961181e-08
Testing/notumor/Te-no_0035.jpg,2,no_tumor,2,6.5550295e-05,0.0001868152,0.9997439,3.6664474e-06
Testing/notumor/Te-no_0036.jpg,2,no_tumor,2,0.0056160935,0.009468427,0.98478323,0.000132247
Testing/notumor/Te-no_0037.jpg,2,no_tumor,2,0.0003097532,0.002902246,0.9946567,0.0021313718
Testing/notumor/Te-no_0038.jpg,2,no_tumor,2,6.373877e-06,0.0017810467,0.99820864,3.92142e-06
Testing/notumor/Te-no_0039.jpg,2,no_tumor,2,8.5892644e-08,8.848751e-06,0.99999106,3.031116e-08
Testing/notumor/Te-no_0040.jpg,2,no_tumor,2,1.5431037e-06,0.00012340827,0.99987316,1.8710076e-06
Testing/notumor/Te-no_0041.jpg,2,no_tumor,2,7.235072e-11,6.644116e-07,0.9999993,1.3826147e-10
Testing/notumor/Te-no_0042.jpg,2,no_tumor,2,5.1217353e-07,6.2439494e-06,0.99999285,3.3595177e-07
Testing/notumor/Te-no_0043.jpg,2,no_tumor,2,1.1999394e-08,6.279159e-07,0.9999994,1.5986954e-08
Testing/notumor/Te-no_0044.jpg,2,no_tumor,2,4.191421e-09,6.665962e-08,0.9999999,8.409285e-09
Testing/notumor/Te-no_0045.jpg,2,no_tumor,2,0.00014098753,0.001275272,0.9985775,6.3383272e-06
Testing/notumor/Te-no_0046.jpg,2,no_tumor,2,9.468577e-05,0.003250394,0.9945058,0.002149086
Testing/notumor/Te-no_0047.jpg,2,no_tumor,2,1.669308e-11,1.8527246e-07,0.99999976,3.5752748e-11
Testing/notumor/Te-no_0048.jpg,2,no_tumor,2,1.500037e-07,6.932427e-06,0.99999285,1.4103226e-07
Testing/notumor/Te-no_0049.jpg,2,no_tumor,2,9.939137e-06,0.0009113962,0.9990594,1.9272591e-05
Testing/notumor/Te-no_0050.jpg,2,no_tumor,2,0.00011706151,0.00047253416,0.9994085,1.9640977e-06
Testing/notumor/Te-no_0051.jpg,2,no_tumor,2,1.4375352e-08,1.2932747e-07,0.9999999,4.9676498e-08
Testing/notumor/Te-no_0052.jpg,2,no_tumor,2,4.824106e-07,4.6939713e-05,0.99995196,5.8501934e-07
Testing/notumor/Te-no_0053.jpg,2,no_tumor,2,3.759811e-07,2.1940166e-06,0.999997,3.6348212e-07
Testing/notumor/Te-no_0054.jpg,2,no_tumor,2,0.00015842228,0.00043637847,0.9994029,2.218833e-06
Testing/notumor/Te-no_0055.jpg,2,no_tumor,2,1.4579238e-09,4.6536094e-08,1.0,6.8713963e-09
Testing/notumor/Te-no_0056.jpg,2,no_tumor,2,2.7530418e-09,1.3703637e-06,0.99999857,9.419305e-09
Testing/notumor/Te-no_0057.jpg,2,no_tumor,2,4.3980467e-07,2.3888836e-07,0.99999917,1.2673287e-07
Testing/notumor/Te-no_0058.jpg,2,no_tumor,2,1.1420038e-08,4.695331e-06,0.9999951,2.8381027e-07
Testing/notumor/Te-no_0059.jpg,2,no_tumor,2,8.2230974e-07,3.110986e-06,0.99999595,1.6236217e-07
Testing/notumor/Te-no_0060.jpg,2,no_tumor,2,0.0001539219,0.004817518,0.9927366,0.002291966
Testing/notumor/Te-no_0061.jpg,2,no_tumor,2,1.7531596e-09,3.9097213e-08,1.0,5.851757e-09
Testing/notumor/Te-no_0062.jpg,2,no_tumor,2,6.170969e-07,1.9574518e-05,0.9999789,9.039855e-07
Testing/notumor/Te-no_0063.jpg,2,no_tumor,2,1.3080198e-07,2.567082e-07,0.9999995,1.6302992e-07
Testing/notumor/Te-no_0064.jpg,2,no_tumor,2,8.194133e-05,0.0031736537,0.9947114,0.0020330462
Testing/notumor/Te-no_0065.jpg,2,no_tumor,2,6.99263e-06,0.3581726,0.64179224,2.8185437e-05
Testing/notumor/Te-no_0066.jpg,2,no_tumor,2,3.4951202e-07,0.057821788,0.94217277,5.058257e-06
Testing/notumor/Te-no_0067.jpg,2,no_tumor,2,2.2672879e-05,0.039644334,0.9602569,7.6146425e-05
Testing/notumor/Te-no_0068.jpg,2,no_tumor,2,5.88132e-07,4.1750545e-06,0.9999943,1.0029195e-06
Testing/notumor/Te-no_0069.jpg,2,no_tumor,2,1.0011987e-11,1.8583016e-08,1.0,5.077676e-10
Testing/notumor/Te-no_0070.jpg,2,no_tumor,2,4.4305793e-07,0.0003774737,0.9996195,2.6082212e-06
Testing/notumor/Te-no_0071.jpg,2,no_tumor,2,7.699729e-06,0.09516861,0.9048155,8.195733e-06
Testing/notumor/Te-no_0072.jpg,2,no_tumor,2,3.5062355e-09,1.5371336e-06,0.99999845,3.278616e-09
Testing/notumor/Te-no_0073.jpg,2,no_tumor,2,2.4957646e-07,6.954118e-06,0.9999926,2.44851e-07
Testing/notumor/Te-no_0074.jpg,2,no_tumor,2,0.0028273212,0.009059391,0.96600926,0.022104017
Testing/notumor/Te-no_0075.jpg,2,no_tumor,2,9.881468e-08,1.1691667e-06,0.99999857,6.6351035e-08
Testing/notumor/Te-no_0076.jpg,2,no_tumor,2,6.338244e-07,0.00017846114,0.99982077,5.9678015e-08
Testing/notumor/Te-no_0077.jpg,2,no_tumor,2,2.3578042e-11,1.827253e-07,0.99999976,4.492978e-11
Testing/notumor/Te-no_0078.jpg,2,no_tumor,2,2.2415434e-06,0.13243687,0.867519,4.1884836e-05
Testing/notumor/Te-no_0079.jpg,2,no_tumor,2,0.0024154077,0.37996536,0.58334726,0.034271963
Testing/notumor/Te-no_0080.jpg,2,no_tumor,2,0.0009085745,0.010207388,0.98757267,0.0013113796
Testing/notumor/Te-no_0081.jpg,2,no_tumor,2,0.00051955285,0.00018978452,0.9992859,4.785204e-06
Testing/notumor/Te-no_0082.jpg,2,no_tumor,2,2.1540695e-11,1.5210304e-07,0.9999999,5.666034e-11
Testing/notumor/Te-no_0083.jpg,2,no_tumor,2,0.0011576796,0.023532905,0.97505754,0.00025192343
Testing/notumor/Te-no_0084.jpg,2,no_tumor,2,1.9532668e-05,0.022773515,0.97715807,4.888314e-05
Testing/notumor/Te-no_0085.jpg,2,no_tumor,2,6.7100256e-05,0.1883689,0.8115525,1.1372703e-05
Testing/notumor/Te-no_0086.jpg,2,no_tumor,2,1.5829219e-06,8.170423e-05,0.9999163,3.425229e-07
Testing/notumor/Te-no_0087.jpg,2,no_tumor,2,1.5202556e-07,7.660637e-06,0.999992,1.5265812e-07
Testing/notumor/Te-no_0088.jpg,2,no_tumor,2,3.2458289e-07,0.00025195375,0.9997458,1.914693e-06
Testing/notumor/Te-no_0089.jpg,2,no_tumor,2,3.7813885e-07,0.0001193701,0.99987936,8.258855e-07
Testing/notumor/Te-no_0090.jpg,2,no_tumor,2,1.7809698e-05,0.0051136916,0.9943321,0.0005363502
Testing/notumor/Te-no_0091.jpg,2,no_tumor,2,9.90283e-10,3.88692e-06,0.99999607,4.507904e-08
Testing/notumor/Te-no_0092.jpg,2,no_tumor,2,5.1533707e-06,0.00027959587,0.9997147,5.377422e-07
Testing/notumor/Te-no_0093.jpg,2,no_tumor,2,0.0013410425,0.02705424,0.9713373,0.00026740105
Testing/notumor/Te-no_0094.jpg,2,no_tumor,2,0.0001856466,0.013627842,0.97830015,0.0078863995
Testing/notumor/Te-no_0095.jpg,2,no_tumor,2,4.4789225e-10,9.039557e-08,0.9999999,1.7806929e-09
Testing/notumor/Te-no_0096.jpg,2,no_tumor,2,9.5397546e-08,2.5014916e-07,0.99999964,7.863111e-09
Testing/notumor/Te-no_0097.jpg,2,no_tumor,2,1.6688844e-05,0.0013685034,0.99854434,7.044582e-05
Testing/notumor/Te-no_0098.jpg,2,no_tumor,1,6.08637e-05,0.9024846,0.09740671,4.7752197e-05
Testing/notumor/Te-no_0099.jpg,2,no_tumor,2,6.898968e-07,6.0213653e-05,0.9997558,0.00018325263
Testing/notumor/Te-no_0100.jpg,2,no_tumor,2,1.656243e-07,0.0029292463,0.9970656,4.955464e-06
Testing/notumor/Te-no_0101.jpg,2,no_tumor,2,0.0001062386,0.00032470244,0.99956816,8.1397474e-07
Testing/notumor/Te-no_0102.jpg,2,no_tumor,2,2.7791073e-05,0.00052673527,0.99944454,9.035179e-07
Testing/notumor/Te-no_0103.jpg,2,no_tumor,2,3.0843232e-06,1.9686586e-05,0.999962,1.5286085e-05
Testing/notumor/Te-no_0104.jpg,2,no_tumor,0,0.64666563,0.09132265,0.25823864,0.0037730571
Testing/notumor/Te-no_0105.jpg,2,no_tumor,2,1.382256e-08,1.607081e-06,0.9999982,7.5076066e-08
Testing/notumor/Te-no_0106.jpg,2,no_tumor,2,6.6327675e-07,0.00018259528,0.9997032,0.00011348145
Testing/notumor/Te-no_0107.jpg,2,no_tumor,2,1.4773053e-09,1.0100506e-07,0.9999999,4.4075915e-10
Testing/notumor/Te-no_0108.jpg,2,no_tumor,2,3.1834008e-10,6.280716e-08,0.9999999,4.7468415e-08
Testing/notumor/Te-no_0109.jpg,2,no_tumor,2,1.7394166e-06,7.5270895e-05,0.9999229,1.7562776e-07
Testing/notumor/Te-no_0110.jpg,2,no_tumor,2,1.3737272e-08,1.6129588e-06,0.9999982,1.2893244e-07
Testing/notumor/Te-no_0111.jpg,2,no_tumor,2,1.2293597e-07,2.8365484e-06,0.99999607,9.733049e-07
Testing/notumor/Te-no_0112.jpg,2,no_tumor,2,9.479862e-07,9.4452e-05,0.99990094,3.6813547e-06
Testing/notumor/Te-no_0113.jpg,2,no_tumor,2,2.365433e-07,3.7001402e-05,0.9999627,7.691603e-08
Testing/notumor/Te-no_0114.jpg,2,no_tumor,2,1.220299e-06,0.0005881926,0.9993426,6.790077e-05
Testing/notumor/Te-no_0115.jpg,2,no_tumor,2,9.091888e-06,0.00024730334,0.99974126,2.3823927e-06
Testing/notumor/Te-no_0116.jpg,2,no_tumor,2,2.9763657e-06,0.00028355134,0.9997093,4.145505e-06
Testing/notumor/Te-no_0117.jpg,2,no_tumor,2,1.973137e-11,4.963114e-08,1.0,6.9423467e-10
Testing/notumor/Te-no_0118.jpg,2,no_tumor,2,6.57401e-06,0.0056141517,0.9941784,0.00020093567
Testing/notumor/Te-no_0119.jpg,2,no_tumor,2,3.8319337e-07,0.00044117303,0.9995536,4.746955e-06
Testing/notumor/Te-no_0120.jpg,2,no_tumor,2,2.1465836e-07,2.0059708e-06,0.99999654,1.2231372e-06
Testing/notumor/Te-no_0121.jpg,2,no_tumor,2,7.212687e-07,5.546084e-05,0.99994266,1.1524326e-06
Testing/notumor/Te-no_0122.jpg,2,no_tumor,2,1.2164058e-05,0.00033331872,0.99964833,6.180362e-06
Testing/notumor/Te-no_0123.jpg,2,no_tumor,2,4.5588653e-08,2.436425e-06,0.9999975,1.6649535e-08
Testing/notumor/Te-no_0124.jpg,2,no_tumor,2,1.5752306e-10,2.2197138e-08,1.0,4.0810086e-10
Testing/notumor/Te-no_0125.jpg,2,no_tumor,2,0.00012521022,0.0006684973,0.9990306,0.00017566436
Testing/notumor/Te-no_0126.jpg,2,no_tumor,2,0.00035718764,0.0019831017,0.9965934,0.001066231
Testing/notumor/Te-no_0127.jpg,2,no_tumor,2,0.00092181173,0.0029216157,0.99598503,0.00017157538
Testing/notumor/Te-no_0128.jpg,2,no_tumor,2,2.7589153e-05,0.008080344,0.9918177,7.433991e-05
Testing/notumor/Te-no_0129.jpg,2,no_tumor,2,1.7015833e-05,0.0011794985,0.9987465,5.6892964e-05
Testing/notumor/Te-no_0130.jpg,2,no_tumor,2,1.9374782e-09,4.7453304e-07,0.9999995,3.5211172e-09
Testing/notumor/Te-no_0131.jpg,2,no_tumor,2,1.5861023e-08,5.8288214e-07,0.99999905,3.1749616e-07
Testing/notumor/Te-no_0132.jpg,2,no_tumor,2,2.8711064e-10,7.323473e-08,0.99999976,9.495915e-08
Testing/notumor/Te-no_0133.jpg,2,no_tumor,2,3.3643354e-07,7.0135598e-06,0.9999925,7.899858e-08
Testing/notumor/Te-no_0134.jpg,2,no_tumor,2,3.402984e-07,7.795531e-06,0.99999154,3.350526e-07
Testing/notumor/Te-no_0135.jpg,2,no_tumor,2,0.003191483,0.00075635646,0.99603635,1.5782442e-05
Testing/notumor/Te-no_0136.jpg,2,no_tumor,2,3.6704908e-09,3.1252684e-06,0.9999969,3.0964866e-09
Testing/notumor/Te-no_0137.jpg,2,no_tumor,2,2.3580985e-06,0.0007249563,0.9992716,1.0301728e-06
Testing/notumor/Te-no_0138.jpg,2,no_tumor,2,2.6204106e-10,7.8153727e-07,0.99999917,5.1125074e-08
Testing/notumor/Te-no_0139.jpg,2,no_tumor,2,3.6441045e-07,1.3724472e-06,0.9999957,2.4673839e-06
Testing/notumor/Te-no_0140.jpg,2,no_tumor,2,0.0049127564,0.0044945385,0.990582,1.0747103e-05
Testing/notumor/Te-no_0141.jpg,2,no_tumor,2,5.9579475e-10,1.6986631e-06,0.99999833,4.2735118e-09
Testing/notumor/Te-no_0142.jpg,2,no_tumor,2,3.3245755e-07,0.00055612624,0.99944335,1.15344605e-07
Testing/notumor/Te-no_0143.jpg,2,no_tumor,2,8.95617e-10,4.5239185e-06,0.99999547,2.3749207e-09
Testing/notumor/Te-no_0144.jpg,2,no_tumor,2,9.168684e-11,2.6620619e-08,1.0,1.0001791e-08
Testing/notumor/Te-no_0145.jpg,2,no_tumor,2,2.7061434e-08,6.211061e-07,0.9999994,8.217676e-09
Testing/notumor/Te-no_0146.jpg,2,no_tumor,2,2.2753345e-06,8.122454e-05,0.99991596,4.414935e-07
Testing/notumor/Te-no_0147.jpg,2,no_tumor,2,1.7123571e-06,0.000105785926,0.9998871,5.3879576e-06
Testing/notumor/Te-no_0148.jpg,2,no_tumor,2,3.1459129e-09,1.8488146e-06,0.9999981,3.6071665e-08
Testing/notumor/Te-no_0149.jpg,2,no_tumor,2,1.713492e-08,2.4415094e-06,0.9999975,3.883061e-08
Testing/notumor/Te-no_0150.jpg,2,no_tumor,2,6.6495045e-07,0.0049521076,0.9950459,1.2498094e-06
Testing/notumor/Te-no_0151.jpg,2,no_tumor,2,1.8333374e-08,3.7280395e-06,0.9999962,7.967513e-08
Testing/notumor/Te-no_0152.jpg,2,no_tumor,2,1.3279999e-09,4.259439e-05,0.9999566,8.135964e-07
Testing/notumor/Te-no_0153.jpg,2,no_tumor,2,4.3328444e-12,1.0912318e-07,0.9999999,7.919789e-11
Testing/notumor/Te-no_0154.jpg,2,no_tumor,2,1.1556485e-08,2.7790784e-06,0.99999714,6.240493e-08
Testing/notumor/Te-no_0155.jpg,2,no_tumor,2,1.7486752e-08,1.2855389e-05,0.9999865,5.517537e-07
Testing/notumor/Te-no_0156.jpg,2,no_tumor,2,9.628098e-06,0.00061292434,0.999371,6.381737e-06
Testing/notumor/Te-no_0157.jpg,2,no_tumor,2,1.9034594e-08,7.5735334e-05,0.99992394,2.0060075e-07
Testing/notumor/Te-no_0158.jpg,2,no_tumor,2,4.8746774e-06,0.00013750407,0.9998456,1.1958409e-05
Testing/notumor/Te-no_0159.jpg,2,no_tumor,2,5.6386966e-09,4.4320964e-06,0.9999956,3.845213e-09
Testing/notumor/Te-no_0160.jpg,2,no_tumor,2,2.0569887e-06,0.000398528,0.9995989,5.2550814e-07
Testing/notumor/Te-no_0161.jpg,2,no_tumor,2,2.8707179e-09,5.4666566e-07,0.9999994,2.9896686e-08
Testing/notumor/Te-no_0162.jpg,2,no_tumor,2,1.6654083e-09,7.368951e-06,0.9999926,6.254284e-09
Testing/notumor/Te-no_0163.jpg,2,no_tumor,2,1.941739e-09,9.4276686e-07,0.99999905,4.4310227e-09
Testing/notumor/Te-no_0164.jpg,2,no_tumor,2,2.3244734e-06,0.0004918893,0.999493,1.2715564e-05
Testing/notumor/Te-no_0165.jpg,2,no_tumor,2,0.00035252806,0.029480686,0.96996105,0.00020576593
Testing/notumor/Te-no_0166.jpg,2,no_tumor,2,0.00014185,0.0021145598,0.99771214,3.1413325e-05
Testing/notumor/Te-no_0167.jpg,2,no_tumor,2,2.3476181e-08,3.3777376e-06,0.99999654,3.9520685e-08
Testing/notumor/Te-no_0168.jpg,2,no_tumor,2,1.6677335e-10,2.9479557e-07,0.99999976,9.908326e-10
Testing/notumor/Te-no_0169.jpg,2,no_tumor,2,1.5115212e-07,0.00031527263,0.9995803,0.000104308005
Testing/notumor/Te-no_0170.jpg,2,no_tumor,2,2.5264157e-07,3.7253852e-05,0.99996245,2.6935405e-08
Testing/notumor/Te-no_0171.jpg,2,no_tumor,2,3.5082402e-07,0.00054125756,0.9994573,1.0487664e-06
Testing/notumor/Te-no_0172.jpg,2,no_tumor,2,4.297223e-09,3.6906067e-06,0.9999963,7.850106e-09
Testing/notumor/Te-no_0173.jpg,2,no_tumor,2,1.8829045e-08,3.4012717e-07,0.9999994,2.1155745e-07
Testing/notumor/Te-no_0174.jpg,2,no_tumor,2,6.7489555e-07,0.0016083894,0.9983752,1.5651e-05
Testing/notumor/Te-no_0175.jpg,2,no_tumor,2,2.1738972e-11,4.159967e-06,0.9999958,5.1991095e-10
Testing/notumor/Te-no_0176.jpg,2,no_tumor,2,2.4151473e-06,5.0654715e-05,0.9999465,5.2552696e-07
Testing/notumor/Te-no_0177.jpg,2,no_tumor,2,4.470629e-08,0.00017696335,0.9998221,9.04568e-07
Testing/notumor/Te-no_0178.jpg,2,no_tumor,2,5.8361236e-09,7.825291e-07,0.99999905,1.7154362e-07
Testing/notumor/Te-no_0179.jpg,2,no_tumor,2,1.2731453e-13,2.461509e-10,1.0,1.1021948e-11
Testing/notumor/Te-no_0180.jpg,2,no_tumor,2,1.8305293e-10,2.4206568e-07,0.99999976,2.578558e-09
Testing/notumor/Te-no_0181.jpg,2,no_tumor,2,1.0711739e-06,0.000179134,0.9998171,2.7167787e-06
Testing/notumor/Te-no_0182.jpg,2,no_tumor,2,1.0329518e-05,0.015544489,0.9844392,6.0401417e-06
Testing/notumor/Te-no_0183.jpg,2,no_tumor,2,1.0694802e-08,4.035976e-08,1.0,2.682883e-09
Testing/notumor/Te-no_0184.jpg,2,no_tumor,2,1.582784e-06,1.5159445e-05,0.99998176,1.5454629e-06
Testing/notumor/Te-no_0185.jpg,2,no_tumor,2,9.883906e-09,6.275779e-05,0.9999368,3.5375908e-07
Testing/notumor/Te-no_0186.jpg,2,no_tumor,2,5.338617e-05,0.035613257,0.9642661,6.7191286e-05
Testing/notumor/Te-no_0187.jpg,2,no_tumor,2,2.245304e-09,8.710918e-08,0.9999999,1.977152e-08
Testing/notumor/Te-no_0188.jpg,2,no_tumor,2,7.182722e-05,0.13803461,0.86165553,0.00023798285
Testing/notumor/Te-no_0189.jpg,2,no_tumor,2,7.613177e-08,3.4049922e-06,0.9999964,1.0262211e-07
Testing/notumor/Te-no_0190.jpg,2,no_tumor,2,2.8529517e-09,1.8792787e-07,0.99999976,4.912788e-09
Testing/notumor/Te-no_0191.jpg,2,no_tumor,2,7.2093308e-06,0.00060744095,0.99938047,4.852446e-06
Testing/notumor/Te-no_0192.jpg,2,no_tumor,2,1.1818739e-08,2.9557464e-06,0.9999968,2.1395331e-07
Testing/notumor/Te-no_0193.jpg,2,no_tumor,2,1.2760765e-07,0.0020199567,0.9979777,2.2529032e-06
Testing/notumor/Te-no_0194.jpg,2,no_tumor,2,5.090484e-11,1.1316362e-08,1.0,3.936032e-10
Testing/notumor/Te-no_0195.jpg,2,no_tumor,2,8.4121027e-10,1.9599189e-07,0.99999976,4.2870155e-08
Testing/notumor/Te-no_0196.jpg,2,no_tumor,2,1.1996661e-08,1.4069004e-06,0.99999857,2.325966e-08
Testing/notumor/Te-no_0197.jpg,2,no_tumor,2,3.4804536e-08,7.323004e-05,0.9999267,4.6370285e-08
Testing/notumor/Te-no_0198.jpg,2,no_tumor,2,2.4501995e-07,0.00015149766,0.9998441,4.1951807e-06
Testing/notumor/Te-no_0199.jpg,2,no_tumor,2,1.8100874e-09,1.0592508e-07,0.99999976,6.080133e-08
Testing/notumor/Te-no_0200.jpg,2,no_tumor,2,1.0744444e-06,2.9371942e-05,0.99996936,2.4331555e-07
Testing/notumor/Te-no_0201.jpg,2,no_tumor,2,6.2200996e-08,5.7067255e-06,0.9999931,1.2372487e-06
Testing/notumor/Te-no_0202.jpg,2,no_tumor,2,2.3434104e-05,0.00011280372,0.99986327,4.994448e-07
Testing/notumor/Te-no_0203.jpg,2,no_tumor,2,1.256953e-06,5.402307e-06,0.99999297,3.5352429e-07
Testing/notumor/Te-no_0204.jpg,2,no_tumor,2,5.633985e-06,0.00080936577,0.9991756,9.4275765e-06
Testing/notumor/Te-no_0205.jpg,2,no_tumor,2,2.6406641e-07,1.936661e-05,0.99998,3.6723895e-07
Testing/notumor/Te-no_0206.jpg,2,no_tumor,2,2.8334484e-06,0.0015060867,0.9984794,1.1688393e-05
Testing/notumor/Te-no_0207.jpg,2,no_tumor,2,1.3446947e-08,4.3372627e-05,0.999956,6.398179e-07
Testing/notumor/Te-no_0208.jpg,2,no_tumor,2,2.6127833e-09,5.5536193e-06,0.9999944,1.0373571e-08
Testing/notumor/Te-no_0209.jpg,2,no_tumor,2,4.1742418e-08,1.2314718e-05,0.99998736,1.8417845e-07
Testing/notumor/Te-no_0210.jpg,2,no_tumor,2,6.427984e-08,4.612323e-06,0.9999949,5.1400116e-07
Testing/notumor/Te-no_0211.jpg,2,no_tumor,2,6.9965427e-06,0.00041559958,0.9995689,8.444071e-06
Testing/notumor/Te-no_0212.jpg,2,no_tumor,2,2.8114712e-06,3.0897543e-05,0.99996614,1.6715141e-07
Testing/notumor/Te-no_0213.jpg,2,no_tumor,2,5.818565e-10,1.3688836e-07,0.9999999,9.980327e-10
Testing/notumor/Te-no_0214.jpg,2,no_tumor,2,4.9895452e-06,4.6403366e-05,0.999946,2.6022942e-06
Testing/notumor/Te-no_0215.jpg,2,no_tumor,2,0.0011921888,0.0319719,0.9659166,0.00091935234
Testing/notumor/Te-no_0216.jpg,2,no_tumor,2,5.4791764e-07,0.0009042703,0.99909353,1.6461695e-06
Testing/notumor/Te-no_0217.jpg,2,no_tumor,2,2.399824e-06,0.00020592292,0.99979013,1.5933416e-06
Testing/notumor/Te-no_0218.jpg,2,no_tumor,2,5.625794e-08,5.781532e-06,0.99998915,5.001824e-06
Testing/notumor/Te-no_0219.jpg,2,no_tumor,2,7.556274e-08,4.523029e-05,0.99995375,1.0100044e-06
Testing/notumor/Te-no_0220.jpg,2,no_tumor,2,6.2046092e-06,0.0003141271,0.99967873,9.852844e-07
Testing/notumor/Te-no_0221.jpg,2,no_tumor,2,4.283328e-07,6.456201e-05,0.9999323,2.782945e-06
Testing/notumor/Te-no_0222.jpg,2,no_tumor,2,0.00023431942,3.2769362e-06,0.999762,3.1530297e-07
Testing/notumor/Te-no_0223.jpg,2,no_tumor,2,2.4992255e-08,1.7200755e-05,0.9999827,4.598189e-09
Testing/notumor/Te-no_0224.jpg,2,no_tumor,2,7.2995154e-10,2.7988513e-06,0.99999726,8.7554894e-11
Testing/notumor/Te-no_0225.jpg,2,no_tumor,2,3.0736835e-05,0.0011100521,0.9986707,0.00018853336
Testing/notumor/Te-no_0226.jpg,2,no_tumor,2,6.084597e-07,1.7981174e-06,0.999997,6.5144985e-07
Testing/notumor/Te-no_0227.jpg,2,no_tumor,2,0.0014842772,0.0015064983,0.9969971,1.21355815e-05
Testing/notumor/Te-no_0228.jpg,2,no_tumor,2,9.809061e-07,1.992387e-05,0.99997914,8.821805e-09
Testing/notumor/Te-no_0229.jpg,2,no_tumor,2,8.9773106e-11,5.5016358e-08,1.0,5.6011452e-11
Testing/notumor/Te-no_0230.jpg,2,no_tumor,2,2.2958432e-07,1.244185e-05,0.99998605,1.2982782e-06
Testing/notumor/Te-no_0231.jpg,2,no_tumor,2,2.5437596e-06,0.0003687563,0.99962807,6.245932e-07
Testing/notumor/Te-no_0232.jpg,2,no_tumor,2,5.6981517e-09,1.5422745e-07,0.9999999,2.6537828e-08
Testing/notumor/Te-no_0233.jpg,2,no_tumor,2,4.650779e-12,2.2531045e-08,1.0,1.3443326e-09
Testing/notumor/Te-no_0234.jpg,2,no_tumor,2,8.1967e-09,2.3501196e-05,0.9999765,1.6637186e-08
Testing/notumor/Te-no_0235.jpg,2,no_tumor,2,1.3896296e-07,3.6654066e-05,0.99996114,2.0796958e-06
Testing/notumor/Te-no_0236.jpg,2,no_tumor,2,1.9376774e-05,1.2581525e-05,0.9999678,2.439004e-07
Testing/notumor/Te-no_0237.jpg,2,no_tumor,2,0.00021306236,0.066157825,0.93355656,7.253528e-05
Testing/notumor/Te-no_0238.jpg,2,no_tumor,2,5.8065134e-06,3.9181916e-05,0.9999521,3.0369006e-06
Testing/notumor/Te-no_0239.jpg,2,no_tumor,2,4.7474868e-11,3.147877e-08,1.0,2.55269e-10
Testing/notumor/Te-no_0240.jpg,2,no_tumor,2,4.6399116e-09,4.285974e-07,0.9999995,3.8259824e-08
Testing/notumor/Te-no_0241.jpg,2,no_tumor,2,0.00021828564,0.022764487,0.9746962,0.002320906
Testing/notumor/Te-no_0242.jpg,2,no_tumor,2,5.4306244e-09,1.7498186e-06,0.9999982,8.708739e-09
Testing/notumor/Te-no_0243.jpg,2,no_tumor,2,8.4485043e-07,0.0008778736,0.99911135,9.847812e-06
Testing/notumor/Te-no_0244.jpg,2,no_tumor,2,2.5685115e-10,1.077934e-06,0.9999989,1.371531e-09
Testing/notumor/Te-no_0245.jpg,2,no_tumor,2,3.6743947e-07,0.00012222535,0.99987733,4.9475446e-08
Testing/notumor/Te-no_0246.jpg,2,no_tumor,2,1.7262612e-10,9.722375e-06,0.9999902,2.4904933e-08
Testing/notumor/Te-no_0247.jpg,2,no_tumor,2,2.6293014e-08,3.2449265e-05,0.99996734,2.976516e-07
Testing/notumor/Te-no_0248.jpg,2,no_tumor,2,0.00021175599,0.00070760096,0.99907863,2.01083e-06
Testing/notumor/Te-no_0249.jpg,2,no_tumor,2,7.7443263e-10,9.806206e-07,0.99999905,8.354119e-10
Testing/notumor/Te-no_0250.jpg,2,no_tumor,2,2.073251e-12,1.6763733e-10,1.0,2.3479619e-12
Testing/notumor/Te-no_0251.jpg,2,no_tumor,2,1.758737e-08,3.8014052e-06,0.9999962,1.4948345e-08
Testing/notumor/Te-no_0252.jpg,2,no_tumor,2,8.784772e-08,0.0004238937,0.9995753,6.6052064e-07
Testing/notumor/Te-no_0253.jpg,2,no_tumor,2,7.616652e-08,3.077625e-05,0.9999684,7.121502e-07
Testing/notumor/Te-no_0254.jpg,2,no_tumor,2,2.8241993e-07,5.148871e-05,0.9999403,7.997877e-06
Testing/notumor/Te-no_0255.jpg,2,no_tumor,2,9.665105e-09,6.9740836e-06,0.99999285,1.0119409e-07
Testing/notumor/Te-no_0256.jpg,2,no_tumor,2,9.583146e-08,9.49644e-05,0.9999049,1.5883059e-07
Testing/notumor/Te-no_0257.jpg,2,no_tumor,2,3.3389493e-11,5.408286e-09,1.0,1.1898814e-10
Testing/notumor/Te-no_0258.jpg,2,no_tumor,2,1.1968301e-09,6.703971e-07,0.9999993,3.870931e-09
Testing/notumor/Te-no_0259.jpg,2,no_tumor,2,2.0237067e-06,4.801012e-05,0.9999491,8.2216536e-07
Testing/notumor/Te-no_0260.jpg,2,no_tumor,2,4.2689211e-07,0.00025542252,0.99974364,4.6120857e-07
Testing/notumor/Te-no_0261.jpg,2,no_tumor,2,1.4341575e-09,2.599481e-07,0.99999976,2.386766e-08
Testing/notumor/Te-no_0262.jpg,2,no_tumor,2,5.0545725e-07,0.027614804,0.97236294,2.1790156e-05
Testing/notumor/Te-no_0263.jpg,2,no_tumor,2,5.5387574e-13,2.179721e-09,1.0,2.3392644e-11
Testing/notumor/Te-no_0264.jpg,2,no_tumor,2,7.50739e-12,1.5295305e-08,1.0,1.2075e-09
Testing/notumor/Te-no_0265.jpg,2,no_tumor,2,2.2411725e-06,0.00078436395,0.9992023,1.111939e-05
Testing/notumor/Te-no_0266.jpg,2,no_tumor,2,5.673508e-06,0.035262756,0.964702,2.9505454e-05
Testing/notumor/Te-no_0267.jpg,2,no_tumor,2,8.1544554e-10,0.0002691664,0.99973077,1.0804346e-08
Testing/notumor/Te-no_0268.jpg,2,no_tumor,2,2.2192907e-08,7.5039343e-06,0.9999925,1.6683877e-08
Testing/notumor/Te-no_0269.jpg,2,no_tumor,2,3.8007553e-09,7.55034e-07,0.9999993,4.8923634e-09
Testing/notumor/Te-no_0270.jpg,2,no_tumor,2,8.7036796e-08,0.00045222059,0.99954635,1.3483511e-06
Testing/notumor/Te-no_0271.jpg,2,no_tumor,2,5.970524e-10,6.372876e-06,0.9999937,4.7234185e-09
Testing/notumor/Te-no_0272.jpg,2,no_tumor,2,8.255367e-06,0.004845762,0.99467564,0.0004704018
Testing/notumor/Te-no_0273.jpg,2,no_tumor,2,1.7220619e-07,1.4942326e-05,0.99998486,5.2010016e-08
Testing/notumor/Te-no_0274.jpg,2,no_tumor,2,1.4431638e-06,0.00015379948,0.99984026,4.5653833e-06
Testing/notumor/Te-no_0275.jpg,2,no_tumor,2,1.540388e-07,0.000111709385,0.999887,1.1823417e-06
Testing/notumor/Te-no_0276.jpg,2,no_tumor,2,0.00030368564,0.008417751,0.9909945,0.00028395673
Testing/notumor/Te-no_0277.jpg,2,no_tumor,2,2.6786068e-08,6.405026e-06,0.9999932,2.9975368e-07
Testing/notumor/Te-no_0278.jpg,2,no_tumor,2,7.106507e-09,2.2248878e-07,0.99999976,1.8228764e-08
Testing/notumor/Te-no_0279.jpg,2,no_tumor,2,4.6933458e-08,7.4561685e-05,0.99992514,2.155154e-07
Testing/notumor/Te-no_0280.jpg,2,no_tumor,2,9.707767e-11,6.714644e-08,0.9999999,6.433443e-10
Testing/notumor/Te-no_0281.jpg,2,no_tumor,2,1.8652587e-08,0.00011588063,0.9998839,1.9988885e-07
Testing/notumor/Te-no_0282.jpg,2,no_tumor,2,6.4637455e-11,2.486939e-07,0.99999976,8.7291363e-10
Testing/notumor/Te-no_0283.jpg,2,no_tumor,2,3.0100294e-11,5.652012e-08,1.0,1.8387916e-10
Testing/notumor/Te-no_0284.jpg,2,no_tumor,2,8.878512e-06,0.0007847865,0.99920434,2.0581815e-06
Testing/notumor/Te-no_0285.jpg,2,no_tumor,2,2.1761633e-07,0.00014374807,0.99985504,9.636358e-07
Testing/notumor/Te-no_0286.jpg,2,no_tumor,2,2.146471e-06,3.099595e-05,0.9999664,4.7165645e-07
Testing/notumor/Te-no_0287.jpg,2,no_tumor,2,1.0398596e-07,0.0002312134,0.99976736,1.3157705e-06
Testing/notumor/Te-no_0288.jpg,2,no_tumor,2,3.2898886e-10,6.990533e-08,0.9999999,8.047555e-09
Testing/notumor/Te-no_0289.jpg,2,no_tumor,2,3.5682075e-13,3.0031412e-08,1.0,6.6303206e-11
Testing/notumor/Te-no_0290.jpg,2,no_tumor,2,3.1920067e-09,5.434799e-06,0.9999945,8.136536e-09
Testing/notumor/Te-no_0291.jpg,2,no_tumor,2,9.178876e-12,5.13541e-07,0.9999995,2.0086642e-10
Testing/notumor/Te-no_0292.jpg,2,no_tumor,2,3.5312387e-14,3.763104e-09,1.0,1.5872687e-12
Testing/notumor/Te-no_0293.jpg,2,no_tumor,2,5.9530765e-07,0.0013516515,0.99864763,1.3220047e-07
Testing/notumor/Te-no_0294.jpg,2,no_tumor,2,5.0735758e-05,0.0010362726,0.998904,9.081407e-06
Testing/notumor/Te-no_0295.jpg,2,no_tumor,2,1.7801496e-09,1.7282738e-07,0.9999999,6.5846293e-09
Testing/notumor/Te-no_0296.jpg,2,no_tumor,2,1.6508794e-09,1.185506e-05,0.9999871,1.0644176e-06
Testing/notumor/Te-no_0297.jpg,2,no_tumor,2,8.215694e-12,1.1442796e-07,0.9999999,6.2373893e-09
Testing/notumor/Te-no_0298.jpg,2,no_tumor,2,7.87644e-06,1.1073218e-05,0.9999809,1.5118242e-07
Testing/notumor/Te-no_0299.jpg,2,no_tumor,2,1.6966993e-05,7.515776e-05,0.99989784,1.0044869e-05
Testing/notumor/Te-no_0300.jpg,2,no_tumor,2,7.171678e-06,0.0014741559,0.9985176,1.0886487e-06
Testing/notumor/Te-no_0301.jpg,2,no_tumor,2,2.7184947e-06,0.0029224928,0.9970073,6.7513014e-05
Testing/notumor/Te-no_0302.jpg,2,no_tumor,2,7.158738e-07,4.865146e-05,0.9999497,9.61544e-07
Testing/notumor/Te-no_0303.jpg,2,no_tumor,2,1.4525162e-10,3.9714547e-09,1.0,3.223741e-10
Testing/notumor/Te-no_0304.jpg,2,no_tumor,2,3.362139e-05,0.0031702956,0.9967192,7.6900404e-05
Testing/notumor/Te-no_0305.jpg,2,no_tumor,2,9.7990835e-08,9.821397e-06,0.99999,1.7646458e-07
Testing/notumor/Te-no_0306.jpg,2,no_tumor,2,1.0152965e-08,1.6667178e-05,0.9999832,9.8311034e-08
Testing/notumor/Te-no_0307.jpg,2,no_tumor,2,1.903239e-05,0.0001862303,0.9997762,1.860658e-05
Testing/notumor/Te-no_0308.jpg,2,no_tumor,2,1.2203153e-08,5.09358e-07,0.9999995,1.0429651e-08
Testing/notumor/Te-no_0309.jpg,2,no_tumor,2,2.6726783e-09,2.2603098e-08,1.0,1.0464761e-09
Testing/notumor/Te-no_0310.jpg,2,no_tumor,2,6.855162e-05,0.0003508233,0.9995714,9.315949e-06
Testing/notumor/Te-no_0311.jpg,2,no_tumor,2,2.239686e-09,4.5415948e-07,0.99999714,2.4055919e-06
Testing/notumor/Te-no_0312.jpg,2,no_tumor,2,1.2125332e-06,1.9364837e-05,0.9999782,1.1870638e-06
Testing/notumor/Te-no_0313.jpg,2,no_tumor,2,5.1314718e-08,4.1601493e-06,0.9999958,2.128603e-08
Testing/notumor/Te-no_0314.jpg,2,no_tumor,2,1.03523355e-07,5.8580612e-05,0.9999379,3.4229697e-06
Testing/notumor/Te-no_0315.jpg,2,no_tumor,2,7.446915e-10,3.7996724e-08,1.0,1.0093048e-08
Testing/notumor/Te-no_0316.jpg,2,no_tumor,2,2.8051534e-09,8.7336235e-07,0.99999917,2.5226862e-08
Testing/notumor/Te-no_0317.jpg,2,no_tumor,2,1.1196681e-09,2.595812e-07,0.99999976,3.1573635e-09
Testing/notumor/Te-no_0318.jpg,2,no_tumor,2,3.575796e-10,3.0097414e-08,1.0,1.6567332e-09
Testing/notumor/Te-no_0319.jpg,2,no_tumor,2,3.7020607e-07,4.6663954e-06,0.9999943,6.740221e-07
Testing/notumor/Te-no_0320.jpg,2,no_tumor,2,2.9689733e-08,4.0659393e-06,0.99999595,5.4240314e-08
Testing/notumor/Te-no_0321.jpg,2,no_tumor,2,9.216968e-05,0.00024372475,0.9996513,1.2694821e-05
Testing/notumor/Te-no_0322.jpg,2,no_tumor,2,1.816456e-07,0.000103353515,0.9998946,1.838244e-06
Testing/notumor/Te-no_0323.jpg,2,no_tumor,2,7.2553535e-06,0.11615792,0.8836757,0.00015907451
Testing/notumor/Te-no_0324.jpg,2,no_tumor,2,1.927429e-05,8.5468106e-05,0.9997917,0.000103591825
Testing/notumor/Te-no_0325.jpg,2,no_tumor,2,0.00018268061,0.004617625,0.9950907,0.0001088781
Testing/notumor/Te-no_0326.jpg,2,no_tumor,2,4.5331894e-06,2.967484e-05,0.99996567,1.3237924e-07
Testing/notumor/Te-no_0327.jpg,2,no_tumor,2,1.43103165e-08,5.497324e-07,0.9999994,3.2646803e-08
Testing/notumor/Te-no_0328.jpg,2,no_tumor,2,2.768403e-10,2.3404038e-05,0.9999765,1.3404387e-07
Testing/notumor/Te-no_0329.jpg,2,no_tumor,2,2.388302e-06,0.00018658068,0.9998048,6.3364714e-06
Testing/notumor/Te-no_0330.jpg,2,no_tumor,2,6.0385025e-07,7.4722026e-05,0.99992275,1.8956566e-06
Testing/notumor/Te-no_0331.jpg,2,no_tumor,2,3.299642e-10,1.7830391e-08,1.0,2.9969524e-10
Testing/notumor/Te-no_0332.jpg,2,no_tumor,2,6.7861095e-07,0.0006337139,0.99932754,3.8177623e-05
Testing/notumor/Te-no_0333.jpg,2,no_tumor,2,2.2661717e-07,1.1748871e-06,0.99999845,1.2107188e-07
Testing/notumor/Te-no_0334.jpg,2,no_tumor,2,3.1668073e-06,0.000625235,0.9993649,6.6260254e-06
Testing/notumor/Te-no_0335.jpg,2,no_tumor,2,5.127505e-10,2.9554155e-07,0.99999976,3.4458073e-10
Testing/notumor/Te-no_0336.jpg,2,no_tumor,2,4.6087607e-07,4.488003e-05,0.9999541,5.7374956e-07
Testing/notumor/Te-no_0337.jpg,2,no_tumor,2,1.5091216e-11,1.0848225e-09,1.0,4.6378854e-10
Testing/notumor/Te-no_0338.jpg,2,no_tumor,2,3.2002312e-08,1.8445703e-06,0.9999981,1.2989501e-08
Testing/notumor/Te-no_0339.jpg,2,no_tumor,2,8.2101444e-08,6.080426e-06,0.99999356,2.0379592e-07
Testing/notumor/Te-no_0340.jpg,2,no_tumor,2,4.8059896e-06,0.00052287494,0.99946207,1.0282192e-05
Testing/notumor/Te-no_0341.jpg,2,no_tumor,2,4.8419282e-05,0.00018745176,0.99975425,9.841375e-06
Testing/notumor/Te-no_0342.jpg,2,no_tumor,2,1.1972048e-06,0.00073537364,0.9989458,0.000317732
Testing/notumor/Te-no_0343.jpg,2,no_tumor,2,0.0002387489,0.00066368177,0.9989507,0.00014687167
Testing/notumor/Te-no_0344.jpg,2,no_tumor,2,3.3427266e-05,0.0010402716,0.99892324,3.0097856e-06
Testing/notumor/Te-no_0345.jpg,2,no_tumor,2,4.0480383e-09,7.879187e-06,0.99999213,3.654769e-09
Testing/notumor/Te-no_0346.jpg,2,no_tumor,2,1.0316242e-08,4.615817e-07,0.99999917,3.5316893e-07
Testing/notumor/Te-no_0347.jpg,2,no_tumor,2,3.3185665e-07,1.1803186e-05,0.9999877,6.434415e-08
Testing/notumor/Te-no_0348.jpg,2,no_tumor,2,4.5483708e-10,3.9855295e-06,0.99999607,7.305914e-10
Testing/notumor/Te-no_0349.jpg,2,no_tumor,2,9.0853435e-05,0.06490531,0.9349639,4.0054983e-05
Testing/notumor/Te-no_0350.jpg,2,no_tumor,2,2.8870174e-06,1.2559914e-05,0.9999844,8.472236e-08
Testing/notumor/Te-no_0351.jpg,2,no_tumor,2,3.479622e-06,7.131646e-05,0.9999193,6.008774e-06
Testing/notumor/Te-no_0352.jpg,2,no_tumor,2,2.2513129e-12,9.263386e-09,1.0,1.0291398e-10
Testing/notumor/Te-no_0353.jpg,2,no_tumor,2,6.905026e-14,1.0262159e-09,1.0,2.3821817e-12
Testing/notumor/Te-no_0354.jpg,2,no_tumor,2,7.67921e-11,5.2800544e-07,0.9999995,7.430173e-09
Testing/notumor/Te-no_0355.jpg,2,no_tumor,2,3.8169384e-10,9.824554e-07,0.99999905,1.2054232e-09
Testing/notumor/Te-no_0356.jpg,2,no_tumor,2,1.2878868e-06,2.069939e-05,0.9999778,2.0890604e-07
Testing/notumor/Te-no_0357.jpg,2,no_tumor,2,1.9595755e-07,1.3754017e-05,0.99998474,1.3653109e-06
Testing/notumor/Te-no_0358.jpg,2,no_tumor,2,7.993053e-12,2.8276219e-08,1.0,1.5257943e-09
Testing/notumor/Te-no_0359.jpg,2,no_tumor,2,1.349637e-10,1.1817722e-07,0.9999999,1.7821005e-08
Testing/notumor/Te-no_0360.jpg,2,no_tumor,2,2.9489545e-05,6.3677675e-05,0.9999064,3.348219e-07
Testing/notumor/Te-no_0361.jpg,2,no_tumor,2,4.568957e-10,4.803979e-06,0.99999523,2.0057267e-10
Testing/notumor/Te-no_0362.jpg,2,no_tumor,2,9.536425e-08,2.0622286e-07,0.99999964,2.5219322e-08
Testing/notumor/Te-no_0363.jpg,2,no_tumor,2,4.136046e-09,1.5405061e-06,0.99999845,3.03726e-09
Testing/notumor/Te-no_0364.jpg,2,no_tumor,2,1.923439e-05,0.0039643776,0.99595755,5.8754824e-05
Testing/notumor/Te-no_0365.jpg,2,no_tumor,2,6.230037e-08,3.1804718e-06,0.9999968,1.76851e-08
Testing/notumor/Te-no_0366.jpg,2,no_tumor,2,2.3111017e-10,9.730674e-07,0.99999905,1.16493e-08
Testing/notumor/Te-no_0367.jpg,2,no_tumor,2,1.0416432e-07,0.0007482143,0.99925166,2.7011145e-08
Testing/notumor/Te-no_0368.jpg,2,no_tumor,2,5.5933658e-08,0.0002540853,0.9997454,4.844019e-07
Testing/notumor/Te-no_0369.jpg,2,no_tumor,2,9.703164e-10,1.2255296e-07,0.9999999,2.248861e-09
Testing/notumor/Te-no_0370.jpg,2,no_tumor,2,2.4007716e-07,3.1806667e-05,0.9999621,5.886492e-06
Testing/notumor/Te-no_0371.jpg,2,no_tumor,2,1.4549922e-10,3.2093923e-09,1.0,2.919983e-10
Testing/notumor/Te-no_0372.jpg,2,no_tumor,2,2.1977855e-06,0.0024895128,0.99749655,1.1830012e-05
Testing/notumor/Te-no_0373.jpg,2,no_tumor,2,9.847141e-06,1.8279567e-05,0.99997187,3.397824e-08
Testing/notumor/Te-no_0374.jpg,2,no_tumor,2,5.66911e-13,6.7256734e-10,1.0,1.6396615e-11
Testing/notumor/Te-no_0375.jpg,2,no_tumor,2,1.6919e-05,0.00046370729,0.9995191,2.025393e-07
Testing/notumor/Te-no_0376.jpg,2,no_tumor,2,1.7025279e-07,3.880388e-05,0.99996066,3.3066675e-07
Testing/notumor/Te-no_0377.jpg,2,no_tumor,2,5.0021587e-05,0.0009774581,0.99894124,3.127445e-05
Testing/notumor/Te-no_0378.jpg,2,no_tumor,2,2.1381936e-09,3.0503554e-06,0.9999962,6.975806e-07
Testing/notumor/Te-no_0379.jpg,2,no_tumor,2,1.419211e-05,0.0019456279,0.9980319,8.213685e-06
Testing/notumor/Te-no_0380.jpg,2,no_tumor,2,4.615871e-12,9.2633154e-09,1.0,8.2739826e-10
Testing/notumor/Te-no_0381.jpg,2,no_tumor,2,2.0345447e-05,0.0003559017,0.99961853,5.2152614e-06
Testing/notumor/Te-no_0382.jpg,2,no_tumor,2,9.3098885e-07,0.00086259586,0.99913317,3.3422796e-06
Testing/notumor/Te-no_0383.jpg,2,no_tumor,2,1.6402016e-07,0.0001104376,0.9998753,1.41235605e-05
Testing/notumor/Te-no_0384.jpg,2,no_tumor,2,2.3850628e-06,0.00024073021,0.9997532,3.644463e-06
Testing/notumor/Te-no_0385.jpg,2,no_tumor,2,7.46204e-10,3.4221807e-07,0.99999964,7.719353e-09
Testing/notumor/Te-no_0386.jpg,2,no_tumor,2,6.753595e-08,3.6956626e-05,0.999961,1.9612462e-06
Testing/notumor/Te-no_0387.jpg,2,no_tumor,2,5.936553e-07,7.520996e-06,0.99999094,9.17637e-07
Testing/notumor/Te-no_0388.jpg,2,no_tumor,2,1.2520213e-08,5.187577e-07,0.9999995,4.6029985e-08
Testing/notumor/Te-no_0389.jpg,2,no_tumor,2,0.00013271658,0.00083246315,0.9987877,0.0002471773
Testing/notumor/Te-no_0390.jpg,2,no_tumor,2,0.0013738379,0.006160133,0.99121726,0.0012487744
Testing/notumor/Te-no_0391.jpg,2,no_tumor,2,4.6622804e-06,0.005011294,0.99498004,4.0244377e-06
Testing/notumor/Te-no_0392.jpg,2,no_tumor,2,7.0411964e-08,6.8638805e-08,0.9999999,4.503175e-09
Testing/notumor/Te-no_0393.jpg,2,no_tumor,2,1.32848506e-08,2.6752195e-06,0.99999714,7.813877e-08
Testing/notumor/Te-no_0394.jpg,2,no_tumor,2,1.2073695e-05,0.005326758,0.99463624,2.484149e-05
Testing/notumor/Te-no_0395.jpg,2,no_tumor,2,6.085035e-10,9.49564e-09,1.0,3.0068306e-09
Testing/notumor/Te-no_0396.jpg,2,no_tumor,2,2.020833e-06,4.2376865e-05,0.99995494,6.7568305e-07
Testing/notumor/Te-no_0397.jpg,2,no_tumor,2,1.597859e-10,8.163663e-08,0.9999999,6.5113555e-09
Testing/notumor/Te-no_0398.jpg,2,no_tumor,2,1.2126254e-08,3.1343843e-06,0.9999969,3.393919e-08
Testing/notumor/Te-no_0399.jpg,2,no_tumor,2,7.0626636e-11,5.391547e-05,0.9999461,4.338988e-08
Testing/notumor/Te-no_0400.jpg,2,no_tumor,2,6.363356e-09,6.382349e-07,0.9999994,5.429225e-08
Testing/notumor/Te-no_0401.jpg,2,no_tumor,2,2.0820246e-09,4.4522934e-05,0.9999546,7.7607103e-07
Testing/notumor/Te-no_0402.jpg,2,no_tumor,2,1.8743817e-11,1.8162723e-08,1.0,5.073146e-10
Testing/notumor/Te-no_0403.jpg,2,no_tumor,2,5.2141655e-07,1.3016389e-06,0.99999726,9.846673e-07
Testing/notumor/Te-no_0404.jpg,2,no_tumor,2,9.252874e-10,2.5477895e-08,1.0,5.4862054e-10
Testing/pituitary/Te-piTr_0000.jpg,3,pituitary,1,0.000378073,0.9912923,0.000106336534,0.008223339
Testing/pituitary/Te-piTr_0001.jpg,3,pituitary,1,0.004086058,0.77439326,0.21769612,0.0038246145
Testing/pituitary/Te-piTr_0002.jpg,3,pituitary,1,0.36487344,0.48366582,0.14993311,0.0015276324
Testing/pituitary/Te-piTr_0003.jpg,3,pituitary,3,0.007940464,0.38966647,0.0064755566,0.5959175
Testing/pituitary/Te-piTr_0004.jpg,3,pituitary,1,0.013967196,0.65187967,0.018818863,0.31533426
Testing/pituitary/Te-piTr_0005.jpg,3,pituitary,2,0.0560732,0.03660323,0.86990637,0.03741717
Testing/pituitary/Te-piTr_0006.jpg,3,pituitary,2,0.03453251,0.2035714,0.7380852,0.023810862
Testing/pituitary/Te-piTr_0007.jpg,3,pituitary,0,0.6831862,0.28934368,0.024089973,0.0033801156
Testing/pituitary/Te-piTr_0008.jpg,3,pituitary,2,0.18334278,0.1866502,0.48824105,0.14176604
Testing/pituitary/Te-piTr_0009.jpg,3,pituitary,2,0.081560455,0.058280908,0.7294527,0.13070588
Testing/pituitary/Te-pi_0010.jpg,3,pituitary,3,0.010486367,0.041802496,0.010687105,0.937024
Testing/pituitary/Te-pi_0011.jpg,3,pituitary,3,0.045922942,0.032494176,0.028301004,0.89328194
Testing/pituitary/Te-pi_0012.jpg,3,pituitary,1,0.23706768,0.6379411,0.00091067946,0.12408048
Testing/pituitary/Te-pi_0013.jpg,3,pituitary,1,0.15302145,0.84590775,0.0008952267,0.00017557124
Testing/pituitary/Te-pi_0014.jpg,3,pituitary,3,0.00480757,0.20813264,0.0030248922,0.7840349
Testing/pituitary/Te-pi_0015.jpg,3,pituitary,0,0.7339025,0.2054258,0.01790375,0.042767838
Testing/pituitary/Te-pi_0016.jpg,3,pituitary,3,0.0022084713,0.2187921,0.19193265,0.58706677
Testing/pituitary/Te-pi_0017.jpg,3,pituitary,2,0.008697377,0.05574916,0.8226913,0.11286214
Testing/pituitary/Te-pi_0018.jpg,3,pituitary,2,0.22372349,0.101784885,0.6584268,0.016064746
Testing/pituitary/Te-pi_0019.jpg,3,pituitary,2,0.37016588,0.0575164,0.49205115,0.0802665
Testing/pituitary/Te-pi_0020.jpg,3,pituitary,1,0.011128538,0.5017544,0.01036051,0.47675654
Testing/pituitary/Te-pi_0021.jpg,3,pituitary,0,0.5701663,0.0091931,0.0033194018,0.4173212
Testing/pituitary/Te-pi_0022.jpg,3,pituitary,0,0.9648837,0.027137315,0.0057120407,0.0022670312
Testing/pituitary/Te-pi_0023.jpg,3,pituitary,1,0.22067659,0.61573124,0.084269375,0.07932277
Testing/pituitary/Te-pi_0024.jpg,3,pituitary,1,0.014229893,0.6163854,0.36128566,0.008099093
Testing/pituitary/Te-pi_0025.jpg,3,pituitary,1,0.0015299949,0.99789053,2.9354522e-05,0.00055004755
Testing/pituitary/Te-pi_0026.jpg,3,pituitary,3,0.1301812,0.05081257,0.005005644,0.81400055
Testing/pituitary/Te-pi_0027.jpg,3,pituitary,3,0.26958188,0.010585167,0.007928873,0.71190405
Testing/pituitary/Te-pi_0028.jpg,3,pituitary,3,0.37272426,0.19754675,0.011807488,0.41792148
Testing/pituitary/Te-pi_0029.jpg,3,pituitary,1,0.0682086,0.7659344,0.16157524,0.004281765
Testing/pituitary/Te-pi_0030.jpg,3,pituitary,3,6.361449e-05,0.026224896,0.0005855662,0.9731259
Testing/pituitary/Te-pi_0031.jpg,3,pituitary,0,0.56757295,0.08543415,0.061885435,0.28510746
Testing/pituitary/Te-pi_0032.jpg,3,pituitary,2,0.25160158,0.2697227,0.4701113,0.008564437
Testing/pituitary/Te-pi_0033.jpg,3,pituitary,0,0.6303803,0.2818416,0.052819952,0.03495811
Testing/pituitary/Te-pi_0034.jpg,3,pituitary,1,0.000929109,0.90146637,0.0023253555,0.09527913
Testing/pituitary/Te-pi_0035.jpg,3,pituitary,0,0.5992888,0.07867421,0.316463,0.0055739596
Testing/pituitary/Te-pi_0036.jpg,3,pituitary,3,0.002899079,0.06593906,0.0034026597,0.92775923
Testing/pituitary/Te-pi_0037.jpg,3,pituitary,3,0.0020114167,0.0018032313,0.0062430943,0.9899422
Testing/pituitary/Te-pi_0038.jpg,3,pituitary,3,0.175296,0.015831985,0.015273005,0.793599
Testing/pituitary/Te-pi_0039.jpg,3,pituitary,0,0.93111277,0.046203583,0.022513824,0.00016984457
Testing/pituitary/Te-pi_0040.jpg,3,pituitary,1,0.034027707,0.9151571,0.004229977,0.046585303
Testing/pituitary/Te-pi_0041.jpg,3,pituitary,1,0.036178138,0.74835664,0.20905435,0.006410918
Testing/pituitary/Te-pi_0042.jpg,3,pituitary,3,0.00012970822,0.0014312651,0.00016306192,0.998276
Testing/pituitary/Te-pi_0043.jpg,3,pituitary,2,0.028081281,0.12409999,0.8442493,0.0035693431
Testing/pituitary/Te-pi_0044.jpg,3,pituitary,1,0.36154747,0.6101541,0.020115498,0.008182931
Testing/pituitary/Te-pi_0045.jpg,3,pituitary,1,0.008573447,0.62143,0.059558205,0.31043836
Testing/pituitary/Te-pi_0046.jpg,3,pituitary,1,0.0040414357,0.6571143,0.22070353,0.11814073
Testing/pituitary/Te-pi_0047.jpg,3,pituitary,3,0.00066458236,0.027977899,0.0031911365,0.9681664
Testing/pituitary/Te-pi_0048.jpg,3,pituitary,1,0.097468324,0.47155613,0.055712994,0.3752626
Testing/pituitary/Te-pi_0049.jpg,3,pituitary,3,0.033206932,0.102586314,0.10852894,0.7556778
Testing/pituitary/Te-pi_0050.jpg,3,pituitary,3,0.14873618,0.25620577,0.089777485,0.50528055
Testing/pituitary/Te-pi_0051.jpg,3,pituitary,0,0.911406,0.08234513,0.0044271946,0.0018216597
Testing/pituitary/Te-pi_0052.jpg,3,pituitary,3,0.0063363933,0.26908413,0.007998632,0.7165809
Testing/pituitary/Te-pi_0053.jpg,3,pituitary,0,0.56341404,0.06557932,0.105321385,0.26568526
Testing/pituitary/Te-pi_0054.jpg,3,pituitary,3,0.086677626,0.056236435,0.048478443,0.80860746
Testing/pituitary/Te-pi_0055.jpg,3,pituitary,3,0.007036395,0.32542115,0.28148684,0.38605565
Testing/pituitary/Te-pi_0056.jpg,3,pituitary,3,0.0022189962,0.022436742,0.003083527,0.97226083
Testing/pituitary/Te-pi_0057.jpg,3,pituitary,3,0.013337741,0.0010449362,0.004748501,0.9808688
Testing/pituitary/Te-pi_0058.jpg,3,pituitary,1,0.015746167,0.71632856,0.054391425,0.21353388
Testing/pituitary/Te-pi_0059.jpg,3,pituitary,1,0.23883544,0.7530545,0.0010320969,0.0070779566
Testing/pituitary/Te-pi_0060.jpg,3,pituitary,0,0.8799815,0.0019656625,0.002810769,0.115242004
Testing/pituitary/Te-pi_0061.jpg,3,pituitary,3,0.0020780582,0.00667851,0.013831049,0.97741246
Testing/pituitary/Te-pi_0062.jpg,3,pituitary,0,0.52288383,0.03140153,0.12872064,0.31699398
Testing/pituitary/Te-pi_0063.jpg,3,pituitary,3,0.0013959487,0.0029271313,0.027502168,0.96817464
Testing/pituitary/Te-pi_0064.jpg,3,pituitary,0,0.3809322,0.35818464,0.19239575,0.0684874
Testing/pituitary/Te-pi_0065.jpg,3,pituitary,3,0.0044831457,0.0032430752,0.28566715,0.7066066
Testing/pituitary/Te-pi_0066.jpg,3,pituitary,3,5.441823e-05,0.007824345,6.2157524e-05,0.992059
Testing/pituitary/Te-pi_0067.jpg,3,pituitary,3,0.00044899457,0.38819358,0.036556903,0.5748005
Testing/pituitary/Te-pi_0068.jpg,3,pituitary,1,0.00014093207,0.89307636,0.09763825,0.009144407
Testing/pituitary/Te-pi_0069.jpg,3,pituitary,1,4.6782072e-05,0.98927397,0.010477533,0.00020169873
Testing/pituitary/Te-pi_0070.jpg,3,pituitary,2,0.07398157,0.36338398,0.5325349,0.030099545
Testing/pituitary/Te-pi_0071.jpg,3,pituitary,1,0.00070441584,0.81336164,0.18537073,0.00056322315
Testing/pituitary/Te-pi_0072.jpg,3,pituitary,3,0.09813078,0.12718354,0.0055950764,0.7690906
Testing/pituitary/Te-pi_0073.jpg,3,pituitary,1,0.001887521,0.5461945,0.0042195106,0.4476985
Testing/pituitary/Te-pi_0074.jpg,3,pituitary,1,0.00021017164,0.5398594,0.017630538,0.44229987
Testing/pituitary/Te-pi_0075.jpg,3,pituitary,2,0.0016429366,0.3928975,0.60389477,0.0015647466
Testing/pituitary/Te-pi_0076.jpg,3,pituitary,0,0.8296695,0.16701287,0.0024994959,0.00081818533
Testing/pituitary/Te-pi_0077.jpg,3,pituitary,1,0.0024054104,0.51942503,0.472862,0.005307584
Testing/pituitary/Te-pi_0078.jpg,3,pituitary,2,9.890817e-05,0.024238475,0.97562146,4.1169922e-05
Testing/pituitary/Te-pi_0079.jpg,3,pituitary,2,4.9146606e-06,0.013008896,0.986961,2.5192583e-05
Testing/pituitary/Te-pi_0080.jpg,3,pituitary,2,0.0018029558,0.2682517,0.7240964,0.0058489735
Testing/pituitary/Te-pi_0081.jpg,3,pituitary,1,0.013028986,0.5714584,0.097364075,0.31814858
Testing/pituitary/Te-pi_0082.jpg,3,pituitary,2,0.00021349039,0.023821073,0.76740026,0.20856519
Testing/pituitary/Te-pi_0083.jpg,3,pituitary,3,0.0017833858,0.044535793,0.0005482151,0.9531326
Testing/pituitary/Te-pi_0084.jpg,3,pituitary,3,0.0064198095,0.009268025,0.009398309,0.97491395
Testing/pituitary/Te-pi_0085.jpg,3,pituitary,2,0.0009930623,0.106091924,0.8907443,0.0021706005
Testing/pituitary/Te-pi_0086.jpg,3,pituitary,1,0.006444833,0.5273515,0.007620134,0.4585835
Testing/pituitary/Te-pi_0087.jpg,3,pituitary,1,0.049268503,0.89574516,0.05156331,0.0034230014
Testing/pituitary/Te-pi_0088.jpg,3,pituitary,1,0.0018390166,0.9700817,0.025301894,0.0027773485
Testing/pituitary/Te-pi_0089.jpg,3,pituitary,0,0.5842292,0.40284514,0.007166676,0.0057590394
Testing/pituitary/Te-pi_0090.jpg,3,pituitary,0,0.8410886,0.15364856,0.0006991793,0.004563683
Testing/pituitary/Te-pi_0091.jpg,3,pituitary,1,0.21453659,0.70387024,0.031889036,0.049704164
Testing/pituitary/Te-pi_0092.jpg,3,pituitary,0,0.92529106,0.07178523,0.0001837986,0.0027398802
Testing/pituitary/Te-pi_0093.jpg,3,pituitary,2,0.007249932,0.41952592,0.5598625,0.013361638
Testing/pituitary/Te-pi_0094.jpg,3,pituitary,3,0.16560712,0.02917735,0.035783716,0.7694319
Testing/pituitary/Te-pi_0095.jpg,3,pituitary,1,0.07631523,0.88138324,0.017788276,0.024513263
Testing/pituitary/Te-pi_0096.jpg,3,pituitary,1,0.09132904,0.87505156,0.0072092544,0.026410153
Testing/pituitary/Te-pi_0097.jpg,3,pituitary,0,0.87492365,0.118219025,0.00014412895,0.0067132544
Testing/pituitary/Te-pi_0098.jpg,3,pituitary,1,0.0028402496,0.9755598,0.017340727,0.004259241
Testing/pituitary/Te-pi_0099.jpg,3,pituitary,2,0.0028495826,0.01231571,0.93737715,0.047457527
Testing/pituitary/Te-pi_0100.jpg,3,pituitary,1,0.32420015,0.6532094,0.007294475,0.015295955
Testing/pituitary/Te-pi_0101.jpg,3,pituitary,1,0.045103103,0.8432422,0.005423429,0.106231175
Testing/pituitary/Te-pi_0102.jpg,3,pituitary,1,0.04720272,0.4448829,0.33250454,0.17540984
Testing/pituitary/Te-pi_0103.jpg,3,pituitary,0,0.9091564,0.07410814,0.012136526,0.0045989733
Testing/pituitary/Te-pi_0104.jpg,3,pituitary,1,0.14869095,0.7641791,0.053364094,0.03376588
Testing/pituitary/Te-pi_0105.jpg,3,pituitary,1,0.0454857,0.5640215,0.0134391235,0.37705368
Testing/pituitary/Te-pi_0106.jpg,3,pituitary,2,0.36464664,0.13425873,0.38085774,0.120236844
Testing/pituitary/Te-pi_0107.jpg,3,pituitary,1,0.00040184354,0.87565076,0.089042,0.034905422
Testing/pituitary/Te-pi_0108.jpg,3,pituitary,1,0.08541081,0.85784894,0.008550038,0.048190217
Testing/pituitary/Te-pi_0109.jpg,3,pituitary,1,0.0002155642,0.999782,9.830237e-07,1.3744379e-06
Testing/pituitary/Te-pi_0110.jpg,3,pituitary,1,0.040964182,0.93555695,0.01409549,0.009383353
Testing/pituitary/Te-pi_0111.jpg,3,pituitary,1,0.04614888,0.92878944,0.019723447,0.00533824
Testing/pituitary/Te-pi_0112.jpg,3,pituitary,3,0.0034849006,0.07390926,0.00045608112,0.9221497
Testing/pituitary/Te-pi_0113.jpg,3,pituitary,1,0.0016563537,0.9132594,0.07340102,0.011683244
Testing/pituitary/Te-pi_0114.jpg,3,pituitary,1,0.27175608,0.58166146,0.13842179,0.008160677
Testing/pituitary/Te-pi_0115.jpg,3,pituitary,3,0.0038944373,0.18592118,0.39306214,0.41712222
Testing/pituitary/Te-pi_0116.jpg,3,pituitary,1,0.004555743,0.81398326,0.12815118,0.05330976
Testing/pituitary/Te-pi_0117.jpg,3,pituitary,0,0.7836817,0.17799914,0.032403246,0.005915861
Testing/pituitary/Te-pi_0118.jpg,3,pituitary,2,0.015436854,0.2957558,0.3698348,0.31897256
Testing/pituitary/Te-pi_0119.jpg,3,pituitary,1,0.01474735,0.91751814,0.064520046,0.0032143767
Testing/pituitary/Te-pi_0120.jpg,3,pituitary,3,0.003686596,0.021444801,0.031914644,0.94295394
Testing/pituitary/Te-pi_0121.jpg,3,pituitary,0,0.5130501,0.006333229,0.020094482,0.46052223
Testing/pituitary/Te-pi_0122.jpg,3,pituitary,1,0.36388046,0.46457744,0.008999131,0.16254304
Testing/pituitary/Te-pi_0123.jpg,3,pituitary,0,0.866151,0.12261725,0.0011248817,0.010106885
Testing/pituitary/Te-pi_0124.jpg,3,pituitary,3,0.00012352095,0.009364334,0.00027851915,0.99023366
Testing/pituitary/Te-pi_0125.jpg,3,pituitary,1,0.000586068,0.9983359,0.00017633986,0.0009018326
Testing/pituitary/Te-pi_0126.jpg,3,pituitary,0,0.6915684,0.0020919943,0.21235178,0.09398787
Testing/pituitary/Te-pi_0127.jpg,3,pituitary,3,0.00360562,0.042180866,0.05552154,0.89869195
Testing/pituitary/Te-pi_0128.jpg,3,pituitary,3,0.34866866,0.11277702,0.018683642,0.5198707
Testing/pituitary/Te-pi_0129.jpg,3,pituitary,2,0.00049158116,0.005195369,0.92229116,0.07202195
Testing/pituitary/Te-pi_0130.jpg,3,pituitary,3,0.042013116,0.032890268,0.3911372,0.5339594
Testing/pituitary/Te-pi_0131.jpg,3,pituitary,3,0.0010460042,0.0026296908,0.0010961733,0.9952282
Testing/pituitary/Te-pi_0132.jpg,3,pituitary,3,0.00017672023,0.00065194245,3.2295953e-05,0.9991391
Testing/pituitary/Te-pi_0133.jpg,3,pituitary,2,0.06247711,0.13643546,0.79787874,0.0032086538
Testing/pituitary/Te-pi_0134.jpg,3,pituitary,3,0.01126716,0.004836803,0.0011063584,0.98278975
Testing/pituitary/Te-pi_0135.jpg,3,pituitary,1,0.091011666,0.6197042,0.24376725,0.045516886
Testing/pituitary/Te-pi_0136.jpg,3,pituitary,3,0.005619328,0.07861894,0.0041073672,0.9116544
Testing/pituitary/Te-pi_0137.jpg,3,pituitary,0,0.6545836,0.31568894,0.026752878,0.0029745668
Testing/pituitary/Te-pi_0138.jpg,3,pituitary,0,0.68078303,0.15226527,0.07643391,0.090517834
Testing/pituitary/Te-pi_0139.jpg,3,pituitary,0,0.7164153,0.04956707,0.021841504,0.21217611
Testing/pituitary/Te-pi_0140.jpg,3,pituitary,3,0.015026995,0.13738325,0.28572163,0.56186813
Testing/pituitary/Te-pi_0141.jpg,3,pituitary,3,0.052264716,0.05907792,0.012154721,0.87650263
Testing/pituitary/Te-pi_0142.jpg,3,pituitary,1,0.09935876,0.40725732,0.10567019,0.38771373
Testing/pituitary/Te-pi_0143.jpg,3,pituitary,3,0.010260344,0.37584984,0.00056370517,0.61332613
Testing/pituitary/Te-pi_0144.jpg,3,pituitary,1,0.005612481,0.4856308,0.027083056,0.48167357
Testing/pituitary/Te-pi_0145.jpg,3,pituitary,3,0.02497253,0.0048330086,0.0022375816,0.96795684
Testing/pituitary/Te-pi_0146.jpg,3,pituitary,3,0.069418296,0.0058493847,0.008056773,0.91667557
Testing/pituitary/Te-pi_0147.jpg,3,pituitary,1,0.15957844,0.8402294,8.0997175e-05,0.00011121956
Testing/pituitary/Te-pi_0148.jpg,3,pituitary,3,0.025535574,0.4704246,0.008527209,0.49551266
Testing/pituitary/Te-pi_0149.jpg,3,pituitary,3,0.010761539,0.036345374,6.0696733e-05,0.9528324
Testing/pituitary/Te-pi_0150.jpg,3,pituitary,3,0.11604026,0.3877962,0.0063140844,0.4898495
Testing/pituitary/Te-pi_0151.jpg,3,pituitary,0,0.75104946,0.2011709,0.014905739,0.032873936
Testing/pituitary/Te-pi_0152.jpg,3,pituitary,0,0.36514375,0.2673314,0.34458014,0.022944698
Testing/pituitary/Te-pi_0153.jpg,3,pituitary,2,0.016404014,0.27880502,0.52394986,0.18084115
Testing/pituitary/Te-pi_0154.jpg,3,pituitary,2,0.08419399,0.096611306,0.8145942,0.004600592
Testing/pituitary/Te-pi_0155.jpg,3,pituitary,0,0.95850295,0.03276776,0.0021778254,0.0065514687
Testing/pituitary/Te-pi_0156.jpg,3,pituitary,2,0.021005508,0.205325,0.77278507,0.0008844904
Testing/pituitary/Te-pi_0157.jpg,3,pituitary,3,0.037111547,0.00078701024,0.0020649629,0.9600365
Testing/pituitary/Te-pi_0158.jpg,3,pituitary,0,0.6276947,0.22350505,0.1296735,0.019126682
Testing/pituitary/Te-pi_0159.jpg,3,pituitary,3,0.0008968997,0.042208076,0.015548592,0.9413464
Testing/pituitary/Te-pi_0160.jpg,3,pituitary,3,0.11418899,0.22287194,0.2586461,0.40429297
Testing/pituitary/Te-pi_0161.jpg,3,pituitary,0,0.66538316,0.305067,0.009072113,0.020477718
Testing/pituitary/Te-pi_0162.jpg,3,pituitary,1,0.2593605,0.3536211,0.038452245,0.34856611
Testing/pituitary/Te-pi_0163.jpg,3,pituitary,1,0.08499576,0.7769027,0.11063397,0.02746765
Testing/pituitary/Te-pi_0164.jpg,3,pituitary,1,0.0012081455,0.99555075,0.00022003936,0.0030210223
Testing/pituitary/Te-pi_0165.jpg,3,pituitary,3,0.0050494624,0.007573464,0.051439337,0.93593764
Testing/pituitary/Te-pi_0166.jpg,3,pituitary,3,0.0021376426,0.0058625755,0.007868333,0.9841314
Testing/pituitary/Te-pi_0167.jpg,3,pituitary,3,0.0049837236,0.26114973,0.010770275,0.72309625
Testing/pituitary/Te-pi_0168.jpg,3,pituitary,3,0.13489848,0.080775045,0.032892194,0.75143427
Testing/pituitary/Te-pi_0169.jpg,3,pituitary,3,0.083749115,0.047549758,0.020769,0.84793216
Testing/pituitary/Te-pi_0170.jpg,3,pituitary,3,0.18126927,0.071209125,0.31317568,0.43434596
Testing/pituitary/Te-pi_0171.jpg,3,pituitary,0,0.6625315,0.04719877,0.008421709,0.28184804
Testing/pituitary/Te-pi_0172.jpg,3,pituitary,3,0.002167747,0.03553813,0.000691052,0.9616031
Testing/pituitary/Te-pi_0173.jpg,3,pituitary,1,0.09565381,0.69260705,0.103533946,0.108205155
Testing/pituitary/Te-pi_0174.jpg,3,pituitary,0,0.5405035,0.39448735,0.023762878,0.041246265
Testing/pituitary/Te-pi_0175.jpg,3,pituitary,0,0.50435156,0.22302179,0.27104965,0.001577
Testing/pituitary/Te-pi_0176.jpg,3,pituitary,1,0.042375777,0.92956114,0.009791132,0.018272009
Testing/pituitary/Te-pi_0177.jpg,3,pituitary,0,0.8570643,0.13201235,0.0057520275,0.0051713176
Testing/pituitary/Te-pi_0178.jpg,3,pituitary,1,0.10950872,0.8728925,0.004821432,0.012777345
Testing/pituitary/Te-pi_0179.jpg,3,pituitary,1,0.0035164386,0.9421461,0.05077717,0.0035603095
Testing/pituitary/Te-pi_0180.jpg,3,pituitary,1,0.3665699,0.6101598,0.019444617,0.0038256233
Testing/pituitary/Te-pi_0181.jpg,3,pituitary,3,0.021518413,0.013394583,0.037779897,0.92730707
Testing/pituitary/Te-pi_0182.jpg,3,pituitary,3,0.0020336907,0.0015930404,0.006952151,0.9894211
Testing/pituitary/Te-pi_0183.jpg,3,pituitary,3,0.026318861,0.019943362,0.0026915309,0.95104635
Testing/pituitary/Te-pi_0184.jpg,3,pituitary,0,0.8176866,0.13308097,0.047867987,0.0013644196
Testing/pituitary/Te-pi_0185.jpg,3,pituitary,2,0.0023877872,0.023965288,0.9712157,0.0024311985
Testing/pituitary/Te-pi_0186.jpg,3,pituitary,1,0.12606701,0.80516803,0.0076019024,0.06116295
Testing/pituitary/Te-pi_0187.jpg,3,pituitary,1,0.011501057,0.9417591,0.040851064,0.005888762
Testing/pituitary/Te-pi_0188.jpg,3,pituitary,2,0.031039653,0.08310012,0.8858038,5.650128e-05
Testing/pituitary/Te-pi_0189.jpg,3,pituitary,1,0.0044511203,0.8691117,0.0015463949,0.124890745
Testing/pituitary/Te-pi_0190.jpg,3,pituitary,1,0.09860315,0.84356165,0.0030039044,0.054831278
Testing/pituitary/Te-pi_0191.jpg,3,pituitary,2,0.07610427,0.30493808,0.59469014,0.02426744
Testing/pituitary/Te-pi_0192.jpg,3,pituitary,3,0.0059637767,0.28791326,0.08227775,0.6238453
Testing/pituitary/Te-pi_0193.jpg,3,pituitary,1,0.00034842282,0.99000895,0.006706613,0.0029360687
Testing/pituitary/Te-pi_0194.jpg,3,pituitary,3,0.00016294002,0.12263148,0.0013061757,0.87589943
Testing/pituitary/Te-pi_0195.jpg,3,pituitary,1,0.00367265,0.49164245,0.44435278,0.06033218
Testing/pituitary/Te-pi_0196.jpg,3,pituitary,2,0.010747821,0.39494666,0.5865745,0.0077310693
Testing/pituitary/Te-pi_0197.jpg,3,pituitary,0,0.42795753,0.14187293,0.02748311,0.40268645
Testing/pituitary/Te-pi_0198.jpg,3,pituitary,3,0.008136698,0.07558257,0.34142247,0.57485825
Testing/pituitary/Te-pi_0199.jpg,3,pituitary,3,0.09179443,0.09977676,0.027875839,0.7805529
Testing/pituitary/Te-pi_0200.jpg,3,pituitary,3,0.12650082,0.30020648,0.00041550567,0.5728772
Testing/pituitary/Te-pi_0201.jpg,3,pituitary,1,0.06575747,0.45028427,0.41287732,0.07108093
Testing/pituitary/Te-pi_0202.jpg,3,pituitary,3,0.011500559,0.2541456,0.3649627,0.36939117
Testing/pituitary/Te-pi_0203.jpg,3,pituitary,2,0.0132699935,0.25947708,0.3646821,0.36257085
Testing/pituitary/Te-pi_0204.jpg,3,pituitary,3,0.013949914,0.31211334,0.047669712,0.62626696
Testing/pituitary/Te-pi_0205.jpg,3,pituitary,1,0.0013898436,0.9649029,0.026983254,0.00672406
Testing/pituitary/Te-pi_0206.jpg,3,pituitary,1,0.0011734554,0.67150897,0.15828183,0.16903578
Testing/pituitary/Te-pi_0207.jpg,3,pituitary,1,0.013223631,0.41688117,0.38810697,0.18178819
Testing/pituitary/Te-pi_0208.jpg,3,pituitary,1,4.8148817e-05,0.679976,0.3189947,0.0009811872
Testing/pituitary/Te-pi_0209.jpg,3,pituitary,3,0.00020214052,0.017417744,0.00050018023,0.98187995
Testing/pituitary/Te-pi_0210.jpg,3,pituitary,1,0.0021697094,0.48496038,0.26004955,0.2528203
Testing/pituitary/Te-pi_0211.jpg,3,pituitary,2,0.0003111193,0.16972716,0.7474203,0.08254146
Testing/pituitary/Te-pi_0212.jpg,3,pituitary,2,1.04106075e-05,0.0415281,0.8956572,0.06280436
Testing/pituitary/Te-pi_0213.jpg,3,pituitary,3,0.0009338346,0.015538638,0.07551127,0.9080163
Testing/pituitary/Te-pi_0214.jpg,3,pituitary,3,0.008470846,0.3377084,0.23228356,0.4215372
Testing/pituitary/Te-pi_0215.jpg,3,pituitary,1,1.40139e-05,0.99693763,0.0021744075,0.0008739468
Testing/pituitary/Te-pi_0216.jpg,3,pituitary,2,0.21858476,0.28138188,0.41865504,0.081378356
Testing/pituitary/Te-pi_0217.jpg,3,pituitary,1,0.0003258382,0.99414766,0.0055233557,3.169117e-06
Testing/pituitary/Te-pi_0218.jpg,3,pituitary,1,0.0039725956,0.52554464,0.41514677,0.05533598
Testing/pituitary/Te-pi_0219.jpg,3,pituitary,3,0.032207046,0.1708878,0.08697534,0.7099298
Testing/pituitary/Te-pi_0220.jpg,3,pituitary,1,0.06942087,0.75205594,0.052780103,0.12574302
Testing/pituitary/Te-pi_0221.jpg,3,pituitary,3,0.017757481,0.2789773,0.056893896,0.64637136
Testing/pituitary/Te-pi_0222.jpg,3,pituitary,1,0.2977113,0.5321549,0.03982945,0.1303043
Testing/pituitary/Te-pi_0223.jpg,3,pituitary,3,0.0039958865,0.17544568,0.22488421,0.5956742
Testing/pituitary/Te-pi_0224.jpg,3,pituitary,0,0.48216864,0.3505151,0.11723398,0.050082333
Testing/pituitary/Te-pi_0225.jpg,3,pituitary,1,0.0003266413,0.8029363,0.00021961347,0.19651736
Testing/pituitary/Te-pi_0226.jpg,3,pituitary,1,0.00031368312,0.877565,0.090661556,0.031459775
Testing/pituitary/Te-pi_0227.jpg,3,pituitary,2,0.0004158778,0.3478843,0.6508781,0.0008217852
Testing/pituitary/Te-pi_0228.jpg,3,pituitary,2,0.0019444537,0.082966,0.71838146,0.1967081
Testing/pituitary/Te-pi_0229.jpg,3,pituitary,1,0.052818533,0.4949564,0.25887415,0.19335085
Testing/pituitary/Te-pi_0230.jpg,3,pituitary,1,0.0011165767,0.6991369,0.12169799,0.17804858
Testing/pituitary/Te-pi_0231.jpg,3,pituitary,2,0.080094524,0.2852665,0.38043132,0.2542076
Testing/pituitary/Te-pi_0232.jpg,3,pituitary,1,0.009496211,0.6559522,0.27519488,0.059356693
Testing/pituitary/Te-pi_0233.jpg,3,pituitary,2,0.0014947806,0.1132138,0.86340207,0.021889372
Testing/pituitary/Te-pi_0234.jpg,3,pituitary,2,0.00064977346,0.016020475,0.9675317,0.015798112
Testing/pituitary/Te-pi_0235.jpg,3,pituitary,3,0.007704952,0.08356071,0.13680938,0.771925
Testing/pituitary/Te-pi_0236.jpg,3,pituitary,1,0.00023599538,0.81570745,0.007983012,0.17607355
Testing/pituitary/Te-pi_0237.jpg,3,pituitary,1,0.0688543,0.8305561,0.014357333,0.08623228
Testing/pituitary/Te-pi_0238.jpg,3,pituitary,1,0.00015890239,0.9274187,0.06901845,0.0034039987
Testing/pituitary/Te-pi_0239.jpg,3,pituitary,2,0.0003524228,0.23180024,0.7652096,0.0026377141
Testing/pituitary/Te-pi_0240.jpg,3,pituitary,1,0.10524516,0.7169549,0.16829237,0.009507574
Testing/pituitary/Te-pi_0241.jpg,3,pituitary,1,0.0012536431,0.98991525,0.0072910995,0.001540099
Testing/pituitary/Te-pi_0242.jpg,3,pituitary,1,0.0024043268,0.88985896,0.016816117,0.09092057
Testing/pituitary/Te-pi_0243.jpg,3,pituitary,1,0.0016878326,0.7634503,0.00069609954,0.23416583
Testing/pituitary/Te-pi_0244.jpg,3,pituitary,1,0.04707493,0.5077531,0.021660486,0.4235115
Testing/pituitary/Te-pi_0245.jpg,3,pituitary,1,0.036252357,0.6455991,0.03590798,0.28224045
Testing/pituitary/Te-pi_0246.jpg,3,pituitary,0,0.6310314,0.29744115,0.07085483,0.0006725717
Testing/pituitary/Te-pi_0247.jpg,3,pituitary,1,0.038284827,0.9134595,0.04052637,0.007729315
Testing/pituitary/Te-pi_0248.jpg,3,pituitary,1,0.07607909,0.8435088,0.047425054,0.032987032
Testing/pituitary/Te-pi_0249.jpg,3,pituitary,2,0.00013599305,0.021987753,0.9770294,0.00084684725
Testing/pituitary/Te-pi_0250.jpg,3,pituitary,1,0.20515302,0.7531241,0.027342414,0.014380504
Testing/pituitary/Te-pi_0251.jpg,3,pituitary,1,0.0048784516,0.6527548,0.33950418,0.0028625682
Testing/pituitary/Te-pi_0252.jpg,3,pituitary,2,0.044946358,0.0032576383,0.8485996,0.10319645
Testing/pituitary/Te-pi_0253.jpg,3,pituitary,1,0.0029456504,0.9966072,0.00039980517,4.741512e-05
Testing/pituitary/Te-pi_0254.jpg,3,pituitary,0,0.51935756,0.4793952,0.0010180773,0.00022917018
Testing/pituitary/Te-pi_0255.jpg,3,pituitary,2,0.0029388955,0.26069912,0.49600893,0.24035308
Testing/pituitary/Te-pi_0256.jpg,3,pituitary,1,0.11185829,0.55546093,0.051973153,0.2807076
Testing/pituitary/Te-pi_0257.jpg,3,pituitary,3,0.002973145,0.056326944,0.013563937,0.9271359
Testing/pituitary/Te-pi_0258.jpg,3,pituitary,3,0.006648628,0.053327367,0.0022781705,0.9377459
Testing/pituitary/Te-pi_0259.jpg,3,pituitary,2,0.00025774527,0.10932178,0.8891161,0.0013043764
Testing/pituitary/Te-pi_0260.jpg,3,pituitary,1,0.4014796,0.57663095,0.0075877565,0.0143017005
Testing/pituitary/Te-pi_0261.jpg,3,pituitary,3,0.01199951,0.007803999,0.037983287,0.9422132
Testing/pituitary/Te-pi_0262.jpg,3,pituitary,1,0.049918767,0.9184453,0.0062367315,0.025399312
Testing/pituitary/Te-pi_0263.jpg,3,pituitary,1,0.06199046,0.77499694,0.031433664,0.13157897
Testing/pituitary/Te-pi_0264.jpg,3,pituitary,1,0.011342815,0.8396694,0.12792756,0.021060212
Testing/pituitary/Te-pi_0265.jpg,3,pituitary,0,0.60299176,0.22378296,0.016940659,0.15628465
Testing/pituitary/Te-pi_0266.jpg,3,pituitary,3,0.0020358642,0.1483672,0.0075645973,0.8420324
Testing/pituitary/Te-pi_0267.jpg,3,pituitary,1,0.0021910386,0.9609879,0.036586635,0.00023431276
Testing/pituitary/Te-pi_0268.jpg,3,pituitary,2,0.008452824,0.13274702,0.85200673,0.0067934184
Testing/pituitary/Te-pi_0269.jpg,3,pituitary,1,0.0005115404,0.99935514,0.00012382047,9.536762e-06
Testing/pituitary/Te-pi_0270.jpg,3,pituitary,3,0.363484,0.0818118,0.06570145,0.48900273
Testing/pituitary/Te-pi_0271.jpg,3,pituitary,0,0.9593426,0.033766765,0.0039905417,0.0028999988
Testing/pituitary/Te-pi_0272.jpg,3,pituitary,0,0.9275146,0.07073292,0.0013724278,0.00038010307
Testing/pituitary/Te-pi_0273.jpg,3,pituitary,2,0.05207342,0.16529946,0.76846725,0.014159849
Testing/pituitary/Te-pi_0274.jpg,3,pituitary,1,0.3005106,0.57763904,0.114477955,0.007372444
Testing/pituitary/Te-pi_0275.jpg,3,pituitary,0,0.5276553,0.4640999,0.008145112,9.96789e-05
Testing/pituitary/Te-pi_0276.jpg,3,pituitary,1,0.010673458,0.6291638,0.13458107,0.22558166
Testing/pituitary/Te-pi_0277.jpg,3,pituitary,3,0.089121394,0.20114414,0.00434028,0.70539415
Testing/pituitary/Te-pi_0278.jpg,3,pituitary,1,0.46950144,0.48655176,0.0021418172,0.04180498
Testing/pituitary/Te-pi_0279.jpg,3,pituitary,1,0.056435373,0.50301766,0.375594,0.064953
Testing/pituitary/Te-pi_0280.jpg,3,pituitary,1,0.006147139,0.6205751,0.17595749,0.19732027
Testing/pituitary/Te-pi_0281.jpg,3,pituitary,2,0.05868046,0.21603641,0.6509885,0.0742946
Testing/pituitary/Te-pi_0282.jpg,3,pituitary,1,0.18857585,0.5241793,0.013320219,0.27392465
Testing/pituitary/Te-pi_0283.jpg,3,pituitary,3,0.00011982783,0.1069186,0.32555887,0.5674027
Testing/pituitary/Te-pi_0284.jpg,3,pituitary,3,0.061195858,0.09270177,0.026008327,0.8200941
Testing/pituitary/Te-pi_0285.jpg,3,pituitary,2,0.013289504,0.22243816,0.5672745,0.19699785
Testing/pituitary/Te-pi_0286.jpg,3,pituitary,1,0.0048944904,0.6522528,0.18568614,0.15716659
Testing/pituitary/Te-pi_0287.jpg,3,pituitary,2,0.050697595,0.039130818,0.9062474,0.003924225
Testing/pituitary/Te-pi_0288.jpg,3,pituitary,3,0.060878076,0.18281448,0.013527758,0.74277973
Testing/pituitary/Te-pi_0289.jpg,3,pituitary,1,0.02127438,0.7163908,0.100206025,0.16212888
Testing/pituitary/Te-pi_0290.jpg,3,pituitary,2,0.008725611,0.041215837,0.94853044,0.0015280746
Testing/pituitary/Te-pi_0291.jpg,3,pituitary,1,0.08793816,0.69286454,0.028982732,0.19021453
Testing/pituitary/Te-pi_0292.jpg,3,pituitary,2,0.038387474,0.2608695,0.66549706,0.03524597
Testing/pituitary/Te-pi_0293.jpg,3,pituitary,1,0.018266957,0.81578344,0.16468571,0.0012638721
Testing/pituitary/Te-pi_0294.jpg,3,pituitary,1,0.004349678,0.9539451,0.02448042,0.017224833
Testing/pituitary/Te-pi_0295.jpg,3,pituitary,2,0.013171052,0.36337855,0.5688088,0.054641638
Testing/pituitary/Te-pi_0296.jpg,3,pituitary,3,0.01136183,0.44739053,0.025655486,0.51559216
Testing/pituitary/Te-pi_0297.jpg,3,pituitary,1,0.064797595,0.931271,0.00056707487,0.0033643798
Testing/pituitary/Te-pi_0298.jpg,3,pituitary,1,0.10038667,0.3967227,0.17230299,0.33058763
Testing/pituitary/Te-pi_0299.jpg,3,pituitary,3,0.0004442555,0.49221423,0.0020671252,0.5052744
