path,label,class_name,predicted_label,p_glioma,p_meningioma,p_no_tumor,p_pituitary
Testing/glioma/Te-glTr_0000.jpg,0,glioma,0,0.99970776,6.429011e-05,0.0002277772,1.6325133e-07
Testing/glioma/Te-glTr_0001.jpg,0,glioma,0,0.5768672,0.041881215,0.38098562,0.00026594946
Testing/glioma/Te-glTr_0002.jpg,0,glioma,2,0.044782538,0.005397667,0.94972223,9.743067e-05
Testing/glioma/Te-glTr_0003.jpg,0,glioma,0,0.8221158,0.17445387,0.0020513036,0.0013790607
Testing/glioma/Te-glTr_0004.jpg,0,glioma,0,0.9389867,0.05324928,0.007757578,6.443521e-06
Testing/glioma/Te-glTr_0005.jpg,0,glioma,0,0.9196814,0.07812644,0.002178032,1.4153395e-05
Testing/glioma/Te-glTr_0006.jpg,0,glioma,0,0.92126125,0.051836688,0.026864965,3.7027305e-05
Testing/glioma/Te-glTr_0007.jpg,0,glioma,0,0.9610668,1.1442084e-05,0.038921516,2.6613208e-07
Testing/glioma/Te-glTr_0008.jpg,0,glioma,0,0.9999089,8.208335e-05,8.810495e-06,1.3782426e-07
Testing/glioma/Te-glTr_0009.jpg,0,glioma,0,0.9611697,0.00037057468,0.03845844,1.2159502e-06
Testing/glioma/Te-gl_0010.jpg,0,glioma,0,0.9730727,0.026714278,0.00018682824,2.6184449e-05
Testing/glioma/Te-gl_0011.jpg,0,glioma,0,0.9982401,0.00043621546,0.0011842694,0.0001393912
Testing/glioma/Te-gl_0012.jpg,0,glioma,0,0.9581091,0.00084911607,0.034948688,0.006093132
Testing/glioma/Te-gl_0013.jpg,0,glioma,0,0.5174799,0.037360616,0.44514793,1.1592336e-05
Testing/glioma/Te-gl_0014.jpg,0,glioma,0,0.8716409,4.66007e-05,0.12830022,1.2316272e-05
Testing/glioma/Te-gl_0015.jpg,0,glioma,0,0.98052865,0.014608816,0.0046004974,0.00026206093
Testing/glioma/Te-gl_0016.jpg,0,glioma,0,0.7644221,0.013800633,0.22138122,0.00039605555
Testing/glioma/Te-gl_0017.jpg,0,glioma,0,0.8715467,0.06856436,0.059693303,0.00019561812
Testing/glioma/Te-gl_0018.jpg,0,glioma,2,0.02130318,8.5821836e-07,0.97869575,2.5254232e-07
Testing/glioma/Te-gl_0019.jpg,0,glioma,2,0.0021444717,0.27332598,0.7245117,1.7921056e-05
Testing/glioma/Te-gl_0020.jpg,0,glioma,0,0.972462,0.027251266,0.00028526963,1.4330789e-06
Testing/glioma/Te-gl_0021.jpg,0,glioma,0,0.9981541,0.00024062498,0.0016051207,1.7036483e-07
Testing/glioma/Te-gl_0022.jpg,0,glioma,2,0.0073781577,0.0009626213,0.99161154,4.774157e-05
Testing/glioma/Te-gl_0023.jpg,0,glioma,2,0.045258973,0.04959199,0.90471005,0.00043901152
Testing/glioma/Te-gl_0024.jpg,0,glioma,0,0.42398044,0.18320724,0.39191687,0.00089549564
Testing/glioma/Te-gl_0025.jpg,0,glioma,2,0.18136005,0.0014406982,0.817187,1.2134427e-05
Testing/glioma/Te-gl_0026.jpg,0,glioma,0,0.9926006,1.185814e-06,0.0073969048,1.2156829e-06
Testing/glioma/Te-gl_0027.jpg,0,glioma,2,0.23929806,0.001114959,0.7595175,6.944816e-05
Testing/glioma/Te-gl_0028.jpg,0,glioma,0,0.96618694,0.010225747,0.023585388,1.8415947e-06
Testing/glioma/Te-gl_0029.jpg,0,glioma,0,0.42398044,0.18320724,0.39191687,0.00089549564
Testing/glioma/Te-gl_0030.jpg,0,glioma,0,0.895276,0.07841258,0.02630429,7.14694e-06
Testing/glioma/Te-gl_0031.jpg,0,glioma,0,0.9997402,0.00025543894,4.45742e-06,4.2311935e-10
Testing/glioma/Te-gl_0032.jpg,0,glioma,0,0.7278258,0.042853825,0.22930388,1.644981e-05
Testing/glioma/Te-gl_0033.jpg,0,glioma,0,0.9964424,0.00035426978,0.0032015408,1.8675579e-06
Testing/glioma/Te-gl_0034.jpg,0,glioma,0,0.8876684,0.00073346775,0.11150102,9.715316e-05
Testing/glioma/Te-gl_0035.jpg,0,glioma,2,0.41352427,0.0014325726,0.5849706,7.253478e-05
Testing/glioma/Te-gl_0036.jpg,0,glioma,0,0.99404293,0.0042794617,0.001677425,1.3926511e-07
Testing/glioma/Te-gl_0037.jpg,0,glioma,1,0.08168543,0.8980585,0.020254673,1.4855827e-06
Testing/glioma/Te-gl_0038.jpg,0,glioma,0,0.9952793,0.0033251154,0.0013903045,5.3774884e-06
Testing/glioma/Te-gl_0039.jpg,0,glioma,0,0.40349016,0.32889426,0.2676028,1.2772927e-05
Testing/glioma/Te-gl_0040.jpg,0,glioma,1,0.11798341,0.8810884,0.00092754327,6.74172e-07
Testing/glioma/Te-gl_0041.jpg,0,glioma,0,0.7111142,0.057142604,0.23173974,3.3715805e-06
Testing/glioma/Te-gl_0042.jpg,0,glioma,1,0.13482021,0.8648111,0.00036853724,8.541004e-08
Testing/glioma/Te-gl_0043.jpg,0,glioma,0,0.56061804,0.15018272,0.28873995,0.00045926633
Testing/glioma/Te-gl_0044.jpg,0,glioma,2,0.006699456,0.25676876,0.73626125,0.00027054182
Testing/glioma/Te-gl_0045.jpg,0,glioma,2,0.0051208874,0.032017265,0.9628316,3.0141819e-05
Testing/glioma/Te-gl_0046.jpg,0,glioma,1,0.0010259786,0.91759354,0.08132111,5.941329e-05
Testing/glioma/Te-gl_0047.jpg,0,glioma,1,0.00017140276,0.99847823,0.0013490836,1.3071783e-06
Testing/glioma/Te-gl_0048.jpg,0,glioma,1,0.0005990313,0.9950197,0.004378322,3.0081794e-06
Testing/glioma/Te-gl_0049.jpg,0,glioma,0,0.99942255,0.0002263784,0.00035080168,2.711332e-07
Testing/glioma/Te-gl_0050.jpg,0,glioma,0,0.97216266,0.02783285,4.287636e-06,2.6725752e-07
Testing/glioma/Te-gl_0051.jpg,0,glioma,0,0.9969398,0.002956863,0.00010324423,1.5831037e-07
Testing/glioma/Te-gl_0052.jpg,0,glioma,0,0.9872705,5.657847e-05,0.012672766,1.1088904e-07
Testing/glioma/Te-gl_0053.jpg,0,glioma,0,0.9796112,0.0010245565,0.019336494,2.7784487e-05
Testing/glioma/Te-gl_0054.jpg,0,glioma,0,0.8820145,0.0017430932,0.11623568,6.7426013e-06
Testing/glioma/Te-gl_0055.jpg,0,glioma,2,0.012067317,0.0032836967,0.98454696,0.00010199914
Testing/glioma/Te-gl_0056.jpg,0,glioma,2,0.36483932,0.188764,0.446224,0.00017272141
Testing/glioma/Te-gl_0057.jpg,0,glioma,1,0.043296486,0.71617454,0.24029256,0.00023646148
Testing/glioma/Te-gl_0058.jpg,0,glioma,0,0.99585116,0.0038761175,0.00027168522,1.0023864e-06
Testing/glioma/Te-gl_0059.jpg,0,glioma,0,0.99903035,0.0006115126,0.00035813462,1.0728153e-08
Testing/glioma/Te-gl_0060.jpg,0,glioma,0,0.999595,0.00024342902,0.00016132405,2.3468466e-07
Testing/glioma/Te-gl_0061.jpg,0,glioma,0,0.99143434,0.0032278378,0.0053074914,3.033064e-05
Testing/glioma/Te-gl_0062.jpg,0,glioma,0,0.98217344,0.01685298,0.0009734001,1.7828887e-07
Testing/glioma/Te-gl_0063.jpg,0,glioma,0,0.74971545,0.2412337,0.00904492,5.930569e-06
Testing/glioma/Te-gl_0064.jpg,0,glioma,0,0.8479666,0.15189345,0.00010367698,3.6271278e-05
Testing/glioma/Te-gl_0065.jpg,0,glioma,0,0.98726255,0.010603272,0.0021184287,1.5828831e-05
Testing/glioma/Te-gl_0066.jpg,0,glioma,0,0.72913826,0.18216388,0.08842935,0.0002684663
Testing/glioma/Te-gl_0067.jpg,0,glioma,0,0.6967668,0.2332405,0.06986961,0.00012314031
Testing/glioma/Te-gl_0068.jpg,0,glioma,0,0.8507005,0.14365394,0.005633033,1.2501606e-05
Testing/glioma/Te-gl_0069.jpg,0,glioma,0,0.57352185,0.42246106,0.004007386,9.666503e-06
Testing/glioma/Te-gl_0070.jpg,0,glioma,0,0.6680412,0.042751506,0.28889954,0.0003076674
Testing/glioma/Te-gl_0071.jpg,0,glioma,0,0.93263066,0.06536292,0.0020057454,6.730028e-07
Testing/glioma/Te-gl_0072.jpg,0,glioma,2,0.2833525,0.0013069396,0.7153368,3.7940536e-06
Testing/glioma/Te-gl_0073.jpg,0,glioma,2,0.19687045,0.003842011,0.79149085,0.0077966326
Testing/glioma/Te-gl_0074.jpg,0,glioma,0,0.99895203,2.9712352e-05,0.0010173119,8.285101e-07
Testing/glioma/Te-gl_0075.jpg,0,glioma,0,0.93974864,8.4623716e-05,0.060166225,6.0638916e-07
Testing/glioma/Te-gl_0076.jpg,0,glioma,0,0.86440307,0.0024690544,0.13302805,9.990709e-05
Testing/glioma/Te-gl_0077.jpg,0,glioma,2,0.0840826,0.011615029,0.9037413,0.0005610646
Testing/glioma/Te-gl_0078.jpg,0,glioma,0,0.86236686,0.00029682432,0.1372598,7.654339e-05
Testing/glioma/Te-gl_0079.jpg,0,glioma,0,0.63593537,0.0016059071,0.36240113,5.769427e-05
Testing/glioma/Te-gl_0080.jpg,0,glioma,0,0.99796116,0.00018892298,0.0018310066,1.8924638e-05
Testing/glioma/Te-gl_0081.jpg,0,glioma,0,0.90691084,0.04984579,0.043143224,0.00010014051
Testing/glioma/Te-gl_0082.jpg,0,glioma,0,0.87467873,0.0031710349,0.12214744,2.8323375e-06
Testing/glioma/Te-gl_0083.jpg,0,glioma,2,0.11492365,0.34067562,0.5418572,0.0025435407
Testing/glioma/Te-gl_0084.jpg,0,glioma,0,0.8077155,0.1911087,0.0002171308,0.0009587189
Testing/glioma/Te-gl_0085.jpg,0,glioma,0,0.9969668,0.00072950043,0.0020878045,0.00021594303
Testing/glioma/Te-gl_0086.jpg,0,glioma,0,0.933361,0.0012202059,0.06540923,9.565001e-06
Testing/glioma/Te-gl_0087.jpg,0,glioma,2,0.007932416,0.0112959035,0.9807632,8.424849e-06
Testing/glioma/Te-gl_0088.jpg,0,glioma,2,0.0012678216,0.001431821,0.9972941,6.1354926e-06
Testing/glioma/Te-gl_0089.jpg,0,glioma,1,0.07308074,0.9263371,0.00035339888,0.00022882914
Testing/glioma/Te-gl_0090.jpg,0,glioma,0,0.8975407,0.07255615,0.029798875,0.00010437013
Testing/glioma/Te-gl_0091.jpg,0,glioma,0,0.97348255,0.022208717,0.004244467,6.4335465e-05
Testing/glioma/Te-gl_0092.jpg,0,glioma,0,0.91762346,0.08218314,0.00012126106,7.217284e-05
Testing/glioma/Te-gl_0093.jpg,0,glioma,0,0.9563438,0.038681142,0.004915384,5.965141e-05
Testing/glioma/Te-gl_0094.jpg,0,glioma,2,0.22729613,0.09814996,0.67448586,6.800093e-05
Testing/glioma/Te-gl_0095.jpg,0,glioma,0,0.9927959,0.00020721123,0.0069937464,3.103533e-06
Testing/glioma/Te-gl_0096.jpg,0,glioma,0,0.99502087,0.0048115556,0.00016548614,2.1053984e-06
Testing/glioma/Te-gl_0097.jpg,0,glioma,0,0.364945,0.2811133,0.3538673,7.444649e-05
Testing/glioma/Te-gl_0098.jpg,0,glioma,0,0.9198253,0.002075674,0.078093365,5.6218214e-06
Testing/glioma/Te-gl_0099.jpg,0,glioma,0,0.9938432,0.0059511084,8.259333e-05,0.00012306569
Testing/glioma/Te-gl_0100.jpg,0,glioma,0,0.7933637,0.015379331,0.19124123,1.5769803e-05
Testing/glioma/Te-gl_0101.jpg,0,glioma,0,0.8507545,0.14386457,0.0047178213,0.00066314253
Testing/glioma/Te-gl_0102.jpg,0,glioma,2,0.042621043,6.929702e-06,0.9573689,3.0861095e-06
Testing/glioma/Te-gl_0103.jpg,0,glioma,2,0.27456075,1.5648378e-05,0.72537285,5.07258e-05
Testing/glioma/Te-gl_0104.jpg,0,glioma,2,0.00875815,0.00033823287,0.9909031,4.2507912e-07
Testing/glioma/Te-gl_0105.jpg,0,glioma,2,0.017286306,0.000196304,0.98251706,3.2832546e-07
Testing/glioma/Te-gl_0106.jpg,0,glioma,0,0.94848144,0.017908113,0.03355926,5.1212864e-05
Testing/glioma/Te-gl_0107.jpg,0,glioma,1,0.091898456,0.54476625,0.36318696,0.00014832462
Testing/glioma/Te-gl_0108.jpg,0,glioma,0,0.9981171,0.0009103134,0.0009721461,4.4274697e-07
Testing/glioma/Te-gl_0109.jpg,0,glioma,1,0.10083982,0.89847267,0.0006752063,1.2263091e-05
Testing/glioma/Te-gl_0110.jpg,0,glioma,0,0.958807,0.040414523,0.0007728783,5.594972e-06
Testing/glioma/Te-gl_0111.jpg,0,glioma,0,0.99897444,3.1096777e-05,0.0009945139,1.7173768e-08
Testing/glioma/Te-gl_0112.jpg,0,glioma,0,0.99958616,3.9984454e-05,0.00037378634,2.7814737e-09
Testing/glioma/Te-gl_0113.jpg,0,glioma,2,0.03802797,0.0012801074,0.96068054,1.1370969e-05
Testing/glioma/Te-gl_0114.jpg,0,glioma,2,0.00077919,0.0010896148,0.9980773,5.386174e-05
Testing/glioma/Te-gl_0115.jpg,0,glioma,0,0.7411907,0.25876772,4.1548923e-05,2.8577308e-08
Testing/glioma/Te-gl_0116.jpg,0,glioma,0,0.91332144,0.086300075,0.00037785908,5.9800897e-07
Testing/glioma/Te-gl_0117.jpg,0,glioma,0,0.8044329,0.003986024,0.19158061,4.6353333e-07
Testing/glioma/Te-gl_0118.jpg,0,glioma,0,0.7323896,0.0049091782,0.26268867,1.25035185e-05
Testing/glioma/Te-gl_0119.jpg,0,glioma,0,0.8442832,0.15569006,2.4501269e-05,2.2379436e-06
Testing/glioma/Te-gl_0120.jpg,0,glioma,0,0.98674077,0.012027545,0.0012315618,1.0461616e-07
Testing/glioma/Te-gl_0121.jpg,0,glioma,2,0.13007213,0.2356582,0.6341392,0.0001304612
Testing/glioma/Te-gl_0122.jpg,0,glioma,1,0.0006814355,0.84513193,0.15418623,4.0922228e-07
Testing/glioma/Te-gl_0123.jpg,0,glioma,0,0.998357,0.0015023575,0.00014053735,1.4318958e-07
Testing/glioma/Te-gl_0124.jpg,0,glioma,0,0.59729433,0.4009492,0.0017555471,8.594961e-07
Testing/glioma/Te-gl_0125.jpg,0,glioma,1,0.20727465,0.68349487,0.10879277,0.0004377565
Testing/glioma/Te-gl_0126.jpg,0,glioma,2,0.015471875,0.35197717,0.6325059,4.5064295e-05
Testing/glioma/Te-gl_0127.jpg,0,glioma,0,0.7402728,0.25850508,0.0012208719,1.262776e-06
Testing/glioma/Te-gl_0128.jpg,0,glioma,0,0.5926273,0.34483707,0.062515855,1.9838073e-05
Testing/glioma/Te-gl_0129.jpg,0,glioma,1,0.36970645,0.6284739,0.0018096387,9.998141e-06
Testing/glioma/Te-gl_0130.jpg,0,glioma,2,0.01746909,0.051587533,0.93075067,0.00019272049
Testing/glioma/Te-gl_0131.jpg,0,glioma,0,0.9964664,0.0031758973,0.00035698208,6.3078295e-07
Testing/glioma/Te-gl_0132.jpg,0,glioma,0,0.91570383,0.032641627,0.051640328,1.4270879e-05
Testing/glioma/Te-gl_0133.jpg,0,glioma,1,0.42531186,0.56738,0.0073068384,1.2559838e-06
Testing/glioma/Te-gl_0134.jpg,0,glioma,0,0.9987324,0.0012225357,4.5142613e-05,1.7219982e-08
Testing/glioma/Te-gl_0135.jpg,0,glioma,0,0.85723734,0.00014973099,0.14261258,4.4100744e-07
Testing/glioma/Te-gl_0136.jpg,0,glioma,2,0.45898387,0.013109733,0.52767473,0.00023167701
Testing/glioma/Te-gl_0137.jpg,0,glioma,0,0.71860236,0.17908257,0.10219786,0.00011725855
Testing/glioma/Te-gl_0138.jpg,0,glioma,1,0.00954025,0.99044704,1.2738777e-05,6.5893374e-08
Testing/glioma/Te-gl_0139.jpg,0,glioma,2,0.42807057,0.05731427,0.5075013,0.007113844
Testing/glioma/Te-gl_0140.jpg,0,glioma,0,0.83275247,0.14894679,0.018300107,6.080026e-07
Testing/glioma/Te-gl_0141.jpg,0,glioma,0,0.9625718,0.0360722,0.0013554792,5.2563246e-07
Testing/glioma/Te-gl_0142.jpg,0,glioma,0,0.61713594,0.3700429,0.012792903,2.8274484e-05
Testing/glioma/Te-gl_0143.jpg,0,glioma,1,0.2028474,0.795756,0.0013687344,2.7925536e-05
Testing/glioma/Te-gl_0144.jpg,0,glioma,2,0.28384912,0.014059047,0.70207393,1.793623e-05
Testing/glioma/Te-gl_0145.jpg,0,glioma,0,0.9822801,0.017719477,3.8440632e-07,4.7597197e-08
Testing/glioma/Te-gl_0146.jpg,0,glioma,0,0.53579,0.43579507,0.028413234,1.700593e-06
Testing/glioma/Te-gl_0147.jpg,0,glioma,0,0.99783295,0.0021535028,1.3580526e-05,1.3156171e-09
Testing/glioma/Te-gl_0148.jpg,0,glioma,0,0.69648916,0.2987292,0.0047805584,1.0836028e-06
Testing/glioma/Te-gl_0149.jpg,0,glioma,0,0.92532617,0.074582174,9.165417e-05,3.3959985e-08
Testing/glioma/Te-gl_0150.jpg,0,glioma,0,0.85873395,0.1398864,0.0013689107,1.0684195e-05
Testing/glioma/Te-gl_0151.jpg,0,glioma,0,0.71746904,0.19265214,0.08980462,7.417024e-05
Testing/glioma/Te-gl_0152.jpg,0,glioma,2,0.010456969,0.082522206,0.9070053,1.5570735e-05
Testing/glioma/Te-gl_0153.jpg,0,glioma,0,0.5830882,0.33483326,0.07460596,0.00747257
Testing/glioma/Te-gl_0154.jpg,0,glioma,0,0.9960311,0.0039344304,3.4361823e-05,2.4832461e-08
Testing/glioma/Te-gl_0155.jpg,0,glioma,0,0.5976985,0.40102097,0.0012804085,1.0031866e-07
Testing/glioma/Te-gl_0156.jpg,0,glioma,1,0.3384291,0.42402446,0.20621295,0.031333517
Testing/glioma/Te-gl_0157.jpg,0,glioma,0,0.9995834,0.0003655349,5.0947205e-05,4.7059805e-09
Testing/glioma/Te-gl_0158.jpg,0,glioma,1,0.006357721,0.9926966,0.00094391545,1.7193003e-06
Testing/glioma/Te-gl_0159.jpg,0,glioma,2,0.06787634,0.26558068,0.66629785,0.00024514683
Testing/glioma/Te-gl_0160.jpg,0,glioma,1,0.066985644,0.8911789,0.041521173,0.00031435484
Testing/glioma/Te-gl_0161.jpg,0,glioma,0,0.8617646,0.13647006,0.0017634938,1.7844037e-06
Testing/glioma/Te-gl_0162.jpg,0,glioma,0,0.97520185,0.02248408,0.0022857252,2.845115e-05
Testing/glioma/Te-gl_0163.jpg,0,glioma,0,0.9863289,0.01132065,0.0022905217,5.9884544e-05
Testing/glioma/Te-gl_0164.jpg,0,glioma,0,0.9917275,0.0082695,2.9922392e-06,1.0497834e-07
Testing/glioma/Te-gl_0165.jpg,0,glioma,0,0.9999312,6.793967e-05,7.773988e-07,3.690248e-09
Testing/glioma/Te-gl_0166.jpg,0,glioma,0,0.9832072,0.015394101,0.0013974685,1.142187e-06
Testing/glioma/Te-gl_0167.jpg,0,glioma,0,0.48972183,0.34181225,0.16737686,0.0010890597
Testing/glioma/Te-gl_0168.jpg,0,glioma,0,0.7483322,0.25043282,0.0012234142,1.1602687e-05
Testing/glioma/Te-gl_0169.jpg,0,glioma,1,0.21867754,0.7799401,0.00138214,1.3978087e-07
Testing/glioma/Te-gl_0170.jpg,0,glioma,0,0.98872036,0.0055839317,0.005583543,0.00011213138
Testing/glioma/Te-gl_0171.jpg,0,glioma,0,0.9807155,0.019157024,0.00012652209,8.5794983e-07
Testing/glioma/Te-gl_0172.jpg,0,glioma,0,0.99334735,0.00028360944,0.0063671065,1.9245376e-06
Testing/glioma/Te-gl_0173.jpg,0,glioma,0,0.7565778,0.007973781,0.23544212,6.266262e-06
Testing/glioma/Te-gl_0174.jpg,0,glioma,0,0.78832716,0.2090662,0.00260642,2.4783157e-07
Testing/glioma/Te-gl_0175.jpg,0,glioma,0,0.9456721,0.052916933,0.0014109114,2.8118885e-08
Testing/glioma/Te-gl_0176.jpg,0,glioma,0,0.9946673,0.00013944333,0.005186743,6.548002e-06
Testing/glioma/Te-gl_0177.jpg,0,glioma,0,0.9867675,0.013231561,9.1820385e-07,2.4758342e-09
Testing/glioma/Te-gl_0178.jpg,0,glioma,1,0.39042702,0.6044992,0.005072952,7.6349994e-07
Testing/glioma/Te-gl_0179.jpg,0,glioma,0,0.9362201,0.06339877,0.00037869066,2.4772546e-06
Testing/glioma/Te-gl_0180.jpg,0,glioma,0,0.8864696,0.11167686,0.0018324631,2.1114352e-05
Testing/glioma/Te-gl_0181.jpg,0,glioma,0,0.99149805,0.008495736,6.1190326e-06,4.4566736e-08
Testing/glioma/Te-gl_0182.jpg,0,glioma,0,0.60293216,0.37032184,0.026743524,2.4451328e-06
Testing/glioma/Te-gl_0183.jpg,0,glioma,0,0.99695396,0.00037784624,0.002666087,2.1841217e-06
Testing/glioma/Te-gl_0184.jpg,0,glioma,0,0.94723094,0.012851552,0.039912798,4.750036e-06
Testing/glioma/Te-gl_0185.jpg,0,glioma,0,0.9830913,0.016204663,0.0007014418,2.5777815e-06
Testing/glioma/Te-gl_0186.jpg,0,glioma,0,0.9904654,0.008744499,0.00031807108,0.0004720541
Testing/glioma/Te-gl_0187.jpg,0,glioma,0,0.99991333,8.4039326e-05,2.6066427e-06,1.6258812e-09
Testing/glioma/Te-gl_0188.jpg,0,glioma,0,0.99859375,0.00027700036,0.001125656,3.5864257e-06
Testing/glioma/Te-gl_0189.jpg,0,glioma,0,0.58062214,0.41885146,0.0005261393,2.3356895e-07
Testing/glioma/Te-gl_0190.jpg,0,glioma,0,0.7691163,0.22593254,0.004916594,3.4584526e-05
Testing/glioma/Te-gl_0191.jpg,0,glioma,0,0.85145646,0.13750882,0.011033424,1.2821381e-06
Testing/glioma/Te-gl_0192.jpg,0,glioma,0,0.54650015,0.42769092,0.025808064,8.657106e-07
Testing/glioma/Te-gl_0193.jpg,0,glioma,0,0.99979156,0.00020777693,7.186922e-07,1.4498375e-08
Testing/glioma/Te-gl_0194.jpg,0,glioma,0,0.8448108,0.15290602,0.0022828616,2.984161e-07
Testing/glioma/Te-gl_0195.jpg,0,glioma,1,0.07912742,0.90826356,0.012608211,7.779198e-07
Testing/glioma/Te-gl_0196.jpg,0,glioma,2,0.0955046,0.357582,0.54686266,5.0709918e-05
Testing/glioma/Te-gl_0197.jpg,0,glioma,0,0.55486107,0.424122,0.021003343,1.3576709e-05
Testing/glioma/Te-gl_0198.jpg,0,glioma,1,0.42732748,0.5656241,0.0070483875,3.1373954e-08
Testing/glioma/Te-gl_0199.jpg,0,glioma,1,0.359919,0.6399239,0.00015589208,1.1584583e-06
Testing/glioma/Te-gl_0200.jpg,0,glioma,0,0.9270229,0.072621904,0.00035420718,1.0236058e-06
Testing/glioma/Te-gl_0201.jpg,0,glioma,1,0.025464248,0.97211975,0.002416004,1.3898409e-08
Testing/glioma/Te-gl_0202.jpg,0,glioma,1,0.031777963,0.9621516,0.0060700714,4.0946728e-07
Testing/glioma/Te-gl_0203.jpg,0,glioma,0,0.9991385,2.1373991e-05,0.0008400308,1.08929825e-07
Testing/glioma/Te-gl_0204.jpg,0,glioma,1,0.25809723,0.7369475,0.0049541914,1.1287016e-06
Testing/glioma/Te-gl_0205.jpg,0,glioma,0,0.62705934,0.3686645,0.004265894,1.022177e-05
Testing/glioma/Te-gl_0206.jpg,0,glioma,0,0.70608413,0.17715946,0.11643277,0.0003236251
Testing/glioma/Te-gl_0207.jpg,0,glioma,1,0.17339468,0.82366645,0.0029239783,1.49319985e-05
Testing/glioma/Te-gl_0208.jpg,0,glioma,1,0.027788635,0.86722594,0.10486149,0.00012400065
Testing/glioma/Te-gl_0209.jpg,0,glioma,0,0.9904327,0.009434867,2.907554e-05,0.00010335195
Testing/glioma/Te-gl_0210.jpg,0,glioma,0,0.9999771,2.017132e-05,2.7074746e-06,1.6578079e-09
Testing/glioma/Te-gl_0211.jpg,0,glioma,0,0.97866714,0.017135175,0.004105079,9.2573624e-05
Testing/glioma/Te-gl_0212.jpg,0,glioma,0,0.9993088,0.00064430817,4.6061825e-05,7.9681786e-07
Testing/glioma/Te-gl_0213.jpg,0,glioma,0,0.9991073,0.0008628813,2.9448363e-05,2.7932592e-07
Testing/glioma/Te-gl_0214.jpg,0,glioma,0,0.9999188,6.730265e-05,1.3835582e-05,3.8786325e-08
Testing/glioma/Te-gl_0215.jpg,0,glioma,0,0.988311,0.0015198345,0.010160906,8.225764e-06
Testing/glioma/Te-gl_0216.jpg,0,glioma,0,0.99932003,0.00052671385,0.0001529291,3.3590123e-07
Testing/glioma/Te-gl_0217.jpg,0,glioma,1,0.42319757,0.56665224,0.010148234,1.8968065e-06
Testing/glioma/Te-gl_0218.jpg,0,glioma,0,0.55781996,0.44001013,0.0021675932,2.250455e-06
Testing/glioma/Te-gl_0219.jpg,0,glioma,0,0.9223575,0.04251338,0.034258023,0.0008711527
Testing/glioma/Te-gl_0220.jpg,0,glioma,0,0.9230995,0.07576535,0.0011335238,1.5744571e-06
Testing/glioma/Te-gl_0221.jpg,0,glioma,0,0.9991622,0.0004945364,1.28242045e-05,0.00033049777
Testing/glioma/Te-gl_0222.jpg,0,glioma,0,0.4603564,0.09967848,0.43880218,0.0011628731
Testing/glioma/Te-gl_0223.jpg,0,glioma,0,0.9837039,0.012343995,0.003943493,8.580094e-06
Testing/glioma/Te-gl_0224.jpg,0,glioma,0,0.73321295,0.1701283,0.09664636,1.236049e-05
Testing/glioma/Te-gl_0225.jpg,0,glioma,0,0.9999746,1.3467276e-05,1.1915437e-05,4.1967625e-09
Testing/glioma/Te-gl_0226.jpg,0,glioma,0,0.99977046,0.0002218333,7.666423e-06,7.06239e-08
Testing/glioma/Te-gl_0227.jpg,0,glioma,0,0.996089,0.0009757009,0.0029331497,2.1754877e-06
Testing/glioma/Te-gl_0228.jpg,0,glioma,0,0.97187966,0.02709306,0.001027263,4.8736545e-08
Testing/glioma/Te-gl_0229.jpg,0,glioma,2,0.009808966,0.02345848,0.966418,0.00031449602
Testing/glioma/Te-gl_0230.jpg,0,glioma,0,0.935775,0.03188547,0.032118075,0.00022152928
Testing/glioma/Te-gl_0231.jpg,0,glioma,1,0.017114317,0.6127108,0.37009797,7.6910386e-05
Testing/glioma/Te-gl_0232.jpg,0,glioma,1,0.0030383512,0.98718274,0.009773426,5.5755313e-06
Testing/glioma/Te-gl_0233.jpg,0,glioma,1,0.011890243,0.88420373,0.10387586,3.0181362e-05
Testing/glioma/Te-gl_0234.jpg,0,glioma,1,0.014300283,0.859251,0.1263396,0.00010916864
Testing/glioma/Te-gl_0235.jpg,0,glioma,0,0.7938165,0.19010586,0.016076637,1.0341722e-06
Testing/glioma/Te-gl_0236.jpg,0,glioma,0,0.9146085,0.053023994,0.032362428,5.000543e-06
Testing/glioma/Te-gl_0237.jpg,0,glioma,1,9.7739385e-06,0.99994123,4.87351e-05,2.813787e-07
Testing/glioma/Te-gl_0238.jpg,0,glioma,2,0.011907763,0.44534734,0.5427346,1.035913e-05
Testing/glioma/Te-gl_0239.jpg,0,glioma,1,0.0035978712,0.80171937,0.19467613,6.5738054e-06
Testing/glioma/Te-gl_0240.jpg,0,glioma,1,0.107554324,0.57458746,0.31785604,2.21808e-06
Testing/glioma/Te-gl_0241.jpg,0,glioma,1,0.2636316,0.6223796,0.11398234,6.405143e-06
Testing/glioma/Te-gl_0242.jpg,0,glioma,1,0.008606625,0.9637929,0.027596503,3.969779e-06
Testing/glioma/Te-gl_0243.jpg,0,glioma,1,0.006663447,0.9913852,0.0019509064,3.7838385e-07
Testing/glioma/Te-gl_0244.jpg,0,glioma,0,0.9030864,0.09220054,0.004701727,1.1333717e-05
Testing/glioma/Te-gl_0245.jpg,0,glioma,1,0.00032585784,0.9990883,0.00058573694,9.364415e-08
Testing/glioma/Te-gl_0246.jpg,0,glioma,1,0.03128528,0.7812259,0.18747133,1.7519034e-05
Testing/glioma/Te-gl_0247.jpg,0,glioma,1,0.0006835629,0.988629,0.010673986,1.3449372e-05
Testing/glioma/Te-gl_0248.jpg,0,glioma,1,0.015236831,0.69702744,0.28773072,4.9457826e-06
Testing/glioma/Te-gl_0249.jpg,0,glioma,1,0.022512026,0.9664097,0.011068673,9.719502e-06
Testing/glioma/Te-gl_0250.jpg,0,glioma,0,0.45020276,0.38174215,0.16797927,7.5914744e-05
Testing/glioma/Te-gl_0251.jpg,0,glioma,2,0.009777279,0.023517983,0.9664597,0.0002450653
Testing/glioma/Te-gl_0252.jpg,0,glioma,0,0.4962237,0.34863472,0.15459487,0.00054674706
Testing/glioma/Te-gl_0253.jpg,0,glioma,1,0.06810749,0.93011826,0.0017738094,4.313023e-07
Testing/glioma/Te-gl_0254.jpg,0,glioma,1,0.43952549,0.52783275,0.032641515,2.640695e-07
Testing/glioma/Te-gl_0255.jpg,0,glioma,1,0.0001874444,0.9101146,0.08969734,6.4312457e-07
Testing/glioma/Te-gl_0256.jpg,0,glioma,2,0.3254657,0.050403927,0.6240919,3.8438844e-05
Testing/glioma/Te-gl_0257.jpg,0,glioma,0,0.6394529,0.31743455,0.043064225,4.8409267e-05
Testing/glioma/Te-gl_0258.jpg,0,glioma,1,0.0001865687,0.9997892,2.4257417e-05,2.4340139e-09
Testing/glioma/Te-gl_0259.jpg,0,glioma,1,0.0077610775,0.81946427,0.17264973,0.00012495526
Testing/glioma/Te-gl_0260.jpg,0,glioma,1,0.021602742,0.9757612,0.002613715,2.2312344e-05
Testing/glioma/Te-gl_0261.jpg,0,glioma,0,0.5744948,0.42471874,0.0007819993,4.4759295e-06
Testing/glioma/Te-gl_0262.jpg,0,glioma,0,0.8215941,0.1578912,0.020371992,0.00014272051
Testing/glioma/Te-gl_0263.jpg,0,glioma,0,0.58087873,0.25425696,0.16484074,2.3564015e-05
Testing/glioma/Te-gl_0264.jpg,0,glioma,1,0.001481623,0.99825615,0.00026105132,1.2845823e-06
Testing/glioma/Te-gl_0265.jpg,0,glioma,1,0.015143664,0.93350464,0.05134016,1.1551656e-05
Testing/glioma/Te-gl_0266.jpg,0,glioma,1,0.33268756,0.6465346,0.020771082,6.6896096e-06
Testing/glioma/Te-gl_0267.jpg,0,glioma,0,0.6133601,0.31976005,0.06682393,5.5906214e-05
Testing/glioma/Te-gl_0268.jpg,0,glioma,2,0.0035295787,0.07798088,0.918106,0.00038351398
Testing/glioma/Te-gl_0269.jpg,0,glioma,0,0.99905425,0.000486642,0.0004588699,2.0962992e-07
Testing/glioma/Te-gl_0270.jpg,0,glioma,1,0.4366728,0.5069274,0.05637625,2.3574266e-05
Testing/glioma/Te-gl_0271.jpg,0,glioma,2,0.017478604,0.23691255,0.74527216,0.0003367165
Testing/glioma/Te-gl_0272.jpg,0,glioma,0,0.8692925,0.03654737,0.09121289,0.002947365
Testing/glioma/Te-gl_0273.jpg,0,glioma,0,0.45802715,0.23792368,0.30314633,0.00090285606
Testing/glioma/Te-gl_0274.jpg,0,glioma,0,0.88650215,0.0844005,0.029096121,1.2928934e-06
Testing/glioma/Te-gl_0275.jpg,0,glioma,1,0.016717229,0.87264216,0.110582836,5.775766e-05
Testing/glioma/Te-gl_0276.jpg,0,glioma,1,0.014644392,0.97161746,0.0137268845,1.12535845e-05
Testing/glioma/Te-gl_0277.jpg,0,glioma,1,0.20600821,0.7595643,0.03432506,0.00010251335
Testing/glioma/Te-gl_0278.jpg,0,glioma,0,0.5481137,0.23745552,0.21432199,0.00010873546
Testing/glioma/Te-gl_0279.jpg,0,glioma,1,0.2984946,0.57347924,0.12802395,2.2176011e-06
Testing/glioma/Te-gl_0280.jpg,0,glioma,1,0.048641887,0.9481115,0.0032296374,1.6996333e-05
Testing/glioma/Te-gl_0281.jpg,0,glioma,0,0.8131694,0.18327893,0.003551129,5.0392305e-07
Testing/glioma/Te-gl_0282.jpg,0,glioma,1,0.3035662,0.67484105,0.021592665,9.5095004e-08
Testing/glioma/Te-gl_0283.jpg,0,glioma,1,0.2726757,0.6833222,0.044001322,7.942974e-07
Testing/glioma/Te-gl_0284.jpg,0,glioma,0,0.95082563,0.025293607,0.02387618,4.6502605e-06
Testing/glioma/Te-gl_0285.jpg,0,glioma,0,0.7197105,0.2791533,0.0011310834,5.023208e-06
Testing/glioma/Te-gl_0286.jpg,0,glioma,0,0.9972451,8.2136736e-05,0.0026721365,7.1193045e-07
Testing/glioma/Te-gl_0287.jpg,0,glioma,0,0.9977877,0.0010538461,0.0011583534,1.0858542e-07
Testing/glioma/Te-gl_0288.jpg,0,glioma,2,0.32094708,0.015091408,0.6639584,3.1654265e-06
Testing/glioma/Te-gl_0289.jpg,0,glioma,0,0.90219265,0.054888338,0.0428687,5.0308816e-05
Testing/glioma/Te-gl_0290.jpg,0,glioma,0,0.8727745,0.018255545,0.10895197,1.7957584e-05
Testing/glioma/Te-gl_0291.jpg,0,glioma,0,0.66600394,0.114664465,0.21928641,4.5144774e-05
Testing/glioma/Te-gl_0292.jpg,0,glioma,0,0.5864532,0.0016475234,0.4115683,0.00033092778
Testing/glioma/Te-gl_0293.jpg,0,glioma,0,0.9913123,0.008376076,0.00029571136,1.596236e-05
Testing/glioma/Te-gl_0294.jpg,0,glioma,0,0.9326314,0.046624996,0.02074268,1.0183157e-06
Testing/glioma/Te-gl_0295.jpg,0,glioma,1,0.077990524,0.6187412,0.3029615,0.00030676858
Testing/glioma/Te-gl_0296.jpg,0,glioma,2,0.07695939,0.006129193,0.916905,6.429854e-06
Testing/glioma/Te-gl_0297.jpg,0,glioma,2,0.098197415,0.008992089,0.8927436,6.691634e-05
Testing/glioma/Te-gl_0298.jpg,0,glioma,0,0.9813814,0.00041391267,0.018204546,1.4554303e-07
Testing/glioma/Te-gl_0299.jpg,0,glioma,0,0.98644817,0.0056888945,0.0042995336,0.0035634176
Testing/meningioma/Te-meTr_0000.jpg,1,meningioma,1,8.784942e-09,0.9999995,4.4393073e-07,4.1967645e-12
Testing/meningioma/Te-meTr_0001.jpg,1,meningioma,0,0.98505384,0.005757649,0.009169005,1.9541085e-05
Testing/meningioma/Te-meTr_0002.jpg,1,meningioma,1,0.005210634,0.9472814,0.047215387,0.0002925288
Testing/meningioma/Te-meTr_0003.jpg,1,meningioma,1,1.7889596e-08,0.9999789,2.105052e-05,1.4076926e-10
Testing/meningioma/Te-meTr_0004.jpg,1,meningioma,2,1.8270075e-06,0.20032783,0.79966843,1.9277604e-06
Testing/meningioma/Te-meTr_0005.jpg,1,meningioma,2,0.00022343961,0.4788544,0.5132925,0.007629656
Testing/meningioma/Te-meTr_0006.jpg,1,meningioma,1,0.00061112246,0.9417202,0.057297014,0.00037160548
Testing/meningioma/Te-meTr_0007.jpg,1,meningioma,1,0.006606037,0.77122617,0.22214694,2.078179e-05
Testing/meningioma/Te-meTr_0008.jpg,1,meningioma,1,6.0105976e-05,0.95368725,0.04621104,4.1611325e-05
Testing/meningioma/Te-meTr_0009.jpg,1,meningioma,1,7.5170604e-08,0.9998796,0.000120158445,5.212322e-08
Testing/meningioma/Te-me_0010.jpg,1,meningioma,1,0.00011355981,0.8600465,0.13983855,1.3530557e-06
Testing/meningioma/Te-me_0011.jpg,1,meningioma,2,6.672471e-06,0.028341042,0.97149336,0.00015883597
Testing/meningioma/Te-me_0012.jpg,1,meningioma,1,7.599181e-10,0.9999999,1.729151e-07,1.5486214e-10
Testing/meningioma/Te-me_0013.jpg,1,meningioma,1,0.00019831503,0.9997235,6.0950642e-05,1.720284e-05
Testing/meningioma/Te-me_0014.jpg,1,meningioma,1,7.0579844e-08,0.99999905,8.123391e-07,7.354588e-11
Testing/meningioma/Te-me_0015.jpg,1,meningioma,1,3.5560362e-05,0.9998293,7.663106e-05,5.8537167e-05
Testing/meningioma/Te-me_0016.jpg,1,meningioma,2,9.3301185e-07,0.40872723,0.5912706,1.2636864e-06
Testing/meningioma/Te-me_0017.jpg,1,meningioma,2,7.492326e-06,0.37938792,0.62060136,3.2675875e-06
Testing/meningioma/Te-me_0018.jpg,1,meningioma,1,0.18467958,0.8141731,0.0011157506,3.154702e-05
Testing/meningioma/Te-me_0019.jpg,1,meningioma,1,1.9973384e-05,0.99986434,0.00011419875,1.3594988e-06
Testing/meningioma/Te-me_0020.jpg,1,meningioma,1,2.620972e-08,0.99995685,4.3144562e-05,5.424934e-09
Testing/meningioma/Te-me_0021.jpg,1,meningioma,1,9.043147e-05,0.99983084,7.607559e-05,2.6126543e-06
Testing/meningioma/Te-me_0022.jpg,1,meningioma,1,0.021731999,0.81879514,0.1590665,0.0004063249
Testing/meningioma/Te-me_0023.jpg,1,meningioma,1,8.547847e-09,0.9999893,1.0760579e-05,8.655669e-09
Testing/meningioma/Te-me_0024.jpg,1,meningioma,1,0.00064142555,0.99929225,4.0578325e-05,2.5781499e-05
Testing/meningioma/Te-me_0025.jpg,1,meningioma,1,1.0231284e-08,1.0,9.980942e-09,3.3902143e-09
Testing/meningioma/Te-me_0026.jpg,1,meningioma,1,1.1372789e-09,1.0,7.470388e-10,1.6251395e-08
Testing/meningioma/Te-me_0027.jpg,1,meningioma,1,2.5859697e-07,0.99999845,1.349405e-06,3.4019851e-09
Testing/meningioma/Te-me_0028.jpg,1,meningioma,1,2.0467846e-08,0.9999999,1.2074884e-07,3.1568838e-08
Testing/meningioma/Te-me_0029.jpg,1,meningioma,1,7.356254e-08,0.9995338,0.00046574418,3.272842e-07
Testing/meningioma/Te-me_0030.jpg,1,meningioma,1,0.00076036534,0.98760635,0.011628593,4.742906e-06
Testing/meningioma/Te-me_0031.jpg,1,meningioma,1,0.00011355981,0.8600465,0.13983855,1.3530557e-06
Testing/meningioma/Te-me_0032.jpg,1,meningioma,1,0.095751084,0.81206703,0.09207393,0.000107989574
Testing/meningioma/Te-me_0033.jpg,1,meningioma,1,1.6090097e-06,0.9815637,0.018434256,4.5119572e-07
Testing/meningioma/Te-me_0034.jpg,1,meningioma,2,0.00023865112,0.43332037,0.5584219,0.008019074
Testing/meningioma/Te-me_0035.jpg,1,meningioma,1,0.00010429071,0.99277544,0.0059678084,0.0011524641
Testing/meningioma/Te-me_0036.jpg,1,meningioma,1,0.00014983046,0.99072146,0.009125517,3.134637e-06
Testing/meningioma/Te-me_0037.jpg,1,meningioma,2,0.00270188,0.050334882,0.94670635,0.00025684934
Testing/meningioma/Te-me_0038.jpg,1,meningioma,1,6.960785e-05,0.9399028,0.059977844,4.978569e-05
Testing/meningioma/Te-me_0039.jpg,1,meningioma,1,4.0765343e-07,0.9999926,6.9125144e-06,1.2615081e-07
Testing/meningioma/Te-me_0040.jpg,1,meningioma,1,1.9319495e-07,0.9986077,0.0013920754,1.55963e-09
Testing/meningioma/Te-me_0041.jpg,1,meningioma,2,1.2391143e-06,0.3740601,0.6259372,1.4413897e-06
Testing/meningioma/Te-me_0042.jpg,1,meningioma,1,1.8679149e-08,0.99999845,1.532146e-06,7.8350565e-10
Testing/meningioma/Te-me_0043.jpg,1,meningioma,1,3.1502299e-09,1.0,7.6088985e-10,1.36363785e-11
Testing/meningioma/Te-me_0044.jpg,1,meningioma,1,3.9585346e-05,0.99961865,0.00034115266,6.2899636e-07
Testing/meningioma/Te-me_0045.jpg,1,meningioma,1,0.015889755,0.8714792,0.111832686,0.0007983933
Testing/meningioma/Te-me_0046.jpg,1,meningioma,1,0.0014120598,0.67732674,0.32121083,5.0334358e-05
Testing/meningioma/Te-me_0047.jpg,1,meningioma,1,9.609237e-05,0.9998242,7.964735e-05,3.7111565e-08
Testing/meningioma/Te-me_0048.jpg,1,meningioma,1,0.00076486304,0.99351126,0.0021436573,0.0035801672
Testing/meningioma/Te-me_0049.jpg,1,meningioma,1,1.6580627e-05,0.998779,0.0012028717,1.53073e-06
Testing/meningioma/Te-me_0050.jpg,1,meningioma,1,2.8127748e-12,0.9999999,6.278261e-08,5.5115366e-09
Testing/meningioma/Te-me_0051.jpg,1,meningioma,1,9.567224e-05,0.99530655,0.0045877127,1.0105922e-05
Testing/meningioma/Te-me_0052.jpg,1,meningioma,1,2.4079156e-06,0.9991605,0.0008046063,3.2444364e-05
Testing/meningioma/Te-me_0053.jpg,1,meningioma,1,7.4623057e-07,0.9999603,3.8807902e-05,1.7907433e-07
Testing/meningioma/Te-me_0054.jpg,1,meningioma,1,1.8679149e-08,0.99999845,1.532146e-06,7.8350565e-10
Testing/meningioma/Te-me_0055.jpg,1,meningioma,1,1.1554e-09,1.0,1.7536471e-10,3.329383e-12
Testing/meningioma/Te-me_0056.jpg,1,meningioma,1,2.0741902e-06,0.99999785,9.3719926e-08,4.888399e-10
Testing/meningioma/Te-me_0057.jpg,1,meningioma,2,0.00037245953,0.15165952,0.8477565,0.00021150347
Testing/meningioma/Te-me_0058.jpg,1,meningioma,1,0.00012744896,0.9991418,0.0007305783,1.9619742e-07
Testing/meningioma/Te-me_0059.jpg,1,meningioma,2,0.00059503637,0.06383549,0.9344424,0.0011270844
Testing/meningioma/Te-me_0060.jpg,1,meningioma,1,0.00032321567,0.9973272,0.0023455636,3.9505358e-06
Testing/meningioma/Te-me_0061.jpg,1,meningioma,1,4.0831105e-10,1.0,4.229344e-08,4.1762252e-10
Testing/meningioma/Te-me_0062.jpg,1,meningioma,1,5.3157883e-06,0.9090098,0.090962306,2.2607175e-05
Testing/meningioma/Te-me_0063.jpg,1,meningioma,1,6.586626e-06,0.99942434,0.0005690747,9.222628e-09
Testing/meningioma/Te-me_0064.jpg,1,meningioma,1,2.791339e-06,0.8612978,0.13869774,1.6781554e-06
Testing/meningioma/Te-me_0065.jpg,1,meningioma,1,1.9553277e-06,0.9980868,0.0019109244,3.6805514e-07
Testing/meningioma/Te-me_0066.jpg,1,meningioma,1,0.0012596479,0.9981723,0.00055435457,1.3729142e-05
Testing/meningioma/Te-me_0067.jpg,1,meningioma,1,0.097434804,0.8935584,0.009000258,6.6224225e-06
Testing/meningioma/Te-me_0068.jpg,1,meningioma,1,8.873099e-10,1.0,5.9898386e-10,1.6499099e-08
Testing/meningioma/Te-me_0069.jpg,1,meningioma,1,5.1334296e-06,0.6469814,0.35301155,1.8651045e-06
Testing/meningioma/Te-me_0070.jpg,1,meningioma,1,0.00023234496,0.998705,0.0009493566,0.00011316572
Testing/meningioma/Te-me_0071.jpg,1,meningioma,1,0.00037085288,0.9994925,0.00013610724,4.8981315e-07
Testing/meningioma/Te-me_0072.jpg,1,meningioma,1,0.12527563,0.726603,0.14310798,0.005013467
Testing/meningioma/Te-me_0073.jpg,1,meningioma,1,0.00037085288,0.9994925,0.00013610724,4.8981315e-07
Testing/meningioma/Te-me_0074.jpg,1,meningioma,1,4.7039993e-08,0.99999714,2.8356803e-06,3.6471224e-08
Testing/meningioma/Te-me_0075.jpg,1,meningioma,1,6.408886e-07,0.9999963,3.1099992e-06,1.1892021e-08
Testing/meningioma/Te-me_0076.jpg,1,meningioma,1,4.9561695e-08,0.99999976,1.6738322e-07,3.0884042e-08
Testing/meningioma/Te-me_0077.jpg,1,meningioma,1,1.9439933e-07,0.9999987,1.1242985e-06,2.6666358e-09
Testing/meningioma/Te-me_0078.jpg,1,meningioma,1,9.178716e-05,0.99227613,0.0064777127,0.001154437
Testing/meningioma/Te-me_0079.jpg,1,meningioma,2,0.00036647797,0.2733418,0.7262908,9.56574e-07
Testing/meningioma/Te-me_0080.jpg,1,meningioma,1,0.014555641,0.9367517,0.048386544,0.00030606423
Testing/meningioma/Te-me_0081.jpg,1,meningioma,1,2.0074559e-08,0.9704296,0.029348169,0.00022226722
Testing/meningioma/Te-me_0082.jpg,1,meningioma,1,0.00010001922,0.95265335,0.04723459,1.2002518e-05
Testing/meningioma/Te-me_0083.jpg,1,meningioma,1,1.2831483e-05,0.99896884,0.0010182146,1.2469894e-07
Testing/meningioma/Te-me_0084.jpg,1,meningioma,1,0.0047246763,0.7795914,0.20643751,0.009246432
Testing/meningioma/Te-me_0085.jpg,1,meningioma,2,0.00034185534,0.39598835,0.603545,0.0001247383
Testing/meningioma/Te-me_0086.jpg,1,meningioma,1,3.3254057e-08,0.99996614,3.384605e-05,3.7409214e-09
Testing/meningioma/Te-me_0087.jpg,1,meningioma,2,4.281614e-05,0.4791389,0.52046037,0.00035795744
Testing/meningioma/Te-me_0088.jpg,1,meningioma,1,7.333227e-05,0.99883324,0.0008593757,0.00023408343
Testing/meningioma/Te-me_0089.jpg,1,meningioma,1,9.607651e-06,0.99956423,0.0004260236,9.16549e-08
Testing/meningioma/Te-me_0090.jpg,1,meningioma,1,6.2201884e-06,0.99981946,0.0001742278,9.868041e-08
Testing/meningioma/Te-me_0091.jpg,1,meningioma,1,1.413653e-06,0.8240688,0.17592582,4.0117434e-06
Testing/meningioma/Te-me_0092.jpg,1,meningioma,0,0.71670026,0.27588037,0.0024072635,0.00501208
Testing/meningioma/Te-me_0093.jpg,1,meningioma,1,0.00064889836,0.98593754,0.013397571,1.6002437e-05
Testing/meningioma/Te-me_0094.jpg,1,meningioma,2,0.00012943178,0.03541272,0.9644448,1.2994957e-05
Testing/meningioma/Te-me_0095.jpg,1,meningioma,1,4.684902e-09,0.9999999,1.5711692e-08,7.4980164e-08
Testing/meningioma/Te-me_0096.jpg,1,meningioma,1,9.398521e-05,0.9914159,0.008477595,1.2479363e-05
Testing/meningioma/Te-me_0097.jpg,1,meningioma,1,0.0023592573,0.7258855,0.26725113,0.00450415
Testing/meningioma/Te-me_0098.jpg,1,meningioma,1,5.119086e-07,0.9989888,0.001010684,3.8201765e-08
Testing/meningioma/Te-me_0099.jpg,1,meningioma,1,1.9987262e-06,0.90976626,0.090225935,5.875037e-06
Testing/meningioma/Te-me_0100.jpg,1,meningioma,1,0.0007005071,0.9050403,0.094231635,2.7518165e-05
Testing/meningioma/Te-me_0101.jpg,1,meningioma,1,2.2167605e-07,0.9977361,0.0022583245,5.375536e-06
Testing/meningioma/Te-me_0102.jpg,1,meningioma,1,0.00013491717,0.62690514,0.3727928,0.0001670902
Testing/meningioma/Te-me_0103.jpg,1,meningioma,1,0.046581164,0.8355476,0.11396751,0.0039037233
Testing/meningioma/Te-me_0104.jpg,1,meningioma,1,9.4020685e-09,0.9999999,1.05504085e-07,3.7570526e-08
Testing/meningioma/Te-me_0105.jpg,1,meningioma,1,9.178304e-07,0.9999403,5.8437516e-05,3.8721464e-07
Testing/meningioma/Te-me_0106.jpg,1,meningioma,2,1.540029e-08,0.11066722,0.88933253,2.3956883e-07
Testing/meningioma/Te-me_0107.jpg,1,meningioma,2,1.564131e-08,0.019332038,0.9806678,1.2058466e-07
Testing/meningioma/Te-me_0108.jpg,1,meningioma,1,0.00014342957,0.7025246,0.29719716,0.00013475696
Testing/meningioma/Te-me_0109.jpg,1,meningioma,1,0.0007235777,0.99283,0.006395161,5.1230305e-05
Testing/meningioma/Te-me_0110.jpg,1,meningioma,1,0.0026343518,0.8514923,0.14577834,9.504944e-05
Testing/meningioma/Te-me_0111.jpg,1,meningioma,2,5.2780973e-07,0.0004119903,0.99957734,1.0107404e-05
Testing/meningioma/Te-me_0112.jpg,1,meningioma,1,3.9906507e-05,0.8404757,0.15948342,9.720933e-07
Testing/meningioma/Te-me_0113.jpg,1,meningioma,1,1.1635491e-07,0.547175,0.45282474,1.5359653e-07
Testing/meningioma/Te-me_0114.jpg,1,meningioma,1,1.2589764e-07,0.99885595,0.0011439183,1.020446e-09
Testing/meningioma/Te-me_0115.jpg,1,meningioma,1,0.0901372,0.83472824,0.06738054,0.0077540963
Testing/meningioma/Te-me_0116.jpg,1,meningioma,1,0.0016203579,0.9729211,0.02533773,0.00012089434
Testing/meningioma/Te-me_0117.jpg,1,meningioma,2,0.0005586746,0.30994052,0.6894746,2.6251537e-05
Testing/meningioma/Te-me_0118.jpg,1,meningioma,1,0.033618275,0.36515737,0.2699114,0.33131295
Testing/meningioma/Te-me_0119.jpg,1,meningioma,1,1.2858669e-05,0.9921152,0.007871071,7.9075e-07
Testing/meningioma/Te-me_0120.jpg,1,meningioma,2,0.0011415381,0.14836694,0.85045487,3.6625355e-05
Testing/meningioma/Te-me_0121.jpg,1,meningioma,1,0.10814083,0.55115527,0.076992445,0.26371145
Testing/meningioma/Te-me_0122.jpg,1,meningioma,2,0.00018619024,0.22835508,0.7713909,6.774032e-05
Testing/meningioma/Te-me_0123.jpg,1,meningioma,1,0.12853345,0.81268543,0.058634333,0.00014677929
Testing/meningioma/Te-me_0124.jpg,1,meningioma,2,0.00071425707,0.4150446,0.5831267,0.0011144042
Testing/meningioma/Te-me_0125.jpg,1,meningioma,1,5.9228626e-08,0.9995958,0.00040409123,6.326043e-08
Testing/meningioma/Te-me_0126.jpg,1,meningioma,1,6.8266684e-07,0.9999323,6.686851e-05,1.0243445e-07
Testing/meningioma/Te-me_0127.jpg,1,meningioma,2,0.08936918,0.30565384,0.60440123,0.0005757726
Testing/meningioma/Te-me_0128.jpg,1,meningioma,0,0.78602535,0.2093461,0.0044057304,0.00022279967
Testing/meningioma/Te-me_0129.jpg,1,meningioma,2,0.0007259747,0.1440549,0.8551255,9.365526e-05
Testing/meningioma/Te-me_0130.jpg,1,meningioma,2,0.001258609,0.20167996,0.796785,0.00027638557
Testing/meningioma/Te-me_0131.jpg,1,meningioma,1,0.006796915,0.67093414,0.32158792,0.0006809687
Testing/meningioma/Te-me_0132.jpg,1,meningioma,1,0.00060534314,0.9970553,0.00016989003,0.0021695183
Testing/meningioma/Te-me_0133.jpg,1,meningioma,1,0.00016962588,0.99824107,0.0015879634,1.4447496e-06
Testing/meningioma/Te-me_0134.jpg,1,meningioma,2,3.0933166e-05,0.29711878,0.70279765,5.2603435e-05
Testing/meningioma/Te-me_0135.jpg,1,meningioma,1,7.124544e-06,0.9930521,0.0069398144,1.0178743e-06
Testing/meningioma/Te-me_0136.jpg,1,meningioma,1,0.0027898499,0.94677263,0.048044033,0.0023934073
Testing/meningioma/Te-me_0137.jpg,1,meningioma,1,5.9267877e-06,0.99990046,9.346219e-05,5.702492e-08
Testing/meningioma/Te-me_0138.jpg,1,meningioma,1,0.0017424148,0.80652046,0.19160734,0.00012975153
Testing/meningioma/Te-me_0139.jpg,1,meningioma,1,5.847877e-05,0.9743625,0.025534347,4.4708966e-05
Testing/meningioma/Te-me_0140.jpg,1,meningioma,1,0.005210634,0.9472814,0.047215387,0.0002925288
Testing/meningioma/Te-me_0141.jpg,1,meningioma,1,0.0008400659,0.993881,0.0052547753,2.41643e-05
Testing/meningioma/Te-me_0142.jpg,1,meningioma,1,0.0017818356,0.99796814,9.738958e-05,0.000152603
Testing/meningioma/Te-me_0143.jpg,1,meningioma,2,1.540029e-08,0.11066722,0.88933253,2.3956883e-07
Testing/meningioma/Te-me_0144.jpg,1,meningioma,1,6.2353254e-05,0.78989863,0.20963122,0.00040776504
Testing/meningioma/Te-me_0145.jpg,1,meningioma,1,0.0026343518,0.8514923,0.14577834,9.504944e-05
Testing/meningioma/Te-me_0146.jpg,1,meningioma,2,0.022067262,0.022979718,0.9549422,1.07772075e-05
Testing/meningioma/Te-me_0147.jpg,1,meningioma,1,8.224142e-08,0.9999995,3.5627454e-07,7.678969e-09
Testing/meningioma/Te-me_0148.jpg,1,meningioma,1,0.06342912,0.68798506,0.06488999,0.18369584
Testing/meningioma/Te-me_0149.jpg,1,meningioma,1,0.00023518641,0.8548071,0.14472273,0.00023505298
Testing/meningioma/Te-me_0150.jpg,1,meningioma,1,0.0010880269,0.96993196,0.028941497,3.8538124e-05
Testing/meningioma/Te-me_0151.jpg,1,meningioma,1,0.0003485699,0.921509,0.07813759,4.810239e-06
Testing/meningioma/Te-me_0152.jpg,1,meningioma,1,0.00012224505,0.9734048,0.026471261,1.790635e-06
Testing/meningioma/Te-me_0153.jpg,1,meningioma,1,0.0010726537,0.97113425,0.027776979,1.6089674e-05
Testing/meningioma/Te-me_0154.jpg,1,meningioma,1,4.162377e-08,0.9999982,1.7802785e-06,2.6026865e-09
Testing/meningioma/Te-me_0155.jpg,1,meningioma,1,2.2816284e-09,1.0,9.476908e-10,3.7349998e-10
Testing/meningioma/Te-me_0156.jpg,1,meningioma,1,0.06505645,0.7397765,0.1933467,0.0018203774
Testing/meningioma/Te-me_0157.jpg,1,meningioma,1,2.0973907e-06,0.99998593,1.1473464e-05,4.704559e-07
Testing/meningioma/Te-me_0158.jpg,1,meningioma,1,5.7209003e-05,0.9861216,0.013818496,2.615441e-06
Testing/meningioma/Te-me_0159.jpg,1,meningioma,0,0.631766,0.2713954,0.07173084,0.02510781
Testing/meningioma/Te-me_0160.jpg,1,meningioma,1,2.4979337e-07,0.99999917,5.899094e-07,6.9023125e-09
Testing/meningioma/Te-me_0161.jpg,1,meningioma,1,0.0006090699,0.9670701,0.032300618,2.0241603e-05
Testing/meningioma/Te-me_0162.jpg,1,meningioma,1,0.00019820043,0.9728337,0.026953252,1.4889479e-05
Testing/meningioma/Te-me_0163.jpg,1,meningioma,1,0.0002352851,0.94727856,0.0070548453,0.045431245
Testing/meningioma/Te-me_0164.jpg,1,meningioma,1,1.207859e-06,0.99971205,0.00014266776,0.00014407746
Testing/meningioma/Te-me_0165.jpg,1,meningioma,1,7.118671e-05,0.8995181,0.10039336,1.730088e-05
Testing/meningioma/Te-me_0166.jpg,1,meningioma,1,1.4785704e-05,0.999984,1.1252314e-06,5.1477922e-08
Testing/meningioma/Te-me_0167.jpg,1,meningioma,1,0.00045780302,0.97912335,0.0203246,9.4242394e-05
Testing/meningioma/Te-me_0168.jpg,1,meningioma,1,1.1506025e-06,0.99999857,2.5831233e-07,1.2325735e-09
Testing/meningioma/Te-me_0169.jpg,1,meningioma,1,1.513745e-06,0.9998807,0.00011767773,8.408768e-08
Testing/meningioma/Te-me_0170.jpg,1,meningioma,1,0.020243812,0.88983124,0.08752453,0.0024004176
Testing/meningioma/Te-me_0171.jpg,1,meningioma,1,0.0019784507,0.5622411,0.4357754,5.057135e-06
Testing/meningioma/Te-me_0172.jpg,1,meningioma,1,1.8242156e-08,0.99997115,2.8776132e-05,3.249306e-08
Testing/meningioma/Te-me_0173.jpg,1,meningioma,2,0.00010154969,0.23336107,0.7661924,0.00034508388
Testing/meningioma/Te-me_0174.jpg,1,meningioma,1,1.1259417e-05,0.990921,0.009065558,2.2241097e-06
Testing/meningioma/Te-me_0175.jpg,1,meningioma,1,0.030999806,0.9005335,0.05835927,0.010107392
Testing/meningioma/Te-me_0176.jpg,1,meningioma,1,1.678415e-06,0.9999982,1.04706636e-07,1.6992857e-09
Testing/meningioma/Te-me_0177.jpg,1,meningioma,1,0.31463033,0.6730718,0.012240383,5.7538764e-05
Testing/meningioma/Te-me_0178.jpg,1,meningioma,2,3.899946e-06,0.0024321133,0.99753124,3.2787342e-05
Testing/meningioma/Te-me_0179.jpg,1,meningioma,1,9.637507e-07,0.9998903,0.00010862259,3.684304e-08
Testing/meningioma/Te-me_0180.jpg,1,meningioma,1,2.6616697e-06,0.99999666,6.911418e-07,9.5359916e-09
Testing/meningioma/Te-me_0181.jpg,1,meningioma,1,2.7191843e-05,0.9885416,0.011430085,1.0259255e-06
Testing/meningioma/Te-me_0182.jpg,1,meningioma,1,0.010387683,0.764834,0.21395318,0.010825169
Testing/meningioma/Te-me_0183.jpg,1,meningioma,2,0.00074755173,0.15713187,0.84205997,6.0605675e-05
Testing/meningioma/Te-me_0184.jpg,1,meningioma,1,5.0836474e-07,0.99988234,0.000117220035,9.7276256e-11
Testing/meningioma/Te-me_0185.jpg,1,meningioma,1,0.00026387008,0.9644961,0.035232924,7.101327e-06
Testing/meningioma/Te-me_0186.jpg,1,meningioma,1,5.9677277e-05,0.9948885,0.0050377613,1.40876455e-05
Testing/meningioma/Te-me_0187.jpg,1,meningioma,1,7.293694e-07,0.9999732,2.6151889e-05,1.0932187e-08
Testing/meningioma/Te-me_0188.jpg,1,meningioma,1,0.00018544722,0.9982913,0.0015231759,1.3496556e-07
Testing/meningioma/Te-me_0189.jpg,1,meningioma,1,0.020815449,0.95528156,0.012875029,0.011027929
Testing/meningioma/Te-me_0190.jpg,1,meningioma,1,2.1785938e-07,0.99988985,0.00010987465,4.359515e-08
Testing/meningioma/Te-me_0191.jpg,1,meningioma,1,2.8263537e-06,0.9998097,0.00018738066,9.763253e-08
Testing/meningioma/Te-me_0192.jpg,1,meningioma,2,0.00085561635,0.037395917,0.9617289,1.9593937e-05
Testing/meningioma/Te-me_0193.jpg,1,meningioma,3,0.0343593,0.22318043,0.023695089,0.7187652
Testing/meningioma/Te-me_0194.jpg,1,meningioma,1,0.00036409296,0.9991373,0.00049762474,8.978485e-07
Testing/meningioma/Te-me_0195.jpg,1,meningioma,1,8.938241e-08,0.99999714,2.763754e-06,2.6280198e-09
Testing/meningioma/Te-me_0196.jpg,1,meningioma,1,0.007990698,0.6928332,0.29912472,5.136609e-05
Testing/meningioma/Te-me_0197.jpg,1,meningioma,1,0.000452778,0.85533714,0.14417809,3.1936474e-05
Testing/meningioma/Te-me_0198.jpg,1,meningioma,1,1.287739e-06,0.99998033,1.8373403e-05,3.681348e-08
Testing/meningioma/Te-me_0199.jpg,1,meningioma,1,3.152177e-08,0.9999993,7.128857e-07,7.0787847e-09
Testing/meningioma/Te-me_0200.jpg,1,meningioma,1,7.6861454e-07,0.9999981,1.1778574e-06,2.6672765e-08
Testing/meningioma/Te-me_0201.jpg,1,meningioma,1,5.5101857e-05,0.940267,0.058446735,0.0012310715
Testing/meningioma/Te-me_0202.jpg,1,meningioma,1,0.010872146,0.98876303,0.0003647446,1.1192846e-07
Testing/meningioma/Te-me_0203.jpg,1,meningioma,1,0.00012805752,0.9995603,0.00031133817,2.5778454e-07
Testing/meningioma/Te-me_0204.jpg,1,meningioma,1,0.18569793,0.8117601,0.0025395195,2.4506437e-06
Testing/meningioma/Te-me_0205.jpg,1,meningioma,1,3.1276004e-06,0.9999187,7.793741e-05,2.758883e-07
Testing/meningioma/Te-me_0206.jpg,1,meningioma,1,3.7528345e-08,1.0,4.046437e-11,1.5391102e-10
Testing/meningioma/Te-me_0207.jpg,1,meningioma,1,0.070542276,0.88740367,0.029678637,0.012375425
Testing/meningioma/Te-me_0208.jpg,1,meningioma,1,1.220617e-06,0.99999857,2.4038192e-07,2.3739044e-09
Testing/meningioma/Te-me_0209.jpg,1,meningioma,1,2.0608013e-05,0.97028357,0.0296942,1.662238e-06
Testing/meningioma/Te-me_0210.jpg,1,meningioma,1,2.3662772e-06,0.99999666,8.7005577e-07,2.4282828e-08
Testing/meningioma/Te-me_0211.jpg,1,meningioma,1,4.2252736e-11,1.0,1.3138212e-11,4.9389784e-11
Testing/meningioma/Te-me_0212.jpg,1,meningioma,1,7.5794896e-06,0.99999154,8.164996e-08,7.7313666e-07
Testing/meningioma/Te-me_0213.jpg,1,meningioma,1,0.048166998,0.6296756,0.31944937,0.0027079892
Testing/meningioma/Te-me_0214.jpg,1,meningioma,1,0.00084204104,0.99307185,0.005488412,0.0005977109
Testing/meningioma/Te-me_0215.jpg,1,meningioma,1,4.3829e-06,0.9999933,2.2190748e-06,1.2934005e-09
Testing/meningioma/Te-me_0216.jpg,1,meningioma,1,0.1962821,0.7528591,0.05085258,6.162271e-06
Testing/meningioma/Te-me_0217.jpg,1,meningioma,1,8.074139e-05,0.9995214,0.0003972389,5.967253e-07
Testing/meningioma/Te-me_0218.jpg,1,meningioma,1,0.001036695,0.58036506,0.41858914,9.142947e-06
Testing/meningioma/Te-me_0219.jpg,1,meningioma,1,0.00013672863,0.99980074,6.259307e-05,3.7055294e-09
Testing/meningioma/Te-me_0220.jpg,1,meningioma,1,1.3038344e-07,0.9999999,1.0024249e-08,1.4437782e-08
Testing/meningioma/Te-me_0221.jpg,1,meningioma,1,0.0020961424,0.9977412,0.0001625339,6.484754e-08
Testing/meningioma/Te-me_0222.jpg,1,meningioma,1,0.0028230262,0.9872787,0.0098425625,5.571803e-05
Testing/meningioma/Te-me_0223.jpg,1,meningioma,1,0.0005741977,0.99940884,1.6887281e-05,6.225433e-09
Testing/meningioma/Te-me_0224.jpg,1,meningioma,1,0.00020772502,0.99483526,0.004955582,1.3846299e-06
Testing/meningioma/Te-me_0225.jpg,1,meningioma,1,0.30917454,0.6839488,0.006106585,0.00077010086
Testing/meningioma/Te-me_0226.jpg,1,meningioma,1,0.0018923852,0.9973858,0.00072162383,1.833031e-07
Testing/meningioma/Te-me_0227.jpg,1,meningioma,1,0.0037613632,0.9946202,0.0016059345,1.251009e-05
Testing/meningioma/Te-me_0228.jpg,1,meningioma,1,0.0010462753,0.9978531,0.0010786705,2.1926237e-05
Testing/meningioma/Te-me_0229.jpg,1,meningioma,2,0.03645989,0.15385202,0.8096812,6.8461404e-06
Testing/meningioma/Te-me_0230.jpg,1,meningioma,1,0.18601963,0.8084182,0.005544005,1.8149476e-05
Testing/meningioma/Te-me_0231.jpg,1,meningioma,1,0.04575911,0.9296843,0.016580716,0.007975889
Testing/meningioma/Te-me_0232.jpg,1,meningioma,1,0.08356795,0.60712206,0.30930737,2.609373e-06
Testing/meningioma/Te-me_0233.jpg,1,meningioma,1,0.009794599,0.9715737,0.018612826,1.8881212e-05
Testing/meningioma/Te-me_0234.jpg,1,meningioma,1,3.7884613e-05,0.99996173,3.1081143e-07,2.1141021e-08
Testing/meningioma/Te-me_0235.jpg,1,meningioma,1,0.00024811164,0.9972773,0.0024549095,1.9669003e-05
Testing/meningioma/Te-me_0236.jpg,1,meningioma,1,0.06369234,0.7200322,0.21614645,0.00012901521
Testing/meningioma/Te-me_0237.jpg,1,meningioma,1,0.2403868,0.5563236,0.20328431,5.3140607e-06
Testing/meningioma/Te-me_0238.jpg,1,meningioma,1,1.5449227e-06,0.99999845,1.0737663e-09,1.0281697e-09
Testing/meningioma/Te-me_0239.jpg,1,meningioma,1,0.00051853526,0.9994343,4.6905432e-05,2.9879206e-07
Testing/meningioma/Te-me_0240.jpg,1,meningioma,1,1.3069781e-05,0.99997234,1.4594417e-05,1.3214765e-09
Testing/meningioma/Te-me_0241.jpg,1,meningioma,1,0.20396294,0.49138263,0.30437735,0.00027709157
Testing/meningioma/Te-me_0242.jpg,1,meningioma,1,6.053856e-05,0.9999387,7.7378917e-07,1.12594885e-10
Testing/meningioma/Te-me_0243.jpg,1,meningioma,1,0.0018741958,0.94030464,0.057818815,2.3663658e-06
Testing/meningioma/Te-me_0244.jpg,1,meningioma,1,0.011187334,0.7677577,0.22102226,3.277209e-05
Testing/meningioma/Te-me_0245.jpg,1,meningioma,1,2.5353966e-05,0.9970198,0.0029548537,2.8741244e-08
Testing/meningioma/Te-me_0246.jpg,1,meningioma,0,0.3917294,0.22117545,0.38699758,9.751153e-05
Testing/meningioma/Te-me_0247.jpg,1,meningioma,1,0.0014172344,0.977091,0.02144694,4.483998e-05
Testing/meningioma/Te-me_0248.jpg,1,meningioma,1,0.0025154825,0.9955851,0.0018938335,5.615367e-06
Testing/meningioma/Te-me_0249.jpg,1,meningioma,0,0.5903642,0.363404,0.046205755,2.6008656e-05
Testing/meningioma/Te-me_0250.jpg,1,meningioma,1,0.053980604,0.94295746,0.0030536978,8.218014e-06
Testing/meningioma/Te-me_0251.jpg,1,meningioma,1,0.0020815935,0.99214876,0.00576503,4.576514e-06
Testing/meningioma/Te-me_0252.jpg,1,meningioma,1,0.0003498075,0.991342,0.008307523,7.1188947e-07
Testing/meningioma/Te-me_0253.jpg,1,meningioma,1,0.010725608,0.96842647,0.020845667,2.2305571e-06
Testing/meningioma/Te-me_0254.jpg,1,meningioma,2,0.00241526,0.044065155,0.9533905,0.00012915976
Testing/meningioma/Te-me_0255.jpg,1,meningioma,1,0.0013533906,0.9972613,0.0013792503,6.1011515e-06
Testing/meningioma/Te-me_0256.jpg,1,meningioma,1,0.010962978,0.98674333,0.002286013,7.647706e-06
Testing/meningioma/Te-me_0257.jpg,1,meningioma,1,0.0004037323,0.98757684,0.012018999,5.2668287e-07
Testing/meningioma/Te-me_0258.jpg,1,meningioma,1,1.9359844e-05,0.9999796,1.0558575e-06,3.0231297e-09
Testing/meningioma/Te-me_0259.jpg,1,meningioma,1,0.3694882,0.623038,0.007472895,8.6084736e-07
Testing/meningioma/Te-me_0260.jpg,1,meningioma,1,0.013003321,0.982335,0.0046591447,2.6458792e-06
Testing/meningioma/Te-me_0261.jpg,1,meningioma,1,0.34483743,0.65250146,0.0025516187,0.00010944989
Testing/meningioma/Te-me_0262.jpg,1,meningioma,1,0.0012907352,0.9987036,5.5155087e-06,2.9586456e-08
Testing/meningioma/Te-me_0263.jpg,1,meningioma,1,1.7056336e-05,0.9999827,2.6489445e-07,9.71672e-10
Testing/meningioma/Te-me_0264.jpg,1,meningioma,1,0.32110548,0.6760807,0.0027988937,1.4951953e-05
Testing/meningioma/Te-me_0265.jpg,1,meningioma,1,0.0034926352,0.9930728,0.0034278168,6.7654632e-06
Testing/meningioma/Te-me_0266.jpg,1,meningioma,0,0.47231025,0.23944634,0.28822476,1.8727347e-05
Testing/meningioma/Te-me_0267.jpg,1,meningioma,1,1.1855591e-06,0.9999963,2.4753376e-06,1.8299628e-08
Testing/meningioma/Te-me_0268.jpg,1,meningioma,1,0.07291812,0.81395996,0.112881824,0.00024009206
Testing/meningioma/Te-me_0269.jpg,1,meningioma,1,0.0030076331,0.9477984,0.049152907,4.116363e-05
Testing/meningioma/Te-me_0270.jpg,1,meningioma,1,0.1946463,0.70977175,0.09556949,1.2459773e-05
Testing/meningioma/Te-me_0271.jpg,1,meningioma,2,0.006421768,0.23991953,0.7528518,0.0008069428
Testing/meningioma/Te-me_0272.jpg,1,meningioma,1,0.0018133747,0.7790943,0.21907854,1.3722942e-05
Testing/meningioma/Te-me_0273.jpg,1,meningioma,1,0.001113524,0.99858826,0.0002982138,2.3145576e-08
Testing/meningioma/Te-me_0274.jpg,1,meningioma,1,0.0005499457,0.9994141,3.6000078e-05,8.4500673e-10
Testing/meningioma/Te-me_0275.jpg,1,meningioma,1,7.5916364e-06,0.99993825,5.412937e-05,2.559759e-09
Testing/meningioma/Te-me_0276.jpg,1,meningioma,1,0.0006205815,0.840694,0.15856947,0.000115942756
Testing/meningioma/Te-me_0277.jpg,1,meningioma,1,0.007816475,0.989929,0.00225428,2.2920842e-07
Testing/meningioma/Te-me_0278.jpg,1,meningioma,1,0.0008527112,0.9967289,0.002394814,2.3571878e-05
Testing/meningioma/Te-me_0279.jpg,1,meningioma,1,0.0014126946,0.9984395,0.00014625626,1.5642046e-06
Testing/meningioma/Te-me_0280.jpg,1,meningioma,1,0.00586567,0.99395764,0.00017622813,4.8608587e-07
Testing/meningioma/Te-me_0281.jpg,1,meningioma,1,0.03776718,0.9392177,0.02298091,3.4219138e-05
Testing/meningioma/Te-me_0282.jpg,1,meningioma,1,3.565638e-08,1.0,5.70766e-09,3.9305856e-10
Testing/meningioma/Te-me_0283.jpg,1,meningioma,1,0.028072197,0.9701084,0.0016763336,0.00014296692
Testing/meningioma/Te-me_0284.jpg,1,meningioma,1,2.3214243e-05,0.98465735,0.0150874695,0.0002319925
Testing/meningioma/Te-me_0285.jpg,1,meningioma,1,1.8701737e-06,0.99972016,0.00027793503,1.291891e-09
Testing/meningioma/Te-me_0286.jpg,1,meningioma,1,0.00065023545,0.92410433,0.07522811,1.726771e-05
Testing/meningioma/Te-me_0287.jpg,1,meningioma,3,0.2875331,0.12363256,0.02950564,0.5593287
Testing/meningioma/Te-me_0288.jpg,1,meningioma,1,0.0051939962,0.9812145,0.013576209,1.5264008e-05
Testing/meningioma/Te-me_0289.jpg,1,meningioma,1,1.8037409e-07,0.99999976,5.028256e-09,1.508932e-10
Testing/meningioma/Te-me_0290.jpg,1,meningioma,1,0.006436164,0.7247542,0.26867273,0.00013693057
Testing/meningioma/Te-me_0291.jpg,1,meningioma,1,5.0355822e-05,0.999884,6.536819e-05,3.4333107e-07
Testing/meningioma/Te-me_0292.jpg,1,meningioma,0,0.3796458,0.25773132,0.09397946,0.26864344
Testing/meningioma/Te-me_0293.jpg,1,meningioma,1,0.0009961091,0.8232063,0.1757331,6.440195e-05
Testing/meningioma/Te-me_0294.jpg,1,meningioma,1,0.0025406915,0.9962704,0.0007858552,0.00040299186
Testing/meningioma/Te-me_0295.jpg,1,meningioma,1,0.003342885,0.9322626,0.06437524,1.9217385e-05
Testing/meningioma/Te-me_0296.jpg,1,meningioma,1,0.0006025748,0.9835,0.012701795,0.0031955447
Testing/meningioma/Te-me_0297.jpg,1,meningioma,1,0.034121152,0.90065736,0.063177004,0.0020445338
Testing/meningioma/Te-me_0298.jpg,1,meningioma,1,1.8294317e-06,0.9973986,0.0025973092,2.3176876e-06
Testing/meningioma/Te-me_0299.jpg,1,meningioma,1,0.0010943378,0.96917737,0.01789549,0.011832838
Testing/meningioma/Te-me_0300.jpg,1,meningioma,1,0.008218835,0.9831693,0.008385347,0.00022645057
Testing/meningioma/Te-me_0301.jpg,1,meningioma,1,7.52484e-05,0.9935992,0.006322866,2.716731e-06
Testing/meningioma/Te-me_0302.jpg,1,meningioma,1,1.3311974e-05,0.9972173,0.0027693242,1.9611862e-08
Testing/meningioma/Te-me_0303.jpg,1,meningioma,1,3.9126156e-05,0.9961008,0.0038580736,2.038806e-06
Testing/meningioma/Te-me_0304.jpg,1,meningioma,1,0.0041220733,0.61262697,0.37108627,0.012164646
Testing/meningioma/Te-me_0305.jpg,1,meningioma,1,0.00081863004,0.9979463,0.0012259535,9.127732e-06
Testing/notumor/Te-noTr_0000.jpg,2,no_tumor,2,2.4552198e-06,0.00043164918,0.99956256,3.3871243e-06
Testing/notumor/Te-noTr_0001.jpg,2,no_tumor,2,2.1566677e-05,0.034128074,0.96578205,6.825547e-05
Testing/notumor/Te-noTr_0002.jpg,2,no_tumor,2,8.960996e-06,0.0041403156,0.9958211,2.9597908e-05
Testing/notumor/Te-noTr_0003.jpg,2,no_tumor,2,2.5970573e-07,5.786352e-08,0.99999964,1.5772821e-08
Testing/notumor/Te-noTr_0004.jpg,2,no_tumor,2,2.8644357e-05,0.00010366046,0.99961287,0.00025486332
Testing/notumor/Te-noTr_0005.jpg,2,no_tumor,2,1.7984401e-05,0.00041508712,0.999479,8.7904584e-05
Testing/notumor/Te-noTr_0006.jpg,2,no_tumor,2,7.185915e-05,0.0056206365,0.99429554,1.1953543e-05
Testing/notumor/Te-noTr_0007.jpg,2,no_tumor,2,3.3589131e-07,0.00021562057,0.99978226,1.8213645e-06
Testing/notumor/Te-noTr_0008.jpg,2,no_tumor,2,3.2618395e-08,0.011848602,0.98815036,1.0254452e-06
Testing/notumor/Te-noTr_0009.jpg,2,no_tumor,2,6.447043e-08,2.554305e-06,0.99999714,2.563323e-07
Testing/notumor/Te-no_0010.jpg,2,no_tumor,2,6.042212e-08,2.7889337e-07,0.9999995,6.180617e-08
Testing/notumor/Te-no_0011.jpg,2,no_tumor,2,4.0324798e-07,3.8770754e-06,0.999995,6.9847977e-07
Testing/notumor/Te-no_0012.jpg,2,no_tumor,2,2.3515732e-09,7.626341e-08,0.9999999,8.861416e-09
Testing/notumor/Te-no_0013.jpg,2,no_tumor,2,0.00088112464,0.005837989,0.9915149,0.0017659548
Testing/notumor/Te-no_0014.jpg,2,no_tumor,2,7.014104e-05,0.0030476584,0.9968008,8.134789e-05
Testing/notumor/Te-no_0015.jpg,2,no_tumor,2,5.353704e-05,0.0018496243,0.998095,1.9358095e-06
Testing/notumor/Te-no_0016.jpg,2,no_tumor,2,7.379624e-09,1.5835118e-05,0.99998415,1.9121654e-08
Testing/notumor/Te-no_0017.jpg,2,no_tumor,2,0.004240652,0.023468094,0.95861685,0.013674392
Testing/notumor/Te-no_0018.jpg,2,no_tumor,2,6.258211e-07,0.00050317677,0.999493,3.1602406e-06
Testing/notumor/Te-no_0019.jpg,2,no_tumor,2,4.151315e-07,1.3115181e-05,0.9999858,6.045395e-07
Testing/notumor/Te-no_0020.jpg,2,no_tumor,2,2.7606506e-05,0.00017159956,0.999718,8.2746206e-05
Testing/notumor/Te-no_0021.jpg,2,no_tumor,2,1.185459e-08,1.0815486e-05,0.99998915,1.3481548e-08
Testing/notumor/Te-no_0022.jpg,2,no_tumor,2,7.3783845e-08,1.0740919e-06,0.9999988,4.265015e-08
Testing/notumor/Te-no_0023.jpg,2,no_tumor,2,2.3384142e-07,5.24136e-05,0.9999473,1.593133e-08
Testing/notumor/Te-no_0024.jpg,2,no_tumor,2,0.00083272817,0.08325731,0.8819116,0.033998325
Testing/notumor/Te-no_0025.jpg,2,no_tumor,2,5.685937e-09,2.2846248e-06,0.99999774,3.9118357e-09
Testing/notumor/Te-no_0026.jpg,2,no_tumor,2,0.00011915565,0.00324223,0.9939786,0.0026599825
Testing/notumor/Te-no_0027.jpg,2,no_tumor,2,7.756193e-09,1.6251153e-07,0.9999999,5.0768676e-08
Testing/notumor/Te-no_0028.jpg,2,no_tumor,2,7.5262033e-06,0.14871505,0.8512668,1.0641082e-05
Testing/notumor/Te-no_0029.jpg,2,no_tumor,2,6.9578794e-11,2.609398e-08,1.0,2.5297024e-09
Testing/notumor/Te-no_0030.jpg,2,no_tumor,1,2.2671553e-05,0.62452555,0.37542966,2.2083623e-05
Testing/notumor/Te-no_0031.jpg,2,no_tumor,2,2.1566677e-05,0.034128074,0.96578205,6.825547e-05
Testing/notumor/Te-no_0032.jpg,2,no_tumor,2,3.9479733e-06,0.0019224994,0.9980604,1.3129261e-05
Testing/notumor/Te-no_0033.jpg,2,no_tumor,2,6.2023196e-07,4.9691862e-05,0.99982506,0.00012465565
Testing/notumor/Te-no_0034.jpg,2,no_tumor,2,2.154837e-08,1.251989e-07,0.9999999,3.3646028e-08
Testing/notumor/Te-no_0035.jpg,2,no_tumor,2,0.00017460775,0.00021799073,0.99960226,5.15843e-06
Testing/notumor/Te-no_0036.jpg,2,no_tumor,2,0.00020729685,0.0031629456,0.99660766,2.2091303e-05
Testing/notumor/Te-no_0037.jpg,2,no_tumor,2,0.00018801368,0.0042824745,0.9928388,0.0026906598
Testing/notumor/Te-no_0038.jpg,2,no_tumor,2,5.6737576e-05,0.0042432565,0.9956891,1.0973934e-05
Testing/notumor/Te-no_0039.jpg,2,no_tumor,2,8.733642e-07,0.00011417518,0.99988484,1.197771e-07
Testing/notumor/Te-no_0040.jpg,2,no_tumor,2,1.8171512e-06,0.00012305536,0.9998723,2.7421265e-06
Testing/notumor/Te-no_0041.jpg,2,no_tumor,2,2.2495965e-11,1.8349121e-07,0.99999976,5.174632e-11
Testing/notumor/Te-no_0042.jpg,2,no_tumor,2,1.7296753e-06,5.138474e-06,0.9999927,3.5155236e-07
Testing/notumor/Te-no_0043.jpg,2,no_tumor,2,1.0884582e-08,7.9465536e-08,0.9999999,5.6419585e-09
Testing/notumor/Te-no_0044.jpg,2,no_tumor,2,2.3515732e-09,7.626341e-08,0.9999999,8.861416e-09
Testing/notumor/Te-no_0045.jpg,2,no_tumor,2,0.0001847746,0.00058391655,0.9992285,2.8255565e-06
Testing/notumor/Te-no_0046.jpg,2,no_tumor,2,0.00011915565,0.00324223,0.9939786,0.0026599825
Testing/notumor/Te-no_0047.jpg,2,no_tumor,2,1.6859791e-11,1.8206187e-07,0.99999976,4.8882943e-11
Testing/notumor/Te-no_0048.jpg,2,no_tumor,2,4.0324798e-07,3.8770754e-06,0.999995,6.9847977e-07
Testing/notumor/Te-no_0049.jpg,2,no_tumor,2,2.048673e-06,0.00015935375,0.99983287,5.7477664e-06
Testing/notumor/Te-no_0050.jpg,2,no_tumor,2,0.0001847746,0.00058391655,0.9992285,2.8255565e-06
Testing/notumor/Te-no_0051.jpg,2,no_tumor,2,1.9776303e-09,5.0455814e-08,1.0,2.6201692e-09
Testing/notumor/Te-no_0052.jpg,2,no_tumor,2,1.8171512e-06,0.00012305536,0.9998723,2.7421265e-06
Testing/notumor/Te-no_0053.jpg,2,no_tumor,2,4.0324798e-07,3.8770754e-06,0.999995,6.9847977e-07
Testing/notumor/Te-no_0054.jpg,2,no_tumor,2,0.0001847746,0.00058391655,0.9992285,2.8255565e-06
Testing/notumor/Te-no_0055.jpg,2,no_tumor,2,2.3515732e-09,7.626341e-08,0.9999999,8.861416e-09
Testing/notumor/Te-no_0056.jpg,2,no_tumor,2,2.9569711e-09,1.3126818e-06,0.9999987,1.8049013e-08
Testing/notumor/Te-no_0057.jpg,2,no_tumor,2,3.3070922e-08,8.5513996e-08,0.9999999,3.3949394e-08
Testing/notumor/Te-no_0058.jpg,2,no_tumor,2,1.2541174e-08,7.704404e-06,0.9999919,4.154865e-07
Testing/notumor/Te-no_0059.jpg,2,no_tumor,2,7.2636175e-07,2.9151417e-06,0.9999962,1.5652999e-07
Testing/notumor/Te-no_0060.jpg,2,no_tumor,2,0.00018801368,0.0042824745,0.9928388,0.0026906598
Testing/notumor/Te-no_0061.jpg,2,no_tumor,2,2.3515732e-09,7.626341e-08,0.9999999,8.861416e-09
Testing/notumor/Te-no_0062.jpg,2,no_tumor,2,4.151315e-07,1.3115181e-05,0.9999858,6.045395e-07
Testing/notumor/Te-no_0063.jpg,2,no_tumor,2,2.4957432e-08,1.0009102e-07,0.99999976,7.596231e-08
Testing/notumor/Te-no_0064.jpg,2,no_tumor,2,0.00011915565,0.00324223,0.9939786,0.0026599825
Testing/notumor/Te-no_0065.jpg,2,no_tumor,1,2.2671553e-05,0.62452555,0.37542966,2.2083623e-05
Testing/notumor/Te-no_0066.jpg,2,no_tumor,2,1.6391968e-07,0.02873874,0.97125834,2.7503017e-06
Testing/notumor/Te-no_0067.jpg,2,no_tumor,2,2.1566677e-05,0.034128074,0.96578205,6.825547e-05
Testing/notumor/Te-no_0068.jpg,2,no_tumor,2,4.0324798e-07,3.8770754e-06,0.999995,6.9847977e-07
Testing/notumor/Te-no_0069.jpg,2,no_tumor,2,6.9578794e-11,2.609398e-08,1.0,2.5297024e-09
Testing/notumor/Te-no_0070.jpg,2,no_tumor,2,6.258211e-07,0.00050317677,0.999493,3.1602406e-06
Testing/notumor/Te-no_0071.jpg,2,no_tumor,2,7.2405655e-06,0.138322,0.8616614,9.317406e-06
Testing/notumor/Te-no_0072.jpg,2,no_tumor,2,1.185459e-08,1.0815486e-05,0.99998915,1.3481548e-08
Testing/notumor/Te-no_0073.jpg,2,no_tumor,2,4.151315e-07,1.3115181e-05,0.9999858,6.045395e-07
Testing/notumor/Te-no_0074.jpg,2,no_tumor,2,0.004240652,0.023468094,0.95861685,0.013674392
Testing/notumor/Te-no_0075.jpg,2,no_tumor,2,7.3783845e-08,1.0740919e-06,0.9999988,4.265015e-08
Testing/notumor/Te-no_0076.jpg,2,no_tumor,2,4.3238992e-07,0.00012517608,0.99987435,3.3606785e-08
Testing/notumor/Te-no_0077.jpg,2,no_tumor,2,1.6859791e-11,1.8206187e-07,0.99999976,4.8882943e-11
Testing/notumor/Te-no_0078.jpg,2,no_tumor,2,1.6391968e-07,0.02873874,0.97125834,2.7503017e-06
Testing/notumor/Te-no_0079.jpg,2,no_tumor,2,0.0010407697,0.11553959,0.8418731,0.04154658
Testing/notumor/Te-no_0080.jpg,2,no_tumor,2,0.0009897968,0.010328409,0.9873217,0.0013601132
Testing/notumor/Te-no_0081.jpg,2,no_tumor,2,0.00017460775,0.00021799073,0.99960226,5.15843e-06
Testing/notumor/Te-no_0082.jpg,2,no_tumor,2,2.2495965e-11,1.8349121e-07,0.99999976,5.174632e-11
Testing/notumor/Te-no_0083.jpg,2,no_tumor,2,0.0006989885,0.017849136,0.9811054,0.00034649877
Testing/notumor/Te-no_0084.jpg,2,no_tumor,2,2.1566677e-05,0.034128074,0.96578205,6.825547e-05
Testing/notumor/Te-no_0085.jpg,2,no_tumor,2,0.00014630854,0.36393544,0.63589513,2.3136678e-05
Testing/notumor/Te-no_0086.jpg,2,no_tumor,2,4.062133e-06,9.789554e-05,0.9998977,4.169056e-07
Testing/notumor/Te-no_0087.jpg,2,no_tumor,2,4.0324798e-07,3.8770754e-06,0.999995,6.9847977e-07
Testing/notumor/Te-no_0088.jpg,2,no_tumor,2,3.3589131e-07,0.00021562057,0.99978226,1.8213645e-06
Testing/notumor/Te-no_0089.jpg,2,no_tumor,2,3.009115e-07,0.00011516958,0.9998839,6.5318636e-07
Testing/notumor/Te-no_0090.jpg,2,no_tumor,2,1.437403e-05,0.0038923456,0.99561596,0.00047735445
Testing/notumor/Te-no_0091.jpg,2,no_tumor,2,3.248429e-10,1.1630057e-05,0.9999883,1.4402355e-08
Testing/notumor/Te-no_0092.jpg,2,no_tumor,2,1.2263536e-05,0.0008106685,0.99917406,2.9380492e-06
Testing/notumor/Te-no_0093.jpg,2,no_tumor,2,0.0006989885,0.017849136,0.9811054,0.00034649877
Testing/notumor/Te-no_0094.jpg,2,no_tumor,2,0.00014037224,0.0070129083,0.9862162,0.006630544
Testing/notumor/Te-no_0095.jpg,2,no_tumor,2,9.311068e-09,3.357379e-07,0.99999964,1.5900714e-08
Testing/notumor/Te-no_0096.jpg,2,no_tumor,2,2.8518867e-08,1.7646782e-07,0.99999976,6.850431e-09
Testing/notumor/Te-no_0097.jpg,2,no_tumor,2,1.443061e-05,0.0014128777,0.9985146,5.8068297e-05
Testing/notumor/Te-no_0098.jpg,2,no_tumor,1,4.3407992e-05,0.9316897,0.06823802,2.884231e-05
Testing/notumor/Te-no_0099.jpg,2,no_tumor,2,4.5804472e-07,3.2518794e-05,0.9998266,0.0001404562
Testing/notumor/Te-no_0100.jpg,2,no_tumor,2,3.0247264e-07,0.0032923664,0.9967069,5.0343186e-07
Testing/notumor/Te-no_0101.jpg,2,no_tumor,2,0.00013781816,0.000356444,0.9995048,9.556122e-07
Testing/notumor/Te-no_0102.jpg,2,no_tumor,2,2.0719948e-05,0.0003276103,0.9996507,9.0125224e-07
Testing/notumor/Te-no_0103.jpg,2,no_tumor,2,3.2168182e-06,3.1585743e-05,0.9999349,3.0311992e-05
Testing/notumor/Te-no_0104.jpg,2,no_tumor,0,0.5542564,0.10567689,0.3359797,0.004087023
Testing/notumor/Te-no_0105.jpg,2,no_tumor,2,1.830588e-08,1.4713469e-06,0.99999845,8.9421064e-08
Testing/notumor/Te-no_0106.jpg,2,no_tumor,2,4.7308663e-07,0.00018478901,0.9997582,5.6670164e-05
Testing/notumor/Te-no_0107.jpg,2,no_tumor,2,9.355041e-09,4.1208573e-08,1.0,3.8674486e-10
Testing/notumor/Te-no_0108.jpg,2,no_tumor,2,2.1791877e-10,7.166253e-08,0.9999999,2.9243049e-08
Testing/notumor/Te-no_0109.jpg,2,no_tumor,2,1.5182572e-06,0.00013562836,0.99986255,2.5820947e-07
Testing/notumor/Te-no_0110.jpg,2,no_tumor,2,4.456103e-09,5.502422e-07,0.9999994,5.7518328e-08
Testing/notumor/Te-no_0111.jpg,2,no_tumor,2,1.3594513e-07,2.9934836e-06,0.9999958,1.0241716e-06
Testing/notumor/Te-no_0112.jpg,2,no_tumor,2,1.0822265e-06,9.134676e-05,0.99990296,4.6678747e-06
Testing/notumor/Te-no_0113.jpg,2,no_tumor,2,1.543545e-05,0.0014076546,0.9985746,2.2921292e-06
Testing/notumor/Te-no_0114.jpg,2,no_tumor,2,2.8277955e-07,0.00012592497,0.99985194,2.1857597e-05
Testing/notumor/Te-no_0115.jpg,2,no_tumor,2,6.148635e-06,0.00041643143,0.99957615,1.2841238e-06
Testing/notumor/Te-no_0116.jpg,2,no_tumor,2,4.084534e-07,6.000579e-05,0.99993885,7.082402e-07
Testing/notumor/Te-no_0117.jpg,2,no_tumor,2,4.301984e-10,1.957274e-07,0.99999976,3.482154e-09
Testing/notumor/Te-no_0118.jpg,2,no_tumor,2,1.454723e-06,0.0030599039,0.9968556,8.298934e-05
Testing/notumor/Te-no_0119.jpg,2,no_tumor,2,3.740093e-08,1.3080341e-05,0.9999865,3.5127204e-07
Testing/notumor/Te-no_0120.jpg,2,no_tumor,2,2.4549252e-07,5.03133e-06,0.9999933,1.40861e-06
Testing/notumor/Te-no_0121.jpg,2,no_tumor,2,6.35697e-07,7.119204e-05,0.9999269,1.2117589e-06
Testing/notumor/Te-no_0122.jpg,2,no_tumor,2,2.01986e-05,0.00036081224,0.99961025,8.7936205e-06
Testing/notumor/Te-no_0123.jpg,2,no_tumor,2,1.6298488e-08,1.6080594e-06,0.99999833,8.386462e-09
Testing/notumor/Te-no_0124.jpg,2,no_tumor,2,1.2525582e-10,1.5350484e-08,1.0,3.252007e-10
Testing/notumor/Te-no_0125.jpg,2,no_tumor,2,0.0002020061,0.00080087816,0.99877137,0.00022574859
Testing/notumor/Te-no_0126.jpg,2,no_tumor,2,0.00030423742,0.0021281783,0.99643373,0.0011338395
Testing/notumor/Te-no_0127.jpg,2,no_tumor,2,0.00045826982,0.0022696075,0.997138,0.00013412892
Testing/notumor/Te-no_0128.jpg,2,no_tumor,2,2.3259643e-05,0.005409703,0.9945087,5.8358637e-05
Testing/notumor/Te-no_0129.jpg,2,no_tumor,2,1.1327483e-05,0.0009317361,0.9990061,5.0823804e-05
Testing/notumor/Te-no_0130.jpg,2,no_tumor,2,6.86919e-10,2.6517347e-07,0.99999976,1.2552227e-09
Testing/notumor/Te-no_0131.jpg,2,no_tumor,2,1.0159813e-08,4.793151e-07,0.9999994,1.2150113e-07
Testing/notumor/Te-no_0132.jpg,2,no_tumor,2,9.80889e-10,1.9042433e-07,0.9999995,2.28897e-07
Testing/notumor/Te-no_0133.jpg,2,no_tumor,2,2.6432832e-07,6.8983304e-06,0.99999285,5.8128062e-08
Testing/notumor/Te-no_0134.jpg,2,no_tumor,2,2.81522e-07,5.8584737e-06,0.99999356,2.3464486e-07
Testing/notumor/Te-no_0135.jpg,2,no_tumor,2,0.0014939652,0.00031527126,0.9981767,1.4063066e-05
Testing/notumor/Te-no_0136.jpg,2,no_tumor,2,8.227299e-09,1.5846908e-06,0.99999845,5.3568945e-09
Testing/notumor/Te-no_0137.jpg,2,no_tumor,2,4.8172415e-06,0.0006305095,0.9993631,1.6032094e-06
Testing/notumor/Te-no_0138.jpg,2,no_tumor,2,1.894079e-11,3.2091404e-07,0.99999964,2.466088e-08
Testing/notumor/Te-no_0139.jpg,2,no_tumor,2,6.2031285e-07,1.7597694e-06,0.9999945,3.039826e-06
Testing/notumor/Te-no_0140.jpg,2,no_tumor,2,0.001671491,0.009025943,0.98929733,5.2949244e-06
Testing/notumor/Te-no_0141.jpg,2,no_tumor,2,6.261339e-10,1.0199057e-06,0.9999989,2.636303e-09
Testing/notumor/Te-no_0142.jpg,2,no_tumor,2,3.3860118e-07,0.00011366772,0.9998859,8.65572e-08
Testing/notumor/Te-no_0143.jpg,2,no_tumor,2,1.5299523e-08,1.9897494e-05,0.9999801,1.9301789e-08
Testing/notumor/Te-no_0144.jpg,2,no_tumor,2,7.350527e-11,2.0318911e-08,1.0,9.1931565e-09
Testing/notumor/Te-no_0145.jpg,2,no_tumor,2,1.4664857e-08,6.0192554e-07,0.9999994,4.0270214e-09
Testing/notumor/Te-no_0146.jpg,2,no_tumor,2,2.2354826e-07,7.247189e-06,0.9999925,4.6749705e-08
Testing/notumor/Te-no_0147.jpg,2,no_tumor,2,1.1617931e-06,0.0001020718,0.99989176,5.0138156e-06
Testing/notumor/Te-no_0148.jpg,2,no_tumor,2,3.4311776e-09,2.0717532e-06,0.999998,3.95276e-08
Testing/notumor/Te-no_0149.jpg,2,no_tumor,2,2.7648198e-08,3.4780128e-06,0.99999654,5.716337e-08
Testing/notumor/Te-no_0150.jpg,2,no_tumor,2,9.581522e-07,0.01281713,0.98718065,1.2754795e-06
Testing/notumor/Te-no_0151.jpg,2,no_tumor,2,7.148017e-09,1.2348535e-06,0.9999988,3.2820537e-08
Testing/notumor/Te-no_0152.jpg,2,no_tumor,2,4.3748727e-10,1.6147736e-05,0.99998367,2.3437259e-07
Testing/notumor/Te-no_0153.jpg,2,no_tumor,2,1.9788726e-11,3.273106e-07,0.99999964,2.1713529e-11
Testing/notumor/Te-no_0154.jpg,2,no_tumor,2,1.7572422e-08,3.3121412e-06,0.99999654,8.7652545e-08
Testing/notumor/Te-no_0155.jpg,2,no_tumor,2,3.6643833e-08,5.5705317e-05,0.9999428,1.4524915e-06
Testing/notumor/Te-no_0156.jpg,2,no_tumor,2,9.508764e-06,0.0008303212,0.9991522,8.002602e-06
Testing/notumor/Te-no_0157.jpg,2,no_tumor,2,2.4097453e-08,6.752754e-05,0.99993217,2.404705e-07
Testing/notumor/Te-no_0158.jpg,2,no_tumor,2,1.0258932e-05,0.00021821602,0.9997397,3.1790554e-05
Testing/notumor/Te-no_0159.jpg,2,no_tumor,2,5.3580314e-09,3.0143713e-06,0.999997,2.010124e-09
Testing/notumor/Te-no_0160.jpg,2,no_tumor,2,9.898891e-07,0.00017497805,0.99982387,2.196964e-07
Testing/notumor/Te-no_0161.jpg,2,no_tumor,2,2.1465816e-09,4.8213553e-07,0.9999995,2.1784327e-08
Testing/notumor/Te-no_0162.jpg,2,no_tumor,2,1.777141e-09,7.521811e-06,0.9999925,4.1220893e-09
Testing/notumor/Te-no_0163.jpg,2,no_tumor,2,1.0227256e-09,4.8968695e-07,0.9999995,3.223581e-09
Testing/notumor/Te-no_0164.jpg,2,no_tumor,2,3.3635106e-06,0.00053757976,0.99944264,1.6400252e-05
Testing/notumor/Te-no_0165.jpg,2,no_tumor,2,0.00011952375,0.009161997,0.99055415,0.00016440141
Testing/notumor/Te-no_0166.jpg,2,no_tumor,2,0.0003446605,0.0027230538,0.9968976,3.4669254e-05
Testing/notumor/Te-no_0167.jpg,2,no_tumor,2,1.0440307e-08,1.6185678e-06,0.99999833,2.4287315e-08
Testing/notumor/Te-no_0168.jpg,2,no_tumor,2,1.0344609e-09,1.0410735e-06,0.9999989,2.3170745e-09
Testing/notumor/Te-no_0169.jpg,2,no_tumor,2,2.5081994e-09,6.505788e-05,0.9999206,1.4361133e-05
Testing/notumor/Te-no_0170.jpg,2,no_tumor,2,8.830318e-08,1.6032549e-05,0.9999839,3.973573e-09
Testing/notumor/Te-no_0171.jpg,2,no_tumor,2,1.09551515e-07,0.00051833654,0.99948114,5.3486167e-07
Testing/notumor/Te-no_0172.jpg,2,no_tumor,2,3.4886652e-10,7.9341015e-07,0.99999917,1.5817634e-09
Testing/notumor/Te-no_0173.jpg,2,no_tumor,2,1.0095124e-08,2.0011225e-07,0.99999964,1.5704819e-07
Testing/notumor/Te-no_0174.jpg,2,no_tumor,2,5.71104e-07,0.00080130505,0.9991837,1.4382283e-05
Testing/notumor/Te-no_0175.jpg,2,no_tumor,2,8.531761e-12,7.568045e-07,0.9999993,1.8447059e-10
Testing/notumor/Te-no_0176.jpg,2,no_tumor,2,2.9552875e-06,5.825892e-05,0.9999379,7.936522e-07
Testing/notumor/Te-no_0177.jpg,2,no_tumor,2,3.267371e-08,0.00017733686,0.99982196,7.1893953e-07
Testing/notumor/Te-no_0178.jpg,2,no_tumor,2,6.948215e-10,5.9827194e-08,0.9999999,5.5039024e-08
Testing/notumor/Te-no_0179.jpg,2,no_tumor,2,9.526583e-14,2.5199495e-10,1.0,1.6517338e-11
Testing/notumor/Te-no_0180.jpg,2,no_tumor,2,9.142593e-11,9.3809895e-08,0.9999999,1.3265131e-09
Testing/notumor/Te-no_0181.jpg,2,no_tumor,2,5.7603415e-07,0.00010374927,0.99989414,1.5075547e-06
Testing/notumor/Te-no_0182.jpg,2,no_tumor,2,6.246233e-06,0.017726785,0.9822635,3.5221083e-06
Testing/notumor/Te-no_0183.jpg,2,no_tumor,2,4.3155723e-09,3.232771e-08,1.0,1.7169893e-09
Testing/notumor/Te-no_0184.jpg,2,no_tumor,2,1.0868746e-06,1.2310166e-05,0.9999858,8.0993584e-07
Testing/notumor/Te-no_0185.jpg,2,no_tumor,2,1.3610967e-08,8.8720764e-05,0.99991083,4.5528245e-07
Testing/notumor/Te-no_0186.jpg,2,no_tumor,2,5.6582117e-05,0.03913771,0.9607372,6.8521054e-05
Testing/notumor/Te-no_0187.jpg,2,no_tumor,2,1.6369662e-09,7.000166e-08,0.9999999,1.6608787e-08
Testing/notumor/Te-no_0188.jpg,2,no_tumor,2,5.613648e-05,0.12090701,0.87884736,0.00018941869
Testing/notumor/Te-no_0189.jpg,2,no_tumor,2,3.5670382e-08,2.1613364e-06,0.99999785,5.7317056e-08
Testing/notumor/Te-no_0190.jpg,2,no_tumor,2,1.8502821e-09,3.315977e-07,0.99999964,6.615912e-09
Testing/notumor/Te-no_0191.jpg,2,no_tumor,2,5.1463476e-06,0.0016506804,0.9983399,4.2825945e-06
Testing/notumor/Te-no_0192.jpg,2,no_tumor,2,6.5087824e-09,4.4453097e-07,0.9999994,8.211101e-08
Testing/notumor/Te-no_0193.jpg,2,no_tumor,2,4.2404526e-08,0.0008160272,0.99918264,1.2756956e-06
Testing/notumor/Te-no_0194.jpg,2,no_tumor,2,6.059289e-10,2.0548624e-08,1.0,1.4414689e-09
Testing/notumor/Te-no_0195.jpg,2,no_tumor,2,4.2853107e-10,9.169204e-08,0.9999999,3.577136e-08
Testing/notumor/Te-no_0196.jpg,2,no_tumor,2,2.9197528e-08,3.288065e-06,0.99999654,7.6833594e-08
Testing/notumor/Te-no_0197.jpg,2,no_tumor,2,5.2727092e-08,0.00012352252,0.99987626,1.23241e-07
Testing/notumor/Te-no_0198.jpg,2,no_tumor,2,1.2412767e-07,5.9753587e-05,0.99993837,1.8100102e-06
Testing/notumor/Te-no_0199.jpg,2,no_tumor,2,2.2378472e-09,9.1158256e-08,0.99999976,6.849912e-08
Testing/notumor/Te-no_0200.jpg,2,no_tumor,2,1.3129826e-06,2.6344085e-05,0.9999722,1.0374613e-07
Testing/notumor/Te-no_0201.jpg,2,no_tumor,2,5.3513862e-08,3.5318967e-06,0.99999535,1.0908236e-06
Testing/notumor/Te-no_0202.jpg,2,no_tumor,2,3.4163524e-05,0.00021049815,0.99975425,1.0779847e-06
Testing/notumor/Te-no_0203.jpg,2,no_tumor,2,1.4233896e-07,1.552446e-06,0.9999982,9.417492e-08
Testing/notumor/Te-no_0204.jpg,2,no_tumor,2,3.847238e-06,0.0005626123,0.99942684,6.619084e-06
Testing/notumor/Te-no_0205.jpg,2,no_tumor,2,3.4694662e-07,2.287721e-05,0.9999763,5.0167915e-07
Testing/notumor/Te-no_0206.jpg,2,no_tumor,2,2.7011722e-06,0.0014743126,0.99851364,9.273063e-06
Testing/notumor/Te-no_0207.jpg,2,no_tumor,2,1.0623104e-07,7.488261e-05,0.9999238,1.2034232e-06
Testing/notumor/Te-no_0208.jpg,2,no_tumor,2,2.1664635e-09,2.940469e-06,0.999997,4.171104e-09
Testing/notumor/Te-no_0209.jpg,2,no_tumor,2,1.145819e-08,7.417848e-06,0.9999925,7.3482404e-08
Testing/notumor/Te-no_0210.jpg,2,no_tumor,2,6.15104e-08,5.2201062e-06,0.9999939,7.80291e-07
Testing/notumor/Te-no_0211.jpg,2,no_tumor,2,5.162503e-06,0.00030869665,0.99967706,9.040657e-06
Testing/notumor/Te-no_0212.jpg,2,no_tumor,2,3.0291926e-06,2.753382e-05,0.99996936,1.0019322e-07
Testing/notumor/Te-no_0213.jpg,2,no_tumor,2,9.790575e-10,2.3203515e-07,0.99999976,1.4054503e-09
Testing/notumor/Te-no_0214.jpg,2,no_tumor,2,3.0448518e-06,3.607328e-05,0.99995756,3.292835e-06
Testing/notumor/Te-no_0215.jpg,2,no_tumor,2,0.0012096562,0.026693378,0.97125643,0.00084051146
Testing/notumor/Te-no_0216.jpg,2,no_tumor,2,2.521541e-07,0.00039323725,0.9996057,8.487159e-07
Testing/notumor/Te-no_0217.jpg,2,no_tumor,2,6.2693935e-08,2.4910343e-05,0.9999751,2.2780764e-08
Testing/notumor/Te-no_0218.jpg,2,no_tumor,2,2.6491307e-08,3.9194356e-06,0.9999925,3.5364299e-06
Testing/notumor/Te-no_0219.jpg,2,no_tumor,2,7.341019e-08,4.7541125e-05,0.9999515,9.910509e-07
Testing/notumor/Te-no_0220.jpg,2,no_tumor,2,3.824586e-06,0.00014436903,0.999851,8.0879244e-07
Testing/notumor/Te-no_0221.jpg,2,no_tumor,2,7.586059e-07,0.000137089,0.99985707,5.0231847e-06
Testing/notumor/Te-no_0222.jpg,2,no_tumor,2,0.00047423528,5.696988e-06,0.9995196,5.0600016e-07
Testing/notumor/Te-no_0223.jpg,2,no_tumor,2,2.748649e-08,2.9102419e-05,0.9999709,5.4630553e-09
Testing/notumor/Te-no_0224.jpg,2,no_tumor,2,2.9980658e-08,2.044138e-05,0.9999795,6.427744e-10
Testing/notumor/Te-no_0225.jpg,2,no_tumor,2,2.1715298e-06,0.00026618398,0.9997029,2.86961e-05
Testing/notumor/Te-no_0226.jpg,2,no_tumor,2,3.0689782e-07,2.2061142e-06,0.9999969,5.948206e-07
Testing/notumor/Te-no_0227.jpg,2,no_tumor,2,0.00018322223,0.000758522,0.99905246,5.875128e-06
Testing/notumor/Te-no_0228.jpg,2,no_tumor,2,1.1183937e-06,3.1269912e-05,0.9999676,1.3515345e-08
Testing/notumor/Te-no_0229.jpg,2,no_tumor,2,1.11279735e-10,5.1804086e-08,1.0,5.692542e-11
Testing/notumor/Te-no_0230.jpg,2,no_tumor,2,2.2132222e-07,2.772685e-05,0.9999708,1.3392524e-06
Testing/notumor/Te-no_0231.jpg,2,no_tumor,2,1.3626527e-06,5.9979226e-05,0.9999385,1.2806328e-07
Testing/notumor/Te-no_0232.jpg,2,no_tumor,2,5.242079e-09,2.847437e-07,0.99999976,4.222234e-08
Testing/notumor/Te-no_0233.jpg,2,no_tumor,2,1.5312029e-12,1.7951292e-08,1.0,5.4079013e-10
Testing/notumor/Te-no_0234.jpg,2,no_tumor,2,4.228238e-09,9.209293e-06,0.9999908,1.3794329e-08
Testing/notumor/Te-no_0235.jpg,2,no_tumor,2,9.657942e-08,3.5248973e-05,0.99996233,2.2503248e-06
Testing/notumor/Te-no_0236.jpg,2,no_tumor,2,1.7428527e-05,6.1597952e-06,0.99997616,2.2122128e-07
Testing/notumor/Te-no_0237.jpg,2,no_tumor,2,0.00024446973,0.06750393,0.9321687,8.286611e-05
Testing/notumor/Te-no_0238.jpg,2,no_tumor,2,3.5818364e-06,2.6294083e-05,0.9999683,1.7307322e-06
Testing/notumor/Te-no_0239.jpg,2,no_tumor,2,7.555012e-11,3.641565e-08,1.0,3.470437e-10
Testing/notumor/Te-no_0240.jpg,2,no_tumor,2,7.4583717e-10,5.8517596e-08,1.0,5.702589e-09
Testing/notumor/Te-no_0241.jpg,2,no_tumor,2,0.00016004665,0.008130813,0.9910569,0.0006522332
Testing/notumor/Te-no_0242.jpg,2,no_tumor,2,6.8176242e-09,1.8628141e-06,0.9999981,7.896945e-09
Testing/notumor/Te-no_0243.jpg,2,no_tumor,2,2.1600686e-08,9.798061e-05,0.9999013,7.6665594e-07
Testing/notumor/Te-no_0244.jpg,2,no_tumor,2,3.4297065e-10,1.2864491e-06,0.9999987,1.7060056e-09
Testing/notumor/Te-no_0245.jpg,2,no_tumor,2,2.137055e-07,0.0001518772,0.99984777,6.134723e-08
Testing/notumor/Te-no_0246.jpg,2,no_tumor,2,6.262232e-11,6.85071e-06,0.9999932,9.416004e-09
Testing/notumor/Te-no_0247.jpg,2,no_tumor,2,2.0092735e-07,0.00018442694,0.999814,1.4853233e-06
Testing/notumor/Te-no_0248.jpg,2,no_tumor,2,0.00017708041,0.0025177961,0.9973036,1.5116445e-06
Testing/notumor/Te-no_0249.jpg,2,no_tumor,2,1.3824132e-09,1.9913996e-06,0.999998,1.9307684e-09
Testing/notumor/Te-no_0250.jpg,2,no_tumor,2,2.0700466e-12,1.6759226e-10,1.0,2.3712748e-12
Testing/notumor/Te-no_0251.jpg,2,no_tumor,2,2.1003862e-08,4.963435e-06,0.999995,1.8699795e-08
Testing/notumor/Te-no_0252.jpg,2,no_tumor,2,3.230723e-08,0.00017358181,0.99982613,2.2808076e-07
Testing/notumor/Te-no_0253.jpg,2,no_tumor,2,5.0962234e-07,5.1718736e-05,0.9999461,1.6983088e-06
Testing/notumor/Te-no_0254.jpg,2,no_tumor,2,2.2380156e-07,3.8545182e-05,0.99995196,9.255e-06
Testing/notumor/Te-no_0255.jpg,2,no_tumor,2,5.169084e-09,3.9763113e-06,0.99999607,5.3819754e-08
Testing/notumor/Te-no_0256.jpg,2,no_tumor,2,1.5003154e-08,1.7416625e-05,0.9999826,2.6832879e-08
Testing/notumor/Te-no_0257.jpg,2,no_tumor,2,8.267385e-11,1.7457195e-08,1.0,3.198641e-10
Testing/notumor/Te-no_0258.jpg,2,no_tumor,2,8.35065e-10,4.4498233e-07,0.9999995,3.0215297e-09
Testing/notumor/Te-no_0259.jpg,2,no_tumor,2,6.8371713e-07,0.00024779854,0.99975115,3.531497e-07
Testing/notumor/Te-no_0260.jpg,2,no_tumor,2,1.3486928e-07,0.00014233893,0.9998573,2.585452e-07
Testing/notumor/Te-no_0261.jpg,2,no_tumor,2,1.5501026e-09,2.597387e-07,0.99999976,2.218672e-08
Testing/notumor/Te-no_0262.jpg,2,no_tumor,2,2.6767893e-07,0.012144516,0.98783666,1.8587487e-05
Testing/notumor/Te-no_0263.jpg,2,no_tumor,2,5.221832e-13,3.3234624e-09,1.0,2.2057576e-11
Testing/notumor/Te-no_0264.jpg,2,no_tumor,2,1.2320774e-12,4.974209e-09,1.0,4.3566573e-10
Testing/notumor/Te-no_0265.jpg,2,no_tumor,2,8.977251e-07,0.00032662204,0.9996699,2.6166867e-06
Testing/notumor/Te-no_0266.jpg,2,no_tumor,2,7.0955753e-06,0.06271554,0.9372295,4.7857124e-05
Testing/notumor/Te-no_0267.jpg,2,no_tumor,2,4.889762e-09,0.00070781034,0.99929214,9.090138e-09
Testing/notumor/Te-no_0268.jpg,2,no_tumor,2,2.6956348e-09,3.422169e-05,0.9999658,1.6753619e-08
Testing/notumor/Te-no_0269.jpg,2,no_tumor,2,2.0458777e-09,2.3107675e-07,0.99999976,2.05999e-09
Testing/notumor/Te-no_0270.jpg,2,no_tumor,2,3.3492535e-07,0.0010253155,0.99896955,4.8027005e-06
Testing/notumor/Te-no_0271.jpg,2,no_tumor,2,5.87598e-10,7.5137737e-06,0.9999925,7.589627e-09
Testing/notumor/Te-no_0272.jpg,2,no_tumor,2,7.4143404e-06,0.006085273,0.99368876,0.00021853363
Testing/notumor/Te-no_0273.jpg,2,no_tumor,2,9.117458e-08,6.1413034e-06,0.9999938,1.4150398e-08
Testing/notumor/Te-no_0274.jpg,2,no_tumor,2,1.5665975e-06,0.00017000925,0.99982387,4.5789648e-06
Testing/notumor/Te-no_0275.jpg,2,no_tumor,2,1.8909596e-07,0.00014780789,0.9998504,1.5935196e-06
Testing/notumor/Te-no_0276.jpg,2,no_tumor,2,0.00012050109,0.0030079584,0.9966978,0.00017387758
Testing/notumor/Te-no_0277.jpg,2,no_tumor,2,1.6954234e-08,3.9367974e-06,0.9999958,2.045076e-07
Testing/notumor/Te-no_0278.jpg,2,no_tumor,2,2.2624857e-08,2.6452321e-06,0.999997,3.6632736e-07
Testing/notumor/Te-no_0279.jpg,2,no_tumor,2,1.2679052e-07,0.00012131174,0.99987805,4.5738642e-07
Testing/notumor/Te-no_0280.jpg,2,no_tumor,2,7.5098566e-11,6.936053e-08,0.9999999,5.8876126e-10
Testing/notumor/Te-no_0281.jpg,2,no_tumor,2,3.162017e-08,8.786503e-05,0.9999119,2.9696545e-07
Testing/notumor/Te-no_0282.jpg,2,no_tumor,2,3.6537554e-11,4.557216e-08,1.0,6.4399996e-10
Testing/notumor/Te-no_0283.jpg,2,no_tumor,2,4.0192537e-11,7.143721e-08,0.9999999,1.2106172e-10
Testing/notumor/Te-no_0284.jpg,2,no_tumor,2,1.33754165e-05,0.0013193267,0.99866533,2.0241812e-06
Testing/notumor/Te-no_0285.jpg,2,no_tumor,2,9.9619434e-08,4.1212e-05,0.9999577,9.755693e-07
Testing/notumor/Te-no_0286.jpg,2,no_tumor,2,2.077325e-06,2.8699626e-05,0.99996877,4.373212e-07
Testing/notumor/Te-no_0287.jpg,2,no_tumor,2,4.8902617e-08,0.0001518983,0.9998474,5.492014e-07
Testing/notumor/Te-no_0288.jpg,2,no_tumor,2,1.839921e-10,1.11519356e-07,0.9999999,2.8973157e-09
Testing/notumor/Te-no_0289.jpg,2,no_tumor,2,9.339434e-14,6.547812e-08,0.9999999,2.038211e-11
Testing/notumor/Te-no_0290.jpg,2,no_tumor,2,3.3915888e-09,1.0489973e-05,0.9999895,1.1635045e-08
Testing/notumor/Te-no_0291.jpg,2,no_tumor,2,1.2023088e-12,1.0356058e-07,0.9999999,4.1808453e-11
Testing/notumor/Te-no_0292.jpg,2,no_tumor,2,1.7275766e-13,4.4071342e-08,1.0,1.7462597e-11
Testing/notumor/Te-no_0293.jpg,2,no_tumor,2,6.1852495e-07,0.00027519683,0.9997241,1.384965e-07
Testing/notumor/Te-no_0294.jpg,2,no_tumor,2,0.00021294001,0.0023634653,0.9973895,3.4084143e-05
Testing/notumor/Te-no_0295.jpg,2,no_tumor,2,1.8262893e-09,2.5703014e-07,0.99999976,5.807967e-09
Testing/notumor/Te-no_0296.jpg,2,no_tumor,2,9.994554e-09,1.8287317e-05,0.99997807,3.7155492e-06
Testing/notumor/Te-no_0297.jpg,2,no_tumor,2,1.8689179e-13,2.3792612e-09,1.0,1.5117266e-10
Testing/notumor/Te-no_0298.jpg,2,no_tumor,2,1.1906549e-05,1.9492012e-05,0.9999684,2.467553e-07
Testing/notumor/Te-no_0299.jpg,2,no_tumor,2,2.1696833e-05,4.690012e-05,0.9999188,1.2576182e-05
Testing/notumor/Te-no_0300.jpg,2,no_tumor,2,1.0901563e-05,0.0024155588,0.9975719,1.6357264e-06
Testing/notumor/Te-no_0301.jpg,2,no_tumor,2,8.4677265e-07,0.0007933273,0.9991658,4.0077633e-05
Testing/notumor/Te-no_0302.jpg,2,no_tumor,2,5.4274994e-07,3.181429e-05,0.9999671,5.910229e-07
Testing/notumor/Te-no_0303.jpg,2,no_tumor,2,4.3000734e-10,5.296109e-09,1.0,8.060163e-10
Testing/notumor/Te-no_0304.jpg,2,no_tumor,2,3.2448937e-05,0.0026529478,0.99725074,6.3870066e-05
Testing/notumor/Te-no_0305.jpg,2,no_tumor,2,1.7627131e-09,1.4453786e-06,0.99999857,3.4114984e-09
Testing/notumor/Te-no_0306.jpg,2,no_tumor,2,1.1139869e-08,1.6009859e-05,0.9999839,9.340044e-08
Testing/notumor/Te-no_0307.jpg,2,no_tumor,2,1.5160014e-05,0.00088511955,0.9990632,3.655883e-05
Testing/notumor/Te-no_0308.jpg,2,no_tumor,2,1.3086454e-08,6.174663e-07,0.9999994,1.3669958e-08
Testing/notumor/Te-no_0309.jpg,2,no_tumor,2,1.6796196e-09,1.0910711e-08,1.0,5.317727e-10
Testing/notumor/Te-no_0310.jpg,2,no_tumor,2,5.0223093e-06,0.00015790397,0.9998287,8.320468e-06
Testing/notumor/Te-no_0311.jpg,2,no_tumor,2,1.350075e-09,3.3060147e-07,0.99999774,1.8519021e-06
Testing/notumor/Te-no_0312.jpg,2,no_tumor,2,8.4344805e-07,1.1899796e-05,0.9999865,7.216086e-07
Testing/notumor/Te-no_0313.jpg,2,no_tumor,2,7.546233e-08,4.5222614e-06,0.99999535,1.630077e-08
Testing/notumor/Te-no_0314.jpg,2,no_tumor,2,9.399748e-08,5.4829266e-05,0.99994135,3.6481501e-06
Testing/notumor/Te-no_0315.jpg,2,no_tumor,2,1.3793213e-09,4.878876e-08,1.0,1.1555284e-08
Testing/notumor/Te-no_0316.jpg,2,no_tumor,2,2.2975484e-09,7.988022e-07,0.99999917,1.9691646e-08
Testing/notumor/Te-no_0317.jpg,2,no_tumor,2,1.4702273e-09,1.5870002e-07,0.9999999,3.3826244e-09
Testing/notumor/Te-no_0318.jpg,2,no_tumor,2,3.8135217e-10,1.9364677e-08,1.0,1.3113015e-09
Testing/notumor/Te-no_0319.jpg,2,no_tumor,2,2.2986657e-07,5.478822e-06,0.99999404,2.359136e-07
Testing/notumor/Te-no_0320.jpg,2,no_tumor,2,8.856095e-09,1.7400122e-06,0.9999982,1.4396235e-08
Testing/notumor/Te-no_0321.jpg,2,no_tumor,2,2.7983877e-05,8.926779e-05,0.9998778,4.9326454e-06
Testing/notumor/Te-no_0322.jpg,2,no_tumor,2,1.3657849e-07,5.870514e-05,0.9999386,2.5488412e-06
Testing/notumor/Te-no_0323.jpg,2,no_tumor,2,5.603746e-06,0.021406662,0.9785461,4.1702744e-05
Testing/notumor/Te-no_0324.jpg,2,no_tumor,2,3.5829355e-05,0.0001126046,0.9996463,0.0002052307
Testing/notumor/Te-no_0325.jpg,2,no_tumor,2,2.1519072e-05,0.007098311,0.99283844,4.1796364e-05
Testing/notumor/Te-no_0326.jpg,2,no_tumor,2,3.5322003e-06,2.376652e-05,0.9999726,9.28415e-08
Testing/notumor/Te-no_0327.jpg,2,no_tumor,2,1.40443825e-08,3.927206e-06,0.99999607,3.4721683e-08
Testing/notumor/Te-no_0328.jpg,2,no_tumor,2,1.2143166e-10,2.3488106e-05,0.9999764,7.9603836e-08
Testing/notumor/Te-no_0329.jpg,2,no_tumor,2,2.0564094e-06,6.8712085e-05,0.9999105,1.8676714e-05
Testing/notumor/Te-no_0330.jpg,2,no_tumor,2,5.075522e-07,5.939316e-05,0.99993837,1.7109364e-06
Testing/notumor/Te-no_0331.jpg,2,no_tumor,2,4.4437118e-10,1.2880233e-08,1.0,4.828049e-10
Testing/notumor/Te-no_0332.jpg,2,no_tumor,2,5.898276e-07,0.00045156528,0.9994524,9.540998e-05
Testing/notumor/Te-no_0333.jpg,2,no_tumor,2,1.4474113e-06,7.08373e-06,0.99999046,1.0023515e-06
Testing/notumor/Te-no_0334.jpg,2,no_tumor,2,1.3814646e-06,0.00024676826,0.99974865,3.2602313e-06
Testing/notumor/Te-no_0335.jpg,2,no_tumor,2,6.252548e-10,2.6109694e-07,0.99999976,4.75084e-10
Testing/notumor/Te-no_0336.jpg,2,no_tumor,2,5.171593e-07,3.185689e-05,0.9999672,4.1662213e-07
Testing/notumor/Te-no_0337.jpg,2,no_tumor,2,1.20572215e-11,8.653975e-10,1.0,3.3806816e-10
Testing/notumor/Te-no_0338.jpg,2,no_tumor,2,4.676454e-07,6.677112e-06,0.9999927,6.570848e-08
Testing/notumor/Te-no_0339.jpg,2,no_tumor,2,4.292282e-08,1.3792612e-05,0.9999858,3.2496902e-07
Testing/notumor/Te-no_0340.jpg,2,no_tumor,2,1.5089913e-06,0.0005396927,0.9994554,3.445443e-06
Testing/notumor/Te-no_0341.jpg,2,no_tumor,2,2.8571685e-05,0.00035303517,0.99961036,8.115486e-06
Testing/notumor/Te-no_0342.jpg,2,no_tumor,2,9.0245203e-07,0.00076873973,0.9988721,0.00035818995
Testing/notumor/Te-no_0343.jpg,2,no_tumor,2,0.00021436445,0.0006600466,0.9989525,0.00017298383
Testing/notumor/Te-no_0344.jpg,2,no_tumor,2,5.6874156e-05,0.0010825021,0.9988563,4.3043906e-06
Testing/notumor/Te-no_0345.jpg,2,no_tumor,2,9.909527e-10,1.23239e-06,0.9999988,1.2483954e-09
Testing/notumor/Te-no_0346.jpg,2,no_tumor,2,7.801056e-09,3.924918e-07,0.9999995,1.0848252e-07
Testing/notumor/Te-no_0347.jpg,2,no_tumor,2,3.2816632e-07,1.14564855e-05,0.9999881,6.515133e-08
Testing/notumor/Te-no_0348.jpg,2,no_tumor,2,8.818552e-09,2.3677876e-06,0.9999976,5.361766e-09
Testing/notumor/Te-no_0349.jpg,2,no_tumor,2,4.7445872e-05,0.032047626,0.96787274,3.2198408e-05
Testing/notumor/Te-no_0350.jpg,2,no_tumor,2,2.309354e-06,4.4769808e-05,0.9999528,1.4193385e-07
Testing/notumor/Te-no_0351.jpg,2,no_tumor,2,3.7361485e-06,8.801354e-05,0.9999012,6.9973466e-06
Testing/notumor/Te-no_0352.jpg,2,no_tumor,2,1.718756e-12,7.487595e-09,1.0,7.295997e-11
Testing/notumor/Te-no_0353.jpg,2,no_tumor,2,1.2251955e-11,5.2245852e-08,1.0,2.0817052e-10
Testing/notumor/Te-no_0354.jpg,2,no_tumor,2,8.843926e-10,9.836422e-07,0.9999989,9.209614e-08
Testing/notumor/Te-no_0355.jpg,2,no_tumor,2,3.487161e-10,1.0027827e-06,0.99999905,1.1586428e-09
Testing/notumor/Te-no_0356.jpg,2,no_tumor,2,8.38657e-07,7.949372e-06,0.99999106,1.6993773e-07
Testing/notumor/Te-no_0357.jpg,2,no_tumor,2,2.1151041e-07,2.1201955e-05,0.99997735,1.2486751e-06
Testing/notumor/Te-no_0358.jpg,2,no_tumor,2,1.8218964e-12,1.3640691e-08,1.0,5.3493343e-10
Testing/notumor/Te-no_0359.jpg,2,no_tumor,2,6.6278295e-11,1.2992876e-07,0.9999999,1.51133e-08
Testing/notumor/Te-no_0360.jpg,2,no_tumor,2,1.3458265e-05,6.9272724e-06,0.9999795,1.060416e-07
Testing/notumor/Te-no_0361.jpg,2,no_tumor,2,4.2578094e-10,4.913157e-06,0.9999951,2.0138725e-10
Testing/notumor/Te-no_0362.jpg,2,no_tumor,2,6.3035536e-08,1.5151348e-07,0.99999976,2.2981077e-08
Testing/notumor/Te-no_0363.jpg,2,no_tumor,2,1.598872e-09,2.1189997e-07,0.99999976,1.6933058e-09
Testing/notumor/Te-no_0364.jpg,2,no_tumor,2,2.7506852e-05,0.005159134,0.9947395,7.387377e-05
Testing/notumor/Te-no_0365.jpg,2,no_tumor,2,1.0144285e-07,6.546421e-06,0.9999933,2.2965812e-08
Testing/notumor/Te-no_0366.jpg,2,no_tumor,2,2.9609894e-11,2.4568266e-07,0.99999976,8.857878e-10
Testing/notumor/Te-no_0367.jpg,2,no_tumor,2,1.9660527e-07,0.00019211807,0.99980766,5.5547375e-08
Testing/notumor/Te-no_0368.jpg,2,no_tumor,2,3.1907835e-08,0.00012956074,0.9998702,2.2093683e-07
Testing/notumor/Te-no_0369.jpg,2,no_tumor,2,2.0995408e-09,8.018743e-07,0.99999917,5.6471223e-09
Testing/notumor/Te-no_0370.jpg,2,no_tumor,2,2.7167076e-07,4.80902e-05,0.99994314,8.459816e-06
Testing/notumor/Te-no_0371.jpg,2,no_tumor,2,5.054059e-11,9.000152e-10,1.0,3.5764624e-11
Testing/notumor/Te-no_0372.jpg,2,no_tumor,2,1.1039479e-06,0.00022651732,0.999767,5.356439e-06
Testing/notumor/Te-no_0373.jpg,2,no_tumor,2,3.7442069e-06,1.2019228e-05,0.99998426,2.0913692e-08
Testing/notumor/Te-no_0374.jpg,2,no_tumor,2,2.2454109e-13,1.3376059e-09,1.0,1.3207658e-11
Testing/notumor/Te-no_0375.jpg,2,no_tumor,2,0.00017545502,0.00087619486,0.99894744,9.3992526e-07
Testing/notumor/Te-no_0376.jpg,2,no_tumor,2,6.395268e-07,0.00017281376,0.99982613,4.589842e-07
Testing/notumor/Te-no_0377.jpg,2,no_tumor,2,6.3239946e-05,0.0010047953,0.9989114,2.0642616e-05
Testing/notumor/Te-no_0378.jpg,2,no_tumor,2,1.1070304e-09,2.4191245e-06,0.99999726,3.627394e-07
Testing/notumor/Te-no_0379.jpg,2,no_tumor,2,7.907662e-07,0.00018028548,0.9998178,1.2104082e-06
Testing/notumor/Te-no_0380.jpg,2,no_tumor,2,7.1567587e-12,1.1874521e-08,1.0,1.3740827e-09
Testing/notumor/Te-no_0381.jpg,2,no_tumor,2,1.15381e-07,1.4584241e-06,0.9999981,3.1992928e-07
Testing/notumor/Te-no_0382.jpg,2,no_tumor,2,9.657413e-06,0.026449535,0.9735327,8.078859e-06
Testing/notumor/Te-no_0383.jpg,2,no_tumor,2,1.4599742e-07,7.064759e-05,0.9999156,1.3533261e-05
Testing/notumor/Te-no_0384.jpg,2,no_tumor,2,2.778994e-07,4.5164394e-05,0.999954,5.495785e-07
Testing/notumor/Te-no_0385.jpg,2,no_tumor,2,5.415053e-10,2.472563e-07,0.99999976,6.232489e-09
Testing/notumor/Te-no_0386.jpg,2,no_tumor,2,2.539979e-08,6.761525e-06,0.99999285,3.0226192e-07
Testing/notumor/Te-no_0387.jpg,2,no_tumor,2,6.294726e-07,5.798207e-06,0.99999297,6.3709973e-07
Testing/notumor/Te-no_0388.jpg,2,no_tumor,2,1.40451775e-08,6.987307e-07,0.9999993,5.2641624e-08
Testing/notumor/Te-no_0389.jpg,2,no_tumor,2,0.0002140755,0.0010283161,0.9985026,0.0002549459
Testing/notumor/Te-no_0390.jpg,2,no_tumor,2,0.000779355,0.0049412674,0.99351233,0.00076709257
Testing/notumor/Te-no_0391.jpg,2,no_tumor,2,5.1127354e-06,0.0049272743,0.9950635,4.145081e-06
Testing/notumor/Te-no_0392.jpg,2,no_tumor,2,1.6407277e-08,3.0102235e-08,1.0,1.2990982e-09
Testing/notumor/Te-no_0393.jpg,2,no_tumor,2,1.6404636e-08,2.5565987e-06,0.99999726,7.4355185e-08
Testing/notumor/Te-no_0394.jpg,2,no_tumor,2,1.3005267e-05,0.0049979314,0.99495465,3.442881e-05
Testing/notumor/Te-no_0395.jpg,2,no_tumor,2,7.832439e-10,9.200822e-09,1.0,2.8798728e-09
Testing/notumor/Te-no_0396.jpg,2,no_tumor,2,6.8937675e-07,3.96968e-05,0.9999591,4.2229178e-07
Testing/notumor/Te-no_0397.jpg,2,no_tumor,2,1.847457e-10,1.2270664e-07,0.9999999,1.01059925e-08
Testing/notumor/Te-no_0398.jpg,2,no_tumor,2,1.2596945e-08,3.6133129e-06,0.9999964,3.6444355e-08
Testing/notumor/Te-no_0399.jpg,2,no_tumor,2,1.2659451e-10,2.7051414e-05,0.9999728,6.244723e-08
Testing/notumor/Te-no_0400.jpg,2,no_tumor,2,4.4062554e-09,4.5146072e-07,0.9999995,3.443576e-08
Testing/notumor/Te-no_0401.jpg,2,no_tumor,2,2.9765799e-09,4.760691e-05,0.9999515,8.975987e-07
Testing/notumor/Te-no_0402.jpg,2,no_tumor,2,8.097587e-11,2.0217472e-08,1.0,7.32668e-10
Testing/notumor/Te-no_0403.jpg,2,no_tumor,2,3.9307525e-07,1.599494e-06,0.99999714,8.907891e-07
Testing/notumor/Te-no_0404.jpg,2,no_tumor,2,6.73168e-10,1.45063215e-08,1.0,3.6050854e-10
Testing/pituitary/Te-piTr_0000.jpg,3,pituitary,1,0.0013106458,0.98477006,0.0001955269,0.013723713
Testing/pituitary/Te-piTr_0001.jpg,3,pituitary,1,0.0040356494,0.7303361,0.25702846,0.008599785
Testing/pituitary/Te-piTr_0002.jpg,3,pituitary,1,0.31818727,0.4051251,0.2753266,0.0013610026
Testing/pituitary/Te-piTr_0003.jpg,3,pituitary,3,0.00753222,0.40591434,0.010601179,0.57595223
Testing/pituitary/Te-piTr_0004.jpg,3,pituitary,3,0.003906895,0.10742297,0.0050594644,0.8836107
Testing/pituitary/Te-piTr_0005.jpg,3,pituitary,2,0.012324243,0.029784817,0.9040645,0.05382655
Testing/pituitary/Te-piTr_0006.jpg,3,pituitary,2,0.03487153,0.17862095,0.7607869,0.02572072
Testing/pituitary/Te-piTr_0007.jpg,3,pituitary,1,0.28422472,0.5942058,0.089600995,0.031968534
Testing/pituitary/Te-piTr_0008.jpg,3,pituitary,2,0.022284985,0.049974535,0.5671262,0.36061424
Testing/pituitary/Te-piTr_0009.jpg,3,pituitary,2,0.09030854,0.06477275,0.6837074,0.1612113
Testing/pituitary/Te-pi_0010.jpg,3,pituitary,3,0.006990716,0.026311724,0.0103289345,0.9563687
Testing/pituitary/Te-pi_0011.jpg,3,pituitary,3,0.046884064,0.044421274,0.01945319,0.8892414
Testing/pituitary/Te-pi_0012.jpg,3,pituitary,1,0.146384,0.77254695,0.00089950074,0.08016961
Testing/pituitary/Te-pi_0013.jpg,3,pituitary,1,0.15591893,0.84302324,0.0008790822,0.0001787557
Testing/pituitary/Te-pi_0014.jpg,3,pituitary,3,0.0037971274,0.13221855,0.003370594,0.86061364
Testing/pituitary/Te-pi_0015.jpg,3,pituitary,0,0.6477013,0.24738286,0.03521977,0.069696106
Testing/pituitary/Te-pi_0016.jpg,3,pituitary,3,0.0017891069,0.22935358,0.18147624,0.58738106
Testing/pituitary/Te-pi_0017.jpg,3,pituitary,2,0.010863134,0.064722784,0.8100853,0.114328906
Testing/pituitary/Te-pi_0018.jpg,3,pituitary,2,0.22026798,0.11029398,0.65546864,0.013969349
Testing/pituitary/Te-pi_0019.jpg,3,pituitary,2,0.28524113,0.054390647,0.5922936,0.068074666
Testing/pituitary/Te-pi_0020.jpg,3,pituitary,3,0.0032648672,0.34783077,0.007294014,0.6416104
Testing/pituitary/Te-pi_0021.jpg,3,pituitary,0,0.687951,0.0016267702,0.000523684,0.30989853
Testing/pituitary/Te-pi_0022.jpg,3,pituitary,0,0.91802543,0.06065022,0.012964723,0.008359632
Testing/pituitary/Te-pi_0023.jpg,3,pituitary,1,0.2742907,0.57321864,0.03916142,0.11332926
Testing/pituitary/Te-pi_0024.jpg,3,pituitary,1,0.026670808,0.64890593,0.31964934,0.0047739185
Testing/pituitary/Te-pi_0025.jpg,3,pituitary,1,0.0009857916,0.99861634,1.4597578e-05,0.00038321252
Testing/pituitary/Te-pi_0026.jpg,3,pituitary,3,0.037030965,0.031668972,0.0021543186,0.9291457
Testing/pituitary/Te-pi_0027.jpg,3,pituitary,3,0.39192578,0.012597473,0.0048277224,0.590649
Testing/pituitary/Te-pi_0028.jpg,3,pituitary,0,0.4721073,0.15297152,0.009218796,0.3657024
Testing/pituitary/Te-pi_0029.jpg,3,pituitary,1,0.07175861,0.8405778,0.08360431,0.0040593506
Testing/pituitary/Te-pi_0030.jpg,3,pituitary,3,7.505996e-05,0.03128026,0.000740965,0.9679037
Testing/pituitary/Te-pi_0031.jpg,3,pituitary,0,0.48498437,0.104276955,0.065001674,0.34573692
Testing/pituitary/Te-pi_0032.jpg,3,pituitary,2,0.30771902,0.2187549,0.46608552,0.007440535
Testing/pituitary/Te-pi_0033.jpg,3,pituitary,0,0.6538642,0.26787046,0.046412963,0.03185238
Testing/pituitary/Te-pi_0034.jpg,3,pituitary,1,0.0011180227,0.9266202,0.0028148033,0.06944701
Testing/pituitary/Te-pi_0035.jpg,3,pituitary,0,0.55205065,0.04171546,0.3969976,0.009236303
Testing/pituitary/Te-pi_0036.jpg,3,pituitary,3,0.0035354844,0.061950102,0.0040885224,0.9304259
Testing/pituitary/Te-pi_0037.jpg,3,pituitary,3,0.0016214183,0.003961523,0.0052525764,0.98916453
Testing/pituitary/Te-pi_0038.jpg,3,pituitary,3,0.13239911,0.013650888,0.011256664,0.84269327
Testing/pituitary/Te-pi_0039.jpg,3,pituitary,0,0.9409824,0.04653958,0.012293229,0.00018480732
Testing/pituitary/Te-pi_0040.jpg,3,pituitary,1,0.039295387,0.9320433,0.003354914,0.025306297
Testing/pituitary/Te-pi_0041.jpg,3,pituitary,1,0.035260446,0.7498731,0.2084501,0.006416323
Testing/pituitary/Te-pi_0042.jpg,3,pituitary,3,8.8771645e-05,0.0010316235,0.00013604,0.9987436
Testing/pituitary/Te-pi_0043.jpg,3,pituitary,2,0.031438593,0.12385752,0.84145194,0.0032519356
Testing/pituitary/Te-pi_0044.jpg,3,pituitary,1,0.11643447,0.86408776,0.010418108,0.009059634
Testing/pituitary/Te-pi_0045.jpg,3,pituitary,1,0.006113407,0.6494532,0.05462081,0.2898126
Testing/pituitary/Te-pi_0046.jpg,3,pituitary,1,0.0031212436,0.6739669,0.19717646,0.12573545
Testing/pituitary/Te-pi_0047.jpg,3,pituitary,3,0.0002726021,0.012852986,0.000621392,0.9862531
Testing/pituitary/Te-pi_0048.jpg,3,pituitary,1,0.09060876,0.5402337,0.03228487,0.33687276
Testing/pituitary/Te-pi_0049.jpg,3,pituitary,3,0.014730172,0.026790287,0.01753688,0.94094276
Testing/pituitary/Te-pi_0050.jpg,3,pituitary,1,0.12651818,0.33587143,0.27024132,0.26736903
Testing/pituitary/Te-pi_0051.jpg,3,pituitary,0,0.6661255,0.24081759,0.013985481,0.07907149
Testing/pituitary/Te-pi_0052.jpg,3,pituitary,3,0.0015052687,0.193328,0.004444241,0.80072254
Testing/pituitary/Te-pi_0053.jpg,3,pituitary,0,0.51725256,0.085418634,0.11167896,0.28564984
Testing/pituitary/Te-pi_0054.jpg,3,pituitary,3,0.08648118,0.041041687,0.07196027,0.80051684
Testing/pituitary/Te-pi_0055.jpg,3,pituitary,3,0.0067262687,0.32914874,0.21312395,0.45100105
Testing/pituitary/Te-pi_0056.jpg,3,pituitary,3,0.0014653364,0.011679795,0.00085309887,0.98600173
Testing/pituitary/Te-pi_0057.jpg,3,pituitary,3,0.012568732,0.0010873274,0.0031082255,0.98323566
Testing/pituitary/Te-pi_0058.jpg,3,pituitary,1,0.008687607,0.74921936,0.044337776,0.19775537
Testing/pituitary/Te-pi_0059.jpg,3,pituitary,1,0.10273661,0.8710597,0.0038181718,0.022385506
Testing/pituitary/Te-pi_0060.jpg,3,pituitary,0,0.83847946,0.0036840248,0.003770569,0.15406595
Testing/pituitary/Te-pi_0061.jpg,3,pituitary,3,0.0030077891,0.012031799,0.030606678,0.95435375
Testing/pituitary/Te-pi_0062.jpg,3,pituitary,0,0.4955057,0.035500787,0.122320674,0.34667277
Testing/pituitary/Te-pi_0063.jpg,3,pituitary,3,0.0018865413,0.0032683327,0.0330127,0.9618324
Testing/pituitary/Te-pi_0064.jpg,3,pituitary,1,0.36807922,0.36846912,0.18145934,0.081992365
Testing/pituitary/Te-pi_0065.jpg,3,pituitary,3,0.0051663625,0.0008016343,0.08503869,0.90899336
Testing/pituitary/Te-pi_0066.jpg,3,pituitary,3,5.9770722e-05,0.0017178783,2.4004003e-05,0.99819833
Testing/pituitary/Te-pi_0067.jpg,3,pituitary,3,0.00051272096,0.42744082,0.03871463,0.5333319
Testing/pituitary/Te-pi_0068.jpg,3,pituitary,1,0.00033573003,0.7902542,0.20051983,0.008890199
Testing/pituitary/Te-pi_0069.jpg,3,pituitary,1,6.216985e-05,0.99055195,0.009179757,0.00020615716
Testing/pituitary/Te-pi_0070.jpg,3,pituitary,2,0.020636732,0.28396273,0.66316175,0.032238785
Testing/pituitary/Te-pi_0071.jpg,3,pituitary,1,0.00064487266,0.8552812,0.1437866,0.00028740463
Testing/pituitary/Te-pi_0072.jpg,3,pituitary,3,0.08784383,0.12810656,0.005721078,0.77832854
Testing/pituitary/Te-pi_0073.jpg,3,pituitary,3,0.0011454878,0.41004103,0.006944443,0.581869
Testing/pituitary/Te-pi_0074.jpg,3,pituitary,1,0.00020594869,0.5607727,0.016684765,0.42233655
Testing/pituitary/Te-pi_0075.jpg,3,pituitary,2,0.0016548807,0.37683198,0.619841,0.0016721666
Testing/pituitary/Te-pi_0076.jpg,3,pituitary,0,0.8841058,0.11177093,0.0025155498,0.0016077929
Testing/pituitary/Te-pi_0077.jpg,3,pituitary,1,0.0010336299,0.65750504,0.3383207,0.0031406796
Testing/pituitary/Te-pi_0078.jpg,3,pituitary,2,3.146132e-05,0.010599641,0.98935777,1.1169468e-05
Testing/pituitary/Te-pi_0079.jpg,3,pituitary,2,7.127534e-06,0.017420564,0.98253906,3.3316028e-05
Testing/pituitary/Te-pi_0080.jpg,3,pituitary,2,0.0010079466,0.1655235,0.82961696,0.003851583
Testing/pituitary/Te-pi_0081.jpg,3,pituitary,1,0.016420301,0.6545016,0.09577691,0.23330113
Testing/pituitary/Te-pi_0082.jpg,3,pituitary,2,0.00032661212,0.022476252,0.6420788,0.33511838
Testing/pituitary/Te-pi_0083.jpg,3,pituitary,3,0.0016730814,0.026291689,0.00041129667,0.9716239
Testing/pituitary/Te-pi_0084.jpg,3,pituitary,3,0.007397993,0.009274509,0.010000496,0.973327
Testing/pituitary/Te-pi_0085.jpg,3,pituitary,2,0.0013405951,0.1319263,0.8655896,0.0011434775
Testing/pituitary/Te-pi_0086.jpg,3,pituitary,3,0.006670043,0.4817281,0.007714184,0.50388765
Testing/pituitary/Te-pi_0087.jpg,3,pituitary,1,0.035552688,0.8833442,0.06098467,0.020118557
Testing/pituitary/Te-pi_0088.jpg,3,pituitary,1,0.0011136276,0.9789331,0.01691944,0.0030338326
Testing/pituitary/Te-pi_0089.jpg,3,pituitary,1,0.44711748,0.53299916,0.008567649,0.011315672
Testing/pituitary/Te-pi_0090.jpg,3,pituitary,0,0.9382377,0.058197528,0.0002575506,0.0033071903
Testing/pituitary/Te-pi_0091.jpg,3,pituitary,1,0.26539323,0.64444405,0.034204435,0.055958237
Testing/pituitary/Te-pi_0092.jpg,3,pituitary,0,0.93160194,0.06637942,9.461036e-05,0.0019240907
Testing/pituitary/Te-pi_0093.jpg,3,pituitary,2,0.008781347,0.11411789,0.87379783,0.0033029898
Testing/pituitary/Te-pi_0094.jpg,3,pituitary,3,0.028652934,0.032119278,0.07578914,0.86343867
Testing/pituitary/Te-pi_0095.jpg,3,pituitary,1,0.17370011,0.798754,0.008531584,0.019014303
Testing/pituitary/Te-pi_0096.jpg,3,pituitary,1,0.08180421,0.85471857,0.004954885,0.058522277
Testing/pituitary/Te-pi_0097.jpg,3,pituitary,0,0.5547336,0.40956265,0.00095276017,0.034751114
Testing/pituitary/Te-pi_0098.jpg,3,pituitary,1,0.055363778,0.9382886,0.0042318343,0.0021158052
Testing/pituitary/Te-pi_0099.jpg,3,pituitary,2,0.0055955774,0.01716293,0.94317424,0.034067117
Testing/pituitary/Te-pi_0100.jpg,3,pituitary,1,0.10614315,0.83877707,0.011412825,0.043666936
Testing/pituitary/Te-pi_0101.jpg,3,pituitary,1,0.044464096,0.85968214,0.0069756047,0.08887814
Testing/pituitary/Te-pi_0102.jpg,3,pituitary,1,0.09139294,0.5012736,0.20784599,0.19948752
Testing/pituitary/Te-pi_0103.jpg,3,pituitary,0,0.92920434,0.05603531,0.00937717,0.005383084
Testing/pituitary/Te-pi_0104.jpg,3,pituitary,1,0.15748458,0.7934058,0.019292742,0.029816948
Testing/pituitary/Te-pi_0105.jpg,3,pituitary,3,0.04138258,0.32660827,0.03642725,0.5955819
Testing/pituitary/Te-pi_0106.jpg,3,pituitary,0,0.32829776,0.27159628,0.12664254,0.27346337
Testing/pituitary/Te-pi_0107.jpg,3,pituitary,1,0.00033864425,0.8877674,0.077827945,0.034066036
Testing/pituitary/Te-pi_0108.jpg,3,pituitary,1,0.09830613,0.84201175,0.009733938,0.04994823
Testing/pituitary/Te-pi_0109.jpg,3,pituitary,1,9.600826e-05,0.9999021,9.090668e-07,1.031661e-06
Testing/pituitary/Te-pi_0110.jpg,3,pituitary,1,0.06090277,0.90985864,0.016384313,0.01285437
Testing/pituitary/Te-pi_0111.jpg,3,pituitary,1,0.14793628,0.844151,0.004266813,0.0036458957
Testing/pituitary/Te-pi_0112.jpg,3,pituitary,3,0.0036800855,0.07611797,0.00048612396,0.91971576
Testing/pituitary/Te-pi_0113.jpg,3,pituitary,1,0.010695859,0.9493123,0.025717773,0.014274002
Testing/pituitary/Te-pi_0114.jpg,3,pituitary,1,0.23077393,0.6049854,0.15447094,0.009769706
Testing/pituitary/Te-pi_0115.jpg,3,pituitary,2,0.003054853,0.08390905,0.5642222,0.34881386
Testing/pituitary/Te-pi_0116.jpg,3,pituitary,1,0.0063568163,0.72796303,0.20004927,0.06563086
Testing/pituitary/Te-pi_0117.jpg,3,pituitary,0,0.5765,0.29392046,0.08925796,0.040321656
Testing/pituitary/Te-pi_0118.jpg,3,pituitary,1,0.0125368815,0.49995148,0.3364513,0.1510604
Testing/pituitary/Te-pi_0119.jpg,3,pituitary,1,0.012707141,0.9099559,0.06858676,0.0087502
Testing/pituitary/Te-pi_0120.jpg,3,pituitary,3,0.0055591133,0.013813803,0.008427402,0.9721996
Testing/pituitary/Te-pi_0121.jpg,3,pituitary,0,0.7462049,0.003931453,0.006310174,0.24355349
Testing/pituitary/Te-pi_0122.jpg,3,pituitary,1,0.023561314,0.6007837,0.009990651,0.36566436
Testing/pituitary/Te-pi_0123.jpg,3,pituitary,0,0.48380843,0.47462046,0.0049977037,0.036573377
Testing/pituitary/Te-pi_0124.jpg,3,pituitary,3,2.6299615e-05,0.002302564,2.837379e-05,0.9976427
Testing/pituitary/Te-pi_0125.jpg,3,pituitary,1,0.0008212961,0.9977841,0.00022646034,0.0011682126
Testing/pituitary/Te-pi_0126.jpg,3,pituitary,0,0.7778733,0.0027205988,0.06571817,0.15368794
Testing/pituitary/Te-pi_0127.jpg,3,pituitary,3,0.0037983097,0.034834296,0.057921007,0.9034464
Testing/pituitary/Te-pi_0128.jpg,3,pituitary,3,0.23392376,0.18672252,0.014128313,0.5652254
Testing/pituitary/Te-pi_0129.jpg,3,pituitary,2,0.0006748435,0.0052245283,0.9249479,0.06915269
Testing/pituitary/Te-pi_0130.jpg,3,pituitary,3,0.022868436,0.024570422,0.327186,0.6253751
Testing/pituitary/Te-pi_0131.jpg,3,pituitary,3,0.0004023871,0.0020861826,0.00086445996,0.99664694
Testing/pituitary/Te-pi_0132.jpg,3,pituitary,3,0.00015825927,0.0005861784,2.6701897e-05,0.99922884
Testing/pituitary/Te-pi_0133.jpg,3,pituitary,2,0.06090418,0.12505002,0.81192607,0.002119753
Testing/pituitary/Te-pi_0134.jpg,3,pituitary,3,0.009365834,0.001891542,0.0006389878,0.98810357
Testing/pituitary/Te-pi_0135.jpg,3,pituitary,1,0.24351966,0.5140212,0.19677982,0.04567927
Testing/pituitary/Te-pi_0136.jpg,3,pituitary,3,0.015540605,0.041523036,0.0028775288,0.94005877
Testing/pituitary/Te-pi_0137.jpg,3,pituitary,0,0.6383774,0.34358218,0.015855415,0.0021849917
Testing/pituitary/Te-pi_0138.jpg,3,pituitary,0,0.74528795,0.0811595,0.07409012,0.09946241
Testing/pituitary/Te-pi_0139.jpg,3,pituitary,0,0.6919968,0.049273025,0.023770466,0.23495966
Testing/pituitary/Te-pi_0140.jpg,3,pituitary,3,0.019089738,0.16081452,0.24673715,0.5733586
Testing/pituitary/Te-pi_0141.jpg,3,pituitary,3,0.048659295,0.06686507,0.0135164885,0.8709591
Testing/pituitary/Te-pi_0142.jpg,3,pituitary,3,0.07921497,0.30114883,0.17447305,0.44516313
Testing/pituitary/Te-pi_0143.jpg,3,pituitary,3,0.007500165,0.44199196,0.0006066949,0.5499012
Testing/pituitary/Te-pi_0144.jpg,3,pituitary,3,0.010557793,0.42346835,0.04136603,0.52460784
Testing/pituitary/Te-pi_0145.jpg,3,pituitary,3,0.019488297,0.008434973,0.0019577076,0.97011906
Testing/pituitary/Te-pi_0146.jpg,3,pituitary,3,0.045250777,0.006706418,0.007726832,0.940316
Testing/pituitary/Te-pi_0147.jpg,3,pituitary,1,0.09980046,0.9000128,5.834124e-05,0.0001284621
Testing/pituitary/Te-pi_0148.jpg,3,pituitary,3,0.040215854,0.39447913,0.011564207,0.55374086
Testing/pituitary/Te-pi_0149.jpg,3,pituitary,3,0.02298425,0.045411658,0.000106495456,0.9314976
Testing/pituitary/Te-pi_0150.jpg,3,pituitary,3,0.17941909,0.38435832,0.010574264,0.42564827
Testing/pituitary/Te-pi_0151.jpg,3,pituitary,0,0.5485087,0.26429293,0.010072967,0.1771254
Testing/pituitary/Te-pi_0152.jpg,3,pituitary,2,0.23523358,0.25922468,0.4758619,0.029679842
Testing/pituitary/Te-pi_0153.jpg,3,pituitary,2,0.03545983,0.36506537,0.400178,0.19929686
Testing/pituitary/Te-pi_0154.jpg,3,pituitary,2,0.045664456,0.07049301,0.8782143,0.005628262
Testing/pituitary/Te-pi_0155.jpg,3,pituitary,0,0.9572427,0.03289693,0.0022785964,0.007581734
Testing/pituitary/Te-pi_0156.jpg,3,pituitary,2,0.027053427,0.18243606,0.7897977,0.00071282353
Testing/pituitary/Te-pi_0157.jpg,3,pituitary,3,0.030080931,0.00057140936,0.0012241583,0.9681235
Testing/pituitary/Te-pi_0158.jpg,3,pituitary,0,0.6482923,0.20880625,0.12623069,0.016670734
Testing/pituitary/Te-pi_0159.jpg,3,pituitary,3,0.00054741796,0.013869449,0.0037052112,0.9818779
Testing/pituitary/Te-pi_0160.jpg,3,pituitary,3,0.104474805,0.25964308,0.30643654,0.32944563
Testing/pituitary/Te-pi_0161.jpg,3,pituitary,0,0.65438974,0.31265345,0.00937243,0.023584336
Testing/pituitary/Te-pi_0162.jpg,3,pituitary,0,0.34800577,0.33669767,0.022472803,0.2928238
Testing/pituitary/Te-pi_0163.jpg,3,pituitary,1,0.021349505,0.8901245,0.07680901,0.011716986
Testing/pituitary/Te-pi_0164.jpg,3,pituitary,1,0.0014899326,0.99480283,0.00024300058,0.0034642564
Testing/pituitary/Te-pi_0165.jpg,3,pituitary,3,0.010148114,0.0008942233,0.0040216013,0.98493594
Testing/pituitary/Te-pi_0166.jpg,3,pituitary,3,0.015197779,0.008091236,0.009260119,0.9674509
Testing/pituitary/Te-pi_0167.jpg,3,pituitary,3,0.0015963633,0.20576288,0.004605682,0.78803515
Testing/pituitary/Te-pi_0168.jpg,3,pituitary,3,0.1316618,0.0778073,0.031154575,0.7593763
Testing/pituitary/Te-pi_0169.jpg,3,pituitary,3,0.108483985,0.051342178,0.016345594,0.8238282
Testing/pituitary/Te-pi_0170.jpg,3,pituitary,2,0.3508339,0.072040975,0.3768761,0.20024906
Testing/pituitary/Te-pi_0171.jpg,3,pituitary,0,0.7359543,0.032416895,0.008915432,0.22271332
Testing/pituitary/Te-pi_0172.jpg,3,pituitary,3,0.0029903636,0.02838475,0.0007111849,0.9679137
Testing/pituitary/Te-pi_0173.jpg,3,pituitary,1,0.07048965,0.67075586,0.14123055,0.11752396
Testing/pituitary/Te-pi_0174.jpg,3,pituitary,0,0.60054034,0.336558,0.020676615,0.042225033
Testing/pituitary/Te-pi_0175.jpg,3,pituitary,0,0.65349734,0.23856755,0.106077984,0.0018571338
Testing/pituitary/Te-pi_0176.jpg,3,pituitary,1,0.0120502515,0.97351676,0.0061487644,0.0082841655
Testing/pituitary/Te-pi_0177.jpg,3,pituitary,0,0.8050958,0.17726324,0.008384284,0.009256699
Testing/pituitary/Te-pi_0178.jpg,3,pituitary,1,0.056617934,0.9287924,0.0039705094,0.010619177
Testing/pituitary/Te-pi_0179.jpg,3,pituitary,1,0.0067431075,0.94736516,0.040971927,0.0049197613
Testing/pituitary/Te-pi_0180.jpg,3,pituitary,0,0.54072917,0.4429035,0.012973731,0.0033936163
Testing/pituitary/Te-pi_0181.jpg,3,pituitary,3,0.007921274,0.016550172,0.035145115,0.9403835
Testing/pituitary/Te-pi_0182.jpg,3,pituitary,3,0.0017947247,0.0010358433,0.0051567396,0.9920127
Testing/pituitary/Te-pi_0183.jpg,3,pituitary,3,0.02696411,0.010970127,0.004142223,0.95792353
Testing/pituitary/Te-pi_0184.jpg,3,pituitary,0,0.6931776,0.24021918,0.06574041,0.00086276146
Testing/pituitary/Te-pi_0185.jpg,3,pituitary,2,0.0038444337,0.018556237,0.97719294,0.0004064909
Testing/pituitary/Te-pi_0186.jpg,3,pituitary,1,0.10996277,0.7645476,0.010041324,0.1154483
Testing/pituitary/Te-pi_0187.jpg,3,pituitary,1,0.009107006,0.9713606,0.01740877,0.0021235915
Testing/pituitary/Te-pi_0188.jpg,3,pituitary,2,0.04016581,0.09874247,0.8610212,7.055964e-05
Testing/pituitary/Te-pi_0189.jpg,3,pituitary,1,0.007401523,0.8074959,0.0019953765,0.18310724
Testing/pituitary/Te-pi_0190.jpg,3,pituitary,1,0.05146217,0.8624071,0.0057075685,0.08042314
Testing/pituitary/Te-pi_0191.jpg,3,pituitary,2,0.22784679,0.23393738,0.5324991,0.0057167257
Testing/pituitary/Te-pi_0192.jpg,3,pituitary,3,0.016362036,0.3488662,0.12180973,0.51296204
Testing/pituitary/Te-pi_0193.jpg,3,pituitary,1,0.00028054143,0.9902782,0.006615212,0.0028261158
Testing/pituitary/Te-pi_0194.jpg,3,pituitary,3,0.00040796772,0.30595085,0.009808791,0.6838324
Testing/pituitary/Te-pi_0195.jpg,3,pituitary,1,0.007557233,0.62655276,0.30057746,0.06531252
Testing/pituitary/Te-pi_0196.jpg,3,pituitary,2,0.007472866,0.22495396,0.7604194,0.0071537187
Testing/pituitary/Te-pi_0197.jpg,3,pituitary,3,0.3997388,0.15372486,0.034262303,0.41227397
Testing/pituitary/Te-pi_0198.jpg,3,pituitary,2,0.011752721,0.1218136,0.44940847,0.41702524
Testing/pituitary/Te-pi_0199.jpg,3,pituitary,3,0.037107516,0.055651374,0.07043676,0.83680433
Testing/pituitary/Te-pi_0200.jpg,3,pituitary,3,0.13710539,0.23216327,0.00035685822,0.6303745
Testing/pituitary/Te-pi_0201.jpg,3,pituitary,1,0.09469633,0.47661385,0.2845441,0.14414573
Testing/pituitary/Te-pi_0202.jpg,3,pituitary,2,0.010344153,0.24807715,0.388087,0.35349163
Testing/pituitary/Te-pi_0203.jpg,3,pituitary,2,0.009925094,0.21036482,0.4225243,0.35718572
Testing/pituitary/Te-pi_0204.jpg,3,pituitary,3,0.011633446,0.3144466,0.07765418,0.59626573
Testing/pituitary/Te-pi_0205.jpg,3,pituitary,1,0.001362445,0.95818347,0.028864216,0.011589814
Testing/pituitary/Te-pi_0206.jpg,3,pituitary,1,0.00041845368,0.6097059,0.07243018,0.31744546
Testing/pituitary/Te-pi_0207.jpg,3,pituitary,1,0.014184712,0.39434782,0.34631848,0.24514902
Testing/pituitary/Te-pi_0208.jpg,3,pituitary,1,3.471551e-05,0.6595032,0.339417,0.0010449539
Testing/pituitary/Te-pi_0209.jpg,3,pituitary,3,0.00011685456,0.014941031,0.00018625072,0.9847558
Testing/pituitary/Te-pi_0210.jpg,3,pituitary,1,0.0025945606,0.55670244,0.26728576,0.1734172
Testing/pituitary/Te-pi_0211.jpg,3,pituitary,2,0.00022580089,0.15780275,0.6865064,0.1554651
Testing/pituitary/Te-pi_0212.jpg,3,pituitary,2,7.474217e-06,0.037368543,0.8855448,0.077079296
Testing/pituitary/Te-pi_0213.jpg,3,pituitary,3,0.0010014827,0.016429266,0.08658123,0.895988
Testing/pituitary/Te-pi_0214.jpg,3,pituitary,1,0.009440318,0.42173958,0.2427092,0.32611087
Testing/pituitary/Te-pi_0215.jpg,3,pituitary,1,1.14067025e-05,0.99791175,0.0015669648,0.0005098961
Testing/pituitary/Te-pi_0216.jpg,3,pituitary,1,0.158447,0.3868912,0.35862467,0.09603709
Testing/pituitary/Te-pi_0217.jpg,3,pituitary,1,0.000185148,0.98657876,0.013228259,7.869754e-06
Testing/pituitary/Te-pi_0218.jpg,3,pituitary,2,0.0056183822,0.3100825,0.59404993,0.09024909
Testing/pituitary/Te-pi_0219.jpg,3,pituitary,3,0.03753868,0.17366408,0.08510611,0.7036911
Testing/pituitary/Te-pi_0220.jpg,3,pituitary,1,0.04675735,0.6195597,0.0130162425,0.32066676
Testing/pituitary/Te-pi_0221.jpg,3,pituitary,3,0.014343315,0.23633063,0.03146954,0.7178566
Testing/pituitary/Te-pi_0222.jpg,3,pituitary,1,0.2778852,0.5787418,0.024075672,0.11929729
Testing/pituitary/Te-pi_0223.jpg,3,pituitary,3,0.006489065,0.27336207,0.22774953,0.49239936
Testing/pituitary/Te-pi_0224.jpg,3,pituitary,1,0.40436423,0.4208205,0.1297529,0.045062404
Testing/pituitary/Te-pi_0225.jpg,3,pituitary,1,0.0004254136,0.7664189,0.0002443934,0.23291132
Testing/pituitary/Te-pi_0226.jpg,3,pituitary,1,0.00025881096,0.88746476,0.087283604,0.024992859
Testing/pituitary/Te-pi_0227.jpg,3,pituitary,2,0.00030809458,0.3888686,0.60968363,0.0011396284
Testing/pituitary/Te-pi_0228.jpg,3,pituitary,2,0.0014900604,0.052476518,0.853477,0.092556335
Testing/pituitary/Te-pi_0229.jpg,3,pituitary,3,0.04600788,0.19689669,0.1380701,0.61902535
Testing/pituitary/Te-pi_0230.jpg,3,pituitary,1,0.0011163957,0.6812023,0.1255463,0.19213495
Testing/pituitary/Te-pi_0231.jpg,3,pituitary,2,0.06248103,0.26645207,0.35244456,0.31862223
Testing/pituitary/Te-pi_0232.jpg,3,pituitary,1,0.017935239,0.65007055,0.27177835,0.060215846
Testing/pituitary/Te-pi_0233.jpg,3,pituitary,2,0.00078672264,0.078315645,0.90217817,0.018719526
Testing/pituitary/Te-pi_0234.jpg,3,pituitary,2,0.000613394,0.014882557,0.9705368,0.013967175
Testing/pituitary/Te-pi_0235.jpg,3,pituitary,3,0.005897773,0.12639542,0.21087772,0.6568291
Testing/pituitary/Te-pi_0236.jpg,3,pituitary,1,0.00036471727,0.78108793,0.010090297,0.20845701
Testing/pituitary/Te-pi_0237.jpg,3,pituitary,1,0.02491011,0.81970143,0.028890952,0.1264975
Testing/pituitary/Te-pi_0238.jpg,3,pituitary,1,0.000115556424,0.89181733,0.102337845,0.005729191
Testing/pituitary/Te-pi_0239.jpg,3,pituitary,2,0.0002775255,0.28233492,0.7147642,0.0026234088
Testing/pituitary/Te-pi_0240.jpg,3,pituitary,1,0.10125847,0.5226223,0.21768747,0.1584318
Testing/pituitary/Te-pi_0241.jpg,3,pituitary,1,0.0011383432,0.99165475,0.005855583,0.0013513674
Testing/pituitary/Te-pi_0242.jpg,3,pituitary,1,0.002454416,0.8892151,0.016980372,0.09135012
Testing/pituitary/Te-pi_0243.jpg,3,pituitary,1,0.0027530983,0.7645272,0.00085867115,0.23186103
Testing/pituitary/Te-pi_0244.jpg,3,pituitary,3,0.030840054,0.28815758,0.05103001,0.62997234
Testing/pituitary/Te-pi_0245.jpg,3,pituitary,1,0.09053884,0.6956023,0.01590215,0.19795676
Testing/pituitary/Te-pi_0246.jpg,3,pituitary,1,0.30032706,0.5840594,0.11454274,0.0010707424
Testing/pituitary/Te-pi_0247.jpg,3,pituitary,1,0.04269508,0.90732944,0.0381308,0.011844769
Testing/pituitary/Te-pi_0248.jpg,3,pituitary,1,0.1183709,0.8174182,0.028151661,0.036059227
Testing/pituitary/Te-pi_0249.jpg,3,pituitary,2,0.00019726498,0.013946417,0.9842413,0.0016150408
Testing/pituitary/Te-pi_0250.jpg,3,pituitary,1,0.31387007,0.6324798,0.043041714,0.010608419
Testing/pituitary/Te-pi_0251.jpg,3,pituitary,1,0.012329613,0.6628604,0.321852,0.0029580065
Testing/pituitary/Te-pi_0252.jpg,3,pituitary,2,0.040599342,0.002938936,0.8663964,0.090065286
Testing/pituitary/Te-pi_0253.jpg,3,pituitary,1,0.0016479059,0.99787545,0.00042935772,4.725444e-05
Testing/pituitary/Te-pi_0254.jpg,3,pituitary,1,0.23354205,0.7642437,0.001882779,0.00033141524
Testing/pituitary/Te-pi_0255.jpg,3,pituitary,1,0.012343015,0.4650189,0.21321024,0.30942795
Testing/pituitary/Te-pi_0256.jpg,3,pituitary,1,0.2157064,0.5126976,0.0191674,0.25242865
Testing/pituitary/Te-pi_0257.jpg,3,pituitary,3,0.007302677,0.0863359,0.011985998,0.8943754
Testing/pituitary/Te-pi_0258.jpg,3,pituitary,3,0.00752099,0.084564835,0.001418767,0.9064954
Testing/pituitary/Te-pi_0259.jpg,3,pituitary,2,0.00033505494,0.11020129,0.88773954,0.0017241107
Testing/pituitary/Te-pi_0260.jpg,3,pituitary,1,0.29444736,0.67640835,0.013899183,0.015245027
Testing/pituitary/Te-pi_0261.jpg,3,pituitary,3,0.011387079,0.009247609,0.03377558,0.9455898
Testing/pituitary/Te-pi_0262.jpg,3,pituitary,1,0.06477915,0.9062424,0.004777607,0.024200946
Testing/pituitary/Te-pi_0263.jpg,3,pituitary,1,0.12606984,0.65843594,0.032965254,0.18252894
Testing/pituitary/Te-pi_0264.jpg,3,pituitary,1,0.0116723,0.5799757,0.36212486,0.04622715
Testing/pituitary/Te-pi_0265.jpg,3,pituitary,1,0.15014137,0.5246745,0.038279686,0.28690448
Testing/pituitary/Te-pi_0266.jpg,3,pituitary,3,0.0026696485,0.13414697,0.0066699223,0.85651344
Testing/pituitary/Te-pi_0267.jpg,3,pituitary,1,0.001562086,0.9433495,0.054871976,0.00021638793
Testing/pituitary/Te-pi_0268.jpg,3,pituitary,2,0.010924151,0.116927564,0.8645153,0.007633028
Testing/pituitary/Te-pi_0269.jpg,3,pituitary,1,0.0005222564,0.9990551,0.00040731713,1.5345015e-05
Testing/pituitary/Te-pi_0270.jpg,3,pituitary,1,0.14964554,0.4537131,0.062814444,0.33382687
Testing/pituitary/Te-pi_0271.jpg,3,pituitary,0,0.9546641,0.04204119,0.0014850086,0.0018096352
Testing/pituitary/Te-pi_0272.jpg,3,pituitary,0,0.7500684,0.23944007,0.0073315823,0.0031598369
Testing/pituitary/Te-pi_0273.jpg,3,pituitary,2,0.02609028,0.117493674,0.8359087,0.020507399
Testing/pituitary/Te-pi_0274.jpg,3,pituitary,1,0.44365972,0.45552364,0.09577717,0.0050395476
Testing/pituitary/Te-pi_0275.jpg,3,pituitary,1,0.21081077,0.73073924,0.05628976,0.002160233
Testing/pituitary/Te-pi_0276.jpg,3,pituitary,1,0.011960575,0.5358914,0.0911824,0.36096558
Testing/pituitary/Te-pi_0277.jpg,3,pituitary,3,0.23810302,0.25700885,0.0044260644,0.5004621
Testing/pituitary/Te-pi_0278.jpg,3,pituitary,1,0.18140991,0.60559654,0.001468729,0.21152475
Testing/pituitary/Te-pi_0279.jpg,3,pituitary,1,0.050992012,0.49282026,0.29356647,0.16262124
Testing/pituitary/Te-pi_0280.jpg,3,pituitary,1,0.005356448,0.42866728,0.24192671,0.32404953
Testing/pituitary/Te-pi_0281.jpg,3,pituitary,1,0.076992504,0.39163646,0.37043592,0.16093513
Testing/pituitary/Te-pi_0282.jpg,3,pituitary,1,0.18785256,0.5326403,0.014206023,0.2653011
Testing/pituitary/Te-pi_0283.jpg,3,pituitary,3,8.095762e-05,0.06424126,0.1459729,0.7897049
Testing/pituitary/Te-pi_0284.jpg,3,pituitary,3,0.106193066,0.063998364,0.031584617,0.7982239
Testing/pituitary/Te-pi_0285.jpg,3,pituitary,2,0.0116966935,0.20357947,0.5394555,0.24526843
Testing/pituitary/Te-pi_0286.jpg,3,pituitary,1,0.0047401297,0.565343,0.22591195,0.20400493
Testing/pituitary/Te-pi_0287.jpg,3,pituitary,2,0.053940307,0.04092431,0.88699144,0.018143937
Testing/pituitary/Te-pi_0288.jpg,3,pituitary,3,0.025826538,0.10578369,0.010891363,0.85749847
Testing/pituitary/Te-pi_0289.jpg,3,pituitary,1,0.043861564,0.8492895,0.04819925,0.05864964
Testing/pituitary/Te-pi_0290.jpg,3,pituitary,2,0.030393805,0.05050254,0.91383445,0.0052691954
Testing/pituitary/Te-pi_0291.jpg,3,pituitary,1,0.079412155,0.82121754,0.019755945,0.07961432
Testing/pituitary/Te-pi_0292.jpg,3,pituitary,2,0.04227561,0.24202083,0.68687433,0.02882931
Testing/pituitary/Te-pi_0293.jpg,3,pituitary,1,0.023691054,0.78974867,0.18561865,0.00094157335
Testing/pituitary/Te-pi_0294.jpg,3,pituitary,1,0.006468336,0.9469489,0.027814383,0.018768407
Testing/pituitary/Te-pi_0295.jpg,3,pituitary,2,0.008193582,0.34705585,0.5939177,0.050832845
Testing/pituitary/Te-pi_0296.jpg,3,pituitary,1,0.014962738,0.5885456,0.026195588,0.37029606
Testing/pituitary/Te-pi_0297.jpg,3,pituitary,1,0.07283252,0.9240794,0.00036315472,0.0027249528
Testing/pituitary/Te-pi_0298.jpg,3,pituitary,1,0.067236744,0.43082863,0.16761519,0.33431944
Testing/pituitary/Te-pi_0299.jpg,3,pituitary,3,0.0003310881,0.4502138,0.0012953595,0.54815984
