path,label,class_name,predicted_label,p_glioma,p_meningioma,p_no_tumor,p_pituitary
Testing/glioma/Te-glTr_0000.jpg,0,glioma,0,0.9993672,0.00030250972,4.639482e-05,0.00028398598
Testing/glioma/Te-glTr_0001.jpg,0,glioma,0,0.999882,2.9880537e-05,5.5032697e-06,8.258987e-05
Testing/glioma/Te-glTr_0002.jpg,0,glioma,0,1.0,3.2743404e-09,3.004815e-11,6.059327e-09
Testing/glioma/Te-glTr_0003.jpg,0,glioma,0,0.34235945,0.23566976,0.102181055,0.3197898
Testing/glioma/Te-glTr_0004.jpg,0,glioma,3,0.08544337,0.0490012,0.0037666785,0.8617887
Testing/glioma/Te-glTr_0005.jpg,0,glioma,0,0.9992894,0.00015215589,0.000232126,0.00032629666
Testing/glioma/Te-glTr_0006.jpg,0,glioma,0,0.99999547,4.2242254e-10,4.400468e-09,4.4839207e-06
Testing/glioma/Te-glTr_0007.jpg,0,glioma,0,1.0,1.5342097e-10,3.9339136e-11,4.3433074e-10
Testing/glioma/Te-glTr_0008.jpg,0,glioma,0,0.99999154,3.6273732e-07,9.9116e-08,7.976045e-06
Testing/glioma/Te-glTr_0009.jpg,0,glioma,0,0.9999999,4.9433937e-09,1.4836016e-10,6.667717e-08
Testing/glioma/Te-gl_0010.jpg,0,glioma,0,0.9975012,0.0012745775,0.000121378325,0.0011028349
Testing/glioma/Te-gl_0011.jpg,0,glioma,0,0.9995888,1.4126861e-06,3.1847517e-06,0.0004066439
Testing/glioma/Te-gl_0012.jpg,0,glioma,0,0.9999968,3.91446e-09,2.4334368e-10,3.2606583e-06
Testing/glioma/Te-gl_0013.jpg,0,glioma,0,0.9999902,4.207318e-06,4.553177e-07,5.1632974e-06
Testing/glioma/Te-gl_0014.jpg,0,glioma,0,1.0,6.512259e-10,1.8615139e-10,3.2307474e-09
Testing/glioma/Te-gl_0015.jpg,0,glioma,0,0.9999995,1.4733772e-08,1.2623821e-09,4.3234178e-07
Testing/glioma/Te-gl_0016.jpg,0,glioma,0,1.0,1.3676628e-10,2.2647329e-12,7.0255474e-10
Testing/glioma/Te-gl_0017.jpg,0,glioma,0,0.9999969,7.282878e-07,1.7566975e-07,2.2350096e-06
Testing/glioma/Te-gl_0018.jpg,0,glioma,0,0.99999976,2.7465e-07,7.773778e-11,7.3349277e-10
Testing/glioma/Te-gl_0019.jpg,0,glioma,0,0.88149446,0.011557238,0.00233983,0.10460842
Testing/glioma/Te-gl_0020.jpg,0,glioma,0,0.99997425,4.6575278e-07,2.67512e-08,2.5251138e-05
Testing/glioma/Te-gl_0021.jpg,0,glioma,0,0.9999832,5.7167273e-07,3.7395718e-09,1.6201147e-05
Testing/glioma/Te-gl_0022.jpg,0,glioma,0,0.9994875,3.35858e-05,1.5532261e-05,0.0004633713
Testing/glioma/Te-gl_0023.jpg,0,glioma,0,0.9996865,0.0002669155,2.1134347e-05,2.5501276e-05
Testing/glioma/Te-gl_0024.jpg,0,glioma,2,0.16411561,0.14901541,0.6187832,0.06808579
Testing/glioma/Te-gl_0025.jpg,0,glioma,0,1.0,5.881698e-10,7.031611e-09,1.4738671e-08
Testing/glioma/Te-gl_0026.jpg,0,glioma,0,0.9999999,1.9648494e-10,7.379409e-11,9.9328595e-08
Testing/glioma/Te-gl_0027.jpg,0,glioma,0,1.0,3.5409242e-10,8.4965207e-10,3.2166806e-08
Testing/glioma/Te-gl_0028.jpg,0,glioma,0,0.9107077,0.02149839,0.0061547505,0.061639134
Testing/glioma/Te-gl_0029.jpg,0,glioma,2,0.16411561,0.14901541,0.6187832,0.06808579
Testing/glioma/Te-gl_0030.jpg,0,glioma,0,0.9977385,0.002035392,6.8206127e-06,0.00021934205
Testing/glioma/Te-gl_0031.jpg,0,glioma,0,1.0,6.743037e-11,8.4592993e-13,1.4313739e-08
Testing/glioma/Te-gl_0032.jpg,0,glioma,0,0.99999964,1.1707897e-07,4.2709078e-10,2.0806975e-07
Testing/glioma/Te-gl_0033.jpg,0,glioma,0,0.9999789,1.710563e-05,2.1990971e-07,3.8068943e-06
Testing/glioma/Te-gl_0034.jpg,0,glioma,0,0.99999976,5.962532e-08,9.7931995e-08,1.4921849e-08
Testing/glioma/Te-gl_0035.jpg,0,glioma,0,1.0,3.611369e-10,1.3165806e-11,5.967511e-10
Testing/glioma/Te-gl_0036.jpg,0,glioma,0,0.99999976,2.3263094e-07,2.6640257e-09,2.0802183e-08
Testing/glioma/Te-gl_0037.jpg,0,glioma,0,1.0,2.183491e-09,1.5419545e-10,1.0685504e-08
Testing/glioma/Te-gl_0038.jpg,0,glioma,0,0.99999976,2.9440588e-07,1.3738098e-09,4.7542624e-08
Testing/glioma/Te-gl_0039.jpg,0,glioma,0,0.99880886,0.0010212031,8.501204e-05,8.4885905e-05
Testing/glioma/Te-gl_0040.jpg,0,glioma,0,0.9999713,2.5354657e-05,2.0233654e-06,1.3739682e-06
Testing/glioma/Te-gl_0041.jpg,0,glioma,0,0.99999154,6.791244e-06,9.281232e-07,7.374233e-07
Testing/glioma/Te-gl_0042.jpg,0,glioma,0,0.9998659,9.649255e-05,2.6604337e-06,3.4857647e-05
Testing/glioma/Te-gl_0043.jpg,0,glioma,0,0.9328248,0.05164724,0.000968964,0.014559009
Testing/glioma/Te-gl_0044.jpg,0,glioma,0,0.9986873,0.0012495895,5.4448033e-06,5.7658697e-05
Testing/glioma/Te-gl_0045.jpg,0,glioma,0,0.98184294,0.012219885,0.0005281369,0.0054090605
Testing/glioma/Te-gl_0046.jpg,0,glioma,0,0.90387803,0.08276691,0.0032874949,0.010067509
Testing/glioma/Te-gl_0047.jpg,0,glioma,1,0.46772814,0.5104055,0.0016716975,0.020194696
Testing/glioma/Te-gl_0048.jpg,0,glioma,0,0.99588084,0.004105459,1.589153e-06,1.2098133e-05
Testing/glioma/Te-gl_0049.jpg,0,glioma,0,0.9989537,5.1175525e-06,2.1004555e-06,0.0010390804
Testing/glioma/Te-gl_0050.jpg,0,glioma,3,0.07277247,0.0011007204,5.1606065e-05,0.9260752
Testing/glioma/Te-gl_0051.jpg,0,glioma,0,0.9999931,6.098338e-08,1.6271782e-08,6.8121735e-06
Testing/glioma/Te-gl_0052.jpg,0,glioma,0,1.0,4.719843e-10,3.307094e-11,1.0576581e-11
Testing/glioma/Te-gl_0053.jpg,0,glioma,0,1.0,3.0965533e-10,9.6362834e-11,1.7403361e-09
Testing/glioma/Te-gl_0054.jpg,0,glioma,0,0.9999937,6.146433e-07,6.396938e-07,5.048106e-06
Testing/glioma/Te-gl_0055.jpg,0,glioma,0,0.9999993,3.5273948e-09,2.7255318e-08,6.317046e-07
Testing/glioma/Te-gl_0056.jpg,0,glioma,0,0.99999964,3.7077515e-07,2.8730247e-09,4.4735877e-09
Testing/glioma/Te-gl_0057.jpg,0,glioma,0,0.945761,0.026248017,0.0004144856,0.027576437
Testing/glioma/Te-gl_0058.jpg,0,glioma,0,0.9999999,1.1336847e-07,2.9797058e-09,3.5437587e-08
Testing/glioma/Te-gl_0059.jpg,0,glioma,0,0.99999917,6.97996e-07,3.4672023e-08,1.311039e-07
Testing/glioma/Te-gl_0060.jpg,0,glioma,0,0.9999776,2.2460978e-05,9.697142e-09,3.0949522e-08
Testing/glioma/Te-gl_0061.jpg,0,glioma,0,0.99995637,3.3144235e-05,1.2054556e-07,1.0364145e-05
Testing/glioma/Te-gl_0062.jpg,0,glioma,0,0.9999993,6.926943e-07,1.6140136e-09,5.9863425e-09
Testing/glioma/Te-gl_0063.jpg,0,glioma,0,0.9999844,3.0699655e-06,5.4367314e-07,1.1936254e-05
Testing/glioma/Te-gl_0064.jpg,0,glioma,0,1.0,6.764901e-10,7.781683e-12,1.0741755e-09
Testing/glioma/Te-gl_0065.jpg,0,glioma,0,0.99999857,2.165956e-08,2.4746594e-09,1.4859178e-06
Testing/glioma/Te-gl_0066.jpg,0,glioma,0,0.99999845,1.0122424e-06,1.4833294e-08,5.549033e-07
Testing/glioma/Te-gl_0067.jpg,0,glioma,0,0.9999989,1.1099961e-06,1.0016623e-10,1.8527847e-09
Testing/glioma/Te-gl_0068.jpg,0,glioma,0,0.9999994,4.873254e-07,5.3109557e-09,1.1228833e-07
Testing/glioma/Te-gl_0069.jpg,0,glioma,0,0.99994576,1.2599342e-05,2.4540574e-07,4.1324696e-05
Testing/glioma/Te-gl_0070.jpg,0,glioma,0,0.9999995,2.425671e-07,1.1438122e-07,9.543794e-08
Testing/glioma/Te-gl_0071.jpg,0,glioma,0,0.9999993,5.8573926e-07,7.2817348e-09,5.2589336e-08
Testing/glioma/Te-gl_0072.jpg,0,glioma,0,1.0,7.659932e-15,7.572074e-16,1.5030581e-14
Testing/glioma/Te-gl_0073.jpg,0,glioma,0,0.9982615,0.0007388146,0.00081195857,0.00018778065
Testing/glioma/Te-gl_0074.jpg,0,glioma,0,0.9999813,4.0296243e-08,2.6999731e-09,1.875409e-05
Testing/glioma/Te-gl_0075.jpg,0,glioma,0,0.9999981,1.7049832e-07,1.495305e-08,1.7242414e-06
Testing/glioma/Te-gl_0076.jpg,0,glioma,0,0.99999833,4.3278226e-07,4.1860133e-09,1.1314553e-06
Testing/glioma/Te-gl_0077.jpg,0,glioma,0,1.0,5.550864e-10,3.3155888e-11,1.9653097e-11
Testing/glioma/Te-gl_0078.jpg,0,glioma,0,0.9999999,6.959399e-09,9.0693175e-11,7.698701e-08
Testing/glioma/Te-gl_0079.jpg,0,glioma,0,0.9999943,2.2773188e-06,4.801009e-07,2.993816e-06
Testing/glioma/Te-gl_0080.jpg,0,glioma,0,1.0,1.8242802e-10,2.456254e-12,8.1207416e-11
Testing/glioma/Te-gl_0081.jpg,0,glioma,0,0.62013614,0.02602105,0.007887903,0.34595492
Testing/glioma/Te-gl_0082.jpg,0,glioma,0,1.0,1.0285075e-11,1.9346243e-13,2.0250591e-11
Testing/glioma/Te-gl_0083.jpg,0,glioma,2,0.112062216,0.054519005,0.7787631,0.05465569
Testing/glioma/Te-gl_0084.jpg,0,glioma,0,0.9972029,0.0009102762,0.00041261106,0.0014742663
Testing/glioma/Te-gl_0085.jpg,0,glioma,0,0.9999944,1.9666862e-07,4.7987364e-06,5.790471e-07
Testing/glioma/Te-gl_0086.jpg,0,glioma,0,0.99999964,2.1223356e-08,1.7909391e-08,3.0806132e-07
Testing/glioma/Te-gl_0087.jpg,0,glioma,0,0.9898141,0.0007831996,0.00053787517,0.008864828
Testing/glioma/Te-gl_0088.jpg,0,glioma,0,0.9994541,6.4758075e-05,8.4309075e-05,0.000396756
Testing/glioma/Te-gl_0089.jpg,0,glioma,0,0.75174344,0.078567296,0.034006327,0.13568297
Testing/glioma/Te-gl_0090.jpg,0,glioma,0,0.9999901,1.5057208e-06,1.1059852e-07,8.225392e-06
Testing/glioma/Te-gl_0091.jpg,0,glioma,0,0.9999976,8.5704966e-07,1.304984e-06,1.8891684e-07
Testing/glioma/Te-gl_0092.jpg,0,glioma,0,0.99875855,0.0008724612,8.198821e-05,0.0002870282
Testing/glioma/Te-gl_0093.jpg,0,glioma,0,0.9999329,1.0887611e-06,1.9195686e-07,6.5823624e-05
Testing/glioma/Te-gl_0094.jpg,0,glioma,0,0.4033841,0.2832584,0.17136693,0.14199053
Testing/glioma/Te-gl_0095.jpg,0,glioma,0,0.9999999,4.148458e-08,1.5124425e-09,5.8942927e-08
Testing/glioma/Te-gl_0096.jpg,0,glioma,0,0.99999857,4.779508e-07,1.08112195e-08,9.0366626e-07
Testing/glioma/Te-gl_0097.jpg,0,glioma,0,0.9999981,5.3296355e-07,1.3349507e-08,1.3742657e-06
Testing/glioma/Te-gl_0098.jpg,0,glioma,0,0.99999166,4.376919e-06,1.3716709e-06,2.5983434e-06
Testing/glioma/Te-gl_0099.jpg,0,glioma,0,0.9999869,1.0584052e-07,3.249698e-08,1.3015577e-05
Testing/glioma/Te-gl_0100.jpg,0,glioma,0,0.99999964,2.477711e-07,3.7346565e-10,7.624638e-08
Testing/glioma/Te-gl_0101.jpg,0,glioma,0,0.97888994,0.014761476,0.0035877007,0.00276083
Testing/glioma/Te-gl_0102.jpg,0,glioma,0,0.99999917,1.0386852e-07,1.1060121e-07,5.5917315e-07
Testing/glioma/Te-gl_0103.jpg,0,glioma,0,0.9996402,7.8887475e-05,4.9161492e-05,0.00023177319
Testing/glioma/Te-gl_0104.jpg,0,glioma,0,0.99891615,0.0007562257,8.890917e-05,0.00023869531
Testing/glioma/Te-gl_0105.jpg,0,glioma,0,0.9995167,0.00030819885,1.7003022e-05,0.00015804119
Testing/glioma/Te-gl_0106.jpg,0,glioma,0,0.8979043,0.0039108326,0.0004603488,0.09772454
Testing/glioma/Te-gl_0107.jpg,0,glioma,0,0.99712235,0.0012294177,0.000106216015,0.0015419369
Testing/glioma/Te-gl_0108.jpg,0,glioma,0,0.99999857,5.1099498e-08,7.2311945e-10,1.3824123e-06
Testing/glioma/Te-gl_0109.jpg,0,glioma,3,0.06330518,0.00013929266,1.5933343e-05,0.93653953
Testing/glioma/Te-gl_0110.jpg,0,glioma,0,0.999853,1.9236062e-07,2.790769e-08,0.00014675528
Testing/glioma/Te-gl_0111.jpg,0,glioma,0,0.99999857,4.6917123e-08,1.4880945e-10,1.4815002e-06
Testing/glioma/Te-gl_0112.jpg,0,glioma,0,0.99999917,3.5914198e-07,3.8303307e-09,5.257948e-07
Testing/glioma/Te-gl_0113.jpg,0,glioma,0,0.9986009,8.667972e-05,2.7790478e-05,0.0012846639
Testing/glioma/Te-gl_0114.jpg,0,glioma,0,0.99996054,3.2213906e-05,1.5929521e-06,5.672292e-06
Testing/glioma/Te-gl_0115.jpg,0,glioma,0,0.9987728,0.0003089541,3.0752308e-06,0.0009150995
Testing/glioma/Te-gl_0116.jpg,0,glioma,0,0.99999726,1.5683544e-07,1.9467343e-09,2.5745724e-06
Testing/glioma/Te-gl_0117.jpg,0,glioma,0,0.9996722,1.914345e-05,3.2663598e-07,0.00030831236
Testing/glioma/Te-gl_0118.jpg,0,glioma,0,0.9999943,2.256444e-06,5.012744e-09,3.4118566e-06
Testing/glioma/Te-gl_0119.jpg,0,glioma,0,0.9513961,0.012445496,0.0002975372,0.03586082
Testing/glioma/Te-gl_0120.jpg,0,glioma,0,0.99999976,1.7455917e-09,1.2499535e-11,2.1910418e-07
Testing/glioma/Te-gl_0121.jpg,0,glioma,0,1.0,5.590993e-08,6.425546e-10,3.8780303e-08
Testing/glioma/Te-gl_0122.jpg,0,glioma,0,0.97014016,0.026699102,0.001047152,0.0021136103
Testing/glioma/Te-gl_0123.jpg,0,glioma,0,1.0,2.589358e-08,7.3224327e-10,3.1000932e-10
Testing/glioma/Te-gl_0124.jpg,0,glioma,0,0.99991906,7.4226846e-05,3.4831703e-06,3.1968032e-06
Testing/glioma/Te-gl_0125.jpg,0,glioma,0,0.96261245,0.03508132,0.00011185064,0.0021944565
Testing/glioma/Te-gl_0126.jpg,0,glioma,0,0.9186624,0.010217612,0.00033883174,0.07078117
Testing/glioma/Te-gl_0127.jpg,0,glioma,0,1.0,8.723612e-10,3.9132517e-11,3.826664e-11
Testing/glioma/Te-gl_0128.jpg,0,glioma,0,0.9999999,1.06080975e-07,2.8120406e-08,1.28074245e-08
Testing/glioma/Te-gl_0129.jpg,0,glioma,0,1.0,3.715542e-08,2.7853091e-11,7.6467555e-10
Testing/glioma/Te-gl_0130.jpg,0,glioma,0,0.99998665,2.0168654e-06,6.063261e-08,1.1268253e-05
Testing/glioma/Te-gl_0131.jpg,0,glioma,0,1.0,1.711987e-08,2.9982272e-10,1.2894336e-09
Testing/glioma/Te-gl_0132.jpg,0,glioma,0,0.9999865,6.619862e-06,7.6217935e-07,5.975854e-06
Testing/glioma/Te-gl_0133.jpg,0,glioma,0,1.0,1.4052255e-09,6.486017e-10,2.8065777e-10
Testing/glioma/Te-gl_0134.jpg,0,glioma,0,0.9999993,2.1133559e-07,9.843486e-10,5.004138e-07
Testing/glioma/Te-gl_0135.jpg,0,glioma,0,0.9999987,2.1205933e-08,2.3920444e-07,1.0786947e-06
Testing/glioma/Te-gl_0136.jpg,0,glioma,0,0.9999999,1.8749842e-09,3.917469e-08,2.2498233e-08
Testing/glioma/Te-gl_0137.jpg,0,glioma,0,0.9998528,0.0001460971,1.4733642e-07,8.837842e-07
Testing/glioma/Te-gl_0138.jpg,0,glioma,0,0.9999136,8.603146e-05,1.5895433e-08,3.4702217e-07
Testing/glioma/Te-gl_0139.jpg,0,glioma,0,1.0,7.881514e-11,1.5262883e-10,8.1049006e-10
Testing/glioma/Te-gl_0140.jpg,0,glioma,0,0.9997931,0.00017533232,1.936757e-05,1.2201665e-05
Testing/glioma/Te-gl_0141.jpg,0,glioma,0,0.99999917,1.3343572e-07,1.5032278e-08,7.013844e-07
Testing/glioma/Te-gl_0142.jpg,0,glioma,0,0.99607015,0.0036712927,1.2268748e-05,0.00024617775
Testing/glioma/Te-gl_0143.jpg,0,glioma,0,0.99999166,8.082357e-06,1.8898871e-07,1.4508775e-08
Testing/glioma/Te-gl_0144.jpg,0,glioma,0,0.9999999,1.4482414e-07,1.0290054e-08,1.998944e-08
Testing/glioma/Te-gl_0145.jpg,0,glioma,0,0.9999993,5.379676e-07,8.3405244e-10,1.2033367e-07
Testing/glioma/Te-gl_0146.jpg,0,glioma,0,1.0,3.5313352e-09,5.2105847e-11,4.6001584e-11
Testing/glioma/Te-gl_0147.jpg,0,glioma,0,0.99999666,3.3796264e-06,1.897445e-09,1.0333861e-08
Testing/glioma/Te-gl_0148.jpg,0,glioma,0,0.999998,1.6389105e-06,3.7642346e-07,2.7404733e-08
Testing/glioma/Te-gl_0149.jpg,0,glioma,0,0.99999464,5.251808e-06,1.1089723e-08,9.7137885e-08
Testing/glioma/Te-gl_0150.jpg,0,glioma,0,0.99583095,0.00407601,1.78818e-05,7.514947e-05
Testing/glioma/Te-gl_0151.jpg,0,glioma,0,0.99992824,5.0984127e-05,9.879049e-06,1.0842235e-05
Testing/glioma/Te-gl_0152.jpg,0,glioma,0,0.99679154,0.001115543,1.9854035e-05,0.0020730894
Testing/glioma/Te-gl_0153.jpg,0,glioma,0,1.0,2.2630782e-09,4.626433e-11,4.113693e-09
Testing/glioma/Te-gl_0154.jpg,0,glioma,0,0.9999994,5.3711767e-07,5.3809465e-08,1.4906844e-09
Testing/glioma/Te-gl_0155.jpg,0,glioma,0,0.9999999,5.599612e-09,2.2276384e-10,7.781832e-08
Testing/glioma/Te-gl_0156.jpg,0,glioma,0,0.9999933,1.2221818e-06,1.1762931e-07,5.400888e-06
Testing/glioma/Te-gl_0157.jpg,0,glioma,0,0.9999999,6.254869e-08,5.338519e-10,3.1776812e-09
Testing/glioma/Te-gl_0158.jpg,0,glioma,0,0.996148,0.0037955104,6.7454016e-06,4.9816586e-05
Testing/glioma/Te-gl_0159.jpg,0,glioma,0,0.99988127,2.5724172e-05,4.0515445e-07,9.257324e-05
Testing/glioma/Te-gl_0160.jpg,0,glioma,0,1.0,1.07246265e-08,9.488773e-10,1.2538567e-09
Testing/glioma/Te-gl_0161.jpg,0,glioma,0,0.99019974,0.009233452,0.000104013685,0.0004628078
Testing/glioma/Te-gl_0162.jpg,0,glioma,0,0.9999095,3.752737e-05,5.256216e-06,4.766515e-05
Testing/glioma/Te-gl_0163.jpg,0,glioma,0,0.9999962,1.7601172e-07,4.543696e-07,3.1818563e-06
Testing/glioma/Te-gl_0164.jpg,0,glioma,0,0.9999999,1.1512051e-07,1.1800912e-08,1.927762e-09
Testing/glioma/Te-gl_0165.jpg,0,glioma,0,0.99998903,1.0716642e-05,6.993298e-08,1.6052381e-07
Testing/glioma/Te-gl_0166.jpg,0,glioma,0,1.0,9.595192e-09,1.3950074e-10,1.0147709e-09
Testing/glioma/Te-gl_0167.jpg,0,glioma,0,0.9999999,1.0678663e-07,3.577112e-10,5.4469538e-08
Testing/glioma/Te-gl_0168.jpg,0,glioma,0,0.99976605,0.00018129373,4.3078508e-06,4.835304e-05
Testing/glioma/Te-gl_0169.jpg,0,glioma,0,0.9999913,2.5265476e-06,2.0305233e-06,4.2266943e-06
Testing/glioma/Te-gl_0170.jpg,0,glioma,0,1.0,1.01796624e-08,1.8507126e-10,4.1248263e-09
Testing/glioma/Te-gl_0171.jpg,0,glioma,0,1.0,3.588757e-10,1.4363396e-09,2.7614353e-08
Testing/glioma/Te-gl_0172.jpg,0,glioma,0,0.99999905,8.1071e-07,1.3501704e-08,1.3176019e-07
Testing/glioma/Te-gl_0173.jpg,0,glioma,0,0.9999862,4.720393e-07,2.588545e-06,1.0720945e-05
Testing/glioma/Te-gl_0174.jpg,0,glioma,0,0.999997,3.3059365e-07,1.0717786e-06,1.6038593e-06
Testing/glioma/Te-gl_0175.jpg,0,glioma,0,0.9999999,1.7742433e-07,1.6082741e-09,2.048752e-09
Testing/glioma/Te-gl_0176.jpg,0,glioma,0,0.96998763,0.001232215,0.021620275,0.0071599344
Testing/glioma/Te-gl_0177.jpg,0,glioma,0,0.9999931,6.3755533e-06,3.809617e-08,5.1693996e-07
Testing/glioma/Te-gl_0178.jpg,0,glioma,0,0.9897794,0.0102166105,1.5334432e-06,2.501202e-06
Testing/glioma/Te-gl_0179.jpg,0,glioma,0,1.0,4.830889e-09,1.9659039e-09,1.529691e-08
Testing/glioma/Te-gl_0180.jpg,0,glioma,0,0.99999976,6.803791e-08,1.9042574e-08,5.9319163e-08
Testing/glioma/Te-gl_0181.jpg,0,glioma,0,1.0,4.0760572e-08,1.1951856e-10,1.9076012e-09
Testing/glioma/Te-gl_0182.jpg,0,glioma,0,0.99999976,2.7751778e-07,1.3318108e-10,5.8807986e-10
Testing/glioma/Te-gl_0183.jpg,0,glioma,0,0.99998,1.4842027e-05,1.6515048e-06,3.4577383e-06
Testing/glioma/Te-gl_0184.jpg,0,glioma,0,0.9999945,4.3351283e-06,2.1897665e-07,1.0032621e-06
Testing/glioma/Te-gl_0185.jpg,0,glioma,0,0.99992037,2.5270543e-05,6.775068e-06,4.760543e-05
Testing/glioma/Te-gl_0186.jpg,0,glioma,0,0.99999356,1.0054048e-06,3.6217497e-07,5.0765643e-06
Testing/glioma/Te-gl_0187.jpg,0,glioma,0,1.0,2.636507e-09,3.9082964e-12,5.5889262e-11
Testing/glioma/Te-gl_0188.jpg,0,glioma,0,0.99836844,0.00058058056,0.00012951168,0.0009214762
Testing/glioma/Te-gl_0189.jpg,0,glioma,0,1.0,1.3718444e-08,5.3733316e-11,4.5519706e-11
Testing/glioma/Te-gl_0190.jpg,0,glioma,0,0.9999994,2.2439309e-07,4.9477116e-09,4.0632875e-07
Testing/glioma/Te-gl_0191.jpg,0,glioma,0,0.9999981,1.5306198e-07,8.0346035e-07,1.0333257e-06
Testing/glioma/Te-gl_0192.jpg,0,glioma,0,0.99998474,1.4350788e-05,1.5169945e-07,7.78082e-07
Testing/glioma/Te-gl_0193.jpg,0,glioma,0,1.0,3.0637807e-08,6.715544e-11,4.6938264e-10
Testing/glioma/Te-gl_0194.jpg,0,glioma,0,0.99999917,7.826688e-07,1.5254263e-09,8.484453e-09
Testing/glioma/Te-gl_0195.jpg,0,glioma,0,0.96673477,0.033251926,7.4892023e-06,5.770982e-06
Testing/glioma/Te-gl_0196.jpg,0,glioma,0,1.0,1.2075674e-08,7.6685e-11,4.4881394e-11
Testing/glioma/Te-gl_0197.jpg,0,glioma,0,1.0,2.222991e-10,1.9048598e-09,3.7613677e-09
Testing/glioma/Te-gl_0198.jpg,0,glioma,1,0.40811765,0.5918359,2.5366819e-05,2.1040503e-05
Testing/glioma/Te-gl_0199.jpg,0,glioma,0,0.9996302,0.00036124518,4.0253103e-06,4.511299e-06
Testing/glioma/Te-gl_0200.jpg,0,glioma,0,0.9999999,1.2913434e-07,1.7669433e-09,4.8307342e-08
Testing/glioma/Te-gl_0201.jpg,0,glioma,0,1.0,3.854094e-12,6.6089407e-16,1.1586504e-13
Testing/glioma/Te-gl_0202.jpg,0,glioma,0,1.0,4.4711497e-09,1.8282198e-10,1.909833e-09
Testing/glioma/Te-gl_0203.jpg,0,glioma,0,1.0,7.559921e-09,8.4765617e-10,9.602186e-09
Testing/glioma/Te-gl_0204.jpg,0,glioma,0,0.9994837,0.00024399946,7.481169e-05,0.00019739693
Testing/glioma/Te-gl_0205.jpg,0,glioma,0,0.9999981,1.8037355e-06,8.7099455e-10,1.4966254e-07
Testing/glioma/Te-gl_0206.jpg,0,glioma,0,0.96843207,0.00032706346,2.2482867e-05,0.03121843
Testing/glioma/Te-gl_0207.jpg,0,glioma,0,0.9992348,8.857052e-05,1.2170198e-05,0.00066443224
Testing/glioma/Te-gl_0208.jpg,0,glioma,0,0.94366914,0.05571484,3.6834695e-05,0.00057913066
Testing/glioma/Te-gl_0209.jpg,0,glioma,0,0.9999999,4.6497717e-10,4.5530278e-08,1.01976035e-07
Testing/glioma/Te-gl_0210.jpg,0,glioma,0,1.0,3.0754798e-11,1.5343223e-12,1.6553363e-10
Testing/glioma/Te-gl_0211.jpg,0,glioma,0,0.99999964,1.0007784e-07,8.280769e-10,2.3913373e-07
Testing/glioma/Te-gl_0212.jpg,0,glioma,0,0.9999939,5.9821873e-06,1.6408835e-08,8.224206e-08
Testing/glioma/Te-gl_0213.jpg,0,glioma,0,1.0,3.0773034e-08,2.6538513e-10,2.2042752e-09
Testing/glioma/Te-gl_0214.jpg,0,glioma,0,0.9903504,0.0010794393,0.0021298083,0.00644029
Testing/glioma/Te-gl_0215.jpg,0,glioma,0,0.99999654,2.898568e-06,2.0760191e-07,3.461991e-07
Testing/glioma/Te-gl_0216.jpg,0,glioma,0,1.0,1.6729572e-08,2.563099e-08,3.107953e-08
Testing/glioma/Te-gl_0217.jpg,0,glioma,0,1.0,2.046202e-09,3.235756e-12,1.39827525e-11
Testing/glioma/Te-gl_0218.jpg,0,glioma,0,1.0,1.5458999e-11,1.8631521e-13,1.383374e-12
Testing/glioma/Te-gl_0219.jpg,0,glioma,0,0.9999968,9.058377e-08,8.513324e-08,2.9631747e-06
Testing/glioma/Te-gl_0220.jpg,0,glioma,0,0.99999714,1.2564142e-06,6.4859647e-09,1.5456664e-06
Testing/glioma/Te-gl_0221.jpg,0,glioma,0,0.9999652,1.8988148e-06,9.710275e-07,3.198062e-05
Testing/glioma/Te-gl_0222.jpg,0,glioma,0,0.99999523,2.6788948e-07,8.879986e-07,3.6059212e-06
Testing/glioma/Te-gl_0223.jpg,0,glioma,0,0.99945253,2.792943e-05,5.152685e-05,0.0004680372
Testing/glioma/Te-gl_0224.jpg,0,glioma,0,0.9999943,2.3633339e-07,3.9069223e-06,1.5277157e-06
Testing/glioma/Te-gl_0225.jpg,0,glioma,0,1.0,4.7291095e-09,2.1138785e-10,3.4162178e-09
Testing/glioma/Te-gl_0226.jpg,0,glioma,0,1.0,6.0793134e-11,1.3796409e-11,2.8702254e-10
Testing/glioma/Te-gl_0227.jpg,0,glioma,0,0.9999995,3.2071057e-07,4.817637e-09,1.4645538e-07
Testing/glioma/Te-gl_0228.jpg,0,glioma,0,0.99999857,1.4172616e-06,7.594394e-09,1.1360075e-08
Testing/glioma/Te-gl_0229.jpg,0,glioma,0,0.9999616,7.533582e-06,2.135787e-06,2.8790377e-05
Testing/glioma/Te-gl_0230.jpg,0,glioma,0,0.8941664,0.014107025,0.011897735,0.079828806
Testing/glioma/Te-gl_0231.jpg,0,glioma,0,0.99963486,6.738616e-05,4.324944e-06,0.00029347604
Testing/glioma/Te-gl_0232.jpg,0,glioma,0,0.9640262,0.031949837,0.0009996538,0.0030242603
Testing/glioma/Te-gl_0233.jpg,0,glioma,1,0.42495984,0.43484896,0.051115297,0.089075886
Testing/glioma/Te-gl_0234.jpg,0,glioma,1,0.17338695,0.72250444,0.017788893,0.08631974
Testing/glioma/Te-gl_0235.jpg,0,glioma,0,0.97442085,0.024224225,0.00048509898,0.0008698495
Testing/glioma/Te-gl_0236.jpg,0,glioma,0,0.9996221,0.00020299172,3.2749876e-06,0.00017166526
Testing/glioma/Te-gl_0237.jpg,0,glioma,1,0.20442119,0.72932833,0.007955959,0.05829458
Testing/glioma/Te-gl_0238.jpg,0,glioma,0,0.79602784,0.2029516,0.00022794715,0.0007926631
Testing/glioma/Te-gl_0239.jpg,0,glioma,0,0.9996165,0.0003711106,2.146346e-06,1.0243659e-05
Testing/glioma/Te-gl_0240.jpg,0,glioma,1,0.31645414,0.6570671,0.007456378,0.019022351
Testing/glioma/Te-gl_0241.jpg,0,glioma,0,0.997308,0.0005471558,3.4813762e-05,0.0021100459
Testing/glioma/Te-gl_0242.jpg,0,glioma,1,0.0007002003,0.99926573,5.657361e-06,2.8363087e-05
Testing/glioma/Te-gl_0243.jpg,0,glioma,0,0.9983944,0.0013582909,2.1783108e-05,0.00022558935
Testing/glioma/Te-gl_0244.jpg,0,glioma,0,0.9997608,0.00021026359,2.6803991e-06,2.6273163e-05
Testing/glioma/Te-gl_0245.jpg,0,glioma,0,0.55148137,0.44712678,0.00073857605,0.00065322954
Testing/glioma/Te-gl_0246.jpg,0,glioma,0,0.9999404,5.5865054e-05,4.3849354e-07,3.303917e-06
Testing/glioma/Te-gl_0247.jpg,0,glioma,0,0.99997485,2.0704836e-05,4.254077e-07,4.0085592e-06
Testing/glioma/Te-gl_0248.jpg,0,glioma,0,0.9985166,0.0013706381,6.6352964e-05,4.631278e-05
Testing/glioma/Te-gl_0249.jpg,0,glioma,1,0.21336402,0.7226065,0.03162774,0.032401804
Testing/glioma/Te-gl_0250.jpg,0,glioma,0,0.99591184,0.0011216762,0.000104658204,0.0028618418
Testing/glioma/Te-gl_0251.jpg,0,glioma,0,0.9998115,9.24953e-05,9.526406e-06,8.655304e-05
Testing/glioma/Te-gl_0252.jpg,0,glioma,0,0.90335065,0.07892299,0.0034470235,0.014279328
Testing/glioma/Te-gl_0253.jpg,0,glioma,0,0.9997931,0.00015796087,4.6852715e-06,4.430614e-05
Testing/glioma/Te-gl_0254.jpg,0,glioma,0,0.9999819,1.3082912e-05,1.15762354e-07,4.865643e-06
Testing/glioma/Te-gl_0255.jpg,0,glioma,1,0.14466822,0.85214525,0.0006196311,0.0025669746
Testing/glioma/Te-gl_0256.jpg,0,glioma,0,0.9843104,0.015392308,0.00020009276,9.7240496e-05
Testing/glioma/Te-gl_0257.jpg,0,glioma,0,0.56869215,0.4301402,0.00017293265,0.0009947147
Testing/glioma/Te-gl_0258.jpg,0,glioma,0,0.9899929,0.008205929,0.001341599,0.000459561
Testing/glioma/Te-gl_0259.jpg,0,glioma,3,0.011341449,0.28005555,0.008718793,0.69988424
Testing/glioma/Te-gl_0260.jpg,0,glioma,0,0.998453,0.0013388607,4.5913086e-05,0.00016212827
Testing/glioma/Te-gl_0261.jpg,0,glioma,0,0.94643617,0.042477,0.005236501,0.005850419
Testing/glioma/Te-gl_0262.jpg,0,glioma,0,0.9824096,0.008880102,0.000603401,0.008106959
Testing/glioma/Te-gl_0263.jpg,0,glioma,1,0.22136201,0.77444816,0.00014559062,0.004044265
Testing/glioma/Te-gl_0264.jpg,0,glioma,1,0.00092352676,0.9980027,9.6019816e-05,0.0009777428
Testing/glioma/Te-gl_0265.jpg,0,glioma,1,0.057879336,0.92765737,0.0028825921,0.011580715
Testing/glioma/Te-gl_0266.jpg,0,glioma,0,0.99973994,3.0453379e-05,7.977719e-06,0.00022151996
Testing/glioma/Te-gl_0267.jpg,0,glioma,0,0.9122865,0.027921477,0.022221232,0.037570782
Testing/glioma/Te-gl_0268.jpg,0,glioma,3,0.304478,0.0009271943,0.0013040891,0.69329077
Testing/glioma/Te-gl_0269.jpg,0,glioma,0,0.9886594,0.010927349,9.342896e-05,0.0003197396
Testing/glioma/Te-gl_0270.jpg,0,glioma,0,0.7902664,0.20735464,0.00040186863,0.0019771634
Testing/glioma/Te-gl_0271.jpg,0,glioma,1,0.017343536,0.9817058,0.00024836574,0.0007024179
Testing/glioma/Te-gl_0272.jpg,0,glioma,1,0.30075097,0.3349542,0.0689998,0.295295
Testing/glioma/Te-gl_0273.jpg,0,glioma,0,0.9889236,0.0019409882,0.0001226964,0.00901262
Testing/glioma/Te-gl_0274.jpg,0,glioma,0,0.9997937,0.00016164336,1.3316756e-05,3.1346754e-05
Testing/glioma/Te-gl_0275.jpg,0,glioma,0,0.82741964,0.11432428,0.0036517319,0.054604292
Testing/glioma/Te-gl_0276.jpg,0,glioma,0,0.88331115,0.043015875,0.007874852,0.065798104
Testing/glioma/Te-gl_0277.jpg,0,glioma,0,0.9452059,0.008056881,0.0054677217,0.041269533
Testing/glioma/Te-gl_0278.jpg,0,glioma,0,0.888472,0.102591045,0.00062688073,0.008310049
Testing/glioma/Te-gl_0279.jpg,0,glioma,0,0.8981179,0.09540687,0.0005259557,0.005949243
Testing/glioma/Te-gl_0280.jpg,0,glioma,0,0.9808187,0.004838597,0.0031850857,0.011157546
Testing/glioma/Te-gl_0281.jpg,0,glioma,0,0.9969213,0.0023381917,0.0003468862,0.00039360733
Testing/glioma/Te-gl_0282.jpg,0,glioma,0,0.9993901,0.0006033368,1.7971256e-06,4.736917e-06
Testing/glioma/Te-gl_0283.jpg,0,glioma,0,0.9919932,0.00797169,5.6217227e-06,2.9542285e-05
Testing/glioma/Te-gl_0284.jpg,0,glioma,0,0.999998,3.9784564e-07,7.015461e-07,1.0269125e-06
Testing/glioma/Te-gl_0285.jpg,0,glioma,0,0.58270377,0.4005249,0.0028335652,0.013937726
Testing/glioma/Te-gl_0286.jpg,0,glioma,0,0.99997854,3.6635794e-07,1.8311697e-08,2.1092168e-05
Testing/glioma/Te-gl_0287.jpg,0,glioma,0,0.9999263,1.6035541e-05,8.043058e-07,5.6782326e-05
Testing/glioma/Te-gl_0288.jpg,0,glioma,0,1.0,1.735716e-08,1.630848e-10,1.9062083e-09
Testing/glioma/Te-gl_0289.jpg,0,glioma,0,0.9704635,0.00096693303,0.00061441667,0.027955152
Testing/glioma/Te-gl_0290.jpg,0,glioma,0,0.99682873,0.00046163733,0.00038112045,0.0023284443
Testing/glioma/Te-gl_0291.jpg,0,glioma,0,0.9996722,9.837279e-05,4.644254e-05,0.00018313283
Testing/glioma/Te-gl_0292.jpg,0,glioma,0,0.9911902,0.0017815476,0.00067043904,0.0063577583
Testing/glioma/Te-gl_0293.jpg,0,glioma,0,0.9999938,4.00893e-06,4.1872445e-07,1.7413026e-06
Testing/glioma/Te-gl_0294.jpg,0,glioma,0,0.9999994,4.121837e-08,7.70235e-09,6.023016e-07
Testing/glioma/Te-gl_0295.jpg,0,glioma,0,0.9890576,0.0058929613,0.0015764622,0.003472988
Testing/glioma/Te-gl_0296.jpg,0,glioma,0,0.9999999,5.527655e-09,1.7025629e-08,5.2424525e-08
Testing/glioma/Te-gl_0297.jpg,0,glioma,0,1.0,1.3931481e-11,3.7850825e-12,1.6596856e-11
Testing/glioma/Te-gl_0298.jpg,0,glioma,0,0.9999924,2.9739138e-06,1.1427111e-08,4.64263e-06
Testing/glioma/Te-gl_0299.jpg,0,glioma,0,0.99998975,1.6015464e-07,5.6542694e-07,9.602661e-06
Testing/meningioma/Te-meTr_0000.jpg,1,meningioma,1,0.17322457,0.6875864,0.07109707,0.06809193
Testing/meningioma/Te-meTr_0001.jpg,1,meningioma,0,0.91011477,0.036717355,0.0022424376,0.050925482
Testing/meningioma/Te-meTr_0002.jpg,1,meningioma,1,0.27267748,0.6309778,0.06602103,0.030323688
Testing/meningioma/Te-meTr_0003.jpg,1,meningioma,1,0.22945641,0.45994467,0.13920127,0.17139764
Testing/meningioma/Te-meTr_0004.jpg,1,meningioma,1,5.0163388e-05,0.9997726,9.7144984e-05,8.0053826e-05
Testing/meningioma/Te-meTr_0005.jpg,1,meningioma,1,0.004396659,0.98340607,0.0024099355,0.009787372
Testing/meningioma/Te-meTr_0006.jpg,1,meningioma,2,0.0021106657,0.15908372,0.8386498,0.00015589967
Testing/meningioma/Te-meTr_0007.jpg,1,meningioma,0,0.973217,0.0066739535,0.00058828044,0.019520735
Testing/meningioma/Te-meTr_0008.jpg,1,meningioma,1,0.060180113,0.9338753,0.0051538534,0.00079063815
Testing/meningioma/Te-meTr_0009.jpg,1,meningioma,1,4.1385792e-06,0.9999931,2.0437067e-06,7.349146e-07
Testing/meningioma/Te-me_0010.jpg,1,meningioma,1,0.0048805615,0.95393187,0.033929963,0.007257642
Testing/meningioma/Te-me_0011.jpg,1,meningioma,0,0.99862456,0.00024361958,0.00065838767,0.00047348964
Testing/meningioma/Te-me_0012.jpg,1,meningioma,1,0.0008407594,0.99788254,0.00020189081,0.0010747843
Testing/meningioma/Te-me_0013.jpg,1,meningioma,1,1.2201585e-05,0.99997056,1.8110907e-06,1.5420468e-05
Testing/meningioma/Te-me_0014.jpg,1,meningioma,1,0.09660508,0.71912825,0.11101841,0.073248245
Testing/meningioma/Te-me_0015.jpg,1,meningioma,1,0.00055545755,0.9991431,0.00012664052,0.0001747354
Testing/meningioma/Te-me_0016.jpg,1,meningioma,1,0.006268865,0.99055326,0.0021358712,0.0010419486
Testing/meningioma/Te-me_0017.jpg,1,meningioma,1,5.0454153e-05,0.99971765,0.00011410928,0.000117771815
Testing/meningioma/Te-me_0018.jpg,1,meningioma,1,3.708238e-06,0.9999672,1.5349888e-05,1.3776383e-05
Testing/meningioma/Te-me_0019.jpg,1,meningioma,1,0.16556911,0.69474643,0.022921517,0.11676299
Testing/meningioma/Te-me_0020.jpg,1,meningioma,1,1.7766942e-07,0.9999976,5.5986334e-07,1.673263e-06
Testing/meningioma/Te-me_0021.jpg,1,meningioma,1,0.0058124107,0.9895914,0.0034751792,0.0011209941
Testing/meningioma/Te-me_0022.jpg,1,meningioma,1,0.2974654,0.5724386,0.1061266,0.023969395
Testing/meningioma/Te-me_0023.jpg,1,meningioma,1,0.0041519897,0.9369793,0.05551468,0.003354063
Testing/meningioma/Te-me_0024.jpg,1,meningioma,1,0.0013291858,0.7685273,0.014641166,0.2155023
Testing/meningioma/Te-me_0025.jpg,1,meningioma,1,8.207431e-05,0.9998789,1.745401e-05,2.157528e-05
Testing/meningioma/Te-me_0026.jpg,1,meningioma,1,0.0038971156,0.64955026,0.003262724,0.34328985
Testing/meningioma/Te-me_0027.jpg,1,meningioma,1,0.00060436124,0.99793255,0.00027284675,0.0011903036
Testing/meningioma/Te-me_0028.jpg,1,meningioma,1,0.0005107929,0.99933463,9.5324795e-05,5.913841e-05
Testing/meningioma/Te-me_0029.jpg,1,meningioma,1,0.0003638662,0.9988821,0.00023315557,0.00052085496
Testing/meningioma/Te-me_0030.jpg,1,meningioma,1,0.00024706512,0.9996797,5.662941e-05,1.6708487e-05
Testing/meningioma/Te-me_0031.jpg,1,meningioma,1,0.0048805615,0.95393187,0.033929963,0.007257642
Testing/meningioma/Te-me_0032.jpg,1,meningioma,2,0.21579243,0.23040618,0.49687198,0.056929365
Testing/meningioma/Te-me_0033.jpg,1,meningioma,1,0.00021229777,0.99608696,0.0025157535,0.0011850441
Testing/meningioma/Te-me_0034.jpg,1,meningioma,1,0.005278989,0.98013866,0.0029132543,0.011669054
Testing/meningioma/Te-me_0035.jpg,1,meningioma,1,0.03769629,0.76215893,0.16386372,0.036281038
Testing/meningioma/Te-me_0036.jpg,1,meningioma,1,8.6371057e-07,0.999987,1.2153774e-05,3.9587224e-08
Testing/meningioma/Te-me_0037.jpg,1,meningioma,2,0.021560716,0.00088102545,0.9774284,0.00012990009
Testing/meningioma/Te-me_0038.jpg,1,meningioma,1,0.05136976,0.9430483,0.004874932,0.0007069558
Testing/meningioma/Te-me_0039.jpg,1,meningioma,2,0.0012467755,0.22752124,0.705902,0.06532996
Testing/meningioma/Te-me_0040.jpg,1,meningioma,1,0.003602687,0.9960842,0.00013884099,0.00017431594
Testing/meningioma/Te-me_0041.jpg,1,meningioma,1,0.00587376,0.99140745,0.0018338467,0.0008848727
Testing/meningioma/Te-me_0042.jpg,1,meningioma,1,0.0002871896,0.99857914,0.00031586463,0.0008177321
Testing/meningioma/Te-me_0043.jpg,1,meningioma,1,0.0005741948,0.99819845,0.00026115673,0.0009662274
Testing/meningioma/Te-me_0044.jpg,1,meningioma,1,6.643653e-05,0.9965708,0.0014229466,0.0019398514
Testing/meningioma/Te-me_0045.jpg,1,meningioma,1,0.0035392179,0.98687357,0.0041128965,0.005474341
Testing/meningioma/Te-me_0046.jpg,1,meningioma,1,0.064689755,0.9085536,0.01398534,0.012771273
Testing/meningioma/Te-me_0047.jpg,1,meningioma,1,0.002946567,0.9927235,0.0024430125,0.0018868616
Testing/meningioma/Te-me_0048.jpg,1,meningioma,1,0.052291024,0.8711706,0.0012192408,0.07531915
Testing/meningioma/Te-me_0049.jpg,1,meningioma,1,0.01574485,0.9486625,0.024465272,0.011127354
Testing/meningioma/Te-me_0050.jpg,1,meningioma,2,0.007231525,0.015361277,0.9760577,0.0013495215
Testing/meningioma/Te-me_0051.jpg,1,meningioma,1,0.032084398,0.9454721,0.011626001,0.010817424
Testing/meningioma/Te-me_0052.jpg,1,meningioma,1,0.16488953,0.5145842,0.2899623,0.030563967
Testing/meningioma/Te-me_0053.jpg,1,meningioma,1,0.040741682,0.8537751,0.09481462,0.0106686065
Testing/meningioma/Te-me_0054.jpg,1,meningioma,1,0.0002871896,0.99857914,0.00031586463,0.0008177321
Testing/meningioma/Te-me_0055.jpg,1,meningioma,1,0.0007493889,0.99768364,0.00034669074,0.0012202229
Testing/meningioma/Te-me_0056.jpg,1,meningioma,2,0.005943427,0.037819836,0.9543703,0.0018663979
Testing/meningioma/Te-me_0057.jpg,1,meningioma,1,0.025857046,0.7600262,0.21170023,0.0024164468
Testing/meningioma/Te-me_0058.jpg,1,meningioma,1,4.797155e-05,0.9995871,1.1351778e-05,0.00035350976
Testing/meningioma/Te-me_0059.jpg,1,meningioma,0,0.62183565,0.017474556,0.33068156,0.03000824
Testing/meningioma/Te-me_0060.jpg,1,meningioma,1,0.2583714,0.40341976,0.3062227,0.03198608
Testing/meningioma/Te-me_0061.jpg,1,meningioma,0,0.99975437,4.717697e-05,0.000180554,1.7915838e-05
Testing/meningioma/Te-me_0062.jpg,1,meningioma,1,8.9540035e-06,0.9999585,3.1369986e-05,1.1847097e-06
Testing/meningioma/Te-me_0063.jpg,1,meningioma,1,0.28186452,0.6747962,0.03492208,0.008417154
Testing/meningioma/Te-me_0064.jpg,1,meningioma,1,0.034216918,0.50259507,0.38679165,0.07639639
Testing/meningioma/Te-me_0065.jpg,1,meningioma,2,0.0003571656,0.00027714844,0.9993524,1.3291558e-05
Testing/meningioma/Te-me_0066.jpg,1,meningioma,1,0.32048684,0.6076083,0.01685983,0.05504505
Testing/meningioma/Te-me_0067.jpg,1,meningioma,0,0.8883067,0.086129546,0.020256715,0.005307079
Testing/meningioma/Te-me_0068.jpg,1,meningioma,1,0.0029222684,0.7249292,0.0023375917,0.269811
Testing/meningioma/Te-me_0069.jpg,1,meningioma,1,0.0005383372,0.9266342,0.0048042415,0.06802333
Testing/meningioma/Te-me_0070.jpg,1,meningioma,1,1.6871354e-05,0.9967462,5.596648e-05,0.0031809816
Testing/meningioma/Te-me_0071.jpg,1,meningioma,0,0.5553674,0.24319364,0.018776463,0.18266252
Testing/meningioma/Te-me_0072.jpg,1,meningioma,1,0.0020073056,0.9899603,0.0048188637,0.0032135183
Testing/meningioma/Te-me_0073.jpg,1,meningioma,0,0.5553674,0.24319364,0.018776463,0.18266252
Testing/meningioma/Te-me_0074.jpg,1,meningioma,1,4.8136767e-06,0.9999863,4.6503296e-06,4.2733814e-06
Testing/meningioma/Te-me_0075.jpg,1,meningioma,1,0.0014141062,0.99800426,0.00046784416,0.00011378743
Testing/meningioma/Te-me_0076.jpg,1,meningioma,1,0.0005387991,0.9993137,9.061411e-05,5.6880228e-05
Testing/meningioma/Te-me_0077.jpg,1,meningioma,1,0.0009182551,0.9969643,0.0004767535,0.0016408077
Testing/meningioma/Te-me_0078.jpg,1,meningioma,1,0.0369799,0.7743193,0.15320669,0.03549409
Testing/meningioma/Te-me_0079.jpg,1,meningioma,1,0.04214185,0.94631946,0.011401594,0.00013709301
Testing/meningioma/Te-me_0080.jpg,1,meningioma,0,0.6993796,0.14335744,0.026456784,0.13080616
Testing/meningioma/Te-me_0081.jpg,1,meningioma,1,0.0016574145,0.99132174,0.004889618,0.002131218
Testing/meningioma/Te-me_0082.jpg,1,meningioma,1,6.961542e-07,0.9999931,5.239428e-06,9.244781e-07
Testing/meningioma/Te-me_0083.jpg,1,meningioma,2,0.0035830494,0.35654074,0.63604265,0.0038336043
Testing/meningioma/Te-me_0084.jpg,1,meningioma,1,0.005408834,0.830395,0.09850014,0.06569602
Testing/meningioma/Te-me_0085.jpg,1,meningioma,1,0.0020514058,0.9944489,0.0025525372,0.0009472167
Testing/meningioma/Te-me_0086.jpg,1,meningioma,1,0.013949276,0.9828624,0.00210303,0.001085243
Testing/meningioma/Te-me_0087.jpg,1,meningioma,1,0.15916999,0.7880498,0.046013113,0.0067670634
Testing/meningioma/Te-me_0088.jpg,1,meningioma,1,4.884702e-06,0.99998975,5.86801e-07,4.8010165e-06
Testing/meningioma/Te-me_0089.jpg,1,meningioma,1,0.008267992,0.9693693,0.020053694,0.0023089251
Testing/meningioma/Te-me_0090.jpg,1,meningioma,1,3.8428334e-07,0.99999833,1.0411077e-06,3.1719026e-07
Testing/meningioma/Te-me_0091.jpg,1,meningioma,1,1.929361e-05,0.99987805,4.3231197e-05,5.936257e-05
Testing/meningioma/Te-me_0092.jpg,1,meningioma,1,0.024266796,0.680877,0.0042505222,0.29060572
Testing/meningioma/Te-me_0093.jpg,1,meningioma,1,0.025378736,0.70788366,0.25607032,0.010667288
Testing/meningioma/Te-me_0094.jpg,1,meningioma,1,0.005282148,0.9911214,0.0025758827,0.0010205405
Testing/meningioma/Te-me_0095.jpg,1,meningioma,1,0.003755553,0.97857964,0.0028653375,0.014799522
Testing/meningioma/Te-me_0096.jpg,1,meningioma,1,1.1903153e-05,0.99998546,1.219869e-06,1.4463415e-06
Testing/meningioma/Te-me_0097.jpg,1,meningioma,1,9.5746866e-05,0.99981946,5.0969342e-05,3.391711e-05
Testing/meningioma/Te-me_0098.jpg,1,meningioma,1,0.00078984257,0.9984213,0.00017924648,0.0006095813
Testing/meningioma/Te-me_0099.jpg,1,meningioma,1,5.9669695e-08,0.99999785,2.045873e-06,9.1786125e-09
Testing/meningioma/Te-me_0100.jpg,1,meningioma,1,0.06643177,0.6402374,0.26476318,0.028567646
Testing/meningioma/Te-me_0101.jpg,1,meningioma,1,2.4996503e-08,1.0,1.1996261e-09,4.3454867e-10
Testing/meningioma/Te-me_0102.jpg,1,meningioma,2,0.09982589,0.30739284,0.5893334,0.0034478784
Testing/meningioma/Te-me_0103.jpg,1,meningioma,1,6.8064735e-05,0.99961334,0.00017263961,0.0001460355
Testing/meningioma/Te-me_0104.jpg,1,meningioma,1,6.5828404e-05,0.9999093,1.739198e-05,7.465844e-06
Testing/meningioma/Te-me_0105.jpg,1,meningioma,1,1.3583966e-07,0.99999976,2.548139e-08,4.8697363e-08
Testing/meningioma/Te-me_0106.jpg,1,meningioma,2,2.3540984e-05,0.0051715123,0.9947336,7.142282e-05
Testing/meningioma/Te-me_0107.jpg,1,meningioma,1,6.623659e-05,0.999708,0.00016515565,6.057229e-05
Testing/meningioma/Te-me_0108.jpg,1,meningioma,2,0.106407024,0.20908774,0.6266783,0.057826925
Testing/meningioma/Te-me_0109.jpg,1,meningioma,1,1.646105e-05,0.9999728,6.3666866e-06,4.3081423e-06
Testing/meningioma/Te-me_0110.jpg,1,meningioma,1,0.0042821136,0.9101036,0.0011920168,0.084422305
Testing/meningioma/Te-me_0111.jpg,1,meningioma,2,3.8905525e-11,5.3743565e-11,1.0,7.211299e-11
Testing/meningioma/Te-me_0112.jpg,1,meningioma,2,0.022025533,0.040793207,0.9362075,0.0009737993
Testing/meningioma/Te-me_0113.jpg,1,meningioma,1,0.00063812436,0.7197357,0.2777936,0.0018326244
Testing/meningioma/Te-me_0114.jpg,1,meningioma,1,0.0037983712,0.9958782,0.00014971674,0.00017365259
Testing/meningioma/Te-me_0115.jpg,1,meningioma,1,0.027215034,0.92157555,0.005456307,0.045753174
Testing/meningioma/Te-me_0116.jpg,1,meningioma,1,0.004980523,0.9742036,0.001822698,0.018993212
Testing/meningioma/Te-me_0117.jpg,1,meningioma,1,0.0003404705,0.9996107,5.9333033e-06,4.292954e-05
Testing/meningioma/Te-me_0118.jpg,1,meningioma,1,0.012961452,0.8303565,0.008753887,0.1479282
Testing/meningioma/Te-me_0119.jpg,1,meningioma,1,1.51625845e-05,0.9999447,1.09867e-05,2.9165141e-05
Testing/meningioma/Te-me_0120.jpg,1,meningioma,0,0.5744787,0.30763927,0.030033974,0.087848134
Testing/meningioma/Te-me_0121.jpg,1,meningioma,1,2.7441524e-06,0.99999285,5.3648347e-07,3.8818216e-06
Testing/meningioma/Te-me_0122.jpg,1,meningioma,1,0.005944274,0.97539425,0.0024181202,0.016243428
Testing/meningioma/Te-me_0123.jpg,1,meningioma,3,0.0357285,0.095420316,0.003582594,0.8652685
Testing/meningioma/Te-me_0124.jpg,1,meningioma,1,0.4187808,0.42730138,0.011704697,0.14221309
Testing/meningioma/Te-me_0125.jpg,1,meningioma,1,0.0045224135,0.9951793,9.038778e-05,0.00020784957
Testing/meningioma/Te-me_0126.jpg,1,meningioma,1,0.19786054,0.7687944,0.021519644,0.011825354
Testing/meningioma/Te-me_0127.jpg,1,meningioma,1,0.028170452,0.85804445,0.05061481,0.06317033
Testing/meningioma/Te-me_0128.jpg,1,meningioma,1,6.926514e-05,0.99989617,2.053193e-05,1.3979504e-05
Testing/meningioma/Te-me_0129.jpg,1,meningioma,1,5.190223e-05,0.99992096,5.2031505e-06,2.1966227e-05
Testing/meningioma/Te-me_0130.jpg,1,meningioma,1,0.00021503484,0.99972755,1.8228871e-05,3.9206083e-05
Testing/meningioma/Te-me_0131.jpg,1,meningioma,1,0.46968868,0.51610154,0.004106903,0.0101029035
Testing/meningioma/Te-me_0132.jpg,1,meningioma,1,1.7624194e-05,0.9999634,1.0490613e-06,1.7940838e-05
Testing/meningioma/Te-me_0133.jpg,1,meningioma,1,3.0022467e-05,0.99996865,8.874264e-07,4.4776064e-07
Testing/meningioma/Te-me_0134.jpg,1,meningioma,1,0.00032613814,0.9995377,0.0001070944,2.9075722e-05
Testing/meningioma/Te-me_0135.jpg,1,meningioma,1,0.0022945604,0.997529,9.9520075e-05,7.691599e-05
Testing/meningioma/Te-me_0136.jpg,1,meningioma,1,0.01349171,0.7840347,0.0033226802,0.19915086
Testing/meningioma/Te-me_0137.jpg,1,meningioma,1,7.310057e-06,0.9999362,4.219744e-06,5.2333155e-05
Testing/meningioma/Te-me_0138.jpg,1,meningioma,1,0.00017923235,0.9997737,5.7134666e-06,4.131191e-05
Testing/meningioma/Te-me_0139.jpg,1,meningioma,1,0.010053568,0.9891795,0.00061020866,0.00015669796
Testing/meningioma/Te-me_0140.jpg,1,meningioma,1,0.27267748,0.6309778,0.06602103,0.030323688
Testing/meningioma/Te-me_0141.jpg,1,meningioma,1,0.2298476,0.74209046,0.0016707922,0.026391137
Testing/meningioma/Te-me_0142.jpg,1,meningioma,1,0.005848385,0.98074645,0.000112145186,0.013293032
Testing/meningioma/Te-me_0143.jpg,1,meningioma,2,2.3540984e-05,0.0051715123,0.9947336,7.142282e-05
Testing/meningioma/Te-me_0144.jpg,1,meningioma,1,0.0002925991,0.99934334,0.0001501901,0.000213874
Testing/meningioma/Te-me_0145.jpg,1,meningioma,1,0.0042821136,0.9101036,0.0011920168,0.084422305
Testing/meningioma/Te-me_0146.jpg,1,meningioma,1,0.00012911623,0.9978339,0.00013091096,0.0019061744
Testing/meningioma/Te-me_0147.jpg,1,meningioma,1,0.007873811,0.98793155,0.0012971051,0.0028975222
Testing/meningioma/Te-me_0148.jpg,1,meningioma,1,4.0689283e-06,0.99986875,1.185338e-06,0.00012596913
Testing/meningioma/Te-me_0149.jpg,1,meningioma,1,2.4165134e-05,0.9999659,3.1246232e-06,6.8051772e-06
Testing/meningioma/Te-me_0150.jpg,1,meningioma,1,1.1751143e-05,0.9999814,9.185493e-07,5.9076788e-06
Testing/meningioma/Te-me_0151.jpg,1,meningioma,1,0.00029665325,0.9995664,2.7045398e-05,0.00010984068
Testing/meningioma/Te-me_0152.jpg,1,meningioma,1,0.00016515252,0.9998311,1.0740797e-06,2.6312784e-06
Testing/meningioma/Te-me_0153.jpg,1,meningioma,1,0.001658204,0.9906708,0.00022942144,0.0074415784
Testing/meningioma/Te-me_0154.jpg,1,meningioma,1,0.00035432476,0.9995567,6.178884e-05,2.7159742e-05
Testing/meningioma/Te-me_0155.jpg,1,meningioma,1,0.00033758918,0.9996039,3.9408485e-05,1.9105119e-05
Testing/meningioma/Te-me_0156.jpg,1,meningioma,1,0.00092325534,0.9908727,0.00018640053,0.0080177635
Testing/meningioma/Te-me_0157.jpg,1,meningioma,1,6.0397662e-05,0.99987733,6.509375e-06,5.5673157e-05
Testing/meningioma/Te-me_0158.jpg,1,meningioma,1,1.842818e-05,0.99992645,1.5468519e-06,5.350577e-05
Testing/meningioma/Te-me_0159.jpg,1,meningioma,1,2.362219e-06,0.9999949,6.430146e-07,2.098516e-06
Testing/meningioma/Te-me_0160.jpg,1,meningioma,1,0.00029947158,0.99938023,1.1591514e-05,0.00030860706
Testing/meningioma/Te-me_0161.jpg,1,meningioma,1,0.0019436962,0.99604744,0.00037074342,0.0016380867
Testing/meningioma/Te-me_0162.jpg,1,meningioma,1,0.0017007978,0.9969506,7.2299175e-05,0.0012761885
Testing/meningioma/Te-me_0163.jpg,1,meningioma,1,0.021759812,0.7179646,0.00544701,0.25482854
Testing/meningioma/Te-me_0164.jpg,1,meningioma,1,8.431201e-05,0.9989619,3.5051748e-05,0.0009186663
Testing/meningioma/Te-me_0165.jpg,1,meningioma,1,0.031297095,0.9558921,0.004685882,0.0081250165
Testing/meningioma/Te-me_0166.jpg,1,meningioma,1,0.00059157825,0.9990976,0.00013378622,0.00017711056
Testing/meningioma/Te-me_0167.jpg,1,meningioma,1,1.9060328e-05,0.99994886,8.3896794e-07,3.1223582e-05
Testing/meningioma/Te-me_0168.jpg,1,meningioma,1,7.1409263e-06,0.9999862,4.5628784e-07,6.25763e-06
Testing/meningioma/Te-me_0169.jpg,1,meningioma,1,5.184374e-05,0.9999416,1.3347392e-06,5.1984066e-06
Testing/meningioma/Te-me_0170.jpg,1,meningioma,0,0.6729683,0.14826977,0.013989254,0.16477267
Testing/meningioma/Te-me_0171.jpg,1,meningioma,1,0.15743208,0.8319145,0.0039550425,0.0066983663
Testing/meningioma/Te-me_0172.jpg,1,meningioma,1,0.000259158,0.99956065,2.597314e-05,0.00015420171
Testing/meningioma/Te-me_0173.jpg,1,meningioma,1,0.00091157435,0.9966127,0.000470453,0.0020052092
Testing/meningioma/Te-me_0174.jpg,1,meningioma,1,1.6551623e-05,0.9999629,1.4025381e-06,1.909369e-05
Testing/meningioma/Te-me_0175.jpg,1,meningioma,0,0.969942,0.026508976,0.0031344136,0.00041464382
Testing/meningioma/Te-me_0176.jpg,1,meningioma,1,2.8113056e-05,0.9999697,8.247291e-07,1.3412053e-06
Testing/meningioma/Te-me_0177.jpg,1,meningioma,1,0.0005906961,0.9954105,0.0002560924,0.0037426702
Testing/meningioma/Te-me_0178.jpg,1,meningioma,0,0.98444134,0.012356442,0.00070200727,0.002500134
Testing/meningioma/Te-me_0179.jpg,1,meningioma,1,0.0031362022,0.9967629,3.848764e-05,6.243069e-05
Testing/meningioma/Te-me_0180.jpg,1,meningioma,1,4.754813e-05,0.99994624,9.4367135e-07,5.219658e-06
Testing/meningioma/Te-me_0181.jpg,1,meningioma,1,0.076648176,0.874827,0.0069672163,0.041557603
Testing/meningioma/Te-me_0182.jpg,1,meningioma,1,0.022940379,0.90375394,0.009795329,0.063510284
Testing/meningioma/Te-me_0183.jpg,1,meningioma,1,0.0046477965,0.991825,0.00018658164,0.003340637
Testing/meningioma/Te-me_0184.jpg,1,meningioma,1,4.930374e-05,0.9999374,3.7134075e-06,9.569659e-06
Testing/meningioma/Te-me_0185.jpg,1,meningioma,1,0.0013967789,0.99853337,1.6331416e-05,5.3521897e-05
Testing/meningioma/Te-me_0186.jpg,1,meningioma,1,2.1617707e-05,0.999895,4.4019544e-06,7.90859e-05
Testing/meningioma/Te-me_0187.jpg,1,meningioma,1,6.29979e-05,0.9998721,5.745942e-06,5.9071546e-05
Testing/meningioma/Te-me_0188.jpg,1,meningioma,1,0.0010360997,0.9989502,4.1649364e-06,9.554797e-06
Testing/meningioma/Te-me_0189.jpg,1,meningioma,1,6.979722e-05,0.9623433,0.000105150226,0.03748177
Testing/meningioma/Te-me_0190.jpg,1,meningioma,1,0.008306224,0.99121195,0.0003801791,0.000101653284
Testing/meningioma/Te-me_0191.jpg,1,meningioma,1,0.18079497,0.71897286,0.028042378,0.072189845
Testing/meningioma/Te-me_0192.jpg,1,meningioma,1,0.0015583775,0.9978859,7.25652e-05,0.00048325086
Testing/meningioma/Te-me_0193.jpg,1,meningioma,1,3.1672155e-06,0.9999838,2.2755201e-07,1.2802158e-05
Testing/meningioma/Te-me_0194.jpg,1,meningioma,1,0.0015105779,0.99705136,0.00039885665,0.0010392367
Testing/meningioma/Te-me_0195.jpg,1,meningioma,1,1.7325004e-06,0.99999774,7.097772e-08,3.605901e-07
Testing/meningioma/Te-me_0196.jpg,1,meningioma,1,3.8089936e-05,0.99994326,1.3823568e-06,1.7185335e-05
Testing/meningioma/Te-me_0197.jpg,1,meningioma,1,0.00012057425,0.9996463,2.820078e-05,0.00020487382
Testing/meningioma/Te-me_0198.jpg,1,meningioma,1,0.0001716002,0.9997819,1.41337205e-05,3.2328164e-05
Testing/meningioma/Te-me_0199.jpg,1,meningioma,1,0.09844593,0.8843198,0.00014016016,0.01709409
Testing/meningioma/Te-me_0200.jpg,1,meningioma,1,0.0004827651,0.9992743,0.00012112661,0.000121792305
Testing/meningioma/Te-me_0201.jpg,1,meningioma,1,3.192147e-05,0.9999554,1.2100509e-06,1.1452769e-05
Testing/meningioma/Te-me_0202.jpg,1,meningioma,1,0.007306838,0.9907601,0.00073547766,0.0011975524
Testing/meningioma/Te-me_0203.jpg,1,meningioma,1,0.00011408942,0.9757023,0.00014930798,0.024034357
Testing/meningioma/Te-me_0204.jpg,1,meningioma,1,8.270064e-05,0.99986327,6.144919e-06,4.7897433e-05
Testing/meningioma/Te-me_0205.jpg,1,meningioma,1,0.00028994223,0.99945027,5.225562e-05,0.00020746606
Testing/meningioma/Te-me_0206.jpg,1,meningioma,1,3.2718851e-06,0.99999225,1.2756976e-07,4.432855e-06
Testing/meningioma/Te-me_0207.jpg,1,meningioma,3,0.029802691,0.069995396,0.008422464,0.8917794
Testing/meningioma/Te-me_0208.jpg,1,meningioma,1,6.6860605e-07,0.99999726,3.3610775e-07,1.734735e-06
Testing/meningioma/Te-me_0209.jpg,1,meningioma,1,0.00035536682,0.9984719,6.0498613e-05,0.001112203
Testing/meningioma/Te-me_0210.jpg,1,meningioma,1,1.3934022e-06,0.99999106,1.05664256e-07,7.3610595e-06
Testing/meningioma/Te-me_0211.jpg,1,meningioma,1,6.703531e-06,0.9999838,3.1376493e-07,9.279298e-06
Testing/meningioma/Te-me_0212.jpg,1,meningioma,1,0.0012644553,0.9979512,6.282623e-05,0.0007214884
Testing/meningioma/Te-me_0213.jpg,1,meningioma,1,0.00020569327,0.9991677,1.9983616e-05,0.0006066673
Testing/meningioma/Te-me_0214.jpg,1,meningioma,1,0.0010548664,0.9958955,0.00033174356,0.0027179765
Testing/meningioma/Te-me_0215.jpg,1,meningioma,0,0.92258644,0.068170205,0.0072076754,0.002035684
Testing/meningioma/Te-me_0216.jpg,1,meningioma,1,0.011139731,0.982777,0.00095796137,0.005125373
Testing/meningioma/Te-me_0217.jpg,1,meningioma,1,0.0005063372,0.99917173,2.7957156e-05,0.00029404392
Testing/meningioma/Te-me_0218.jpg,1,meningioma,1,0.45251238,0.5406128,0.0034825266,0.0033922403
Testing/meningioma/Te-me_0219.jpg,1,meningioma,1,8.313297e-06,0.999908,5.816794e-06,7.789757e-05
Testing/meningioma/Te-me_0220.jpg,1,meningioma,1,0.061023135,0.9200465,0.011080926,0.007849393
Testing/meningioma/Te-me_0221.jpg,1,meningioma,1,0.0050752233,0.98801094,0.0018815956,0.005032175
Testing/meningioma/Te-me_0222.jpg,1,meningioma,1,4.6843784e-06,0.9999323,2.322175e-06,6.0722105e-05
Testing/meningioma/Te-me_0223.jpg,1,meningioma,1,3.7698155e-05,0.99995923,8.053715e-07,2.3264095e-06
Testing/meningioma/Te-me_0224.jpg,1,meningioma,1,0.31627575,0.5546794,0.020886809,0.10815803
Testing/meningioma/Te-me_0225.jpg,1,meningioma,3,4.986766e-06,0.001689269,1.8801777e-05,0.9982869
Testing/meningioma/Te-me_0226.jpg,1,meningioma,1,2.726732e-05,0.9999726,1.9030944e-08,1.4377983e-07
Testing/meningioma/Te-me_0227.jpg,1,meningioma,1,0.0010368386,0.9963542,0.0005771641,0.0020317824
Testing/meningioma/Te-me_0228.jpg,1,meningioma,1,0.005619485,0.980121,0.0020691184,0.012190273
Testing/meningioma/Te-me_0229.jpg,1,meningioma,1,1.8093975e-05,0.99991405,4.0193998e-05,2.7593622e-05
Testing/meningioma/Te-me_0230.jpg,1,meningioma,3,0.019023724,0.27390507,0.007881648,0.69918954
Testing/meningioma/Te-me_0231.jpg,1,meningioma,0,0.83219606,0.0015646524,0.004169093,0.16207017
Testing/meningioma/Te-me_0232.jpg,1,meningioma,1,7.8901166e-07,0.9999883,1.5362506e-06,9.339285e-06
Testing/meningioma/Te-me_0233.jpg,1,meningioma,1,3.3324563e-06,0.98990446,4.460379e-06,0.010087693
Testing/meningioma/Te-me_0234.jpg,1,meningioma,1,0.00019814588,0.99977905,1.2621737e-05,1.0097524e-05
Testing/meningioma/Te-me_0235.jpg,1,meningioma,1,3.4095006e-05,0.9999535,4.203754e-06,8.203555e-06
Testing/meningioma/Te-me_0236.jpg,1,meningioma,1,0.0034053242,0.99328434,0.0019265236,0.001383819
Testing/meningioma/Te-me_0237.jpg,1,meningioma,1,0.005111395,0.99417984,3.225103e-05,0.0006764504
Testing/meningioma/Te-me_0238.jpg,1,meningioma,1,0.0013391644,0.988655,0.0015914987,0.008414276
Testing/meningioma/Te-me_0239.jpg,1,meningioma,1,0.10306586,0.8823435,0.00809258,0.006498065
Testing/meningioma/Te-me_0240.jpg,1,meningioma,1,2.6264552e-06,0.99999714,2.5288283e-08,2.6198197e-07
Testing/meningioma/Te-me_0241.jpg,1,meningioma,1,0.021314893,0.97793853,0.00024368048,0.00050286384
Testing/meningioma/Te-me_0242.jpg,1,meningioma,1,3.78017e-06,0.99999523,9.463542e-08,8.836084e-07
Testing/meningioma/Te-me_0243.jpg,1,meningioma,1,0.0011072122,0.9982089,0.00024609116,0.00043777796
Testing/meningioma/Te-me_0244.jpg,1,meningioma,1,1.7814995e-05,0.9999776,5.755611e-07,4.1096387e-06
Testing/meningioma/Te-me_0245.jpg,1,meningioma,1,1.6946715e-05,0.9999827,4.9623754e-08,2.643269e-07
Testing/meningioma/Te-me_0246.jpg,1,meningioma,3,0.0010829837,0.015717248,0.0017252086,0.9814745
Testing/meningioma/Te-me_0247.jpg,1,meningioma,1,0.038555734,0.9395677,0.009318523,0.012558036
Testing/meningioma/Te-me_0248.jpg,1,meningioma,3,0.45148018,0.024234112,0.016075093,0.5082106
Testing/meningioma/Te-me_0249.jpg,1,meningioma,1,0.43075144,0.54220873,0.014102231,0.012937637
Testing/meningioma/Te-me_0250.jpg,1,meningioma,1,0.016500091,0.974112,0.004239571,0.0051484616
Testing/meningioma/Te-me_0251.jpg,1,meningioma,3,3.933038e-05,0.01985336,4.231313e-05,0.98006505
Testing/meningioma/Te-me_0252.jpg,1,meningioma,1,4.355425e-05,0.9998204,3.5641615e-06,0.00013253618
Testing/meningioma/Te-me_0253.jpg,1,meningioma,1,0.010153472,0.98299164,0.002188925,0.004666007
Testing/meningioma/Te-me_0254.jpg,1,meningioma,0,0.6659546,0.2749976,0.029960498,0.029087365
Testing/meningioma/Te-me_0255.jpg,1,meningioma,1,8.842072e-08,0.9999999,8.5252033e-10,2.7385243e-08
Testing/meningioma/Te-me_0256.jpg,1,meningioma,1,0.0010554659,0.99825925,0.0001655474,0.00051979005
Testing/meningioma/Te-me_0257.jpg,1,meningioma,1,0.011263312,0.9779759,0.0015969692,0.00916386
Testing/meningioma/Te-me_0258.jpg,1,meningioma,1,0.00017367172,0.9997489,2.9280007e-05,4.8237158e-05
Testing/meningioma/Te-me_0259.jpg,1,meningioma,1,0.00086396124,0.9991221,3.2969847e-06,1.0599625e-05
Testing/meningioma/Te-me_0260.jpg,1,meningioma,1,0.0006911057,0.998993,8.75175e-06,0.0003071743
Testing/meningioma/Te-me_0261.jpg,1,meningioma,1,0.00018838105,0.99955827,7.855737e-05,0.0001747885
Testing/meningioma/Te-me_0262.jpg,1,meningioma,1,1.0795442e-05,0.99998236,4.633407e-07,6.31428e-06
Testing/meningioma/Te-me_0263.jpg,1,meningioma,1,8.1379454e-07,0.9999989,6.4731354e-09,1.985109e-07
Testing/meningioma/Te-me_0264.jpg,1,meningioma,1,6.5328546e-05,0.9999268,2.430838e-06,5.465262e-06
Testing/meningioma/Te-me_0265.jpg,1,meningioma,1,0.000101933765,0.9997516,8.552241e-05,6.091702e-05
Testing/meningioma/Te-me_0266.jpg,1,meningioma,1,0.045744132,0.9477711,0.0006014941,0.0058833263
Testing/meningioma/Te-me_0267.jpg,1,meningioma,1,0.19417803,0.77098507,0.016730567,0.018106405
Testing/meningioma/Te-me_0268.jpg,1,meningioma,1,0.0011330822,0.99783736,0.00047418018,0.00055529963
Testing/meningioma/Te-me_0269.jpg,1,meningioma,1,0.06688591,0.7349293,0.10096221,0.09722262
Testing/meningioma/Te-me_0270.jpg,1,meningioma,1,0.4175962,0.5699909,0.010790459,0.0016224517
Testing/meningioma/Te-me_0271.jpg,1,meningioma,0,0.7236579,0.10241605,0.012763122,0.16116288
Testing/meningioma/Te-me_0272.jpg,1,meningioma,3,0.06728564,0.08167722,0.02577762,0.8252595
Testing/meningioma/Te-me_0273.jpg,1,meningioma,1,0.0008064149,0.99876547,0.00019085243,0.00023733969
Testing/meningioma/Te-me_0274.jpg,1,meningioma,1,0.005298616,0.9927987,0.0014882645,0.00041447242
Testing/meningioma/Te-me_0275.jpg,1,meningioma,1,6.9697912e-06,0.99998844,1.0491216e-06,3.6037932e-06
Testing/meningioma/Te-me_0276.jpg,1,meningioma,1,0.008732592,0.9892596,0.00075513223,0.0012526659
Testing/meningioma/Te-me_0277.jpg,1,meningioma,1,0.0011306428,0.9987614,4.1162813e-05,6.683315e-05
Testing/meningioma/Te-me_0278.jpg,1,meningioma,1,0.0019350094,0.99562585,0.0008498414,0.0015892881
Testing/meningioma/Te-me_0279.jpg,1,meningioma,1,0.001878668,0.9971819,0.00021091664,0.00072857237
Testing/meningioma/Te-me_0280.jpg,1,meningioma,1,0.00023112948,0.99532974,2.08393e-05,0.0044182674
Testing/meningioma/Te-me_0281.jpg,1,meningioma,1,1.2656569e-06,0.9999987,9.493599e-09,2.056185e-08
Testing/meningioma/Te-me_0282.jpg,1,meningioma,1,7.809198e-06,0.9999913,1.3834078e-07,7.276596e-07
Testing/meningioma/Te-me_0283.jpg,1,meningioma,1,0.007637655,0.9919195,0.00018014864,0.00026264944
Testing/meningioma/Te-me_0284.jpg,1,meningioma,1,5.1245934e-06,0.9999733,1.8890073e-07,2.133511e-05
Testing/meningioma/Te-me_0285.jpg,1,meningioma,1,6.694399e-06,0.99999094,1.7068908e-07,2.2683616e-06
Testing/meningioma/Te-me_0286.jpg,1,meningioma,1,0.0052842596,0.99132806,0.00018733914,0.0032004563
Testing/meningioma/Te-me_0287.jpg,1,meningioma,1,0.0131480405,0.8551564,0.010066344,0.121629246
Testing/meningioma/Te-me_0288.jpg,1,meningioma,1,0.00038787565,0.99952686,8.1631015e-06,7.7189135e-05
Testing/meningioma/Te-me_0289.jpg,1,meningioma,1,0.0019114208,0.9978116,0.00014927842,0.00012770567
Testing/meningioma/Te-me_0290.jpg,1,meningioma,1,0.14010315,0.85660905,0.0015996856,0.0016881262
Testing/meningioma/Te-me_0291.jpg,1,meningioma,1,0.22884642,0.7267448,0.025598805,0.018809946
Testing/meningioma/Te-me_0292.jpg,1,meningioma,1,0.0026303062,0.68782675,0.001877167,0.30766577
Testing/meningioma/Te-me_0293.jpg,1,meningioma,1,3.8500195e-05,0.99993145,1.1668078e-05,1.8419241e-05
Testing/meningioma/Te-me_0294.jpg,1,meningioma,1,5.960658e-05,0.99990225,6.018507e-06,3.2101623e-05
Testing/meningioma/Te-me_0295.jpg,1,meningioma,1,2.677221e-05,0.99993575,6.324382e-06,3.1125423e-05
Testing/meningioma/Te-me_0296.jpg,1,meningioma,1,0.0038105207,0.8853401,0.0026860833,0.1081633
Testing/meningioma/Te-me_0297.jpg,1,meningioma,1,0.000721213,0.9873427,0.00025766602,0.01167836
Testing/meningioma/Te-me_0298.jpg,1,meningioma,1,0.13385625,0.857154,0.0022554006,0.0067343977
Testing/meningioma/Te-me_0299.jpg,1,meningioma,1,0.00021114327,0.99946696,3.857185e-05,0.00028331584
Testing/meningioma/Te-me_0300.jpg,1,meningioma,1,0.00048398046,0.99875975,0.00011692005,0.0006393881
Testing/meningioma/Te-me_0301.jpg,1,meningioma,1,5.087429e-06,0.99999416,5.9352925e-07,1.7098617e-07
Testing/meningioma/Te-me_0302.jpg,1,meningioma,1,0.025792142,0.9688034,0.002950956,0.0024535805
Testing/meningioma/Te-me_0303.jpg,1,meningioma,1,0.103421256,0.87179303,0.010223104,0.0145626
Testing/meningioma/Te-me_0304.jpg,1,meningioma,1,0.021028781,0.86951286,0.0057475483,0.10371073
Testing/meningioma/Te-me_0305.jpg,1,meningioma,1,5.7993737e-05,0.99986565,7.1276427e-06,6.9184134e-05
Testing/notumor/Te-noTr_0000.jpg,2,no_tumor,1,0.001480155,0.99596345,0.00237479,0.00018154636
Testing/notumor/Te-noTr_0001.jpg,2,no_tumor,2,8.3855304e-07,2.3217792e-05,0.9999758,6.4212436e-08
Testing/notumor/Te-noTr_0002.jpg,2,no_tumor,2,4.397815e-11,2.8595537e-10,1.0,1.1261525e-11
Testing/notumor/Te-noTr_0003.jpg,2,no_tumor,2,0.0005297879,4.2137244e-06,0.99945587,1.0122833e-05
Testing/notumor/Te-noTr_0004.jpg,2,no_tumor,2,5.4821587e-05,3.4683035e-05,0.9901238,0.009786786
Testing/notumor/Te-noTr_0005.jpg,2,no_tumor,0,0.5523441,0.08395516,0.34633768,0.017363
Testing/notumor/Te-noTr_0006.jpg,2,no_tumor,2,0.007214344,0.00024211712,0.99173075,0.00081273325
Testing/notumor/Te-noTr_0007.jpg,2,no_tumor,2,0.0031131988,0.09552343,0.90101355,0.0003498451
Testing/notumor/Te-noTr_0008.jpg,2,no_tumor,2,0.001982114,0.45454612,0.54133314,0.0021386498
Testing/notumor/Te-noTr_0009.jpg,2,no_tumor,1,0.13055323,0.66313356,0.19818243,0.008130758
Testing/notumor/Te-no_0010.jpg,2,no_tumor,1,0.073113225,0.7706804,0.13822418,0.017982177
Testing/notumor/Te-no_0011.jpg,2,no_tumor,1,0.2400288,0.7155597,0.04269708,0.0017143534
Testing/notumor/Te-no_0012.jpg,2,no_tumor,1,0.014248426,0.9697244,0.015510657,0.0005165206
Testing/notumor/Te-no_0013.jpg,2,no_tumor,2,0.0006457495,0.00024413214,0.99900633,0.000103906554
Testing/notumor/Te-no_0014.jpg,2,no_tumor,2,3.724297e-12,6.262539e-14,1.0,3.4963983e-12
Testing/notumor/Te-no_0015.jpg,2,no_tumor,1,0.0027824694,0.799669,0.19547914,0.0020694206
Testing/notumor/Te-no_0016.jpg,2,no_tumor,2,0.0075544873,0.035214636,0.9534238,0.003807063
Testing/notumor/Te-no_0017.jpg,2,no_tumor,2,0.022906112,0.043452293,0.770499,0.16314264
Testing/notumor/Te-no_0018.jpg,2,no_tumor,2,0.00031480714,0.09002881,0.90920025,0.0004560452
Testing/notumor/Te-no_0019.jpg,2,no_tumor,2,0.046187617,0.026992569,0.9171405,0.009679302
Testing/notumor/Te-no_0020.jpg,2,no_tumor,0,0.6163506,0.010379469,0.3697046,0.003565374
Testing/notumor/Te-no_0021.jpg,2,no_tumor,2,7.4985957e-14,2.2288867e-15,1.0,8.8782267e-14
Testing/notumor/Te-no_0022.jpg,2,no_tumor,2,0.2785843,0.3081841,0.36706915,0.04616241
Testing/notumor/Te-no_0023.jpg,2,no_tumor,2,1.4424195e-07,5.8208224e-07,0.99999917,1.383503e-07
Testing/notumor/Te-no_0024.jpg,2,no_tumor,2,0.04254291,0.18365453,0.52564526,0.24815731
Testing/notumor/Te-no_0025.jpg,2,no_tumor,2,4.2995984e-05,5.9779693e-05,0.99633265,0.003564557
Testing/notumor/Te-no_0026.jpg,2,no_tumor,2,0.005518163,0.021849398,0.97187084,0.00076159876
Testing/notumor/Te-no_0027.jpg,2,no_tumor,2,1.1336551e-06,2.8109562e-07,0.9999962,2.3688453e-06
Testing/notumor/Te-no_0028.jpg,2,no_tumor,2,0.14486086,0.0276056,0.8209082,0.0066252965
Testing/notumor/Te-no_0029.jpg,2,no_tumor,1,0.0009268324,0.9956831,0.003309908,8.016278e-05
Testing/notumor/Te-no_0030.jpg,2,no_tumor,2,6.774119e-05,0.00014273473,0.99974746,4.2120464e-05
Testing/notumor/Te-no_0031.jpg,2,no_tumor,2,8.3855304e-07,2.3217792e-05,0.9999758,6.4212436e-08
Testing/notumor/Te-no_0032.jpg,2,no_tumor,2,2.0261341e-05,1.085891e-05,0.99996686,2.0141902e-06
Testing/notumor/Te-no_0033.jpg,2,no_tumor,2,0.07061365,0.1906093,0.5420106,0.19676647
Testing/notumor/Te-no_0034.jpg,2,no_tumor,1,0.059677944,0.8034681,0.12152251,0.015331408
Testing/notumor/Te-no_0035.jpg,2,no_tumor,0,0.8497288,0.06223698,0.014074092,0.07396003
Testing/notumor/Te-no_0036.jpg,2,no_tumor,1,0.0047564367,0.9822167,0.010262632,0.0027643056
Testing/notumor/Te-no_0037.jpg,2,no_tumor,2,0.01946277,0.08301191,0.89403474,0.0034906033
Testing/notumor/Te-no_0038.jpg,2,no_tumor,0,0.9197579,0.07572966,0.00442709,8.5299114e-05
Testing/notumor/Te-no_0039.jpg,2,no_tumor,2,6.8893356e-13,3.9640378e-13,1.0,1.0276834e-12
Testing/notumor/Te-no_0040.jpg,2,no_tumor,1,0.0031550056,0.9413311,0.05476605,0.0007478585
Testing/notumor/Te-no_0041.jpg,2,no_tumor,2,4.323378e-11,4.3087533e-13,1.0,1.2287216e-12
Testing/notumor/Te-no_0042.jpg,2,no_tumor,1,0.21687117,0.7714724,0.01073747,0.00091893604
Testing/notumor/Te-no_0043.jpg,2,no_tumor,1,0.0045469915,0.93869483,0.056149177,0.0006089591
Testing/notumor/Te-no_0044.jpg,2,no_tumor,1,0.014248426,0.9697244,0.015510657,0.0005165206
Testing/notumor/Te-no_0045.jpg,2,no_tumor,0,0.9983615,0.0010410091,8.276233e-05,0.0005146687
Testing/notumor/Te-no_0046.jpg,2,no_tumor,2,0.005518163,0.021849398,0.97187084,0.00076159876
Testing/notumor/Te-no_0047.jpg,2,no_tumor,2,4.7065362e-11,5.204491e-13,1.0,1.2923813e-12
Testing/notumor/Te-no_0048.jpg,2,no_tumor,1,0.2400288,0.7155597,0.04269708,0.0017143534
Testing/notumor/Te-no_0049.jpg,2,no_tumor,3,0.025891537,0.2756338,0.22292973,0.47554493
Testing/notumor/Te-no_0050.jpg,2,no_tumor,0,0.9983615,0.0010410091,8.276233e-05,0.0005146687
Testing/notumor/Te-no_0051.jpg,2,no_tumor,2,0.02499933,0.04977694,0.9210013,0.004222341
Testing/notumor/Te-no_0052.jpg,2,no_tumor,1,0.0031550056,0.9413311,0.05476605,0.0007478585
Testing/notumor/Te-no_0053.jpg,2,no_tumor,1,0.2400288,0.7155597,0.04269708,0.0017143534
Testing/notumor/Te-no_0054.jpg,2,no_tumor,0,0.9983615,0.0010410091,8.276233e-05,0.0005146687
Testing/notumor/Te-no_0055.jpg,2,no_tumor,1,0.014248426,0.9697244,0.015510657,0.0005165206
Testing/notumor/Te-no_0056.jpg,2,no_tumor,1,0.33211005,0.587242,0.07208304,0.008564977
Testing/notumor/Te-no_0057.jpg,2,no_tumor,1,0.046511207,0.83785945,0.101436965,0.014192342
Testing/notumor/Te-no_0058.jpg,2,no_tumor,1,0.00017969756,0.99980336,1.6734572e-05,2.2298308e-07
Testing/notumor/Te-no_0059.jpg,2,no_tumor,1,0.25639626,0.7279664,0.014514334,0.0011229716
Testing/notumor/Te-no_0060.jpg,2,no_tumor,2,0.01946277,0.08301191,0.89403474,0.0034906033
Testing/notumor/Te-no_0061.jpg,2,no_tumor,1,0.014248426,0.9697244,0.015510657,0.0005165206
Testing/notumor/Te-no_0062.jpg,2,no_tumor,2,0.046187617,0.026992569,0.9171405,0.009679302
Testing/notumor/Te-no_0063.jpg,2,no_tumor,1,0.015550608,0.9577986,0.021078387,0.0055723316
Testing/notumor/Te-no_0064.jpg,2,no_tumor,2,0.005518163,0.021849398,0.97187084,0.00076159876
Testing/notumor/Te-no_0065.jpg,2,no_tumor,2,6.774119e-05,0.00014273473,0.99974746,4.2120464e-05
Testing/notumor/Te-no_0066.jpg,2,no_tumor,2,0.0037427759,0.29407668,0.6981286,0.004051957
Testing/notumor/Te-no_0067.jpg,2,no_tumor,2,8.3855304e-07,2.3217792e-05,0.9999758,6.4212436e-08
Testing/notumor/Te-no_0068.jpg,2,no_tumor,1,0.2400288,0.7155597,0.04269708,0.0017143534
Testing/notumor/Te-no_0069.jpg,2,no_tumor,1,0.0009268324,0.9956831,0.003309908,8.016278e-05
Testing/notumor/Te-no_0070.jpg,2,no_tumor,2,0.00031480714,0.09002881,0.90920025,0.0004560452
Testing/notumor/Te-no_0071.jpg,2,no_tumor,2,0.13914911,0.030031547,0.823253,0.007566321
Testing/notumor/Te-no_0072.jpg,2,no_tumor,2,7.4985957e-14,2.2288867e-15,1.0,8.8782267e-14
Testing/notumor/Te-no_0073.jpg,2,no_tumor,2,0.046187617,0.026992569,0.9171405,0.009679302
Testing/notumor/Te-no_0074.jpg,2,no_tumor,2,0.022906112,0.043452293,0.770499,0.16314264
Testing/notumor/Te-no_0075.jpg,2,no_tumor,2,0.2785843,0.3081841,0.36706915,0.04616241
Testing/notumor/Te-no_0076.jpg,2,no_tumor,2,3.5193932e-07,1.2406933e-06,0.9999981,3.0960177e-07
Testing/notumor/Te-no_0077.jpg,2,no_tumor,2,4.7065362e-11,5.204491e-13,1.0,1.2923813e-12
Testing/notumor/Te-no_0078.jpg,2,no_tumor,2,0.0037427759,0.29407668,0.6981286,0.004051957
Testing/notumor/Te-no_0079.jpg,2,no_tumor,2,0.0492361,0.21015204,0.49069354,0.24991843
Testing/notumor/Te-no_0080.jpg,2,no_tumor,2,2.8093078e-11,4.898373e-12,1.0,4.2764477e-12
Testing/notumor/Te-no_0081.jpg,2,no_tumor,0,0.8497288,0.06223698,0.014074092,0.07396003
Testing/notumor/Te-no_0082.jpg,2,no_tumor,2,4.323378e-11,4.3087533e-13,1.0,1.2287216e-12
Testing/notumor/Te-no_0083.jpg,2,no_tumor,2,1.918684e-06,8.203072e-08,0.99999774,1.9085762e-07
Testing/notumor/Te-no_0084.jpg,2,no_tumor,2,8.3855304e-07,2.3217792e-05,0.9999758,6.4212436e-08
Testing/notumor/Te-no_0085.jpg,2,no_tumor,2,0.0032583908,0.09173371,0.86623555,0.038772292
Testing/notumor/Te-no_0086.jpg,2,no_tumor,1,0.4507724,0.5179021,0.017853374,0.01347214
Testing/notumor/Te-no_0087.jpg,2,no_tumor,1,0.2400288,0.7155597,0.04269708,0.0017143534
Testing/notumor/Te-no_0088.jpg,2,no_tumor,2,0.0031131988,0.09552343,0.90101355,0.0003498451
Testing/notumor/Te-no_0089.jpg,2,no_tumor,2,0.12831442,0.05405227,0.6819937,0.13563958
Testing/notumor/Te-no_0090.jpg,2,no_tumor,1,0.0006582455,0.9969727,0.0018343291,0.00053467683
Testing/notumor/Te-no_0091.jpg,2,no_tumor,2,2.8246363e-15,2.0193314e-15,1.0,6.2686156e-16
Testing/notumor/Te-no_0092.jpg,2,no_tumor,0,0.98332757,0.008492692,0.0034811336,0.004698646
Testing/notumor/Te-no_0093.jpg,2,no_tumor,2,1.918684e-06,8.203072e-08,0.99999774,1.9085762e-07
Testing/notumor/Te-no_0094.jpg,2,no_tumor,1,0.02496678,0.9133497,0.04211511,0.019568404
Testing/notumor/Te-no_0095.jpg,2,no_tumor,0,0.5984573,0.005872471,0.3951702,0.00050002686
Testing/notumor/Te-no_0096.jpg,2,no_tumor,1,0.08384982,0.841715,0.04387665,0.03055858
Testing/notumor/Te-no_0097.jpg,2,no_tumor,2,0.022319129,0.182836,0.77109087,0.023754021
Testing/notumor/Te-no_0098.jpg,2,no_tumor,1,0.0005780776,0.9303916,0.067275204,0.0017551334
Testing/notumor/Te-no_0099.jpg,2,no_tumor,2,0.0630706,0.17261808,0.5999927,0.16431853
Testing/notumor/Te-no_0100.jpg,2,no_tumor,2,0.0004271863,9.96133e-05,0.99945134,2.1757953e-05
Testing/notumor/Te-no_0101.jpg,2,no_tumor,0,0.93427616,0.028339079,0.0060622185,0.031322487
Testing/notumor/Te-no_0102.jpg,2,no_tumor,2,2.545525e-09,2.941665e-11,1.0,1.1532681e-10
Testing/notumor/Te-no_0103.jpg,2,no_tumor,2,2.9688283e-11,2.3964449e-13,1.0,2.837016e-12
Testing/notumor/Te-no_0104.jpg,2,no_tumor,0,0.9993876,0.00049062056,6.171003e-05,6.0048544e-05
Testing/notumor/Te-no_0105.jpg,2,no_tumor,2,2.053635e-09,6.87732e-10,1.0,1.8361684e-08
Testing/notumor/Te-no_0106.jpg,2,no_tumor,2,6.748988e-09,1.5583685e-08,1.0,2.385647e-08
Testing/notumor/Te-no_0107.jpg,2,no_tumor,2,1.4118626e-07,1.19084955e-08,0.9999999,7.939368e-09
Testing/notumor/Te-no_0108.jpg,2,no_tumor,2,5.598055e-16,3.0197283e-16,1.0,2.2348104e-13
Testing/notumor/Te-no_0109.jpg,2,no_tumor,2,1.7064894e-09,8.6491403e-10,1.0,1.2322885e-09
Testing/notumor/Te-no_0110.jpg,2,no_tumor,2,7.848483e-05,1.1572351e-05,0.99951184,0.0003980493
Testing/notumor/Te-no_0111.jpg,2,no_tumor,2,2.1805445e-06,1.3953786e-07,0.9999975,2.7323574e-07
Testing/notumor/Te-no_0112.jpg,2,no_tumor,2,1.6721538e-07,6.607164e-08,0.99999976,3.1513832e-09
Testing/notumor/Te-no_0113.jpg,2,no_tumor,2,0.00019835579,0.00038243688,0.999175,0.0002442001
Testing/notumor/Te-no_0114.jpg,2,no_tumor,2,1.3130008e-09,5.2670734e-10,1.0,8.190664e-11
Testing/notumor/Te-no_0115.jpg,2,no_tumor,2,3.797816e-09,5.5431015e-09,1.0,5.370284e-09
Testing/notumor/Te-no_0116.jpg,2,no_tumor,2,7.867301e-12,5.697228e-13,1.0,8.8507274e-12
Testing/notumor/Te-no_0117.jpg,2,no_tumor,2,1.9529336e-11,1.1375721e-12,1.0,3.188175e-11
Testing/notumor/Te-no_0118.jpg,2,no_tumor,2,2.27953e-06,6.659828e-06,0.99999,1.057391e-06
Testing/notumor/Te-no_0119.jpg,2,no_tumor,2,6.30048e-11,1.0100761e-10,1.0,4.2481584e-11
Testing/notumor/Te-no_0120.jpg,2,no_tumor,2,1.6845135e-05,6.014667e-07,0.99998164,9.93422e-07
Testing/notumor/Te-no_0121.jpg,2,no_tumor,2,5.1118814e-06,6.96574e-07,0.99999404,1.4673374e-07
Testing/notumor/Te-no_0122.jpg,2,no_tumor,2,5.892864e-08,1.031194e-08,0.99999976,1.05179375e-07
Testing/notumor/Te-no_0123.jpg,2,no_tumor,2,2.0646701e-10,2.7662704e-11,1.0,4.8593633e-12
Testing/notumor/Te-no_0124.jpg,2,no_tumor,2,5.2641735e-09,5.207222e-09,1.0,1.5317018e-09
Testing/notumor/Te-no_0125.jpg,2,no_tumor,2,8.741615e-08,2.439692e-06,0.99999666,8.8254427e-07
Testing/notumor/Te-no_0126.jpg,2,no_tumor,2,7.6428946e-13,3.70914e-12,1.0,3.397796e-12
Testing/notumor/Te-no_0127.jpg,2,no_tumor,2,4.3761723e-09,2.2753084e-10,1.0,3.620666e-10
Testing/notumor/Te-no_0128.jpg,2,no_tumor,2,0.000102357015,0.00018140489,0.99969625,2.0018744e-05
Testing/notumor/Te-no_0129.jpg,2,no_tumor,2,4.9343167e-15,3.282852e-16,1.0,1.0831574e-14
Testing/notumor/Te-no_0130.jpg,2,no_tumor,2,3.4515597e-16,1.3185769e-17,1.0,8.3855833e-16
Testing/notumor/Te-no_0131.jpg,2,no_tumor,2,1.8837288e-11,3.6486435e-11,1.0,7.399122e-12
Testing/notumor/Te-no_0132.jpg,2,no_tumor,2,7.009978e-22,3.7072346e-25,1.0,6.891426e-24
Testing/notumor/Te-no_0133.jpg,2,no_tumor,2,6.4586716e-14,2.243849e-16,1.0,4.627275e-13
Testing/notumor/Te-no_0134.jpg,2,no_tumor,2,1.4644549e-07,2.9712904e-08,0.99999976,9.3713666e-08
Testing/notumor/Te-no_0135.jpg,2,no_tumor,2,4.5013013e-10,5.956668e-12,1.0,9.204231e-12
Testing/notumor/Te-no_0136.jpg,2,no_tumor,2,9.816609e-13,3.4735392e-12,1.0,1.7357247e-13
Testing/notumor/Te-no_0137.jpg,2,no_tumor,2,1.7294663e-16,7.369357e-21,1.0,4.971623e-19
Testing/notumor/Te-no_0138.jpg,2,no_tumor,2,5.3994526e-08,4.4271854e-07,0.9999994,8.389212e-08
Testing/notumor/Te-no_0139.jpg,2,no_tumor,2,8.0294164e-13,1.4877395e-13,1.0,4.3735257e-10
Testing/notumor/Te-no_0140.jpg,2,no_tumor,2,3.1329472e-10,9.7414896e-11,1.0,9.730923e-11
Testing/notumor/Te-no_0141.jpg,2,no_tumor,2,6.604562e-14,1.7341246e-15,1.0,4.8645194e-12
Testing/notumor/Te-no_0142.jpg,2,no_tumor,2,3.097757e-11,2.9019684e-12,1.0,3.3270584e-09
Testing/notumor/Te-no_0143.jpg,2,no_tumor,2,7.1036513e-16,8.046264e-17,1.0,1.3421931e-13
Testing/notumor/Te-no_0144.jpg,2,no_tumor,2,1.0647879e-13,4.1769453e-16,1.0,1.608136e-13
Testing/notumor/Te-no_0145.jpg,2,no_tumor,2,1.1391636e-16,1.2122054e-20,1.0,4.081223e-19
Testing/notumor/Te-no_0146.jpg,2,no_tumor,0,0.8748756,0.0001564819,0.12416767,0.00080033
Testing/notumor/Te-no_0147.jpg,2,no_tumor,2,1.0104585e-12,9.663993e-13,1.0,1.1155057e-12
Testing/notumor/Te-no_0148.jpg,2,no_tumor,2,4.3723767e-09,4.075791e-09,1.0,9.996197e-10
Testing/notumor/Te-no_0149.jpg,2,no_tumor,2,9.955709e-07,4.787341e-07,0.99998343,1.5120473e-05
Testing/notumor/Te-no_0150.jpg,2,no_tumor,2,1.4076382e-05,5.067036e-07,0.99998546,5.3842186e-08
Testing/notumor/Te-no_0151.jpg,2,no_tumor,2,3.606862e-20,1.9041933e-22,1.0,1.4337985e-18
Testing/notumor/Te-no_0152.jpg,2,no_tumor,2,2.4374187e-19,7.621482e-24,1.0,6.0909816e-21
Testing/notumor/Te-no_0153.jpg,2,no_tumor,2,2.385063e-13,2.2326577e-14,1.0,2.398968e-14
Testing/notumor/Te-no_0154.jpg,2,no_tumor,2,3.4980577e-13,9.085877e-17,1.0,1.5637024e-14
Testing/notumor/Te-no_0155.jpg,2,no_tumor,2,7.673473e-15,2.6196266e-15,1.0,5.452652e-15
Testing/notumor/Te-no_0156.jpg,2,no_tumor,2,8.29108e-09,2.8626724e-08,1.0,7.224384e-09
Testing/notumor/Te-no_0157.jpg,2,no_tumor,2,5.544441e-10,1.5286992e-12,1.0,2.6077212e-08
Testing/notumor/Te-no_0158.jpg,2,no_tumor,2,7.230851e-06,4.7701483e-06,0.99998343,4.48361e-06
Testing/notumor/Te-no_0159.jpg,2,no_tumor,2,3.3289438e-09,9.720479e-11,1.0,1.1382082e-08
Testing/notumor/Te-no_0160.jpg,2,no_tumor,2,1.2362255e-15,5.4214734e-17,1.0,8.3575054e-14
Testing/notumor/Te-no_0161.jpg,2,no_tumor,2,5.04143e-10,6.857093e-11,1.0,1.4272511e-09
Testing/notumor/Te-no_0162.jpg,2,no_tumor,2,8.0563517e-10,5.8835686e-11,1.0,1.862179e-09
Testing/notumor/Te-no_0163.jpg,2,no_tumor,2,2.6068495e-13,5.000966e-14,1.0,4.4907017e-14
Testing/notumor/Te-no_0164.jpg,2,no_tumor,2,9.818782e-13,3.1821578e-13,1.0,3.8416392e-12
Testing/notumor/Te-no_0165.jpg,2,no_tumor,2,2.6963097e-19,5.391434e-21,1.0,3.8783637e-19
Testing/notumor/Te-no_0166.jpg,2,no_tumor,2,6.6274855e-12,6.1568515e-12,1.0,2.1290825e-12
Testing/notumor/Te-no_0167.jpg,2,no_tumor,2,6.827008e-16,8.710645e-17,1.0,9.246446e-15
Testing/notumor/Te-no_0168.jpg,2,no_tumor,2,2.4592107e-13,1.7986985e-14,1.0,6.261954e-14
Testing/notumor/Te-no_0169.jpg,2,no_tumor,2,4.8028807e-26,7.727452e-33,1.0,1.8594467e-27
Testing/notumor/Te-no_0170.jpg,2,no_tumor,2,5.2295395e-12,9.3810695e-14,1.0,2.7532794e-11
Testing/notumor/Te-no_0171.jpg,2,no_tumor,2,3.880399e-15,9.260795e-19,1.0,4.7756078e-17
Testing/notumor/Te-no_0172.jpg,2,no_tumor,2,9.9005954e-15,1.4712611e-15,1.0,3.4465353e-15
Testing/notumor/Te-no_0173.jpg,2,no_tumor,2,1.6807671e-07,1.6000571e-06,0.99994195,5.623155e-05
Testing/notumor/Te-no_0174.jpg,2,no_tumor,2,9.713341e-19,5.7015532e-21,1.0,3.3487321e-19
Testing/notumor/Te-no_0175.jpg,2,no_tumor,2,1.145527e-14,5.3109626e-15,1.0,6.768843e-16
Testing/notumor/Te-no_0176.jpg,2,no_tumor,2,1.3530879e-11,1.8567947e-13,1.0,6.637049e-12
Testing/notumor/Te-no_0177.jpg,2,no_tumor,2,2.4499936e-12,3.4048285e-12,1.0,1.1473393e-11
Testing/notumor/Te-no_0178.jpg,2,no_tumor,2,8.443627e-14,1.2577697e-14,1.0,1.8146136e-12
Testing/notumor/Te-no_0179.jpg,2,no_tumor,2,5.0202876e-15,2.372564e-16,1.0,2.1455385e-13
Testing/notumor/Te-no_0180.jpg,2,no_tumor,2,1.3534711e-13,2.7088854e-13,1.0,1.4818017e-12
Testing/notumor/Te-no_0181.jpg,2,no_tumor,2,3.2634445e-05,3.534681e-05,0.99993026,1.7658983e-06
Testing/notumor/Te-no_0182.jpg,2,no_tumor,2,2.1354267e-16,1.5620632e-21,1.0,1.0419746e-17
Testing/notumor/Te-no_0183.jpg,2,no_tumor,2,0.0005999831,0.000553349,0.9900581,0.008788568
Testing/notumor/Te-no_0184.jpg,2,no_tumor,2,1.2807194e-05,3.9878278e-06,0.9999832,2.4641949e-08
Testing/notumor/Te-no_0185.jpg,2,no_tumor,2,8.327103e-09,4.5874646e-10,1.0,8.645648e-09
Testing/notumor/Te-no_0186.jpg,2,no_tumor,2,3.5574403e-06,1.979892e-05,0.99984205,0.00013460658
Testing/notumor/Te-no_0187.jpg,2,no_tumor,2,1.2324029e-10,3.2885757e-11,0.9999999,9.787542e-08
Testing/notumor/Te-no_0188.jpg,2,no_tumor,2,4.4529155e-11,1.8134102e-11,1.0,1.061408e-09
Testing/notumor/Te-no_0189.jpg,2,no_tumor,2,4.0586343e-11,1.7371266e-12,1.0,6.233709e-11
Testing/notumor/Te-no_0190.jpg,2,no_tumor,2,7.663407e-12,7.6188497e-13,1.0,2.9500034e-11
Testing/notumor/Te-no_0191.jpg,2,no_tumor,2,3.443901e-05,4.534715e-06,0.9999131,4.7906033e-05
Testing/notumor/Te-no_0192.jpg,2,no_tumor,2,1.465006e-14,1.3344051e-13,1.0,7.2387284e-13
Testing/notumor/Te-no_0193.jpg,2,no_tumor,2,0.0050957296,0.0020629657,0.99150014,0.0013411266
Testing/notumor/Te-no_0194.jpg,2,no_tumor,2,4.110117e-06,7.840182e-07,0.99999285,2.2214579e-06
Testing/notumor/Te-no_0195.jpg,2,no_tumor,2,1.601613e-13,7.5253096e-16,1.0,2.8830988e-13
Testing/notumor/Te-no_0196.jpg,2,no_tumor,2,4.5380946e-07,2.0761323e-07,0.99999475,4.549268e-06
Testing/notumor/Te-no_0197.jpg,2,no_tumor,2,3.404247e-14,4.499054e-17,1.0,9.91586e-16
Testing/notumor/Te-no_0198.jpg,2,no_tumor,2,4.2222905e-12,2.5088588e-12,1.0,2.5854704e-11
Testing/notumor/Te-no_0199.jpg,2,no_tumor,2,4.1854858e-07,2.9551834e-06,0.9999285,6.8223984e-05
Testing/notumor/Te-no_0200.jpg,2,no_tumor,2,6.2642125e-10,9.5936634e-11,1.0,1.6839684e-10
Testing/notumor/Te-no_0201.jpg,2,no_tumor,2,9.845527e-06,1.0475466e-06,0.9999871,2.0591538e-06
Testing/notumor/Te-no_0202.jpg,2,no_tumor,2,0.00018500036,0.00013794276,0.9958156,0.0038615898
Testing/notumor/Te-no_0203.jpg,2,no_tumor,2,3.0621162e-15,1.4338969e-18,1.0,6.879233e-18
Testing/notumor/Te-no_0204.jpg,2,no_tumor,2,1.2559444e-12,9.121104e-14,1.0,4.21755e-12
Testing/notumor/Te-no_0205.jpg,2,no_tumor,2,1.2446775e-14,8.35037e-17,1.0,5.2385464e-15
Testing/notumor/Te-no_0206.jpg,2,no_tumor,2,6.8772184e-09,6.2281766e-09,1.0,5.921639e-09
Testing/notumor/Te-no_0207.jpg,2,no_tumor,2,1.8373689e-09,3.8307407e-10,0.9999999,8.002237e-08
Testing/notumor/Te-no_0208.jpg,2,no_tumor,2,1.4494238e-06,2.2622307e-07,0.9999982,1.344574e-07
Testing/notumor/Te-no_0209.jpg,2,no_tumor,2,1.794715e-08,1.6527248e-09,1.0,3.2618438e-08
Testing/notumor/Te-no_0210.jpg,2,no_tumor,2,2.0076116e-06,4.2824798e-08,0.99999785,1.0308838e-07
Testing/notumor/Te-no_0211.jpg,2,no_tumor,2,1.2067819e-06,2.0140249e-07,0.99999774,8.4685e-07
Testing/notumor/Te-no_0212.jpg,2,no_tumor,2,9.263367e-13,1.84525e-13,1.0,4.025885e-10
Testing/notumor/Te-no_0213.jpg,2,no_tumor,2,3.4388006e-11,1.5388276e-11,1.0,7.091482e-12
Testing/notumor/Te-no_0214.jpg,2,no_tumor,2,2.2638358e-11,1.2000809e-10,1.0,2.0793045e-10
Testing/notumor/Te-no_0215.jpg,2,no_tumor,2,2.0057315e-11,1.0977659e-11,1.0,4.4257497e-12
Testing/notumor/Te-no_0216.jpg,2,no_tumor,2,3.0389156e-06,5.403147e-07,0.9999963,1.13464225e-07
Testing/notumor/Te-no_0217.jpg,2,no_tumor,2,1.1581425e-20,2.3830127e-24,1.0,1.2231018e-21
Testing/notumor/Te-no_0218.jpg,2,no_tumor,2,7.2257006e-11,1.3075271e-10,1.0,4.6595977e-11
Testing/notumor/Te-no_0219.jpg,2,no_tumor,2,3.3704865e-08,1.3400338e-10,1.0,1.5299316e-10
Testing/notumor/Te-no_0220.jpg,2,no_tumor,2,3.7674196e-13,1.3186537e-15,1.0,1.873019e-12
Testing/notumor/Te-no_0221.jpg,2,no_tumor,2,4.1752378e-07,9.7953645e-08,0.9999995,5.1235953e-09
Testing/notumor/Te-no_0222.jpg,2,no_tumor,2,5.320736e-08,3.3550531e-09,1.0,1.478687e-09
Testing/notumor/Te-no_0223.jpg,2,no_tumor,2,1.2268632e-14,1.7410656e-14,1.0,4.9892447e-15
Testing/notumor/Te-no_0224.jpg,2,no_tumor,2,2.3977236e-14,1.8501951e-16,1.0,1.5461022e-16
Testing/notumor/Te-no_0225.jpg,2,no_tumor,2,1.1931197e-14,9.102261e-15,1.0,9.29784e-15
Testing/notumor/Te-no_0226.jpg,2,no_tumor,2,8.416655e-08,7.9831956e-08,0.9999999,5.0059434e-08
Testing/notumor/Te-no_0227.jpg,2,no_tumor,2,3.6919696e-11,5.249717e-12,1.0,9.201879e-12
Testing/notumor/Te-no_0228.jpg,2,no_tumor,2,0.0020141283,0.0072392956,0.9750572,0.015689436
Testing/notumor/Te-no_0229.jpg,2,no_tumor,2,3.531822e-08,2.3532336e-09,1.0,1.7857346e-08
Testing/notumor/Te-no_0230.jpg,2,no_tumor,2,7.153182e-20,1.2478142e-23,1.0,1.3975722e-21
Testing/notumor/Te-no_0231.jpg,2,no_tumor,2,3.2263808e-13,8.3739724e-14,1.0,1.8233903e-13
Testing/notumor/Te-no_0232.jpg,2,no_tumor,2,3.1930483e-12,3.9622103e-12,1.0,4.463423e-12
Testing/notumor/Te-no_0233.jpg,2,no_tumor,2,9.790557e-14,4.409515e-15,1.0,1.1990106e-13
Testing/notumor/Te-no_0234.jpg,2,no_tumor,2,6.2056e-08,8.4186186e-10,0.99999964,1.7895417e-07
Testing/notumor/Te-no_0235.jpg,2,no_tumor,2,0.00015819192,0.00010382279,0.99973756,3.5933888e-07
Testing/notumor/Te-no_0236.jpg,2,no_tumor,2,4.0497184e-06,9.955202e-07,0.999985,1.0008554e-05
Testing/notumor/Te-no_0237.jpg,2,no_tumor,2,1.2332019e-05,6.569607e-09,0.9999875,8.825871e-08
Testing/notumor/Te-no_0238.jpg,2,no_tumor,2,2.185025e-06,4.034548e-08,0.9999913,6.390779e-06
Testing/notumor/Te-no_0239.jpg,2,no_tumor,2,9.593686e-10,2.407182e-10,1.0,9.831521e-10
Testing/notumor/Te-no_0240.jpg,2,no_tumor,2,6.2979322e-15,7.632369e-15,1.0,4.0882926e-14
Testing/notumor/Te-no_0241.jpg,2,no_tumor,2,2.4310084e-14,5.025442e-15,1.0,6.700436e-14
Testing/notumor/Te-no_0242.jpg,2,no_tumor,2,3.059366e-07,7.0646977e-09,0.99999666,2.941113e-06
Testing/notumor/Te-no_0243.jpg,2,no_tumor,2,1.2931785e-05,3.463185e-05,0.9999522,2.8621525e-07
Testing/notumor/Te-no_0244.jpg,2,no_tumor,2,1.0539965e-08,6.274233e-10,1.0,2.5785094e-09
Testing/notumor/Te-no_0245.jpg,2,no_tumor,2,9.930838e-11,7.461292e-13,1.0,9.1722e-11
Testing/notumor/Te-no_0246.jpg,2,no_tumor,2,6.597298e-14,2.069112e-15,1.0,2.529953e-13
Testing/notumor/Te-no_0247.jpg,2,no_tumor,2,1.5442245e-09,1.1270804e-08,1.0,2.7021013e-08
Testing/notumor/Te-no_0248.jpg,2,no_tumor,2,1.5570932e-09,4.2112844e-10,1.0,6.1748157e-10
Testing/notumor/Te-no_0249.jpg,2,no_tumor,2,1.0995643e-14,7.990473e-17,1.0,2.8070632e-15
Testing/notumor/Te-no_0250.jpg,2,no_tumor,2,6.3008725e-20,1.7751472e-22,1.0,6.3356064e-19
Testing/notumor/Te-no_0251.jpg,2,no_tumor,2,1.6952597e-11,7.217487e-12,1.0,1.6746436e-11
Testing/notumor/Te-no_0252.jpg,2,no_tumor,2,9.651514e-11,1.6824875e-11,1.0,1.2666848e-10
Testing/notumor/Te-no_0253.jpg,2,no_tumor,2,1.2192479e-12,1.4079465e-12,1.0,1.5937122e-12
Testing/notumor/Te-no_0254.jpg,2,no_tumor,2,3.4569514e-11,3.368489e-11,1.0,8.991003e-11
Testing/notumor/Te-no_0255.jpg,2,no_tumor,2,1.5744293e-09,1.5155209e-09,1.0,3.7562897e-10
Testing/notumor/Te-no_0256.jpg,2,no_tumor,2,5.283063e-13,5.0425416e-19,1.0,5.8325642e-18
Testing/notumor/Te-no_0257.jpg,2,no_tumor,2,3.3327629e-12,1.8603184e-13,1.0,5.4900234e-11
Testing/notumor/Te-no_0258.jpg,2,no_tumor,2,2.199395e-13,4.3826666e-15,1.0,7.9302155e-12
Testing/notumor/Te-no_0259.jpg,2,no_tumor,2,6.623773e-11,7.288482e-12,1.0,7.8863795e-09
Testing/notumor/Te-no_0260.jpg,2,no_tumor,2,1.1422015e-11,2.3924088e-12,1.0,5.773081e-12
Testing/notumor/Te-no_0261.jpg,2,no_tumor,2,1.0035145e-10,1.6997374e-11,1.0,4.5092413e-10
Testing/notumor/Te-no_0262.jpg,2,no_tumor,2,1.2817126e-12,2.1244308e-11,1.0,1.4531743e-12
Testing/notumor/Te-no_0263.jpg,2,no_tumor,2,4.1752547e-17,3.1153202e-18,1.0,6.6824627e-15
Testing/notumor/Te-no_0264.jpg,2,no_tumor,2,1.6775071e-12,8.638762e-12,1.0,2.1377888e-10
Testing/notumor/Te-no_0265.jpg,2,no_tumor,2,8.432591e-09,3.2988016e-12,1.0,3.5020102e-09
Testing/notumor/Te-no_0266.jpg,2,no_tumor,2,2.8766679e-12,1.5233529e-15,1.0,1.1254348e-12
Testing/notumor/Te-no_0267.jpg,2,no_tumor,2,2.6498463e-17,1.1965845e-20,1.0,2.245947e-16
Testing/notumor/Te-no_0268.jpg,2,no_tumor,2,2.0076804e-14,2.0819064e-15,1.0,3.608568e-13
Testing/notumor/Te-no_0269.jpg,2,no_tumor,2,2.1710381e-19,3.612652e-24,1.0,3.716855e-22
Testing/notumor/Te-no_0270.jpg,2,no_tumor,2,1.3167501e-13,2.5390112e-14,1.0,7.5201345e-11
Testing/notumor/Te-no_0271.jpg,2,no_tumor,2,1.1671251e-10,1.1869747e-11,1.0,4.844716e-11
Testing/notumor/Te-no_0272.jpg,2,no_tumor,2,0.00074154336,0.0005965152,0.9985145,0.000147432
Testing/notumor/Te-no_0273.jpg,2,no_tumor,2,2.082233e-14,4.809946e-16,1.0,1.337815e-13
Testing/notumor/Te-no_0274.jpg,2,no_tumor,2,1.8005952e-12,5.999091e-13,1.0,5.9217882e-12
Testing/notumor/Te-no_0275.jpg,2,no_tumor,2,9.990898e-10,2.1941066e-10,1.0,5.2538343e-08
Testing/notumor/Te-no_0276.jpg,2,no_tumor,2,1.8587153e-13,9.9870055e-15,1.0,8.773755e-14
Testing/notumor/Te-no_0277.jpg,2,no_tumor,2,1.3076805e-08,7.1096817e-09,1.0,3.5606071e-09
Testing/notumor/Te-no_0278.jpg,2,no_tumor,2,3.6753374e-12,8.415366e-13,1.0,3.677485e-11
Testing/notumor/Te-no_0279.jpg,2,no_tumor,2,7.9285216e-12,8.5367444e-13,1.0,2.202949e-11
Testing/notumor/Te-no_0280.jpg,2,no_tumor,2,2.5375659e-12,5.1072133e-14,1.0,1.9069746e-10
Testing/notumor/Te-no_0281.jpg,2,no_tumor,2,3.7030368e-10,9.183692e-13,1.0,1.9921197e-08
Testing/notumor/Te-no_0282.jpg,2,no_tumor,2,1.0372102e-06,1.9313057e-07,0.9999976,1.1486499e-06
Testing/notumor/Te-no_0283.jpg,2,no_tumor,2,7.3065176e-13,7.025694e-14,1.0,2.6418402e-11
Testing/notumor/Te-no_0284.jpg,2,no_tumor,2,2.5436415e-09,1.3513766e-09,0.9999999,1.2268931e-07
Testing/notumor/Te-no_0285.jpg,2,no_tumor,2,7.847798e-17,1.2515739e-18,1.0,1.91104e-12
Testing/notumor/Te-no_0286.jpg,2,no_tumor,2,1.2402816e-10,3.171894e-12,1.0,6.487461e-11
Testing/notumor/Te-no_0287.jpg,2,no_tumor,2,7.940872e-12,1.7584358e-11,1.0,4.6549962e-11
Testing/notumor/Te-no_0288.jpg,2,no_tumor,2,3.813936e-14,8.072793e-14,1.0,3.758011e-13
Testing/notumor/Te-no_0289.jpg,2,no_tumor,2,5.5459443e-21,3.803269e-23,1.0,1.7848871e-19
Testing/notumor/Te-no_0290.jpg,2,no_tumor,2,2.721744e-10,5.7724867e-12,1.0,1.3213423e-08
Testing/notumor/Te-no_0291.jpg,2,no_tumor,2,3.3621474e-11,1.5980444e-11,1.0,4.3207403e-11
Testing/notumor/Te-no_0292.jpg,2,no_tumor,2,8.324263e-16,4.311145e-17,1.0,2.873512e-14
Testing/notumor/Te-no_0293.jpg,2,no_tumor,2,2.2026914e-16,3.1568906e-19,1.0,2.668483e-15
Testing/notumor/Te-no_0294.jpg,2,no_tumor,2,3.528184e-13,1.512656e-13,1.0,7.857966e-14
Testing/notumor/Te-no_0295.jpg,2,no_tumor,2,5.707465e-16,8.6550005e-17,1.0,1.2254834e-14
Testing/notumor/Te-no_0296.jpg,2,no_tumor,2,5.1784884e-13,3.2553983e-12,1.0,6.019057e-13
Testing/notumor/Te-no_0297.jpg,2,no_tumor,2,1.9104545e-18,6.64356e-19,1.0,1.8396978e-20
Testing/notumor/Te-no_0298.jpg,2,no_tumor,2,2.4330823e-10,3.6609826e-11,1.0,3.3554465e-11
Testing/notumor/Te-no_0299.jpg,2,no_tumor,2,2.399188e-10,2.7225213e-11,1.0,2.225579e-10
Testing/notumor/Te-no_0300.jpg,2,no_tumor,2,0.0007966052,0.0019743517,0.9966287,0.00060029636
Testing/notumor/Te-no_0301.jpg,2,no_tumor,2,1.6509832e-12,2.75945e-12,1.0,7.178712e-13
Testing/notumor/Te-no_0302.jpg,2,no_tumor,2,8.864347e-15,5.187375e-17,1.0,3.5020662e-15
Testing/notumor/Te-no_0303.jpg,2,no_tumor,2,2.1186216e-17,1.546737e-19,1.0,8.6943416e-18
Testing/notumor/Te-no_0304.jpg,2,no_tumor,2,2.0297894e-14,8.6009704e-14,1.0,5.139992e-13
Testing/notumor/Te-no_0305.jpg,2,no_tumor,2,2.6382609e-06,3.7505023e-07,0.9999968,2.3899716e-07
Testing/notumor/Te-no_0306.jpg,2,no_tumor,2,4.4491014e-08,5.0807687e-09,0.9999999,8.758533e-08
Testing/notumor/Te-no_0307.jpg,2,no_tumor,2,1.6652753e-07,4.639233e-08,0.9999995,2.1333287e-07
Testing/notumor/Te-no_0308.jpg,2,no_tumor,2,4.0262382e-10,7.170751e-12,1.0,3.11915e-10
Testing/notumor/Te-no_0309.jpg,2,no_tumor,2,1.0745027e-14,4.524701e-16,1.0,6.542571e-15
Testing/notumor/Te-no_0310.jpg,2,no_tumor,2,3.0502427e-11,1.4689991e-10,1.0,2.7968147e-10
Testing/notumor/Te-no_0311.jpg,2,no_tumor,2,2.7491842e-06,9.1279117e-07,0.9999957,6.2382384e-07
Testing/notumor/Te-no_0312.jpg,2,no_tumor,2,1.4552116e-05,3.190548e-06,0.99998224,4.1498886e-08
Testing/notumor/Te-no_0313.jpg,2,no_tumor,2,1.527923e-13,2.3724543e-17,1.0,9.071163e-16
Testing/notumor/Te-no_0314.jpg,2,no_tumor,2,1.3012691e-15,6.276272e-16,1.0,5.4336117e-15
Testing/notumor/Te-no_0315.jpg,2,no_tumor,2,8.2847944e-11,2.7409554e-11,0.9999999,1.0428328e-07
Testing/notumor/Te-no_0316.jpg,2,no_tumor,2,1.4234387e-14,2.8388616e-16,1.0,1.2950512e-12
Testing/notumor/Te-no_0317.jpg,2,no_tumor,2,4.5528564e-11,3.843347e-12,1.0,1.0952087e-10
Testing/notumor/Te-no_0318.jpg,2,no_tumor,2,2.5526633e-06,5.4311823e-07,0.9999951,1.7477751e-06
Testing/notumor/Te-no_0319.jpg,2,no_tumor,2,1.9155418e-07,4.0223416e-08,0.99999964,1.2488894e-07
Testing/notumor/Te-no_0320.jpg,2,no_tumor,2,2.0474097e-07,2.0744659e-07,0.9999957,3.940594e-06
Testing/notumor/Te-no_0321.jpg,2,no_tumor,2,0.0010341306,0.00043655443,0.99850476,2.4627127e-05
Testing/notumor/Te-no_0322.jpg,2,no_tumor,2,2.568487e-12,1.3414926e-12,1.0,1.634684e-11
Testing/notumor/Te-no_0323.jpg,2,no_tumor,2,2.824323e-12,3.0478753e-15,1.0,2.145646e-12
Testing/notumor/Te-no_0324.jpg,2,no_tumor,2,5.277179e-10,2.213904e-12,1.0,2.2990299e-11
Testing/notumor/Te-no_0325.jpg,2,no_tumor,2,0.0008769593,0.0031170936,0.99503905,0.0009668145
Testing/notumor/Te-no_0326.jpg,2,no_tumor,2,1.8289963e-15,3.2508995e-16,1.0,6.638264e-12
Testing/notumor/Te-no_0327.jpg,2,no_tumor,2,1.04133655e-14,1.5033489e-16,1.0,2.3912866e-12
Testing/notumor/Te-no_0328.jpg,2,no_tumor,2,2.5743926e-08,4.451833e-09,1.0,5.763372e-10
Testing/notumor/Te-no_0329.jpg,2,no_tumor,2,3.8299885e-10,5.519361e-10,1.0,7.0160837e-09
Testing/notumor/Te-no_0330.jpg,2,no_tumor,2,1.7370448e-05,8.525709e-06,0.9999703,3.8061496e-06
Testing/notumor/Te-no_0331.jpg,2,no_tumor,2,2.7244775e-08,2.762128e-09,0.9999995,4.9569746e-07
Testing/notumor/Te-no_0332.jpg,2,no_tumor,2,4.4162194e-09,1.1202243e-08,1.0,2.1125462e-08
Testing/notumor/Te-no_0333.jpg,2,no_tumor,2,1.1877185e-08,6.475744e-09,0.9999993,7.638219e-07
Testing/notumor/Te-no_0334.jpg,2,no_tumor,2,3.8325976e-07,1.617976e-07,0.9999994,8.014847e-09
Testing/notumor/Te-no_0335.jpg,2,no_tumor,2,9.717416e-08,1.9770794e-09,0.9999999,3.2582355e-09
Testing/notumor/Te-no_0336.jpg,2,no_tumor,2,4.9300538e-12,9.68957e-14,1.0,8.4379566e-11
Testing/notumor/Te-no_0337.jpg,2,no_tumor,2,6.2898172e-15,1.7065411e-17,1.0,3.2933774e-15
Testing/notumor/Te-no_0338.jpg,2,no_tumor,2,3.3371857e-11,3.55562e-12,1.0,5.6270665e-12
Testing/notumor/Te-no_0339.jpg,2,no_tumor,2,5.0386206e-11,6.519464e-11,1.0,3.9694213e-11
Testing/notumor/Te-no_0340.jpg,2,no_tumor,2,5.0775437e-09,7.1836164e-09,1.0,4.1367564e-08
Testing/notumor/Te-no_0341.jpg,2,no_tumor,2,5.1562953e-08,6.6759593e-09,0.9999999,6.753845e-08
Testing/notumor/Te-no_0342.jpg,2,no_tumor,2,7.748818e-12,1.2845074e-12,1.0,7.185287e-13
Testing/notumor/Te-no_0343.jpg,2,no_tumor,2,7.3740416e-08,1.8849943e-06,0.9999976,4.8448993e-07
Testing/notumor/Te-no_0344.jpg,2,no_tumor,2,1.0943265e-06,1.0781242e-06,0.9999962,1.6267132e-06
Testing/notumor/Te-no_0345.jpg,2,no_tumor,2,3.1424771e-16,6.844808e-19,1.0,2.8411338e-18
Testing/notumor/Te-no_0346.jpg,2,no_tumor,2,1.532694e-11,2.8172171e-11,1.0,5.48027e-12
Testing/notumor/Te-no_0347.jpg,2,no_tumor,2,4.225807e-14,1.113174e-16,1.0,2.1277053e-13
Testing/notumor/Te-no_0348.jpg,2,no_tumor,2,3.9084083e-12,1.6074078e-11,1.0,6.9724733e-13
Testing/notumor/Te-no_0349.jpg,2,no_tumor,2,1.3191916e-12,2.584648e-14,1.0,1.2640185e-13
Testing/notumor/Te-no_0350.jpg,2,no_tumor,2,6.310451e-05,5.4226173e-05,0.999728,0.00015461734
Testing/notumor/Te-no_0351.jpg,2,no_tumor,2,5.984175e-10,1.1257574e-11,1.0,2.387505e-11
Testing/notumor/Te-no_0352.jpg,2,no_tumor,2,1.7885227e-12,3.36779e-14,1.0,1.1882002e-11
Testing/notumor/Te-no_0353.jpg,2,no_tumor,2,1.3478601e-13,5.9172853e-15,1.0,1.084903e-13
Testing/notumor/Te-no_0354.jpg,2,no_tumor,2,1.531592e-15,3.3370673e-17,1.0,9.749062e-17
Testing/notumor/Te-no_0355.jpg,2,no_tumor,2,9.931625e-09,8.6494534e-10,1.0,3.6296772e-09
Testing/notumor/Te-no_0356.jpg,2,no_tumor,2,7.228988e-09,5.5838327e-11,1.0,2.1684844e-08
Testing/notumor/Te-no_0357.jpg,2,no_tumor,2,1.0657107e-20,2.3691086e-24,1.0,3.875518e-22
Testing/notumor/Te-no_0358.jpg,2,no_tumor,2,1.4702723e-13,3.3364215e-15,1.0,9.077091e-14
Testing/notumor/Te-no_0359.jpg,2,no_tumor,2,9.50569e-18,4.427015e-20,1.0,4.889469e-19
Testing/notumor/Te-no_0360.jpg,2,no_tumor,2,1.4622564e-06,3.6762086e-07,0.99999225,5.999432e-06
Testing/notumor/Te-no_0361.jpg,2,no_tumor,2,5.705088e-10,5.438535e-12,1.0,1.2980442e-11
Testing/notumor/Te-no_0362.jpg,2,no_tumor,2,1.45113015e-08,9.8966595e-09,0.9999999,8.383761e-08
Testing/notumor/Te-no_0363.jpg,2,no_tumor,2,4.0306299e-19,1.246059e-23,1.0,1.267572e-21
Testing/notumor/Te-no_0364.jpg,2,no_tumor,2,2.5469896e-18,6.44267e-20,1.0,3.401196e-18
Testing/notumor/Te-no_0365.jpg,2,no_tumor,2,1.479265e-13,2.0658604e-17,1.0,9.206388e-16
Testing/notumor/Te-no_0366.jpg,2,no_tumor,2,4.431551e-24,2.932191e-27,1.0,6.7398476e-26
Testing/notumor/Te-no_0367.jpg,2,no_tumor,2,2.1102262e-16,3.238628e-19,1.0,2.8560797e-15
Testing/notumor/Te-no_0368.jpg,2,no_tumor,2,1.275157e-10,2.3221494e-11,1.0,1.707042e-10
Testing/notumor/Te-no_0369.jpg,2,no_tumor,2,4.2866828e-11,2.0557531e-11,1.0,2.5872464e-11
Testing/notumor/Te-no_0370.jpg,2,no_tumor,2,5.6724795e-11,5.030612e-11,1.0,1.2402744e-10
Testing/notumor/Te-no_0371.jpg,2,no_tumor,2,2.843474e-07,5.4424657e-08,0.9999995,9.633538e-08
Testing/notumor/Te-no_0372.jpg,2,no_tumor,2,0.00016729401,0.00018745798,0.99961674,2.8486707e-05
Testing/notumor/Te-no_0373.jpg,2,no_tumor,2,3.797113e-13,4.07268e-14,1.0,3.289343e-10
Testing/notumor/Te-no_0374.jpg,2,no_tumor,2,2.4202251e-17,2.1011794e-18,1.0,3.594125e-15
Testing/notumor/Te-no_0375.jpg,2,no_tumor,2,7.1502213e-09,9.762084e-10,1.0,4.7851922e-09
Testing/notumor/Te-no_0376.jpg,2,no_tumor,2,2.1096178e-09,1.1672832e-10,1.0,8.783283e-10
Testing/notumor/Te-no_0377.jpg,2,no_tumor,2,8.120912e-11,6.0988215e-12,1.0,4.41794e-12
Testing/notumor/Te-no_0378.jpg,2,no_tumor,2,7.709721e-12,4.1813298e-12,1.0,1.0811213e-12
Testing/notumor/Te-no_0379.jpg,2,no_tumor,2,6.455057e-16,1.5038077e-16,1.0,8.767958e-16
Testing/notumor/Te-no_0380.jpg,2,no_tumor,2,3.708547e-19,2.2087944e-21,1.0,2.3710006e-22
Testing/notumor/Te-no_0381.jpg,2,no_tumor,2,5.1483063e-23,1.2520204e-29,1.0,6.9338815e-24
Testing/notumor/Te-no_0382.jpg,2,no_tumor,2,4.7163994e-07,4.602147e-07,0.99999905,5.334459e-08
Testing/notumor/Te-no_0383.jpg,2,no_tumor,2,8.4388296e-10,3.5445866e-10,1.0,5.7575562e-11
Testing/notumor/Te-no_0384.jpg,2,no_tumor,2,1.03149754e-11,8.283539e-13,1.0,1.43867696e-11
Testing/notumor/Te-no_0385.jpg,2,no_tumor,2,5.827703e-11,2.718815e-12,1.0,7.007558e-11
Testing/notumor/Te-no_0386.jpg,2,no_tumor,2,6.414596e-11,1.03368425e-10,1.0,4.448111e-11
Testing/notumor/Te-no_0387.jpg,2,no_tumor,2,1.0923678e-09,1.4867348e-10,1.0,1.6964421e-09
Testing/notumor/Te-no_0388.jpg,2,no_tumor,2,1.8041232e-11,1.3073413e-12,1.0,1.7466037e-10
Testing/notumor/Te-no_0389.jpg,2,no_tumor,2,1.0265883e-07,3.1350858e-06,0.9999956,1.2026467e-06
Testing/notumor/Te-no_0390.jpg,2,no_tumor,2,1.3066958e-06,1.0824525e-06,0.99999726,3.912129e-07
Testing/notumor/Te-no_0391.jpg,2,no_tumor,2,2.0912884e-07,7.029733e-08,0.9999995,2.6571718e-07
Testing/notumor/Te-no_0392.jpg,2,no_tumor,2,1.1080808e-05,6.6998655e-06,0.9998565,0.00012579063
Testing/notumor/Te-no_0393.jpg,2,no_tumor,2,0.00017500154,6.669464e-05,0.9997569,1.4288427e-06
Testing/notumor/Te-no_0394.jpg,2,no_tumor,2,0.0005901292,0.00176966,0.996915,0.00072519603
Testing/notumor/Te-no_0395.jpg,2,no_tumor,2,1.040352e-10,1.7829549e-11,1.0,1.7071512e-08
Testing/notumor/Te-no_0396.jpg,2,no_tumor,2,4.6343748e-10,2.2879145e-11,1.0,5.222846e-10
Testing/notumor/Te-no_0397.jpg,2,no_tumor,2,1.5913769e-15,3.5208963e-17,1.0,8.487206e-14
Testing/notumor/Te-no_0398.jpg,2,no_tumor,2,1.6518383e-14,2.7759255e-16,1.0,2.9471339e-12
Testing/notumor/Te-no_0399.jpg,2,no_tumor,2,4.7302663e-08,1.0494069e-08,1.0,1.087663e-09
Testing/notumor/Te-no_0400.jpg,2,no_tumor,2,2.158545e-05,4.868807e-07,0.99997246,5.4576203e-06
Testing/notumor/Te-no_0401.jpg,2,no_tumor,2,0.00074963854,0.00017972648,0.99883014,0.00024051669
Testing/notumor/Te-no_0402.jpg,2,no_tumor,2,3.6021672e-07,9.8945264e-08,0.9999993,2.153294e-07
Testing/notumor/Te-no_0403.jpg,2,no_tumor,2,1.9872268e-09,5.2374376e-11,1.0,7.710674e-09
Testing/notumor/Te-no_0404.jpg,2,no_tumor,2,5.99815e-08,8.20192e-09,0.9999989,9.096665e-07
Testing/pituitary/Te-piTr_0000.jpg,3,pituitary,3,0.00039538436,0.0012703539,4.638119e-05,0.99828786
Testing/pituitary/Te-piTr_0001.jpg,3,pituitary,3,1.1552134e-07,3.1604573e-05,1.18031565e-07,0.9999682
Testing/pituitary/Te-piTr_0002.jpg,3,pituitary,3,0.0015665551,0.3039735,0.0018578551,0.6926021
Testing/pituitary/Te-piTr_0003.jpg,3,pituitary,3,1.8760561e-08,5.118857e-06,1.7499978e-08,0.9999949
Testing/pituitary/Te-piTr_0004.jpg,3,pituitary,3,2.6630602e-09,2.5366984e-07,1.4710968e-09,0.99999976
Testing/pituitary/Te-piTr_0005.jpg,3,pituitary,3,4.4866744e-07,1.5068617e-05,2.5168634e-07,0.99998426
Testing/pituitary/Te-piTr_0006.jpg,3,pituitary,3,0.006781654,0.007826275,0.0024422756,0.98294973
Testing/pituitary/Te-piTr_0007.jpg,3,pituitary,3,0.0001769601,0.0010484803,5.827438e-05,0.99871635
Testing/pituitary/Te-piTr_0008.jpg,3,pituitary,3,1.1634913e-05,0.000134531,2.1414874e-06,0.9998517
Testing/pituitary/Te-piTr_0009.jpg,3,pituitary,3,0.00902694,0.04680815,0.0027110483,0.9414539
Testing/pituitary/Te-pi_0010.jpg,3,pituitary,3,9.629919e-05,0.0026075388,0.00012252326,0.99717355
Testing/pituitary/Te-pi_0011.jpg,3,pituitary,3,0.0011811627,0.0015602452,4.498992e-05,0.99721366
Testing/pituitary/Te-pi_0012.jpg,3,pituitary,3,0.00027638618,0.00070932787,3.6364196e-05,0.998978
Testing/pituitary/Te-pi_0013.jpg,3,pituitary,3,0.0279664,0.0019700055,0.00022362966,0.96984005
Testing/pituitary/Te-pi_0014.jpg,3,pituitary,3,0.00309728,0.3086427,0.0017652061,0.68649477
Testing/pituitary/Te-pi_0015.jpg,3,pituitary,3,0.0003399697,0.0015975713,0.00023986558,0.9978225
Testing/pituitary/Te-pi_0016.jpg,3,pituitary,3,0.0010809546,0.00940133,0.00047940816,0.98903835
Testing/pituitary/Te-pi_0017.jpg,3,pituitary,3,4.309283e-05,0.00070404634,2.7376791e-05,0.9992255
Testing/pituitary/Te-pi_0018.jpg,3,pituitary,3,0.00038588722,0.0007728465,0.0004216833,0.9984195
Testing/pituitary/Te-pi_0019.jpg,3,pituitary,3,0.0034850282,0.007977659,0.00065070065,0.98788667
Testing/pituitary/Te-pi_0020.jpg,3,pituitary,3,8.681186e-05,9.424712e-05,6.7070873e-06,0.9998123
Testing/pituitary/Te-pi_0021.jpg,3,pituitary,3,0.00042007293,0.0028980626,0.0001224513,0.9965593
Testing/pituitary/Te-pi_0022.jpg,3,pituitary,3,0.0067211576,0.00030667,4.0090235e-05,0.9929321
Testing/pituitary/Te-pi_0023.jpg,3,pituitary,3,4.6162775e-05,8.805066e-05,2.5439747e-06,0.99986327
Testing/pituitary/Te-pi_0024.jpg,3,pituitary,3,0.00033329288,0.0023943502,0.00031965092,0.99695265
Testing/pituitary/Te-pi_0025.jpg,3,pituitary,3,0.00037070367,0.005955237,0.0001349347,0.99353915
Testing/pituitary/Te-pi_0026.jpg,3,pituitary,3,0.00020651204,0.000514354,0.0005243038,0.99875474
Testing/pituitary/Te-pi_0027.jpg,3,pituitary,3,0.0010882039,0.018531784,0.00042558386,0.9799544
Testing/pituitary/Te-pi_0028.jpg,3,pituitary,3,0.0071725897,0.036747217,0.003337575,0.9527427
Testing/pituitary/Te-pi_0029.jpg,3,pituitary,3,0.0009795863,0.05885371,0.0005333368,0.93963337
Testing/pituitary/Te-pi_0030.jpg,3,pituitary,3,0.0008735271,0.0061850995,0.00020458331,0.9927368
Testing/pituitary/Te-pi_0031.jpg,3,pituitary,3,0.009361366,0.08704645,0.0066389013,0.89695334
Testing/pituitary/Te-pi_0032.jpg,3,pituitary,3,0.0015209746,0.0040892013,0.002164992,0.9922248
Testing/pituitary/Te-pi_0033.jpg,3,pituitary,3,0.0015400599,0.0008919743,4.673023e-05,0.9975212
Testing/pituitary/Te-pi_0034.jpg,3,pituitary,3,6.952118e-06,0.00055025815,4.6559076e-06,0.9994381
Testing/pituitary/Te-pi_0035.jpg,3,pituitary,3,0.008470579,0.0031498289,0.00080030964,0.9875793
Testing/pituitary/Te-pi_0036.jpg,3,pituitary,3,0.0019897302,0.002935975,0.00063396856,0.99444026
Testing/pituitary/Te-pi_0037.jpg,3,pituitary,3,0.0008419031,0.013236017,0.0006557198,0.9852663
Testing/pituitary/Te-pi_0038.jpg,3,pituitary,3,0.0002617768,0.0009811473,4.186324e-05,0.99871516
Testing/pituitary/Te-pi_0039.jpg,3,pituitary,3,0.0015743071,0.001056301,0.000115662035,0.9972537
Testing/pituitary/Te-pi_0040.jpg,3,pituitary,3,4.741533e-06,1.3945181e-05,8.268501e-07,0.99998045
Testing/pituitary/Te-pi_0041.jpg,3,pituitary,3,0.0002131438,0.00061900885,8.099064e-05,0.99908686
Testing/pituitary/Te-pi_0042.jpg,3,pituitary,3,6.762829e-05,0.0057664714,0.00010680045,0.9940592
Testing/pituitary/Te-pi_0043.jpg,3,pituitary,1,0.11007695,0.7593978,0.04910887,0.08141632
Testing/pituitary/Te-pi_0044.jpg,3,pituitary,3,0.0022806907,0.0011268746,7.778365e-05,0.9965146
Testing/pituitary/Te-pi_0045.jpg,3,pituitary,3,4.3159962e-05,1.2973191e-05,2.8360682e-07,0.9999436
Testing/pituitary/Te-pi_0046.jpg,3,pituitary,3,2.8282033e-08,4.2397774e-06,5.5110746e-08,0.9999957
Testing/pituitary/Te-pi_0047.jpg,3,pituitary,3,9.767914e-10,5.2724864e-08,8.622127e-10,1.0
Testing/pituitary/Te-pi_0048.jpg,3,pituitary,3,3.5437148e-10,7.9115353e-10,9.335455e-12,1.0
Testing/pituitary/Te-pi_0049.jpg,3,pituitary,3,4.736464e-10,4.9548636e-09,1.1195354e-10,1.0
Testing/pituitary/Te-pi_0050.jpg,3,pituitary,3,7.8909645e-10,3.8173464e-08,1.6053597e-09,1.0
Testing/pituitary/Te-pi_0051.jpg,3,pituitary,3,0.14468245,0.029380877,0.0025350477,0.8234017
Testing/pituitary/Te-pi_0052.jpg,3,pituitary,3,0.0003144237,0.00079746643,0.00014365975,0.99874437
Testing/pituitary/Te-pi_0053.jpg,3,pituitary,3,7.869888e-05,0.0025494741,8.808487e-05,0.9972837
Testing/pituitary/Te-pi_0054.jpg,3,pituitary,3,0.0010652391,0.0033795873,0.0005989873,0.9949562
Testing/pituitary/Te-pi_0055.jpg,3,pituitary,3,4.998773e-10,8.583674e-08,1.6465702e-09,0.9999999
Testing/pituitary/Te-pi_0056.jpg,3,pituitary,3,0.00014440704,0.00039276935,4.9242724e-05,0.9994136
Testing/pituitary/Te-pi_0057.jpg,3,pituitary,3,0.00068089314,0.0006051913,0.00034001662,0.99837387
Testing/pituitary/Te-pi_0058.jpg,3,pituitary,3,0.0072112023,0.20374003,0.0057947664,0.78325397
Testing/pituitary/Te-pi_0059.jpg,3,pituitary,3,0.0014371474,1.1265832e-05,1.364795e-06,0.99855024
Testing/pituitary/Te-pi_0060.jpg,3,pituitary,3,0.0031993364,0.013348921,0.0013510125,0.98210067
Testing/pituitary/Te-pi_0061.jpg,3,pituitary,3,6.2621007e-06,0.0002898836,8.7532835e-06,0.9996952
Testing/pituitary/Te-pi_0062.jpg,3,pituitary,3,0.0040807114,0.01622319,0.0010960412,0.9786001
Testing/pituitary/Te-pi_0063.jpg,3,pituitary,3,2.5630383e-05,0.002904523,5.0962622e-05,0.99701893
Testing/pituitary/Te-pi_0064.jpg,3,pituitary,3,0.00028330603,0.0013909283,0.00026685963,0.99805886
Testing/pituitary/Te-pi_0065.jpg,3,pituitary,3,0.0001060666,0.00046712862,2.44623e-05,0.9994024
Testing/pituitary/Te-pi_0066.jpg,3,pituitary,3,0.0011975447,0.056328844,0.0020101094,0.9404636
Testing/pituitary/Te-pi_0067.jpg,3,pituitary,3,3.350641e-06,4.021945e-05,1.5123782e-06,0.9999548
Testing/pituitary/Te-pi_0068.jpg,3,pituitary,3,0.009513667,0.03704094,0.007938912,0.94550645
Testing/pituitary/Te-pi_0069.jpg,3,pituitary,3,5.2123382e-06,0.0008021066,2.192205e-05,0.9991708
Testing/pituitary/Te-pi_0070.jpg,3,pituitary,3,0.007817838,0.013744269,0.00010440608,0.9783335
Testing/pituitary/Te-pi_0071.jpg,3,pituitary,3,0.014382474,0.12612903,0.00631342,0.85317504
Testing/pituitary/Te-pi_0072.jpg,3,pituitary,3,2.173738e-06,2.7721506e-05,3.386819e-07,0.9999697
Testing/pituitary/Te-pi_0073.jpg,3,pituitary,3,7.27294e-06,0.00012535852,2.3871296e-06,0.99986494
Testing/pituitary/Te-pi_0074.jpg,3,pituitary,3,2.6441982e-12,2.655559e-09,2.6611591e-11,1.0
Testing/pituitary/Te-pi_0075.jpg,3,pituitary,3,0.0015942141,0.005877275,0.00018662281,0.9923419
Testing/pituitary/Te-pi_0076.jpg,3,pituitary,3,0.00014053502,0.00034629574,7.4890313e-06,0.99950564
Testing/pituitary/Te-pi_0077.jpg,3,pituitary,3,1.7977114e-06,0.0001270684,2.6121993e-06,0.9998685
Testing/pituitary/Te-pi_0078.jpg,3,pituitary,3,0.006598951,0.03160958,0.0016359786,0.96015555
Testing/pituitary/Te-pi_0079.jpg,3,pituitary,3,2.7832399e-05,0.0014191938,1.5325546e-05,0.99853766
Testing/pituitary/Te-pi_0080.jpg,3,pituitary,3,3.3788703e-07,1.1117755e-06,3.477061e-08,0.99999857
Testing/pituitary/Te-pi_0081.jpg,3,pituitary,3,3.916525e-05,0.00013277946,3.819184e-06,0.9998242
Testing/pituitary/Te-pi_0082.jpg,3,pituitary,3,2.8953218e-09,2.9420287e-08,3.8470125e-09,1.0
Testing/pituitary/Te-pi_0083.jpg,3,pituitary,3,2.3034577e-08,4.413365e-09,2.2991025e-09,1.0
Testing/pituitary/Te-pi_0084.jpg,3,pituitary,3,0.0016983136,0.011953786,0.0014162174,0.9849317
Testing/pituitary/Te-pi_0085.jpg,3,pituitary,3,0.00070893095,0.0012967589,9.838407e-05,0.99789596
Testing/pituitary/Te-pi_0086.jpg,3,pituitary,3,1.8307602e-06,2.1507733e-05,6.263367e-07,0.99997604
Testing/pituitary/Te-pi_0087.jpg,3,pituitary,3,2.6949796e-09,7.5573706e-07,7.1980257e-09,0.9999993
Testing/pituitary/Te-pi_0088.jpg,3,pituitary,3,0.00022825813,0.0034023505,0.00015293865,0.9962165
Testing/pituitary/Te-pi_0089.jpg,3,pituitary,3,3.1066547e-09,1.3763689e-06,2.2161826e-08,0.99999857
Testing/pituitary/Te-pi_0090.jpg,3,pituitary,3,4.3254728e-10,5.691025e-07,1.6786673e-09,0.9999994
Testing/pituitary/Te-pi_0091.jpg,3,pituitary,3,6.183673e-12,1.0972625e-09,3.3946367e-11,1.0
Testing/pituitary/Te-pi_0092.jpg,3,pituitary,3,7.187831e-07,5.8567903e-08,6.1452674e-08,0.99999905
Testing/pituitary/Te-pi_0093.jpg,3,pituitary,3,1.6336368e-11,8.038994e-09,1.3232654e-10,1.0
Testing/pituitary/Te-pi_0094.jpg,3,pituitary,3,0.00012779296,0.000100713325,6.7849455e-06,0.99976474
Testing/pituitary/Te-pi_0095.jpg,3,pituitary,3,1.2083565e-10,9.492833e-09,7.003085e-10,1.0
Testing/pituitary/Te-pi_0096.jpg,3,pituitary,3,1.7859669e-15,2.593439e-13,4.6014506e-14,1.0
Testing/pituitary/Te-pi_0097.jpg,3,pituitary,3,2.0767872e-09,6.1705776e-07,5.6375673e-09,0.9999994
Testing/pituitary/Te-pi_0098.jpg,3,pituitary,3,1.5295382e-09,1.9419147e-07,4.1087205e-09,0.99999976
Testing/pituitary/Te-pi_0099.jpg,3,pituitary,3,1.1891542e-06,4.496441e-06,9.779814e-07,0.9999933
Testing/pituitary/Te-pi_0100.jpg,3,pituitary,3,5.800348e-14,7.368158e-11,1.4084292e-13,1.0
Testing/pituitary/Te-pi_0101.jpg,3,pituitary,3,5.6617457e-11,5.2157803e-09,9.940996e-11,1.0
Testing/pituitary/Te-pi_0102.jpg,3,pituitary,3,1.3557163e-13,1.2340948e-09,4.75928e-12,1.0
Testing/pituitary/Te-pi_0103.jpg,3,pituitary,3,0.0076486175,0.005894405,0.0033546316,0.9831024
Testing/pituitary/Te-pi_0104.jpg,3,pituitary,3,0.00088903325,0.0034519807,0.00033499533,0.9953241
Testing/pituitary/Te-pi_0105.jpg,3,pituitary,3,1.9272116e-12,9.958917e-10,8.286119e-12,1.0
Testing/pituitary/Te-pi_0106.jpg,3,pituitary,3,0.000834615,0.002071792,9.54978e-05,0.9969981
Testing/pituitary/Te-pi_0107.jpg,3,pituitary,3,5.3689244e-05,0.003250127,4.341863e-05,0.9966529
Testing/pituitary/Te-pi_0108.jpg,3,pituitary,3,1.0308453e-05,1.2343503e-06,5.082434e-07,0.99998796
Testing/pituitary/Te-pi_0109.jpg,3,pituitary,3,1.5801301e-06,1.7130506e-06,1.8513319e-07,0.9999964
Testing/pituitary/Te-pi_0110.jpg,3,pituitary,3,8.482006e-08,3.521793e-06,9.196459e-08,0.9999963
Testing/pituitary/Te-pi_0111.jpg,3,pituitary,3,5.8583137e-08,1.5547039e-07,4.38008e-09,0.99999976
Testing/pituitary/Te-pi_0112.jpg,3,pituitary,3,0.000303218,0.002000469,0.000103814345,0.9975925
Testing/pituitary/Te-pi_0113.jpg,3,pituitary,3,1.0555226e-09,4.1263948e-07,5.7464358e-09,0.99999964
Testing/pituitary/Te-pi_0114.jpg,3,pituitary,3,7.652525e-07,4.6596433e-09,6.3326624e-09,0.9999993
Testing/pituitary/Te-pi_0115.jpg,3,pituitary,3,5.596782e-13,3.7571782e-10,1.5679389e-12,1.0
Testing/pituitary/Te-pi_0116.jpg,3,pituitary,3,1.817248e-06,1.638483e-05,8.1744423e-07,0.9999809
Testing/pituitary/Te-pi_0117.jpg,3,pituitary,3,1.7926506e-07,1.1135254e-06,2.4094643e-08,0.9999987
Testing/pituitary/Te-pi_0118.jpg,3,pituitary,3,6.307262e-11,3.614694e-08,2.3315017e-10,1.0
Testing/pituitary/Te-pi_0119.jpg,3,pituitary,3,6.516998e-05,0.00011156337,1.5867825e-05,0.9998074
Testing/pituitary/Te-pi_0120.jpg,3,pituitary,3,0.0010180116,0.0064992663,0.00077171973,0.9917109
Testing/pituitary/Te-pi_0121.jpg,3,pituitary,3,0.005148824,0.005360393,0.002196582,0.98729426
Testing/pituitary/Te-pi_0122.jpg,3,pituitary,3,5.2616255e-05,0.005216534,2.5728777e-05,0.99470514
Testing/pituitary/Te-pi_0123.jpg,3,pituitary,3,0.019103227,2.1677262e-05,1.7079414e-05,0.980858
Testing/pituitary/Te-pi_0124.jpg,3,pituitary,3,2.6453972e-05,0.00017222262,1.7187092e-05,0.9997842
Testing/pituitary/Te-pi_0125.jpg,3,pituitary,3,7.982461e-05,1.8856816e-06,6.0479533e-07,0.99991775
Testing/pituitary/Te-pi_0126.jpg,3,pituitary,3,0.0006351283,0.0028598825,0.00020994354,0.99629503
Testing/pituitary/Te-pi_0127.jpg,3,pituitary,3,0.0001073906,0.0037609115,0.00014124834,0.99599046
Testing/pituitary/Te-pi_0128.jpg,3,pituitary,3,0.00029120827,0.00081709085,3.7224003e-05,0.9988544
Testing/pituitary/Te-pi_0129.jpg,3,pituitary,3,0.001250328,0.0370638,0.0008013623,0.96088445
Testing/pituitary/Te-pi_0130.jpg,3,pituitary,3,0.0007966169,0.01684665,0.00097390625,0.9813828
Testing/pituitary/Te-pi_0131.jpg,3,pituitary,3,0.000107018415,0.0012186086,4.1132105e-05,0.9986332
Testing/pituitary/Te-pi_0132.jpg,3,pituitary,3,7.3336073e-06,0.0005564902,5.5413543e-06,0.9994306
Testing/pituitary/Te-pi_0133.jpg,3,pituitary,3,0.02277493,0.09305671,0.033588186,0.85058016
Testing/pituitary/Te-pi_0134.jpg,3,pituitary,3,1.8118051e-05,2.5985975e-05,3.2978753e-06,0.99995255
Testing/pituitary/Te-pi_0135.jpg,3,pituitary,3,5.792494e-06,7.1208035e-07,1.0957944e-07,0.9999933
Testing/pituitary/Te-pi_0136.jpg,3,pituitary,3,0.00032905696,0.0037036352,0.00012263404,0.99584466
Testing/pituitary/Te-pi_0137.jpg,3,pituitary,3,4.2628824e-11,2.0851436e-09,1.217861e-11,1.0
Testing/pituitary/Te-pi_0138.jpg,3,pituitary,3,0.00017648003,0.00011358613,1.4575188e-05,0.9996954
Testing/pituitary/Te-pi_0139.jpg,3,pituitary,3,0.00036202502,0.0019795618,5.5521676e-05,0.9976029
Testing/pituitary/Te-pi_0140.jpg,3,pituitary,3,0.0030632494,0.0055153402,0.000632773,0.99078876
Testing/pituitary/Te-pi_0141.jpg,3,pituitary,3,0.002254368,0.002511568,0.00023759753,0.9949964
Testing/pituitary/Te-pi_0142.jpg,3,pituitary,3,2.0131898e-07,1.9737097e-06,2.152799e-08,0.99999785
Testing/pituitary/Te-pi_0143.jpg,3,pituitary,3,2.9103722e-10,8.207016e-07,2.2858166e-09,0.99999917
Testing/pituitary/Te-pi_0144.jpg,3,pituitary,3,9.339229e-05,0.005365069,8.1167105e-05,0.99446034
Testing/pituitary/Te-pi_0145.jpg,3,pituitary,3,6.3257517e-06,2.12947e-06,3.1199662e-07,0.9999912
Testing/pituitary/Te-pi_0146.jpg,3,pituitary,3,2.6989826e-05,3.1244643e-05,1.3966813e-06,0.9999403
Testing/pituitary/Te-pi_0147.jpg,3,pituitary,3,0.0007231049,0.00975705,0.0004948821,0.98902506
Testing/pituitary/Te-pi_0148.jpg,3,pituitary,3,0.00056318246,0.0024617221,0.00029325468,0.99668187
Testing/pituitary/Te-pi_0149.jpg,3,pituitary,3,0.00075083994,0.0024339037,0.0006158446,0.9961994
Testing/pituitary/Te-pi_0150.jpg,3,pituitary,3,0.00020057571,0.00083604624,6.18558e-05,0.9989016
Testing/pituitary/Te-pi_0151.jpg,3,pituitary,3,2.9774033e-05,0.00024877815,1.2162968e-05,0.9997093
Testing/pituitary/Te-pi_0152.jpg,3,pituitary,3,0.008945883,0.049866706,0.0060029496,0.93518454
Testing/pituitary/Te-pi_0153.jpg,3,pituitary,3,2.2232127e-06,2.5152656e-05,7.073064e-07,0.99997187
Testing/pituitary/Te-pi_0154.jpg,3,pituitary,3,2.5911637e-05,7.207575e-05,1.7188806e-05,0.99988484
Testing/pituitary/Te-pi_0155.jpg,3,pituitary,3,1.1313581e-05,1.7549659e-05,1.0880294e-06,0.9999701
Testing/pituitary/Te-pi_0156.jpg,3,pituitary,3,0.002707815,0.004385732,0.00018754564,0.99271894
Testing/pituitary/Te-pi_0157.jpg,3,pituitary,3,0.00019833853,0.0020980744,9.025129e-05,0.9976133
Testing/pituitary/Te-pi_0158.jpg,3,pituitary,3,0.005420359,0.0015805406,0.00011999295,0.9928791
Testing/pituitary/Te-pi_0159.jpg,3,pituitary,3,0.0012234519,0.079205476,0.0031756815,0.91639537
Testing/pituitary/Te-pi_0160.jpg,3,pituitary,3,1.0367211e-05,0.00010644917,1.3412509e-05,0.9998697
Testing/pituitary/Te-pi_0161.jpg,3,pituitary,3,0.00012215583,0.00018153529,8.179507e-06,0.99968815
Testing/pituitary/Te-pi_0162.jpg,3,pituitary,3,0.00016148023,0.00053489575,8.6388485e-05,0.9992173
Testing/pituitary/Te-pi_0163.jpg,3,pituitary,3,0.0008394087,0.0034538938,0.00030773343,0.99539906
Testing/pituitary/Te-pi_0164.jpg,3,pituitary,3,0.0034053389,0.04384129,0.0016647229,0.9510886
Testing/pituitary/Te-pi_0165.jpg,3,pituitary,3,4.5087763e-05,2.8080956e-05,2.8264637e-06,0.99992394
Testing/pituitary/Te-pi_0166.jpg,3,pituitary,3,0.0004077863,0.0011536486,0.00051982165,0.99791867
Testing/pituitary/Te-pi_0167.jpg,3,pituitary,3,0.0030266938,0.001925632,0.0010587003,0.993989
Testing/pituitary/Te-pi_0168.jpg,3,pituitary,3,0.00014579335,0.006455418,0.00025292032,0.99314594
Testing/pituitary/Te-pi_0169.jpg,3,pituitary,3,6.248718e-07,1.5257103e-06,9.918999e-08,0.99999774
Testing/pituitary/Te-pi_0170.jpg,3,pituitary,3,0.0002604682,0.0023545648,0.00024197469,0.997143
Testing/pituitary/Te-pi_0171.jpg,3,pituitary,1,5.063781e-06,0.9999088,1.1179974e-06,8.504773e-05
Testing/pituitary/Te-pi_0172.jpg,3,pituitary,3,0.0043435977,0.0383591,0.004237214,0.9530601
Testing/pituitary/Te-pi_0173.jpg,3,pituitary,3,0.00039819008,0.0041438066,0.00012938828,0.99532866
Testing/pituitary/Te-pi_0174.jpg,3,pituitary,3,0.01231105,0.113431975,0.0075243656,0.8667326
Testing/pituitary/Te-pi_0175.jpg,3,pituitary,3,0.0035859265,0.0037604726,0.0011685028,0.9914852
Testing/pituitary/Te-pi_0176.jpg,3,pituitary,3,1.1204634e-06,1.2046875e-05,5.14928e-07,0.9999864
Testing/pituitary/Te-pi_0177.jpg,3,pituitary,3,6.7700996e-05,3.399444e-05,5.147395e-07,0.99989784
Testing/pituitary/Te-pi_0178.jpg,3,pituitary,3,1.7670202e-07,1.367127e-05,9.0585736e-08,0.99998605
Testing/pituitary/Te-pi_0179.jpg,3,pituitary,3,0.00430325,0.021447862,0.0035160661,0.9707328
Testing/pituitary/Te-pi_0180.jpg,3,pituitary,3,0.0002741677,2.1200336e-05,3.968501e-06,0.9997008
Testing/pituitary/Te-pi_0181.jpg,3,pituitary,3,0.00021844519,0.00042511433,6.517604e-05,0.9992913
Testing/pituitary/Te-pi_0182.jpg,3,pituitary,3,0.00030235646,0.0012580628,0.0001673562,0.9982723
Testing/pituitary/Te-pi_0183.jpg,3,pituitary,3,7.45007e-05,0.0017577822,3.8588616e-05,0.9981292
Testing/pituitary/Te-pi_0184.jpg,3,pituitary,3,0.0005224758,0.0004953051,7.060224e-05,0.9989116
Testing/pituitary/Te-pi_0185.jpg,3,pituitary,3,1.1426889e-06,2.9292636e-05,3.2138928e-06,0.9999664
Testing/pituitary/Te-pi_0186.jpg,3,pituitary,3,3.5363921e-06,2.1262349e-05,1.0731173e-06,0.99997413
Testing/pituitary/Te-pi_0187.jpg,3,pituitary,3,0.015612403,0.013971951,0.0023507,0.96806496
Testing/pituitary/Te-pi_0188.jpg,3,pituitary,3,0.024766957,0.16878107,0.025728695,0.7807233
Testing/pituitary/Te-pi_0189.jpg,3,pituitary,3,0.0024305505,0.062360756,0.0007082948,0.9345004
Testing/pituitary/Te-pi_0190.jpg,3,pituitary,3,0.00043698717,0.006161714,0.00011686184,0.99328446
Testing/pituitary/Te-pi_0191.jpg,3,pituitary,3,0.00040858457,2.929655e-05,3.5541188e-06,0.9995585
Testing/pituitary/Te-pi_0192.jpg,3,pituitary,3,1.6640693e-06,1.114942e-05,3.796412e-07,0.9999869
Testing/pituitary/Te-pi_0193.jpg,3,pituitary,3,0.004108575,0.10672878,0.0050311433,0.8841315
Testing/pituitary/Te-pi_0194.jpg,3,pituitary,3,6.7135026e-08,2.0345083e-06,8.297615e-08,0.99999774
Testing/pituitary/Te-pi_0195.jpg,3,pituitary,3,7.776499e-05,0.00035158897,1.2654982e-05,0.99955803
Testing/pituitary/Te-pi_0196.jpg,3,pituitary,3,2.5721927e-05,0.0004411083,3.261692e-06,0.99952996
Testing/pituitary/Te-pi_0197.jpg,3,pituitary,3,0.0007859666,0.0022049495,0.014347505,0.98266166
Testing/pituitary/Te-pi_0198.jpg,3,pituitary,3,2.407188e-09,6.934833e-09,1.1244265e-08,1.0
Testing/pituitary/Te-pi_0199.jpg,3,pituitary,3,6.677786e-06,0.000121655605,2.1508997e-06,0.99986947
Testing/pituitary/Te-pi_0200.jpg,3,pituitary,3,0.006027617,0.0050215656,0.0027751524,0.9861756
Testing/pituitary/Te-pi_0201.jpg,3,pituitary,3,1.0160521e-06,1.4313089e-06,1.5852349e-08,0.9999975
Testing/pituitary/Te-pi_0202.jpg,3,pituitary,3,5.042276e-07,6.695873e-06,7.17913e-08,0.9999927
Testing/pituitary/Te-pi_0203.jpg,3,pituitary,3,7.231036e-07,1.1561816e-05,1.2352395e-07,0.9999876
Testing/pituitary/Te-pi_0204.jpg,3,pituitary,3,1.2361398e-06,5.0797164e-05,7.7961545e-07,0.9999471
Testing/pituitary/Te-pi_0205.jpg,3,pituitary,3,1.0375635e-06,1.8997884e-05,4.2516712e-07,0.9999795
Testing/pituitary/Te-pi_0206.jpg,3,pituitary,3,0.12686709,0.12321242,0.09109128,0.6588292
Testing/pituitary/Te-pi_0207.jpg,3,pituitary,3,1.6631084e-06,0.00024707092,3.4041293e-06,0.9997478
Testing/pituitary/Te-pi_0208.jpg,3,pituitary,3,0.0047793523,0.02947672,0.0013033389,0.9644406
Testing/pituitary/Te-pi_0209.jpg,3,pituitary,3,3.846091e-05,0.00034641864,1.11554855e-05,0.9996039
Testing/pituitary/Te-pi_0210.jpg,3,pituitary,3,2.3497848e-06,0.00010326426,1.5968886e-06,0.99989283
Testing/pituitary/Te-pi_0211.jpg,3,pituitary,3,0.00010750759,0.0011145261,4.5708155e-05,0.99873227
Testing/pituitary/Te-pi_0212.jpg,3,pituitary,3,1.4490405e-07,6.842179e-06,4.137249e-07,0.9999926
Testing/pituitary/Te-pi_0213.jpg,3,pituitary,3,6.8774185e-05,0.00034459398,2.1052036e-05,0.99956554
Testing/pituitary/Te-pi_0214.jpg,3,pituitary,3,8.075022e-07,3.1493926e-06,2.0157061e-07,0.9999958
Testing/pituitary/Te-pi_0215.jpg,3,pituitary,3,2.079844e-06,0.00014135221,1.5571579e-06,0.99985504
Testing/pituitary/Te-pi_0216.jpg,3,pituitary,3,2.3739682e-05,0.00012015383,1.0156729e-05,0.999846
Testing/pituitary/Te-pi_0217.jpg,3,pituitary,3,0.022631835,0.47810376,0.008142188,0.49112228
Testing/pituitary/Te-pi_0218.jpg,3,pituitary,3,1.5776827e-08,1.3350862e-07,8.194798e-09,0.9999999
Testing/pituitary/Te-pi_0219.jpg,3,pituitary,3,6.905682e-11,4.8630174e-08,2.3140503e-10,1.0
Testing/pituitary/Te-pi_0220.jpg,3,pituitary,3,4.267968e-06,9.297155e-05,4.3141526e-06,0.99989843
Testing/pituitary/Te-pi_0221.jpg,3,pituitary,3,1.2171515e-08,5.324262e-07,1.0733051e-08,0.9999994
Testing/pituitary/Te-pi_0222.jpg,3,pituitary,3,0.00015487704,0.0015433305,0.00026870187,0.9980331
Testing/pituitary/Te-pi_0223.jpg,3,pituitary,3,3.123721e-06,3.182463e-05,1.8980053e-06,0.99996316
Testing/pituitary/Te-pi_0224.jpg,3,pituitary,3,0.010019645,0.0018974275,3.624166e-05,0.98804665
Testing/pituitary/Te-pi_0225.jpg,3,pituitary,3,2.0479009e-05,6.918384e-05,1.093054e-06,0.9999093
Testing/pituitary/Te-pi_0226.jpg,3,pituitary,3,0.003415066,0.046808254,0.00078975555,0.94898695
Testing/pituitary/Te-pi_0227.jpg,3,pituitary,3,6.939664e-06,0.00013009954,3.4217808e-06,0.99985945
Testing/pituitary/Te-pi_0228.jpg,3,pituitary,3,0.00041748158,0.007906804,0.0002456533,0.99143
Testing/pituitary/Te-pi_0229.jpg,3,pituitary,3,8.170405e-09,4.1383508e-08,1.7480443e-09,1.0
Testing/pituitary/Te-pi_0230.jpg,3,pituitary,3,8.0601185e-06,0.00013451697,1.9445524e-05,0.999838
Testing/pituitary/Te-pi_0231.jpg,3,pituitary,3,0.00024150923,0.00060762506,1.7478942e-05,0.9991334
Testing/pituitary/Te-pi_0232.jpg,3,pituitary,3,7.7984204e-08,2.8741451e-06,8.628887e-08,0.9999969
Testing/pituitary/Te-pi_0233.jpg,3,pituitary,3,6.856711e-07,0.00015133823,8.697409e-06,0.9998393
Testing/pituitary/Te-pi_0234.jpg,3,pituitary,3,1.6473251e-08,3.3343976e-08,2.6161105e-08,1.0
Testing/pituitary/Te-pi_0235.jpg,3,pituitary,3,3.913876e-07,5.694439e-05,2.509616e-06,0.99994016
Testing/pituitary/Te-pi_0236.jpg,3,pituitary,3,7.8127096e-07,5.7998368e-05,5.9122885e-07,0.99994063
Testing/pituitary/Te-pi_0237.jpg,3,pituitary,3,4.6979553e-06,0.00043823765,1.1242734e-05,0.9995459
Testing/pituitary/Te-pi_0238.jpg,3,pituitary,3,8.690763e-09,4.252527e-07,1.4517131e-09,0.9999995
Testing/pituitary/Te-pi_0239.jpg,3,pituitary,3,5.5400997e-05,0.0028494922,4.8250877e-05,0.9970469
Testing/pituitary/Te-pi_0240.jpg,3,pituitary,3,5.5959184e-09,4.0254285e-08,2.6532945e-10,1.0
Testing/pituitary/Te-pi_0241.jpg,3,pituitary,3,0.00014465688,0.011892049,0.00016360567,0.98779976
Testing/pituitary/Te-pi_0242.jpg,3,pituitary,3,1.0025521e-05,0.00023601919,6.9767793e-07,0.9997533
Testing/pituitary/Te-pi_0243.jpg,3,pituitary,3,7.198546e-10,3.7974993e-07,5.3136752e-08,0.99999964
Testing/pituitary/Te-pi_0244.jpg,3,pituitary,3,2.1586186e-11,1.5615962e-09,2.930757e-10,1.0
Testing/pituitary/Te-pi_0245.jpg,3,pituitary,3,1.6928396e-11,9.5895745e-09,9.949532e-11,1.0
Testing/pituitary/Te-pi_0246.jpg,3,pituitary,3,9.259782e-09,2.3443643e-08,7.000267e-10,1.0
Testing/pituitary/Te-pi_0247.jpg,3,pituitary,3,2.575424e-08,3.1313192e-08,4.599955e-08,1.0
Testing/pituitary/Te-pi_0248.jpg,3,pituitary,3,0.0015747866,5.969178e-06,2.7953172e-05,0.9983912
Testing/pituitary/Te-pi_0249.jpg,3,pituitary,3,5.551506e-06,6.241288e-05,7.4662825e-07,0.99993134
Testing/pituitary/Te-pi_0250.jpg,3,pituitary,3,3.967575e-05,7.02173e-06,1.9322028e-06,0.99995136
Testing/pituitary/Te-pi_0251.jpg,3,pituitary,3,0.00017717207,0.0020939668,0.0002343192,0.99749446
Testing/pituitary/Te-pi_0252.jpg,3,pituitary,3,1.8071069e-05,0.00034125027,0.00014935115,0.99949133
Testing/pituitary/Te-pi_0253.jpg,3,pituitary,3,1.08076817e-13,8.655143e-11,5.359958e-13,1.0
Testing/pituitary/Te-pi_0254.jpg,3,pituitary,3,1.590349e-08,8.385724e-07,1.8418409e-07,0.9999989
Testing/pituitary/Te-pi_0255.jpg,3,pituitary,3,2.2158413e-06,1.5292989e-06,8.9003805e-08,0.9999962
Testing/pituitary/Te-pi_0256.jpg,3,pituitary,3,7.577589e-08,6.9695307e-07,1.3028425e-08,0.9999993
Testing/pituitary/Te-pi_0257.jpg,3,pituitary,3,1.4093247e-12,2.5486389e-09,1.6345818e-10,1.0
Testing/pituitary/Te-pi_0258.jpg,3,pituitary,3,1.1275866e-14,5.5005677e-11,6.808241e-13,1.0
Testing/pituitary/Te-pi_0259.jpg,3,pituitary,3,0.0012091596,0.021644818,0.0007296173,0.9764164
Testing/pituitary/Te-pi_0260.jpg,3,pituitary,3,1.9016565e-07,1.328424e-05,7.4205826e-07,0.9999858
Testing/pituitary/Te-pi_0261.jpg,3,pituitary,3,5.1124716e-12,3.0565706e-09,2.75161e-11,1.0
Testing/pituitary/Te-pi_0262.jpg,3,pituitary,3,7.602813e-12,2.801071e-09,5.224487e-11,1.0
Testing/pituitary/Te-pi_0263.jpg,3,pituitary,3,8.906221e-12,7.652329e-10,2.7928578e-11,1.0
Testing/pituitary/Te-pi_0264.jpg,3,pituitary,3,5.2006958e-11,9.7335136e-09,2.5647655e-09,1.0
Testing/pituitary/Te-pi_0265.jpg,3,pituitary,3,9.148874e-05,0.000113710805,6.554442e-06,0.9997882
Testing/pituitary/Te-pi_0266.jpg,3,pituitary,3,2.2760873e-12,4.2963844e-10,1.479929e-12,1.0
Testing/pituitary/Te-pi_0267.jpg,3,pituitary,3,0.0015010847,0.00016176557,0.00011321405,0.99822396
Testing/pituitary/Te-pi_0268.jpg,3,pituitary,3,3.971547e-12,1.6041721e-09,4.4559228e-11,1.0
Testing/pituitary/Te-pi_0269.jpg,3,pituitary,3,0.0007439803,0.00011549798,6.0505445e-05,0.99908006
Testing/pituitary/Te-pi_0270.jpg,3,pituitary,3,3.5060214e-12,4.377475e-09,4.923988e-10,1.0
Testing/pituitary/Te-pi_0271.jpg,3,pituitary,3,1.107693e-08,6.52753e-10,3.028372e-10,1.0
Testing/pituitary/Te-pi_0272.jpg,3,pituitary,3,2.0263121e-06,7.061194e-08,3.3392528e-08,0.99999785
Testing/pituitary/Te-pi_0273.jpg,3,pituitary,3,4.0032396e-06,1.5082758e-05,9.683073e-07,0.99998
Testing/pituitary/Te-pi_0274.jpg,3,pituitary,3,1.0043089e-08,1.1582588e-06,1.689028e-08,0.9999988
Testing/pituitary/Te-pi_0275.jpg,3,pituitary,3,3.9403936e-08,3.3737647e-06,6.4793724e-08,0.9999964
Testing/pituitary/Te-pi_0276.jpg,3,pituitary,3,9.874558e-10,1.3794923e-09,7.138784e-10,1.0
Testing/pituitary/Te-pi_0277.jpg,3,pituitary,3,3.642129e-11,1.3708145e-11,8.138829e-13,1.0
Testing/pituitary/Te-pi_0278.jpg,3,pituitary,3,2.3056168e-11,2.4847042e-09,1.8415248e-11,1.0
Testing/pituitary/Te-pi_0279.jpg,3,pituitary,3,3.0236342e-09,3.1004814e-07,3.9787547e-09,0.99999964
Testing/pituitary/Te-pi_0280.jpg,3,pituitary,3,3.3091503e-08,1.6621201e-06,2.2751333e-08,0.99999833
Testing/pituitary/Te-pi_0281.jpg,3,pituitary,3,9.606545e-09,5.568961e-08,5.768356e-09,0.9999999
Testing/pituitary/Te-pi_0282.jpg,3,pituitary,3,2.7135336e-06,0.00020790072,2.2120777e-05,0.99976724
Testing/pituitary/Te-pi_0283.jpg,3,pituitary,3,2.2417446e-08,8.581857e-08,1.9734023e-09,0.9999999
Testing/pituitary/Te-pi_0284.jpg,3,pituitary,3,6.61834e-05,0.00012120745,2.59542e-05,0.9997867
Testing/pituitary/Te-pi_0285.jpg,3,pituitary,3,5.970305e-08,1.544479e-07,1.94833e-08,0.99999976
Testing/pituitary/Te-pi_0286.jpg,3,pituitary,3,2.0616717e-10,2.1967372e-09,6.488838e-10,1.0
Testing/pituitary/Te-pi_0287.jpg,3,pituitary,3,2.382209e-08,2.1085366e-06,2.0257495e-08,0.99999785
Testing/pituitary/Te-pi_0288.jpg,3,pituitary,3,3.5195318e-09,4.4012947e-07,2.2982655e-07,0.9999993
Testing/pituitary/Te-pi_0289.jpg,3,pituitary,3,1.0737915e-06,8.2401975e-06,4.57011e-06,0.9999862
Testing/pituitary/Te-pi_0290.jpg,3,pituitary,3,1.05658655e-08,5.138859e-07,1.1762662e-08,0.9999995
Testing/pituitary/Te-pi_0291.jpg,3,pituitary,3,8.8083185e-09,3.7343767e-08,4.1278403e-09,1.0
Testing/pituitary/Te-pi_0292.jpg,3,pituitary,3,6.721755e-16,4.8650804e-14,1.2291111e-15,1.0
Testing/pituitary/Te-pi_0293.jpg,3,pituitary,3,1.1596525e-07,8.023063e-06,2.6416245e-07,0.99999166
Testing/pituitary/Te-pi_0294.jpg,3,pituitary,3,4.2029863e-14,9.347999e-12,7.561228e-14,1.0
Testing/pituitary/Te-pi_0295.jpg,3,pituitary,3,4.908373e-11,1.8201625e-09,5.043005e-11,1.0
Testing/pituitary/Te-pi_0296.jpg,3,pituitary,3,1.34765836e-11,7.019868e-10,6.2290735e-11,1.0
Testing/pituitary/Te-pi_0297.jpg,3,pituitary,3,1.6085465e-10,1.5147299e-08,1.0030552e-10,1.0
Testing/pituitary/Te-pi_0298.jpg,3,pituitary,3,3.6228708e-13,6.401506e-11,2.0317427e-13,1.0
Testing/pituitary/Te-pi_0299.jpg,3,pituitary,3,9.2492684e-08,3.5349633e-06,6.14341e-08,0.9999963
