path,class_name,label,original_partition,pixel_hash,phash
Training/glioma/Tr-glTr_0000.jpg,glioma,0,train,f9074ec8727dd0d4b7c8174e45e0e95046508022eadc1be834058d4bfca146c8,976878b564c66396
Training/glioma/Tr-glTr_0002.jpg,glioma,0,train,cd34ab5fd8b985878102e7c7854129ef2554f15292e6747d2bb2b40ff09547d8,c22c3b6925e63ed2
Training/glioma/Tr-glTr_0003.jpg,glioma,0,train,67b25b9b324354eaf2a2c995f42017ac9b52983c319c29c403b7625b9cd23ae8,92613e3f78e23435
Training/glioma/Tr-glTr_0004.jpg,glioma,0,train,cb4a066d0a849e7858f79b0fd950390f915323f0d35862501c6a8cf7b49c1b81,c2c92edb691e7438
Training/glioma/Tr-glTr_0005.jpg,glioma,0,train,efc29d46b17c60b29f5f928c2bd1212c1fcd28952b2200edd9bd3f94dbd52197,d2c83b9d2c797134
Training/glioma/Tr-glTr_0006.jpg,glioma,0,train,89944149f9980796bc0204a8b8ecff4224342e13d3964ed9ef2f06d0a0675829,946b3f683b1c7129
Training/glioma/Tr-glTr_0007.jpg,glioma,0,train,3cd4188d1025db8eae17944dd2f7f6eb6d9a5ef3da2baf79623ae516b6409db4,96692f1f3cc1383c
Training/glioma/Tr-glTr_0008.jpg,glioma,0,train,df7daba3bebb015264aa9c31df5df1d3ee93b43fa1035d7c07ad5eb399bc09eb,94483fad69c6683d
Training/glioma/Tr-glTr_0009.jpg,glioma,0,train,f3fe86dad64939bfec6bd24f309ac6c185e6005c6f5e17a96a1e25a833e6c893,87683b277dd47031
Training/glioma/Tr-gl_0010.jpg,glioma,0,train,69bda11f29f9885b6d594aa0b3ed4a2c10443cb6cd9df0e20a6f5755ad0712fa,c2693f1e6d697025
Training/glioma/Tr-gl_0011.jpg,glioma,0,train,a0bb0f3529087f27239e354d40572efeb105efadc5ff2f333cafaa2dc8422afb,c4383f353d627625
Training/glioma/Tr-gl_0012.jpg,glioma,0,train,cf565e4872be015a229d330897d74b0525580a783437e5237c64865452e4631a,c47a2f3c69e07835
Training/glioma/Tr-gl_0015.jpg,glioma,0,train,73f829c2f7453caddfd7b43a894cd733157730cc78e1b6811cbe07f4ff4b9c3d,c53c6a6a6c926d2d
Training/glioma/Tr-gl_0016.jpg,glioma,0,train,0f93b59d80be37a1657d25fa2a644f247f5512b38333ddf5a3bf0a606a7d49a8,86693e3d60b63966
Training/glioma/Tr-gl_0017.jpg,glioma,0,train,2a22bd7936e0ac7252a61e86379b55b6ead49972cf345f82429d7733071ab88d,c6492f6c3db17464
Training/glioma/Tr-gl_0018.jpg,glioma,0,train,c767d63e598c1112c5c4bd10bac14b33646849075b49d648cc122d24d0e04f8c,d11e7ac82df16531
Training/glioma/Tr-gl_0019.jpg,glioma,0,train,25eb98b663c817ea6ea25e35b4d21e0ab8d8227ebe2b2a092395a0be4a78fc2f,851e3e797ad06929
Training/glioma/Tr-gl_0022.jpg,glioma,0,train,d2653eb6199fb465010d1c27d178dc91e4a3a60e284182641902bb36b0ef45e1,95693e5728786b61
Training/glioma/Tr-gl_0023.jpg,glioma,0,train,c24d1496f080888d2bad4120d932972e70ef1a287ced15718bd9277ffb66da2a,96c93c5a69781d3c
Training/glioma/Tr-gl_0024.jpg,glioma,0,train,18b737d240ab90d563aff8b0542c55efdb6314c796b5cc37dade69396d458a10,96383e6961e92667
Training/glioma/Tr-gl_0025.jpg,glioma,0,train,c5091f5c247ffd2491ceeeeb3ac30cbb4c160cd295dbaed53720d12c54a0edea,912f3e6a687a616c
Training/glioma/Tr-gl_0026.jpg,glioma,0,train,9e03226b68cf62753b6f03274f76e38dcb5fd9e507ff4033d1b29f126684335b,954f2e4a3dca603d
Training/glioma/Tr-gl_0027.jpg,glioma,0,train,f58cea25f62f42921719b88e26f51ac1e0e23cd6953e4f4c156d84b447b249d0,c11e7e293d61b139
Training/glioma/Tr-gl_0028.jpg,glioma,0,train,b51272145099020c9c3a2f37e28c336f7ed9dfc3b3ecc99233f54fbb97c414cb,851f6a5f680f7861
Training/glioma/Tr-gl_0029.jpg,glioma,0,train,1232a586ed86a56b42b110dcba0c03ec88f9f01eb297893a8a189631dedeaf88,c33c3d7861676692
Training/glioma/Tr-gl_0030.jpg,glioma,0,train,c67f633ab415487c2525f5ad57290d1efb0ab6f2c84844e229813e37f9b0959d,c01e3ff164e43333
Training/glioma/Tr-gl_0031.jpg,glioma,0,train,98369f66f7469a92bd51e3512d0b701f9aec72a48bd800068d7dd0ea3628cbfb,d23c2b7839636437
Training/glioma/Tr-gl_0032.jpg,glioma,0,train,be36ca5aa9e25e49fedd93097164de95d47a0796d847295982feeddde93a16bd,931c6e783c917969
Training/glioma/Tr-gl_0033.jpg,glioma,0,train,887209d8d5f003f9fbf4e32a242823cd64d0f0e524b5de65699563504c258088,c36d3d3668c3c4c3
Training/glioma/Tr-gl_0035.jpg,glioma,0,train,f2a38e4b9a3d90152f8b5924bf34415703a68d3327032e4671be69cfc5887790,c16d3e68f226e1c3
Training/glioma/Tr-gl_0036.jpg,glioma,0,train,5234fbce6043368c42b897146e6243851f13385e85dad0e635cafb055edf5b45,c7387be431c3a4e2
Training/glioma/Tr-gl_0037.jpg,glioma,0,train,a2755cff0867e5de0c00db33d12dab7e53a8e15d9e1351836013f0e7828105ca,86c93c9e791d4cd8
Training/glioma/Tr-gl_0038.jpg,glioma,0,train,eab2d14257586d4f9ac2bcd899ebb8e957c9a4a9c91d4fd9abd01a7b7be1b7e4,955a7e3b6c612564
Training/glioma/Tr-gl_0039.jpg,glioma,0,train,740d7972e6d5c1be519f4335b7bfe4bfe82d9558f7421cc2d1a024ab59606f95,c03f2d6836ccb2c7
Training/glioma/Tr-gl_0041.jpg,glioma,0,train,cb08a7aa415b2259bb3d01c0f581b43f1ce724c3df65a06596da50aa479d22cd,c0333f696ce46c96
Training/glioma/Tr-gl_0042.jpg,glioma,0,train,14f5f85e6cf7872cdcea3d1e720602d5c4bc36a409b1a7862a0c3b266cbf1fd7,c33d2f703ca331c6
Training/glioma/Tr-gl_0043.jpg,glioma,0,train,fc932b48fb329f7dccb0bd3e672b757616dfef49f0b4dd5f4d137e1150ca1a68,933e6e716c846366
Training/glioma/Tr-gl_0044.jpg,glioma,0,train,0d09434765c3513ca74c16a97fac440dfe82f0567dae8abd385a3c9fb43bc0ae,93306e6e399165e5
Training/glioma/Tr-gl_0045.jpg,glioma,0,train,531d23451d5d224ff06b56d57cbe9aa2ca23e851e69ce0f857b0a47d90aa8e67,d09d2b4a3d6d3c70
Training/glioma/Tr-gl_0046.jpg,glioma,0,train,af9abeebb132b6b85d5e06c3ce8176485e69810f6f8fb2a886b6f43b172b74e5,958d5ff43858485b
Training/glioma/Tr-gl_0047.jpg,glioma,0,train,645c00e469ad8866adbad1adc2677d3de165005ef677efa27c5e3a127b77904e,851f7af06b706368
Training/glioma/Tr-gl_0048.jpg,glioma,0,train,2f112ae478524754620cfda371eff28996e5ba5edf3314d7eb896d91b7bc8985,873d3a7238696467
Training/glioma/Tr-gl_0049.jpg,glioma,0,train,c562dbf87a6698632126c29ac284a3995ede6cae6f226c6037b6c7a5659594a9,859f7a60616be4c6
Training/glioma/Tr-gl_0050.jpg,glioma,0,train,8c27c01dff781a982086630702d3ef35cb62af80675d0c99c9d8751cb3d51f61,85977e5e62686865
Training/glioma/Tr-gl_0051.jpg,glioma,0,train,405d595a228d2975e5c05f8c79dfd4f89e535778752badb9f33f54578371e704,c29f3ec061ce333c
Training/glioma/Tr-gl_0052.jpg,glioma,0,train,86f6ce1be28d2bf2ef55008185b7be8f96edfba9dc53f932c34ad156a3b3975d,c3cc3dc734326336
Training/glioma/Tr-gl_0053.jpg,glioma,0,train,db0490ddf1d66732dc630bf272fa92f3f54dceb13f1f9fa5c193c94d5f7ecef1,c3363f6334cd6219
Training/glioma/Tr-gl_0054.jpg,glioma,0,train,ce4a39b3541ad477f7c0718d2dcbfed79e8e5999b30bb20cf8361e2350510524,c33c2de130c7663b
Training/glioma/Tr-gl_0055.jpg,glioma,0,train,b919ca9c28202844bbabe25f1919671c86453187e52eab9e32d0098c4a4f3004,87967859352c6679
Training/glioma/Tr-gl_0056.jpg,glioma,0,train,fbefb8eb8199eedbc7cecc21292f1e47628c0dc4ae241d98cd55bf39f88ea5d6,839e39e1643ec770
Training/glioma/Tr-gl_0057.jpg,glioma,0,train,d422315e0236bf30f3dd3189e975acbd05a78c83a988dd11d4d49daccb4caca0,c7c938b63072e663
Training/glioma/Tr-gl_0058.jpg,glioma,0,train,4a93a7c5932abb617d214581c801da6695152629b8dbb249dcc990e65b719b7a,c7496aad3c967096
Training/glioma/Tr-gl_0059.jpg,glioma,0,train,6c0e5888b30ead34cd84fba1bd231bdb86be7209e5096b9b8916fd26e9c8e36a,97966a6961c9369c
Training/glioma/Tr-gl_0060.jpg,glioma,0,train,b5f3f91d2689361e3423a1fee5e0a138dc47c9f5a563f50772b3f04ea7ef2a31,96967be1604d256d
Training/glioma/Tr-gl_0061.jpg,glioma,0,train,a262333b99923c94068a16478a084c4fb24338687b834a21487d2f26c6464ba7,869679c9359d626c
Training/glioma/Tr-gl_0062.jpg,glioma,0,train,b072731f4dec63212d7e13579d6a8e49da1aabb6b93df7fbf2b76ae42d315596,977a78a52146679c
Training/glioma/Tr-gl_0063.jpg,glioma,0,train,9df595642dd63833b9a4d19c8ba991154b16090f32cdfb0d2decf3f2b5f63bba,859e7ad0614d6769
Training/glioma/Tr-gl_0065.jpg,glioma,0,train,20ceb8266662690595f29555504f2c2ddbc02e6b2e86df0cc0f97590361bffaf,90c72f3860e736ce
Training/glioma/Tr-gl_0066.jpg,glioma,0,train,552808cc46c2595b9270ac7bda91644b50f78781b40ef0c7bb4958ea83707017,c63a79e135ce628c
Training/glioma/Tr-gl_0067.jpg,glioma,0,train,bc1439423ac35950584ac85e95ab6ccacce42fb59e21b1555378ea38222519cd,da3c39c1668ed698
Training/glioma/Tr-gl_0068.jpg,glioma,0,train,8511c7fa2d2a2f32a04cd821383a24083f29db6c36c259518e3d0ce14079c0a8,c3b23b793cc5620d
Training/glioma/Tr-gl_0069.jpg,glioma,0,train,99ee9658fde80a8734f1b4d0dd112a3862918cecca2a74ff8009c1059bfe452a,cb2c3dd3320ec738
Training/glioma/Tr-gl_0070.jpg,glioma,0,train,dfe304f5ed341ddcc13cbb886fc85762d909ff497c1b5165214098e097f695b3,93c36e9c2c3cb269
Training/glioma/Tr-gl_0071.jpg,glioma,0,train,2a4223c7d14a6916aeeff7324e8a9d25b6de7261f2617e6ec56290012d21f9a8,c32e39e0349b668f
Training/glioma/Tr-gl_0072.jpg,glioma,0,train,5c89dca388112f1f959b69e1450dd2013a62548f2b20975efeb1c2c4101fd3a2,c33c3de47093665a
Training/glioma/Tr-gl_0073.jpg,glioma,0,train,cf0de27fcd518dae39dfbb3533c91d32b3efafaf444f838671b3d9d4d4cec97f,cb362f6830c3349f
Training/glioma/Tr-gl_0074.jpg,glioma,0,train,bd5347008f844f3503d57f8a89894ac134bbe83f3bed05dd9e28164bc879fca2,c2cb2f9e343c3638
Training/glioma/Tr-gl_0075.jpg,glioma,0,train,d602b6fadb7f7e0e0081042b815ffb07d921924e625765a5d6f42f66a0c822fe,8e6269b730ce3399
Training/glioma/Tr-gl_0076.jpg,glioma,0,train,2aa84bb7877ab34bb608c00c70adf3c8f217fee88adcc2476b0838cee1ab37e0,9a6c399624db6399
Training/glioma/Tr-gl_0077.jpg,glioma,0,train,de45ca069e5e1afdf506c96e5355ca8517f72c8111d95b5d84e46bdbdb080394,c09e3fc9319c706b
Training/glioma/Tr-gl_0078.jpg,glioma,0,train,8e6adaef66d8c6a3231a15759603a3916db9567a74bd7d2fd8fb1ae68c9368bf,97c37e0c61703679
Training/glioma/Tr-gl_0079.jpg,glioma,0,train,fadac3388d39d530215caeb9561bf88129c1b6f93da898c7f79b1b4ade69207c,c01f2f782de1358b
Training/glioma/Tr-gl_0080.jpg,glioma,0,train,b1f1d61211df6ff055c7b9135882c10fd972900edf6d0ce431b37b5be3c6ebb0,c22d3de4608f679a
Training/glioma/Tr-gl_0081.jpg,glioma,0,train,45d3986091eb89041706938dba069219c7ae08e6940dac860e218a3651e4a104,c7c76c18303c67da
Training/glioma/Tr-gl_0082.jpg,glioma,0,train,679e4634eec606d0d33ded1dc6e52a954a98acaf11f9780d9db8b567d5a678b5,c3cf2c92306d2779
Training/glioma/Tr-gl_0083.jpg,glioma,0,train,a6a74ed98414c801159fe620a4a83b75e724bb991bb24ee71ec7802801cd13f5,c3467ee939336498
Training/glioma/Tr-gl_0084.jpg,glioma,0,train,6b65677330f6ae898a1b4c665e8b6f86c240e17a6591cbe6dfd444f6f5a79530,c3cb3d9c303e3331
Training/glioma/Tr-gl_0085.jpg,glioma,0,train,0e0fd2036eafe024c828fe752adbd2271561a837ca5c3815a061c7e219f564fd,c2d32f4b342d707c
Training/glioma/Tr-gl_0086.jpg,glioma,0,train,e477a8203d9c477c78d1cff41ba5c44f29cf1eb90c900d1c85518f699afb98d5,9692794b256d6179
Training/glioma/Tr-gl_0088.jpg,glioma,0,train,092916896e9915027bdf9e22495fd968eb4252b98d4c3a7268ce9134073db889,c4db7b847194267a
Training/glioma/Tr-gl_0089.jpg,glioma,0,train,3b4609359c1516f52dab042230db36e7f8ca83159591aad77cea8d742c43b32e,86da78a571636559
Training/glioma/Tr-gl_0090.jpg,glioma,0,train,c45e18332586bf2c108ebc6c2a623294143fd6f3fd65e0ae1b3f2b697aa5f8e8,c79c6ccc348e7331
Training/glioma/Tr-gl_0092.jpg,glioma,0,train,427764db69069a1596d519327013abbf2524d23ff2847102cde78f4680efcb62,c19f6ad8398fa149
Training/glioma/Tr-gl_0093.jpg,glioma,0,train,dda2bc1d94c74e9682622bc186488123b6e761b6293591de9a697dd4e93d48b8,87197a5a698f6a61
Training/glioma/Tr-gl_0094.jpg,glioma,0,train,7fa55390e771ef96aee9c38808192fe7a834b1bc7500e1f5306e663d25bed828,c01d2f583de17969
Training/glioma/Tr-gl_0096.jpg,glioma,0,train,3ac2740008672c950a1c32caf2a02e48c34fc9c5f88d5b92e68fedaafb880351,c6392d3171c6b633
Training/glioma/Tr-gl_0097.jpg,glioma,0,train,bcec3cdba5eaa6d62b3ec360a75548ce161dfe86d2e8f97fe62aec2a6b193d01,96663bb5619a6698
Training/glioma/Tr-gl_0099.jpg,glioma,0,train,08e278c7458d238cee67012ccf3e27b8e8ece73f0fbbdc7aa63a895f96afb558,c23c3f683cb66166
Training/glioma/Tr-gl_0100.jpg,glioma,0,train,8b48c45d1d575a201c07ba4f3e1818cfa71148ca927e68ef01ec21876d741680,d06f2f7834b034f2
Training/glioma/Tr-gl_0101.jpg,glioma,0,train,fa48131f894004037ff0c903fdbd25e9259040b92c7544667c4f23986f8ed472,d33c2e2c69b324c7
Training/glioma/Tr-gl_0102.jpg,glioma,0,train,2855d067a41be0b84ca58e0847e792aca5ea86f4648fccbc01961b95e1acf8e2,875a7a8d31666572
Training/glioma/Tr-gl_0103.jpg,glioma,0,train,480249e2ee3f922c4d50c22f1635158610a790b459a8202827065cd2ef396f20,d2632f3d3cc66198
Training/glioma/Tr-gl_0104.jpg,glioma,0,train,b1dee73017478118d923f9c19ee1ef66d26dee8615585b37deceef98af16ff6b,976b68b46112679b
Training/glioma/Tr-gl_0105.jpg,glioma,0,train,96e5c8dd468dc1e76c5eaa80db54e6d7d7d1a61276b6e776bdbf1af3f601ec84,c6967af33d49600d
Training/glioma/Tr-gl_0106.jpg,glioma,0,train,91f6fadab8ea0b88efd68790e36517af758158d061dfa54e1d79a92744183ff0,c26f3fb46096625a
Training/glioma/Tr-gl_0107.jpg,glioma,0,train,5f932db7f50bc20384effd513d11314b93b190b3cd23ab05fc318d87baaf7356,c33c6e682db77062
Training/glioma/Tr-gl_0108.jpg,glioma,0,train,d5c7daaee8daf030df8d2672e8d803a34a0455c57e9826ee3b70ebad1ecb83c6,956a7a2578e56266
Training/glioma/Tr-gl_0109.jpg,glioma,0,train,401cef18e365b20fde9d591a29fdc808bd3f51828713a9d8cbed54ad14f856d6,c09d3f483c3a6d3c
Training/glioma/Tr-gl_0110.jpg,glioma,0,train,e081da0356c0608ba5802f802a15a094b4041fe76fc9fef9e29d97c977828b7f,c7493f1f38ac3438
Training/glioma/Tr-gl_0111.jpg,glioma,0,train,f2a9e127939bda6a78d241524e86cd80d9b09237c456b3987a54ca6ca74f0a4e,87d868a53965f233
Training/glioma/Tr-gl_0113.jpg,glioma,0,train,a2eca3ca78f25288e8ba5a4d3747dbf9fe888ee0e2ae4b0e9e94ee49c94e307c,c41b7a306da566e3
Training/glioma/Tr-gl_0114.jpg,glioma,0,train,ff99a0d0e91b462603412d01aad177a645eb4188abcae77ebcebaaa50d0d867c,973868e165e73496
Training/glioma/Tr-gl_0115.jpg,glioma,0,train,35b9d0aa85e04f3532dee91bbf04528098b17859d13d39c05e36095ff701b3ef,853a7e3569e0253d
Training/glioma/Tr-gl_0116.jpg,glioma,0,train,ae3dfe13437971784e5d6c4dbe42d147de38273203b3e9b6c11e67a53e724a44,c66939646cb133ce
Training/glioma/Tr-gl_0117.jpg,glioma,0,train,d09f68ac8b4aa8a1d9c38d3f78b6c7ebc15eae0afca2322cb2894b6407c1e98f,954b7af0693c3469
Training/glioma/Tr-gl_0118.jpg,glioma,0,train,da8cd7d552da9dc12bc2db483179f31721761b5b05c201653ab2e3d1687af142,c61e3bf03c636474
Training/glioma/Tr-gl_0119.jpg,glioma,0,train,43e392d05fc744c489478a3462bf36776b5f2fa2164b8c6a2db1eb8140d5a913,969669d9616c6725
Training/glioma/Tr-gl_0120.jpg,glioma,0,train,95c6bea48cf4e6e7be346f6f3ea8ce1c0918439fdd61d6b04ac493bb1c467353,96667bb5619a30cc
Training/glioma/Tr-gl_0123.jpg,glioma,0,train,63b4a1e50f59fd6f3a02360752571bf43bf5160f01479461672c47328e16853c,c3c36fb4351c7078
Training/glioma/Tr-gl_0124.jpg,glioma,0,train,3fe4c826f7ff4ced9b2cd96a851950c885705387a0985fb46b33e76e18dad6ca,c7c37a9d256c7058
Training/glioma/Tr-gl_0125.jpg,glioma,0,train,d4d021e8912155742a7d1c2fd9e334b6fc7712e38ee6f4b3affb62895806557f,c7c36e9e34cc3258
Training/glioma/Tr-gl_0126.jpg,glioma,0,train,4a5ff2a7c5af43c22e8f437992f325fa8922d1e5fd039c89b5bf72e5ec6bdf8e,c3c37b9d64483659
Training/glioma/Tr-gl_0127.jpg,glioma,0,train,9893318090cf8f641fc7a95b96a5283ff2024ee64e17d8749544a6141f708d9f,87c96c9c71723369
Training/glioma/Tr-gl_0128.jpg,glioma,0,train,efd698cb28ac02b2bfb0043c3835fae2b512f8b8e7366109a3cafda719a1ab17,d2c32fdc6d243469
Training/glioma/Tr-gl_0129.jpg,glioma,0,train,acc710e943de95a1d515685b8c005da69503787386ae9da2f6b03975822d298f,d0c32f4e6d9d3468
Training/glioma/Tr-gl_0131.jpg,glioma,0,train,397593d841f2f5b402f0cad1c464452ba4e09073ee20307cc9ae93eb92371c74,90cf7bc42d3c6439
Training/glioma/Tr-gl_0132.jpg,glioma,0,train,b11eeb8fa86ff07d2f38e0dbc6b9c2b9ad9ac02dafecbd825604cd73ba76e556,91c67abc2d596469
Training/glioma/Tr-gl_0133.jpg,glioma,0,train,1003a8eedf6b9bb7462d7de42189eae6e899e6892802a3621c976ca3a59f0643,c24d2fb4345a3637
Training/glioma/Tr-gl_0135.jpg,glioma,0,train,53167b45c821e2be441e68329fab111fbf32c5594d221dc88d97f312fceed7ce,c23c2ff074c332cb
Training/glioma/Tr-gl_0136.jpg,glioma,0,train,0ca33b8c9ba4aa8f6ca776b21cac7143608c8b7b29caa5de699835e0cc0f5532,c26f2db0749b32c9
Training/glioma/Tr-gl_0137.jpg,glioma,0,train,7eb8806c2fc6b69c5b4a0991d31ffe12e6344ba44c68b25b9b7812a8b76321e4,c26f2df0649333c9
Training/glioma/Tr-gl_0138.jpg,glioma,0,train,64afb2caa0951c01c9a0664f98f9869f6d04f57102f533e572fad830b3674c43,c22f2df0749b32c9
Training/glioma/Tr-gl_0139.jpg,glioma,0,train,15359c6692fdbd5c8136254caf67f6f8562706e2839f316251e6214c132fe617,c23f2df030cb33cc
Training/glioma/Tr-gl_0140.jpg,glioma,0,train,f5359f8851581254b977ef0182b281d4af2657007e6ca013c8a3ad54ef01a9a8,84967b493c6b306f
Training/glioma/Tr-gl_0141.jpg,glioma,0,train,b224bc0c50f588a75104d42cf68b91f0a52cc1206c3c4e5a2f5f70bb91d03472,94966ad83d6b7065
Training/glioma/Tr-gl_0142.jpg,glioma,0,train,30ef96b6db90e8c7ce188f31686a24042d042d33e6b60247987f4c6df30b1123,94973bd97869212d
Training/glioma/Tr-gl_0144.jpg,glioma,0,train,fb3e7fe56393e6f4ef3d2ba774c2bc8bbe27cb4fc29e3a7c58b0bdefbf2306ca,96967a5a6169e364
Training/glioma/Tr-gl_0145.jpg,glioma,0,train,1266bbf51443d0a502f793372c75eb774121d870b6473e1be06b227f73b8ad38,969e7a486165e764
Training/glioma/Tr-gl_0147.jpg,glioma,0,train,ee58168bd2d5c15d6b8147b48db51830a7f7591405ba4f06bc647c2c0e3a98a2,95962e5a7c68712d
Training/glioma/Tr-gl_0148.jpg,glioma,0,train,956a66ebc112d599190b13138effcf24e24e1be1dc71173296076e70f6a0d9f5,94963fda7848616d
Training/glioma/Tr-gl_0149.jpg,glioma,0,train,8ab356f5c54c5881a8a0f8984b6282372f10a26921d76b8115f4925b542e9a12,94943fca7868712f
Training/glioma/Tr-gl_0150.jpg,glioma,0,train,3929d279e4185633a155a6e1ce9e3e3392da5886bc212ad99b6c63bb175864d5,90943fdb7868612f
Training/glioma/Tr-gl_0151.jpg,glioma,0,train,d7e15d39a9f62236fdd72d343fadf5136b4c5152c5e4e8a16faebe569ff6f094,d0963fd87069632d
Training/glioma/Tr-gl_0152.jpg,glioma,0,train,ccfa7388ab585055adbcbafabb076692ea2e244b6dc11d1705f74e9c77c6d72e,d0f22f8f6cce3448
Training/glioma/Tr-gl_0153.jpg,glioma,0,train,6250dcb7a54c86c190dd974e3b517bf9f1c1b0df31418988040408afa8e40e9b,d0c96f87345a307d
Training/glioma/Tr-gl_0154.jpg,glioma,0,train,d7480cb6f9b6c433c4c761089a04c5393fa4ead85fd462e0677159263d122612,d0cb6f957418323d
Training/glioma/Tr-gl_0155.jpg,glioma,0,train,6bb5aa8929d979fadb352f56a954f3fdc433035f3fa729fef626891f32a240b1,d0cb2f95701a3375
Training/glioma/Tr-gl_0156.jpg,glioma,0,train,2da2f1a161df01ef887a2a8e0f3fb407e01663d1ff9fb5f53991fbe2722e6cf9,d24b2fb5701e3361
Training/glioma/Tr-gl_0157.jpg,glioma,0,train,9015344c19355770208f8d00f383d1772e0d223c57178d6d08c3b8b3771eebb7,d26b2db4701a3379
Training/glioma/Tr-gl_0158.jpg,glioma,0,train,ede006bd37da83cf609f77144086d98180ab4eeca0d63ec8ea5248e9bdf3dba2,d2692db470733369
Training/glioma/Tr-gl_0159.jpg,glioma,0,train,bfc485e5237b840031bb39c9cec0f8c86ce7bdaeae2d3641516352bc2a3bb27f,95c37a3d6994354a
Training/glioma/Tr-gl_0160.jpg,glioma,0,train,9686d1968c7f0fd6ba867a81f4c53c5257371a0790d6cbfae813eb1988f2fed8,95436abd609c37ca
Training/glioma/Tr-gl_0162.jpg,glioma,0,train,852bbd531ac594b0336c86b62890f72ba6a332b5a574b9e5c356f5c728352ff7,93c36e3c38723339
Training/glioma/Tr-gl_0163.jpg,glioma,0,train,c4cf4dda7e422ae6dd9bb71335820b43810675362b3644d5ac07cdfc5d425d9c,95c67a1e69b12569
Training/glioma/Tr-gl_0164.jpg,glioma,0,train,ebbc50b503d01b6dfff89e4cdd03e9e8e76638024cc0086ca7dc0ec58f45b558,95877a5a692d6558
Training/glioma/Tr-gl_0165.jpg,glioma,0,train,a8dacc7dfc6a9368ecf73c758031a1ee36c6383f8a6d7c0cf9ec8d1b69c76460,969e68c9656b6664
Training/glioma/Tr-gl_0167.jpg,glioma,0,train,0ba78e2bc4c17500f60e33b46ae9845191baa90b892ea17c27ffaa02f61c0bd7,9e9869c167669636
Training/glioma/Tr-gl_0168.jpg,glioma,0,train,084bad860df8e83c1c00705273ed628b9dd89e309916f17f391180c0aece6256,95957a1a69c8353d
Training/glioma/Tr-gl_0169.jpg,glioma,0,train,de9605d4fb98841ee495d81cd390a9f068f20680a60f45c903c2fe2aaca7190e,95857a9b69d9242d
Training/glioma/Tr-gl_0170.jpg,glioma,0,train,a140b8346bf5d9272d7b3344e42e6db8eba7213700ae20db56646d3ead828b80,95917a9f69c8252d
Training/glioma/Tr-gl_0171.jpg,glioma,0,train,2ae503d4166270de6503e5c825b756d5a3b3c5b94ea35ce77cae30b201178e23,95957a1e69c9612d
Training/glioma/Tr-gl_0172.jpg,glioma,0,train,3f8e7b7e8144069423cdf5e51efb011147acff2f7730bea1896c415bb2082148,96867a1e69d86539
Training/glioma/Tr-gl_0173.jpg,glioma,0,train,c5ac9715521f294dfafcbfdceab5e2d4603eb86dd9b57e77031597414a417267,97877a1e6158253d
Training/glioma/Tr-gl_0174.jpg,glioma,0,train,14c379cab4cf82aa970d10b67cfa62028b74fa473c9fe75813b896704eadf506,96937a1e6178352d
Training/glioma/Tr-gl_0175.jpg,glioma,0,train,1aa9786836ba1072de4879c5eb02537e5f5a66aa9529c7dc7cd75997aa92124c,979378c96199666c
Training/glioma/Tr-gl_0176.jpg,glioma,0,train,c1242f4cd2943ff0c5cc5816fc6153368e07ea7f99d1be5fa6141263884e0244,c3c33f1c34f0723c
Training/glioma/Tr-gl_0177.jpg,glioma,0,train,f0ac33bef5a87d4e463358adfa1340f8944f5267776c29b00548f01477691682,d3c36d1e3139742c
Training/glioma/Tr-gl_0178.jpg,glioma,0,train,f64d36c3c0393ed0d74427cc7972ad1022462c575ceb27612782fea40763f75a,c3c72d3e7038347c
Training/glioma/Tr-gl_0179.jpg,glioma,0,train,3a7e2d18b3ac7cdbf5686d08b8492c0dba7942213a7e430ef857abb90ff8cb25,c3c72d3e71383634
Training/glioma/Tr-gl_0180.jpg,glioma,0,train,fcbb66b6a931f832322c2725b4495bd8a52bd140e0ffe3b4c90434186cf9b28d,c3c73c1e61783635
Training/glioma/Tr-gl_0181.jpg,glioma,0,train,1f0464fd2f7b5c169edeea4e1e0f1eeaefec39beeca11190fc0c7b8ec3f11d49,c3973c1a61c93736
Training/glioma/Tr-gl_0182.jpg,glioma,0,train,a5f282ce6e12c614a2e43c15f924048af52911a5c06760269f9be30b49d64696,d39b3c98616c3336
Training/glioma/Tr-gl_0183.jpg,glioma,0,train,8ee7a268f17af4b0fa4f0ff89b124561b0fd2bac490bf7680be1a5bda5242be3,d3cd2c9061e73639
Training/glioma/Tr-gl_0184.jpg,glioma,0,train,d7595c5cf5e8747271e162b0ef4399c38f8d97c16c371cc5a0912c26cd94a9e7,d3cb2c987163363c
Training/glioma/Tr-gl_0185.jpg,glioma,0,train,81f02af06d6668d010a1f19d96433feb61d18dfbd202e52318b24255cb9d3fc8,d39b38c1654f326c
Training/glioma/Tr-gl_0188.jpg,glioma,0,train,24ca64aea037ae68a2e947c49c43fb23d4982c41d5d61fcba1d3880be500cc0e,c4923f6f3490e38d
Training/glioma/Tr-gl_0190.jpg,glioma,0,train,65cfe90204c31c710aa32ae322db3c7a6daa6975e3fc8232619d35c41ba32043,96c77a4e2538709d
Training/glioma/Tr-gl_0191.jpg,glioma,0,train,c390d6a4eab6042d94020ecf82d917f97c491ce4b14828ea24251dfecc4d8d68,d2676e963439728c
Training/glioma/Tr-gl_0192.jpg,glioma,0,train,8f3a72571e2bb0655861b65cecc69500ef62b12f71ae15f19c8df7aa9d2e74b8,d2672d1c34f33299
Training/glioma/Tr-gl_0193.jpg,glioma,0,train,5c174e8eecb1b61232cb946bc5041245cc64215d6d1cec76652d94b3fbb54937,d2662d9931e73299
Training/glioma/Tr-gl_0194.jpg,glioma,0,train,9e510c5b314197aa30f2ed066af16930598926e6be608d5097fc37c877909814,c3cd2d947072336d
Training/glioma/Tr-gl_0195.jpg,glioma,0,train,3fa43871e06fe55b3ef011bbecef7a21e242a8a21b3bd1cc3b7a4e14220aca7a,c36f2cb4305b332d
Training/glioma/Tr-gl_0196.jpg,glioma,0,train,9b2d38c945b18000c3f6aa1c6976102796f0bbac44133de7bd1dea4f3423ad9e,c36d2c9230dbd36c
Training/glioma/Tr-gl_0198.jpg,glioma,0,train,4c280ee182b77f757fd50067af71293aae3cfd456b8ae7e7d28e160f676f48fd,97326e4c694d714b
Training/glioma/Tr-gl_0199.jpg,glioma,0,train,d56e5bec01a8ebd8e322122fee21d2b4bceda225a3865cf847f67b9435a40ab7,873e6cc1614f364e
Training/glioma/Tr-gl_0203.jpg,glioma,0,train,c873d467abba09fb8444aa02dbcce7010fbb503a2ca4faf3bf5e20e1fcbd7831,973e6ac9256631b1
Training/glioma/Tr-gl_0204.jpg,glioma,0,train,a5954f489d6fb23a5d0fe39b3e3904f06db035b302313b15ec961f497a2a7290,973e68e12543729d
Training/glioma/Tr-gl_0207.jpg,glioma,0,train,ecb5311af18c9d7051736d85c4a5b580b8ff08967bfd2fde1d2dfff6b72c5eb9,c2c92d8e7073323f
Training/glioma/Tr-gl_0208.jpg,glioma,0,train,d57f930d9b5f9b3bfd96da57b7cdc077f863e53da1c6e0934e344d2dbfceb507,c2cf2d967039332b
Training/glioma/Tr-gl_0209.jpg,glioma,0,train,3e7b589a71616ce8a5a7fe482b4ccd2714f64c446bc57eaf719183a1452b64ca,c26d2d967033336d
Training/glioma/Tr-gl_0210.jpg,glioma,0,train,2466cb6c01fb83683cea68b88ab6f8de3209665a963003dddf80b4397c1b7458,c31f3dc43069d372
Training/glioma/Tr-gl_0211.jpg,glioma,0,train,4d4a598f813cffbb75f1ca1fa905543cfc801eaa7d46cbfcd59b8f22ad8ada3b,cb4d3cd43073d32c
Training/glioma/Tr-gl_0212.jpg,glioma,0,train,359cdb8b9c1af17b5561cbd301bbd765ba8f1be6dfec4d19a1945f0042503dec,cb4c3c923237cb66
Training/glioma/Tr-gl_0213.jpg,glioma,0,train,7f493ae50d70c1f35356c699aabb154c969f8ef3e9bef902c1f4b721523819cb,c3672db4609a369b
Training/glioma/Tr-gl_0214.jpg,glioma,0,train,7a54d468e0cc2e0ab81459cbbbf866dcb6db8e67091b5376abf838ce1b74ee05,966d3db46092379a
Training/glioma/Tr-gl_0215.jpg,glioma,0,train,d732b4ca9486c337b47d8ce97b9ddc159b72e3c31b9e2fb6e46963b6cba1f07b,936d2cb4609337d9
Training/glioma/Tr-gl_0217.jpg,glioma,0,train,cf84ef7627ab20d7e53b527cbe1c0270471deceeb22c206ccd2d39b567ec4bef,936c3cb4619a36d9
Training/glioma/Tr-gl_0218.jpg,glioma,0,train,d6bbf8296a851162561cb93477b137def3d75d0d077c568a8b33a4adcf2ba7cf,966768b0649e36d9
Training/glioma/Tr-gl_0220.jpg,glioma,0,train,fddf2eb23ddf34e0ff2daeddc34243dd45266a0fa672b21691fbd57774cd9ac0,c36d6c943433336d
Training/glioma/Tr-gl_0221.jpg,glioma,0,train,3ed707341c17ea73ca559e1491c70567cfd3063ce53ab4ee393d802766ff744c,93696c94317393cd
Training/glioma/Tr-gl_0222.jpg,glioma,0,train,8ea4991638653928da4ed78cc83f51c537bb5d2e74232ea472b9c1c5b20aa30c,8f696c94334b83cd
Training/glioma/Tr-gl_0223.jpg,glioma,0,train,84e017f3759f56a7f83b55a68a1aa977f01ac5676fab2bdfef7fd189d5eab2cf,9763683e31c9669c
Training/glioma/Tr-gl_0224.jpg,glioma,0,train,cdf03f237dcdb53a46396f080e31e7cdd37e3037a1c12246f09b8d8c3e80272a,93cf6e3161ce3432
Training/glioma/Tr-gl_0225.jpg,glioma,0,train,8c1e986ba9b6df9ca311e9b869bcdebd05b4f1813f24e9ae5e9800b7bf53a1ac,974f683521ce3761
Training/glioma/Tr-gl_0226.jpg,glioma,0,train,c1ef4b9264882cfc14d4e4ccb70249b6b483d7e83701ddd2040d563ef814a3ea,936e6c3561ca9399
Training/glioma/Tr-gl_0227.jpg,glioma,0,train,72bf505d0c9843e880524badf61db135cfc3935a3c8a138a1a9c4426ecfffc6b,936b6cb431c2c739
Training/glioma/Tr-gl_0228.jpg,glioma,0,train,e5cafd4f877ae4f46d8531552a46de61b68eb2005dcc785ee171df895b0e9b62,936d6c9471da86c9
Training/glioma/Tr-gl_0229.jpg,glioma,0,train,2fd46463750e22254100483def539e30dd0b5973dc17f4bc43b0230e6fd1d46d,96e76e2c69903758
Training/glioma/Tr-gl_0231.jpg,glioma,0,train,40acaf2b2be732540620dad4b55547cf5c64c6071d28d636dae6a8a96053c83e,95c76c1d619267c9
Training/glioma/Tr-gl_0232.jpg,glioma,0,train,b1598f01e149ed89d2c3a3d560b0ececba06a427e648f5a40285d11509e87289,96c76a3d61166393
Training/glioma/Tr-gl_0233.jpg,glioma,0,train,45dc092c7a3065612d099499f177b4a69fe485f4ed89d2936f45942c5a524427,90cf6e3c619666b1
Training/glioma/Tr-gl_0234.jpg,glioma,0,train,e3c2913c0c2677b040db8214cb06abdde118e35ca62215e623d5fa4fce301ab1,904b6f3471ce3731
Training/glioma/Tr-gl_0235.jpg,glioma,0,train,d7c26eaebc2fdea3e45c7d671da10a6f96d961f38c1123929a7c2e632b79976e,93ce6e3161ce2533
Training/glioma/Tr-gl_0236.jpg,glioma,0,train,7ac70de2ebb9039a777d6b89b89515bd6fce7b80fda9cbb681cb939f0ccc9fc2,93ce6e3161ce2572
Training/glioma/Tr-gl_0237.jpg,glioma,0,train,4abe483770a66796b5f54451b95d371dbcd05e0d4e31a59e35d41674cbd9db8a,9767683661d83659
Training/glioma/Tr-gl_0238.jpg,glioma,0,train,ced84d46521d2f648dcc04c418a76f33b22425ad73274f2e2dd1ef99f5584d79,9399688c65e33733
Training/glioma/Tr-gl_0239.jpg,glioma,0,train,49f154bd6cb32269abb0d4938d33ce05ceb4d9b405862c5d258e9d6b99de7e44,93696c96649a336b
Training/glioma/Tr-gl_0240.jpg,glioma,0,train,171547876dad728859ddbcc95a5c6fabf097467c4d084cfb58b06acb06958c48,931968c665673379
Training/glioma/Tr-gl_0242.jpg,glioma,0,train,057ae217b92686b3047d6ca4e97fdf39f8e839e7f0080450d175446d2e2fcce7,9e696886671b926d
Training/glioma/Tr-gl_0243.jpg,glioma,0,train,01ed138085b11f504605a78eac99934333d0596b3d3ea838df3e30852765dc84,956b6ab425d2728b
Training/glioma/Tr-gl_0244.jpg,glioma,0,train,5de6b48fcda6ddca34de24851660fb1af60cd0f9f3fb3f2a4433ab541c63b513,916f6bb46592624b
Training/glioma/Tr-gl_0245.jpg,glioma,0,train,4360fd8cbc83aeea77c6921e852e2c0f54a5c91ddda39d8e86cbe4969a98fd82,d2692f946192b3cb
Training/glioma/Tr-gl_0247.jpg,glioma,0,train,6a32012b76155de89495bff0106794447fa2e25dfd9d703febeeb7e5b241a04c,926d2d94709bc76c
Training/glioma/Tr-gl_0248.jpg,glioma,0,train,6f9102cdf0a882dedffbf5c51f1a0b96aa4c10a0850470c00ee3ea869f7122c2,d26d2c92e24b8f6c
Training/glioma/Tr-gl_0249.jpg,glioma,0,train,118a1ca10e369eface49216071dd3dbc379b4f75074dad30523c647cbbf29bbb,cb6d3c92e349cc64
Training/glioma/Tr-gl_0250.jpg,glioma,0,train,8fe3ab74af6b5babc982db609aae6e10b37090a3fd0d8210017f2c537853cd83,d2d12d9e64e8323d
Training/glioma/Tr-gl_0251.jpg,glioma,0,train,884a2f5be9960e7b8cfe09bd4c49e1a1cbb554c130ebffdc3138619f64a4eb3b,c3e16d9e34f83231
Training/glioma/Tr-gl_0253.jpg,glioma,0,train,ee11488762d279a4c6c000e5527fca97a80616088bfecc9d529e8d382a09348a,c3e92d8e34783333
Training/glioma/Tr-gl_0254.jpg,glioma,0,train,dd368aeb58daa530632624e06f387b9d7ef1d99cd15a0d856bc6c5fc3d54fa29,c3e32d9c3039b333
Training/glioma/Tr-gl_0255.jpg,glioma,0,train,113c0db78c49ecd8751cacda63c8ee6c6e3b631fa02698b9ed32aceccf2adf71,c3cd2d9c30339373
Training/glioma/Tr-gl_0256.jpg,glioma,0,train,ee58f897dcc92a2fb6a2291e386e23b63e73ec5364e9a71701cdf51d4f8bba06,c6692eb430b233db
Training/glioma/Tr-gl_0257.jpg,glioma,0,train,b245d0056ce315dd257db0bafe6794568ca276c4d55c9235f084a5ac0c257d15,c66b6fb4309233ca
Training/glioma/Tr-gl_0258.jpg,glioma,0,train,73706eaffaed5ace0626856c7c89ec90186b4c530f2ce9e97c5b86bd35c472ff,c0692fb470d2375b
Training/glioma/Tr-gl_0259.jpg,glioma,0,train,3d1aced7c97ba3f025df123265282a5ff8a3d1f35e9811adf64b887dcbb7394f,c36b6ab430d2338f
Training/glioma/Tr-gl_0260.jpg,glioma,0,train,4cd65ea8ad90c9bf1baad61890c20b63b014f0d419ab5956a7b60bebc3984a4c,c16b6eb430da328f
Training/glioma/Tr-gl_0261.jpg,glioma,0,train,26c296b7d1381b832eba6197ce5a9946134ed3fa48ee12f7ee97bf2cc3976675,836b6cb4349a33cb
Training/glioma/Tr-gl_0262.jpg,glioma,0,train,ac61e7970b704e77ae76ea754bfbeeb1440b7ab703b8aaca2f5fabcf4bced6c8,c36f2cb430cb338d
Training/glioma/Tr-gl_0263.jpg,glioma,0,train,2c78731762e5cd10e1028b318c74a15d785513d72fe7cfe41f7e9cfdb88eb395,95967a4f61786625
Training/glioma/Tr-gl_0264.jpg,glioma,0,train,425551bb2c0131b02137b827dab0950f9375766fd4a7d3021a847a3d55ce60e8,97967a1a6169a725
Training/glioma/Tr-gl_0265.jpg,glioma,0,train,b950b439debaad28e99edc951dc8afe3d14690755a6b24e9e282fd71a5b22992,c6963b097961e71c
Training/glioma/Tr-gl_0266.jpg,glioma,0,train,b890e1f01fa8d05af14c9013dc9d170ba04409780471c9fdf1b8458fafa5cc43,969669993064f33d
Training/glioma/Tr-gl_0267.jpg,glioma,0,train,e8a4270d7643afd7c11f07db5e16e35536d1d30fea2298c38658168c310bf622,93996d98346e626d
Training/glioma/Tr-gl_0268.jpg,glioma,0,train,fd5e42ffde995b8ac70269027d73f142d6e0d1d471c830bf69e3f25c6211d2f9,86366b4938e3279e
Training/glioma/Tr-gl_0270.jpg,glioma,0,train,6572bbec1f658fe3c2f9f9b5aead39c306bd153728ccc01a00bc5f7a10da6905,923b6cb461ce339a
Training/glioma/Tr-gl_0271.jpg,glioma,0,train,6973a6666126c8af5b6c911ec69380d56cae947e385e3dd3b7e63f62ef520807,d2792c9761c23799
Training/glioma/Tr-gl_0272.jpg,glioma,0,train,20e38d129d81621787e00056a16e2d655682ba57061ae706033f414bf3987fe5,873c6c6170c337ce
Training/glioma/Tr-gl_0273.jpg,glioma,0,train,67e673cd47e27bd6cfcf8d276b7db4b03e0509348b87059266bf88f9511cc655,c23e2ce171c337c6
Training/glioma/Tr-gl_0274.jpg,glioma,0,train,e27dcf1f654ce86508b4e9f36b9bb82b3cbf5e57acdf09cd59b1b0c1bf5e2d18,962a6da571c2279e
Training/glioma/Tr-gl_0275.jpg,glioma,0,train,84c256a8fc37fa2016a5e7aec0ea22f4d7f8754121ba358773ff84568a536021,962a6bb131c2639f
Training/glioma/Tr-gl_0277.jpg,glioma,0,train,8d0a69503d367ed07a1bb72a0b558611d3eeeb8774335b5bbab7bda06eea406b,976968b135c6330f
Training/glioma/Tr-gl_0278.jpg,glioma,0,train,1244d6b9a1481ecb22d90874ddf78c26578bae37ab9fdeb9fde18cf023300066,963b68b165c6349e
Training/glioma/Tr-gl_0280.jpg,glioma,0,train,bbf66ace78f5ff6737603b7242fab7d285aeb137eb8edcc2cf20c16ad2f7707a,d2332fb47cc1611d
Training/glioma/Tr-gl_0281.jpg,glioma,0,train,ee452a7a655953c14448965ddfde8791bff7e9345a6dcfd3cae8cf029eef510d,d23a6fa434c2728f
Training/glioma/Tr-gl_0282.jpg,glioma,0,train,6e1c3aec0c3af98fda902b5fa87d24f332e8dd9c09079e42cb56fe4660c4a281,9e636a39659661ca
Training/glioma/Tr-gl_0283.jpg,glioma,0,train,422302093cfee0046355ef0239e38a8c5195014050323565c654a07ffed56fba,96647869659663cb
Training/glioma/Tr-gl_0284.jpg,glioma,0,train,069d709c16e08cd952e0541fa14cf83679b5d55f21f138346a9e188a410b45d0,96687826659667cb
Training/glioma/Tr-gl_0285.jpg,glioma,0,train,20d430f1d7b03ee03b9b8bd9fd1dd35f7ed31df7e77b6b447c1157482d795671,92b36b0739dd344c
Training/glioma/Tr-gl_0286.jpg,glioma,0,train,efd1cab63fb84cf45282aeefa23f12524aafe7980b107bb9eb3c5c64d0f25163,c2ca3e972d317169
Training/glioma/Tr-gl_0287.jpg,glioma,0,train,4e4b1fe895c45b78aed79b6ed61d7c0dd0b15411280f7d7fcdf299a6a1833c27,92d27b316d35644e
Training/glioma/Tr-gl_0289.jpg,glioma,0,train,8db728fea1e930c21db634ff13e2699636e782be5ebc0d03d10a743b2c60e09a,d2926f4f343d33c0
Training/glioma/Tr-gl_0290.jpg,glioma,0,train,6e53eca80dcd285ea58548d75a6ae9e07e311495a02c3f7b55bb8fc1293c7198,d2926f4f343c3370
Training/glioma/Tr-gl_0291.jpg,glioma,0,train,688ae5100bfb99c2b7ef74c0b5d749a906329952b9c170442ea5114d7a7bdb2d,c2f36f4f343c3038
Training/glioma/Tr-gl_0292.jpg,glioma,0,train,3c3f951d7dfb70d411f06f5a0c18d485cb2436328dadac585cff60851fa41ea0,c2936fcd343c323c
Training/glioma/Tr-gl_0294.jpg,glioma,0,train,88aa5e1a89c56dba7c118eeb5a6837dce7cd6f206ab8c6ddb89ac08652d3659b,96943adb694b612d
Training/glioma/Tr-gl_0296.jpg,glioma,0,train,f44348b28b3ac84f27f9461751fda008dd18a8ea0d27364480a6304c8985230a,979478ca6169636d
Training/glioma/Tr-gl_0297.jpg,glioma,0,train,0ec3e050d2b8ac054483305a1383ac450ed843b2758a49a40151df3e543004a5,95636a3c2de5625a
Training/glioma/Tr-gl_0298.jpg,glioma,0,train,3d283225d3403bec2328cb77a33e938ba0a703c36e8021a5b69e083f7bd0ff59,97636a9c2d317256
Training/glioma/Tr-gl_0299.jpg,glioma,0,train,332e7a811a598988e9f4a1634bbb5d737d02b72c1fc5e443bc6171c87726e980,97636adc2d3170ca
Training/glioma/Tr-gl_0300.jpg,glioma,0,train,aad632aaa2304d86d625dde0a4c6977ba9c5632b40fa90d734bd61af75b6bd22,c3c66b9b354c623c
Training/glioma/Tr-gl_0301.jpg,glioma,0,train,02eb0d31a750f7ea2c0605ed2b83b01efab628d7482df2a1ae6e619d704a5b43,c2b76dcc38393338
Training/glioma/Tr-gl_0302.jpg,glioma,0,train,ace16a8227f616b552401d58a1e8f7390e2db0da943f44ef5b456550673ceb0d,d2932dca746d3278
Training/glioma/Tr-gl_0303.jpg,glioma,0,train,77facbc864f1142aa36d158cae28c0d53b71e480d433747aa837f9e7168dfb16,d3932dc2642d376c
Training/glioma/Tr-gl_0304.jpg,glioma,0,train,a065bd8a52a3f79eb7e816fd13012a745f26f4fc84430653774193176cdd4f56,c3933dda602d3764
Training/glioma/Tr-gl_0305.jpg,glioma,0,train,d1b5729285bfb61f709bdc22a50f87cacb7b46d0641a4baf01f27e5d5649440e,c2373f782ce3308e
Training/glioma/Tr-gl_0306.jpg,glioma,0,train,57ad128561fb9b3aea9ac2bb0c4ecf988085eb3cecaa5babcc41d977a95cd077,92367a682cc3359f
Training/glioma/Tr-gl_0307.jpg,glioma,0,train,cd1454188ef9026d2cdb1e0ed4e67654383cef0a3c5de4c00e21849fd9b59d8e,c23b3a606de334c7
Training/glioma/Tr-gl_0308.jpg,glioma,0,train,1e4264366a572f72e7c688b1d5352c7f68d5f546b805207ca9d4d3473d1d1ded,c33e3a612da6648f
Training/glioma/Tr-gl_0309.jpg,glioma,0,train,fd9988ed3522fddac57d47ccb6d34a4494c7a4b07b8abb3ae8d0ebb3d166b95a,c3c32d9f74783261
Training/glioma/Tr-gl_0310.jpg,glioma,0,train,1b9eeabc3c139958e6968225ce1721e8cd042b0b6d743db5e581a091725c14c6,c6c16d9d34707333
Training/glioma/Tr-gl_0311.jpg,glioma,0,train,6888280397f65480b62cdd9c20bf4003bdbc33ae2009f71810091f7837fb9f0a,c3ed2d9e30703363
Training/glioma/Tr-gl_0312.jpg,glioma,0,train,b54d3f0ad4246e692d1ab668bcb5a8e887b8a4cd45097787419074905c954755,9b272ce2619b66cc
Training/glioma/Tr-gl_0313.jpg,glioma,0,train,e9f896eefea7b7b35723ab98a371cee1de7c27ae5073541889fd513aab4adf56,9b346cc3319ab6cc
Training/glioma/Tr-gl_0314.jpg,glioma,0,train,c428af91bb2b24612077a66117eba2b4c5586c61bf025ac00c79342e9c349f39,9a386cc3619eb6cc
Training/glioma/Tr-gl_0316.jpg,glioma,0,train,d400fb3a47744c776172280a0847315b252a7053c696b6bd8987112c2bdcd46d,cb392cb2718736cc
Training/glioma/Tr-gl_0318.jpg,glioma,0,train,54b727b3ddb0db8a1670005a3335dddfe0a72f96a7c8dbba85c510589304213c,c3c33d9e689a361c
Training/glioma/Tr-gl_0319.jpg,glioma,0,train,8961b3aac99411e97b0586bc4d06973941c58fce88147244d97755f94ab0a3e0,92c33d9f6c986549
Training/glioma/Tr-gl_0320.jpg,glioma,0,train,c9f4c3210fff0234b01c653fee7f8a94a2076bc1856970c0233d6511e381189f,d2cd2d9c6c9a2719
Training/glioma/Tr-gl_0321.jpg,glioma,0,train,ed252838bf57dc1e1c9e3b0f9613a99d67c2078579f02f888f30621ebb6af7fb,c7cd6dcc681a3638
Training/glioma/Tr-gl_0322.jpg,glioma,0,train,da1945169c54561a49289d415cf92d388eaacead611548b15cc61473d2bf0064,86cf6d9c70183739
Training/glioma/Tr-gl_0323.jpg,glioma,0,train,35ca8257e4f8fea0a409b4f1fa4a0e4d47cabed564be26363c75da0497481e6b,97cf699c34183671
Training/glioma/Tr-gl_0324.jpg,glioma,0,train,4fc67d536735a9c894b288b91790f6032ddcff686022fee8dbc6436a9016969e,974d68953552633d
Training/glioma/Tr-gl_0325.jpg,glioma,0,train,1a8ae1bb4479df2619c1cd4baf638c517f2b647998e189f6767c7d7a2fa4f635,c74f7c9461723661
Training/glioma/Tr-gl_0326.jpg,glioma,0,train,52aa0358457853c18c44531bedfeaa474ab02fb1c2b5f1a366315898a16d800d,91636e6c6c92339b
Training/glioma/Tr-gl_0327.jpg,glioma,0,train,53c0634146acde46d5f67caf0bf2c379b3a7d3c85cd7678ad5c89d0eba79dacf,92676f646c39239a
Training/glioma/Tr-gl_0328.jpg,glioma,0,train,39e45992a69d3c0e4ffd85204ae3ed861b8d774aa693907919e2f69d33b1b873,92b36bc869cd6538
Training/glioma/Tr-gl_0329.jpg,glioma,0,train,568446ee55d8dec0d37785539ea3c4991a0e758b1060a39259f4832e1d765cb4,90876ff878cb251c
Training/glioma/Tr-gl_0331.jpg,glioma,0,train,4976a9d8672bb9a1bc83c14bb805becadfc9a5c0a48cd6c1c8098affc174d48a,976c7a8d69926592
Training/glioma/Tr-gl_0332.jpg,glioma,0,train,bf76c193255f55693fcd5d778d1f9273b21d6c98bd5a0eb3a63b8c36d089c905,936b3eb569962518
Training/glioma/Tr-gl_0333.jpg,glioma,0,train,1025daddbfd860bb13e62720047be696b04478bedbfc5e572aa031b8eb625ee3,966f6b8568b6341a
Training/glioma/Tr-gl_0334.jpg,glioma,0,train,bdaeca953c97a74decfe168003ba4f9d94a645e7deb14bc62e78adf00bc4cfaf,976f69b0609626da
Training/glioma/Tr-gl_0335.jpg,glioma,0,train,7425f90505eba3d1e23dd3b5778e9c40bda431de7ba6efc74f2f027a222d3ea2,966d79b13186669a
Training/glioma/Tr-gl_0336.jpg,glioma,0,train,6be595cad8a4ca03393fe40979182b464986f5e4604ed51342cdd7589f0054d3,926d38e1619667d9
Training/glioma/Tr-gl_0338.jpg,glioma,0,train,5fe639c29ca6eb37deffe17ed08346f23efb4b313700792852535c415f3a76c6,ca3c3cc1b30e9b6c
Training/glioma/Tr-gl_0339.jpg,glioma,0,train,0a42bacc8436f6231bb0dac996ca87b34cf9844026b81b8f8ab09381b39e5088,ca392dc1f32e9a38
Training/glioma/Tr-gl_0340.jpg,glioma,0,train,a3caf1f464c3f0a34feaec7441ccc27ff20185f134935d4a6982a3f20a5546a1,da3825c7d33e9c30
Training/glioma/Tr-gl_0341.jpg,glioma,0,train,5aa54eb0d5e9d7af09506cb99497b09a027c7f79be34090098b080124eb0abd6,969a69c935697325
Training/glioma/Tr-gl_0342.jpg,glioma,0,train,1dfdb638b4d444c63a836c5f00ff0949bd967bbf4de635e2dfe2fcf36cf78d57,d3922e4d34b3e34c
Training/glioma/Tr-gl_0344.jpg,glioma,0,train,1934d3116e374353932f089c48ae187b51d12f7e7feab8598b2fefded20f18a0,96b3694c3469733c
Training/glioma/Tr-gl_0345.jpg,glioma,0,train,433fb09b71bb624d50bdfc8baff6522af86306cb9d4e6f16a4de9acdd41ee37c,93932d5a646d3669
Training/glioma/Tr-gl_0346.jpg,glioma,0,train,a90772733c4e3c93b4986b9fe6262de92ee9ec18071d03e80f2f5ab2000de7e6,92923d4e60cd376d
Training/glioma/Tr-gl_0347.jpg,glioma,0,train,ad76cdb251ddefd7e63747aa530dab363163e476420bf4336c1f44b0b35f643a,92966d8e646b272d
Training/glioma/Tr-gl_0348.jpg,glioma,0,train,b95d9f361a97b72fae0ef93b0b77e1946dfc3ab887a9ec13b16dc9ffe21da13c,91437e3c6596349b
Training/glioma/Tr-gl_0349.jpg,glioma,0,train,897f6732a2f4a14f2d9b9e063931c0700da0dc3e72794999e24520c1cf98f119,95437abd6996304b
Training/glioma/Tr-gl_0350.jpg,glioma,0,train,939d4c03fcfa981b407fb012b7ccad446e41f13bed8206cadce69b33db3fd09e,966f3be064966398
Training/glioma/Tr-gl_0351.jpg,glioma,0,train,b561106c54d79ff886ac021fa13251276fe9ae31ee9c8be3ca8ca12f4f545834,966d7ae02497635a
Training/glioma/Tr-gl_0352.jpg,glioma,0,train,f41f28c0dd2fd2c2e5816c4db669bc2c5bcecca66ed15db64053dae34659e3d8,966d68d02593b39e
Training/glioma/Tr-gl_0353.jpg,glioma,0,train,0f3483bcd8e5030acecddc52958508f454334660d4066407d11ba5ca097eba9f,87637eb461b6301b
Training/glioma/Tr-gl_0354.jpg,glioma,0,train,7774526096fbc22d83d7b80716168eb3e4a9239bcfcb5595c2b7abffa5824b53,97637a2d69963298
Training/glioma/Tr-gl_0355.jpg,glioma,0,train,486311925e786b451068f215df10ab1a1aff7136ac8b0be47b135c7d2bd69cfc,95627aad68b6615a
Training/glioma/Tr-gl_0356.jpg,glioma,0,train,74a17ffa8ce942da06b8a920212395b725cc24d3c1a2eae64fa7d78b8cd0bb90,954a7a2d72b460de
Training/glioma/Tr-gl_0357.jpg,glioma,0,train,12beb961b89c941e05c93224a445bb0687a2bda6eeb5bbec043d143e5a47f735,93696eb434d2618f
Training/glioma/Tr-gl_0358.jpg,glioma,0,train,2f0679ad519f0b4c5c7aaebf3ddc24942ce5612a0100a7911ce4904b924c438e,966c69b531c232db
Training/glioma/Tr-gl_0359.jpg,glioma,0,train,77180564406bbd01b29ea09f50113758ab3255a6fb1113f12e892063023a1f60,976b68b034c3738e
Training/glioma/Tr-gl_0360.jpg,glioma,0,train,e174de2a65ff1b4d63681c60e22ade0aece415fc02bc982242aba567584d1ac0,977a68b524c263dc
Training/glioma/Tr-gl_0361.jpg,glioma,0,train,c30c39b40433b18daf02da3656ae9d1f12c2eac34ec56c36a8cd987b0c7d1b6b,977868a135da328f
Training/glioma/Tr-gl_0362.jpg,glioma,0,train,de239ed5119fb6e69103b3d1549189e9f6ea85e9da3efeb27ea2c95bbd6de3b7,973c68e135cab68c
Training/glioma/Tr-gl_0363.jpg,glioma,0,train,916682a3290a5fe7cc5b809889453d9316d87c4696b9c06e968b7f5f12fb4e5f,97967a697018e32d
Training/glioma/Tr-gl_0364.jpg,glioma,0,train,0581751bf812a0606503ad7950c9206ce574e74e7d625fd1d0f4a92c0d2467b1,97973d4b6038b724
Training/glioma/Tr-gl_0365.jpg,glioma,0,train,2c5d2c446faa1c1471ec7cbaaa2015be2896b71f067dfd62e7e539a54ed0cd6f,969c6d4b6138b725
Training/glioma/Tr-gl_0366.jpg,glioma,0,train,b162f8564f10660c5e24d3838d431d99ac289bb587e3053530175c61c8ff6067,96963c4b6169e335
Training/glioma/Tr-gl_0367.jpg,glioma,0,train,d175e79b586c0a29651f0a4d93c9fe2100662911ebbbaa612d5eb1308ac4eedb,92632b2f6db460da
Training/glioma/Tr-gl_0368.jpg,glioma,0,train,c9fd00dfc9eb2c9ef95fd833e2c12e8f2afea6d17de72812fc32db510aee5669,d2613b372db6605a
Training/glioma/Tr-gl_0369.jpg,glioma,0,train,adae3da6d4d3bd59f8f872836a77e918fb60ded80ccc43df233d45e7245970f1,d2612fbc2db37062
Training/glioma/Tr-gl_0370.jpg,glioma,0,train,8db71d94d26cbcd6b3326f4ffd78b289240280b618ae502c76039502ff22d34b,92916f3e246d7266
Training/glioma/Tr-gl_0371.jpg,glioma,0,train,812e2c1afd3acb4ca3b6738a021ecb88567f008721966da2678e7584cdf10f6b,92923d4d656932cf
Training/glioma/Tr-gl_0372.jpg,glioma,0,train,1efc606d163a63791906e1de209fb819a514e01b47583bb6d8f20dfa94ec3be9,d2936fcc656c30cc
Training/glioma/Tr-gl_0373.jpg,glioma,0,train,b3888b18656d0f3024f4e2f3e3c76a1446aafc0f92cb2f173a37a4cfa24083ff,969678c2656933cd
Training/glioma/Tr-gl_0374.jpg,glioma,0,train,96b35c66750275a77e9d048c094e6238cc7fc8dc322818561bfe86d919ca98b6,969e68c0354973ed
Training/glioma/Tr-gl_0375.jpg,glioma,0,train,068e95856814f21cc1f2dde6064a9e267e5208a75fe12c2a0d38e722fb89392a,969a79c76538722c
Training/glioma/Tr-gl_0376.jpg,glioma,0,train,0821680aee45e961ab43be57728fc30b0d78bbe06f3f558e782f732c68e601a9,969829c36527e769
Training/glioma/Tr-gl_0377.jpg,glioma,0,train,0642904566a6a2ab4c1908d105513844601361c0245e4024a7cd2ecf97b7daf1,939869e3256fc634
Training/glioma/Tr-gl_0380.jpg,glioma,0,train,d89b2634ed0b9626660e5c26f9f5cbdc6726717d4a603a2aad7b9a3a4e09c66e,c20b3f9c60f331cd
Training/glioma/Tr-gl_0381.jpg,glioma,0,train,27a58fcbd463d877e3a291f85eb8bddf16d251160b0f6a4accf496d58e85664d,d29e2f9064633567
Training/glioma/Tr-gl_0382.jpg,glioma,0,train,4f9c7027ef70a2028315d73dd948c545726689660dacfc0dcbb4e21629bb96d3,d23f2fd065a36149
Training/glioma/Tr-gl_0383.jpg,glioma,0,train,e117cf2032c7c5a8b9ce455a75ccce4e8cadc4a4420ca4102dbc62fcb038d12a,d24f2d906433336f
Training/glioma/Tr-gl_0386.jpg,glioma,0,train,74384eae4aaafeb6e65cd8443030783e45f14658735e96e00d7fb4aa054be3c9,96366ae035cf602f
Training/glioma/Tr-gl_0388.jpg,glioma,0,train,97461c33d0efb993f42c228bbd3af1389461da385bb1bc0eb66a09ab5e6f2065,d21e69e0356332b7
Training/glioma/Tr-gl_0389.jpg,glioma,0,train,01d8419b0fa8875d1c36daf0fa7eb42db26eca59b2451ed1f0a852064f27c4e8,c31c2de1346372e7
Training/glioma/Tr-gl_0390.jpg,glioma,0,train,659a50eebe7379d7aaacf86366b690907de144408173ad3b91f59ac334c95b9a,c23e2de134c732ce
Training/glioma/Tr-gl_0393.jpg,glioma,0,train,05a6f4379006c3bfc432a98de8052b154726ba7766239825b48aa086b33c1175,c26d2ff03c9634c9
Training/glioma/Tr-gl_0394.jpg,glioma,0,train,62b9f56315b1a18de35c16f3813f846946bc6fa8fe6da9cd15aa921c67cca1d5,c2632df63c9634d8
Training/glioma/Tr-gl_0395.jpg,glioma,0,train,fdbdf9d9c4ccb9b1130be87f2e21bf193e1106dd43517198066ab77e6b48343f,c24d2df03c96327b
Training/glioma/Tr-gl_0396.jpg,glioma,0,train,22e55213df91d63684835392aecb67c38b131658faf9b740dbc0ebb6920d8779,c23b2db434c332db
Training/glioma/Tr-gl_0398.jpg,glioma,0,train,ca82f84258e3287df41abd415895b09852d46e0ab02a9fb9f4f7a55f6320fbc2,c3692db430cb339d
Training/glioma/Tr-gl_0399.jpg,glioma,0,train,e1cec0b47eee84ffb02fa19aef8fc3adc84a8b6988b3cdf0454259d36a513c61,c36d2cb030c3f3cd
Training/glioma/Tr-gl_0403.jpg,glioma,0,train,463c47a3e2e968c44d8352b3f7f3445b84520c25d78c01750d89d364ab906d0f,97496896617b9635
Training/glioma/Tr-gl_0404.jpg,glioma,0,train,85347be09d9226ee48eb4b8a2a20fd0ab1103b758920ee379f65ad65cf220302,9e4c6992376bca34
Training/glioma/Tr-gl_0405.jpg,glioma,0,train,1ea7a89c7a3a587d983f466b25fdc73ab9aa20070ec8e0cfcd2bd4297372b2fa,9a696996a6699e34
Training/glioma/Tr-gl_0407.jpg,glioma,0,train,ac4a2eae7b06618960451b988e2b33525b1c41160271b5ea70515345a81c6b86,93c33ead681c3578
Training/glioma/Tr-gl_0408.jpg,glioma,0,train,d163e657cff76a3863821e705aeddfd0a786f5d90b70c5be8dd4cfdfc9fd2ac4,93c36fa6681e3558
Training/glioma/Tr-gl_0409.jpg,glioma,0,train,4e001cad70b46661f1098e75ee6aea64e69609e2730c955660e3f46cd81cc4d1,91c36f9c683635d8
Training/glioma/Tr-gl_0410.jpg,glioma,0,train,1e54139f36d3eea9a0914c48684248dea9f866fdcd2fb7c54c01b17e5ae2c59d,95ca6ead681e3570
Training/glioma/Tr-gl_0411.jpg,glioma,0,train,f22348a3c2ef378ee1376c53ebe2776e2a839b474516e2a4f3668137b76b8124,97496eb4349e3171
Training/glioma/Tr-gl_0412.jpg,glioma,0,train,50ec77b4b14107a782a0c48d72b3d21dd2c5c16f0566661d23a0d4c4c283419c,936a6ea530da3639
Training/glioma/Tr-gl_0413.jpg,glioma,0,train,57ef1323776420d3c8c3a8546daa2f90e4498a8fe74b8df99683821b4c896380,973a6ae131c2278f
Training/glioma/Tr-gl_0414.jpg,glioma,0,train,1c8aee22fa2b40f59eaa84a0a4fea2866210218f272bb6a06c3298cc44b3acb7,973878e161c7364e
Training/glioma/Tr-gl_0415.jpg,glioma,0,train,c2dd7f1f686bbbde27b04c50234eb715c9b338cf3aa7aceef622e77ef994acf1,963868e565c7361e
Training/glioma/Tr-gl_0416.jpg,glioma,0,train,f42a9bf51e914972f1096d9efd3b78c17ca5ffa3a49be668e2b699b394860220,c3c72d9e343c7238
Training/glioma/Tr-gl_0417.jpg,glioma,0,train,27de592d3b269d5c7263e1cbc3a5542371cc279984f7de434b92bc30c2ac894d,96693b2d78e22437
Training/glioma/Tr-gl_0419.jpg,glioma,0,train,d0efd1989a56aaa20e0131e977995269b3def56134e121d7f21ccb97f07179a8,971a6cb568796561
Training/glioma/Tr-gl_0420.jpg,glioma,0,train,ff8e114aba0152cc3f776a19e6b151240626d4542c376b4ecb939bd6ade7570d,c03f2f642df0a732
Training/glioma/Tr-gl_0421.jpg,glioma,0,train,2445e2628e9d00df013f5c36cfa8f894b22d6777536b1fdb6e79d4f6462e4f48,c03d2f702df03733
Training/glioma/Tr-gl_0422.jpg,glioma,0,train,c59fb0d6eef92b7f63809eb0dc6ea7a6a879822fd4334aa3d4458e15770a0f6a,c03f6b642de46572
Training/glioma/Tr-gl_0423.jpg,glioma,0,train,d0556fc46ad0ddce7164ddf707c28b075fa719159147235a2cf226b8df35e701,945a6b2c39ef7031
Training/glioma/Tr-gl_0424.jpg,glioma,0,train,7ceea4604891c9db4bab4dffb6ac81868f64759cf1ced89ad9fe169af04aa457,95ca6a3d69673861
Training/glioma/Tr-gl_0425.jpg,glioma,0,train,34848b53228d13af3921e11b42419f4cc481bbe27c6892ff9d8e821d72936fdf,95c86a1d696d3965
Training/glioma/Tr-gl_0426.jpg,glioma,0,train,c085242b4f7c0cd50193daf230b15a3109e723952c387be2239642e938b24ea9,95c86a1f69dc3964
Training/glioma/Tr-gl_0427.jpg,glioma,0,train,fad5c3c08999176ca4df0a8872f5b9acc0a42bfd072d9ee7eaf4de7cab60e409,95c86a1f692d3c6c
Training/glioma/Tr-gl_0428.jpg,glioma,0,train,7b84b91a17f43fef07a069b25d9d2d3fdcc0c3bfa50247bc65d9b852b6bdef00,95c97a4b69257968
Training/glioma/Tr-gl_0429.jpg,glioma,0,train,2662230393873f07912b362024024c5178a6e026d1d2c7993ac3728adebfdb5b,921c6a4a6df9616d
Training/glioma/Tr-gl_0430.jpg,glioma,0,train,2eb470e23a32751691ad5781b02d6c251b87ddc630030d3dbaa4e2b8b230c49c,d31c2f6868b16d69
Training/glioma/Tr-gl_0431.jpg,glioma,0,train,9e9d106b211f0966a985cb96c5b85f1b57d8069091dbbd88df956bebe436043e,c11c6b786d326d35
Training/glioma/Tr-gl_0432.jpg,glioma,0,train,d94e37c54dccfcce55c25373ac9fd7d818543684f3a797a3b006dccc3649832e,d31c6b726d38b560
Training/glioma/Tr-gl_0433.jpg,glioma,0,train,4a3063a7825a592d679c23aa69b8f860f4c3f657feb498849ade51de417cc6d1,d38d3c686c30e736
Training/glioma/Tr-gl_0434.jpg,glioma,0,train,6c48107fa1a4612d4efba0b133737832a1fdcf507bb80bf263d38d8786b49c36,d28d3df06c30a766
Training/glioma/Tr-gl_0435.jpg,glioma,0,train,46f794f17c9b18f6eb78b0ad688a34b800a4148b81c9155bd488a14c8ccd9f35,d38f2c702531e766
Training/glioma/Tr-gl_0436.jpg,glioma,0,train,088b89dd101fa46aa11fcecc0fac1318788b1fbc3c444576d0e371072f08c1a0,956e6b296ce13ca4
Training/glioma/Tr-gl_0437.jpg,glioma,0,train,0927d867a719e4fdb1a1df229449f4192de086084d29b74873a2746e96659489,956a7b3468b52571
Training/glioma/Tr-gl_0438.jpg,glioma,0,train,d9a75a4602f48c51637cf4a72305219a9ec6cc496070f61f5123ef1308a80da8,856a2f613cb57227
Training/glioma/Tr-gl_0439.jpg,glioma,0,train,faf64741d1bec74fbb4ed1c5f6cd8d164ce54d3379873e112eeb411a4714dce5,967a6b6434f166b0
Training/glioma/Tr-gl_0440.jpg,glioma,0,train,e13f323cbaeeea75951562cc277b53d268b6ed4f099337aef746d75f90a7a0b1,87786cb172946397
Training/glioma/Tr-gl_0442.jpg,glioma,0,train,f1cd2a510893d791cd42c601bbfef0a0c2e441aac5116cbba6896c0ed3fde28b,d39d2df02461e666
Training/glioma/Tr-gl_0443.jpg,glioma,0,train,74b955a622e1aa2eabf7b006dd6b9422fce5b839d966f99a372c64e0a8e9e32e,d29e2ef065643363
Training/glioma/Tr-gl_0444.jpg,glioma,0,train,a22bb6ec4241f1bd0ffef0ec043b268cb43d477a305a5368856e23f31de9e3e0,909b6bfc68392565
Training/glioma/Tr-gl_0445.jpg,glioma,0,train,f47afbe5ed95e48b0405426cd22ddb8dbd532398b641d3d8df8d9f42c153524a,d09e2fd8786d6161
Training/glioma/Tr-gl_0446.jpg,glioma,0,train,907ad48b610d50639f6ee64fa43b56691db165a0f03116860a730b651966a0fa,d09e3fd8683c6165
Training/glioma/Tr-gl_0447.jpg,glioma,0,train,8627993c7f04b36921092f921f751051a77d35042f06c61ba643b5c387d610b3,d09e3fc868b16965
Training/glioma/Tr-gl_0448.jpg,glioma,0,train,419e1bbd0226ead957c63c5e9ff64fc1967be28a2f8db81816421571f7595fc8,c6693c96639e4cc9
Training/glioma/Tr-gl_0449.jpg,glioma,0,train,fdaf783365ed5539c823b05a25f54530c766f2b434df531c0c27e620ef128179,96693d9660c3cdcc
Training/glioma/Tr-gl_0450.jpg,glioma,0,train,448070ed5cf1f5b2918ac1d59b7e622d3daa1956e977904bd74311c771ab3d08,914e2f6538f033b6
Training/glioma/Tr-gl_0451.jpg,glioma,0,train,c5049ae1832319f045e4ad79def2487d0d46d9917b15b2da43a7f16ef75667aa,905a6f2d68f43de0
Training/glioma/Tr-gl_0452.jpg,glioma,0,train,de232e640af3469e2593d5ff3b20d80ae90be3cfc0b7ab9a1d9fa54da5dc9a3e,914a6f3d6cb03ee0
Training/glioma/Tr-gl_0453.jpg,glioma,0,train,81b310dc14e9379f848865b57f0a99c4ffb491498c3a03c249b5e351f2407dc4,905a2f3d6ce178a5
Training/glioma/Tr-gl_0454.jpg,glioma,0,train,4a6f0e10bce6f2f4a32a6f0b825501cfedcae367879b7c83ecaa6c759b4e76e1,c3683db262938ece
Training/glioma/Tr-gl_0456.jpg,glioma,0,train,a3499e12332c3b873ce57496707e730bec692d7c103d9a7cf54408ef937c74c5,93682db572b24b87
Training/glioma/Tr-gl_0457.jpg,glioma,0,train,7e64159c552d9dfda07eb0f2c64a7010fed8be2a36d3ee35e65d0d3067779317,c17a2fb072b16297
Training/glioma/Tr-gl_0458.jpg,glioma,0,train,9cba56d01deef57782da777438ceca6715567e13c27ecd19ef55221837a6dec5,916a2fb578b066c3
Training/glioma/Tr-gl_0460.jpg,glioma,0,train,7bbd78edd0ef9455c7994d41435263c4d28649cf43e10b83e16ce8533c30f10c,d04a2fb43cf032b7
Training/glioma/Tr-gl_0461.jpg,glioma,0,train,e55e17dec9c519828fc452366e565eded9b60b6ce8d8165f731b8bbc52e983bd,914a2fa53af036b3
Training/glioma/Tr-gl_0462.jpg,glioma,0,train,3f2d645fce709d692bc0aeb2b80dec95c9360dfafb4cff90bb4bf210ea933092,c32d3cb230d693cb
Training/glioma/Tr-gl_0464.jpg,glioma,0,train,750829203882d1e608e00e8c5a307a982255e1cc1ea1eb149c08cff929d8d8fc,d06a6f2d3ce03d34
Training/glioma/Tr-gl_0465.jpg,glioma,0,train,011e0b677af1385c05538788d7bc0349a7e81e0fa973f9d7793ca3a68b40cc3f,c26d2fb4343271c7
Training/glioma/Tr-gl_0467.jpg,glioma,0,train,c99457dca5234e8fcf5fcd318c3a82502770f0f6d888a73557318764dca867fb,c06b2f343cb47273
Training/glioma/Tr-gl_0468.jpg,glioma,0,train,7383dcd7769b6386a44c7990b3237c099008537466e2f6e67d75ab24a09d1a17,d06f6f642d357070
Training/glioma/Tr-gl_0469.jpg,glioma,0,train,24c3436839fbea88a8c312a483903fa22d7b532835beec49b75576521ab9768d,d06f2b643db57068
Training/glioma/Tr-gl_0470.jpg,glioma,0,train,e910cca1b5e969461057103514b9b36671991a9a5896dae28a18c846f94b0f7a,d04f2f6c2eb53470
Training/glioma/Tr-gl_0471.jpg,glioma,0,train,f2531637860be2e479dcc748e8f7eed6ca1fed58c2894910f7f513bf34e5a220,d04f2e6d2db47870
Training/glioma/Tr-gl_0472.jpg,glioma,0,train,a883a14a4b2575deb37ecba36e32437c95709c04db4e2d919c85febb670db276,d04f2f3d3cb43c60
Training/glioma/Tr-gl_0473.jpg,glioma,0,train,28a43ee1ee4b5015ec7cb9d375eafd23cd457bf3fe120bfdf6344af682a5d08d,c33c683131c736db
Training/glioma/Tr-gl_0475.jpg,glioma,0,train,425524aa16888f7c9180f7c0e183d903d120cb947c4e76ba0f8a99c1d4815751,d33d687839e42693
Training/glioma/Tr-gl_0476.jpg,glioma,0,train,c8a417d03ebe2f17daa2c7ed5882bdfaab8b52a3341e739a39dc340be3fbd5d4,933c68713de46593
Training/glioma/Tr-gl_0477.jpg,glioma,0,train,a58027e12e6ce7cd27609bf6ddc7fc44076cf5f9ba027723795267b8e004bddc,d33c6a7839c66493
Training/glioma/Tr-gl_0478.jpg,glioma,0,train,ec879552853b48a3abe4b815f1f89b63c935141f6fadae6b2dc8aa9085d960a7,933c6b7869c62d92
Training/glioma/Tr-gl_0479.jpg,glioma,0,train,0674369c2876111543ed2bde312317bf81b5290b6e7d292e69cdaa1add0ab9b2,c33c4a7a2d35786c
Training/glioma/Tr-gl_0480.jpg,glioma,0,train,755ef3331d7c0754c1bb8526d108ecf7f401212e2adde72b55449f626561001a,d3344e3f694c2539
Training/glioma/Tr-gl_0481.jpg,glioma,0,train,3c32ad793417f4407d238f3afcf6544edf51918ccf064da97536ce9cac924f8e,d3346f39384c3d34
Training/glioma/Tr-gl_0482.jpg,glioma,0,train,341a0c1d24429b881b1a69f4ab6f6cc7db98c2e13d9103ac228c3e300fe0eb69,d3366d69304d9974
Training/glioma/Tr-gl_0483.jpg,glioma,0,train,31a66dbc2273eb926ce47c9a94baaad3f02f2988e1b8f4ebd52d529717d4f6e5,d04a2f9d3c68b53c
Training/glioma/Tr-gl_0485.jpg,glioma,0,train,482ecce59be31d83fa5b19895dd8288f22d63f598721ac1137c8d68a9e2d3398,d05b2fad6c69603c
Training/glioma/Tr-gl_0486.jpg,glioma,0,train,2d43a597fe955d40d0c81b969a7a1d3b9937bbe9c0dc82483a291779ac144d0d,d01b2ff86d6470b4
Training/glioma/Tr-gl_0487.jpg,glioma,0,train,cfed8e5c64ce3ca9965561729fc6c2827865e59c7ac2d471c2f35300c3a14b7f,c0cf2f9c3c34713c
Training/glioma/Tr-gl_0489.jpg,glioma,0,train,aa4c3f0556d047395e78bc6cf36b728c8a49d6346af5ac29754b3671381fb479,966868a73393669e
Training/glioma/Tr-gl_0490.jpg,glioma,0,train,864847f9b5266251a4e521ec4097c537a607b3a865456ac35e6441e315603bd7,976868e563b731c2
Training/glioma/Tr-gl_0491.jpg,glioma,0,train,bdcbaf52731861604b6cd93aecf38ca7bd22dc78ed0d6be8514d02aed384b6d7,9669696573b13496
Training/glioma/Tr-gl_0493.jpg,glioma,0,train,09bfb03f1a852a31935843ddeb0223d1462bb6646e61faa0c9ca67ccdce020d2,93693e6469b164a7
Training/glioma/Tr-gl_0494.jpg,glioma,0,train,6d2e91b9e0aa841770b39255efbca228702b4cc134b16617c4b13b46b9c8802a,976c2d7068b53267
Training/glioma/Tr-gl_0495.jpg,glioma,0,train,f38ee99af3aed067cd5b8f3c13e51100b76d8056cbbab64c785a7b4111c1f1e5,974968b6613263f3
Training/glioma/Tr-gl_0496.jpg,glioma,0,train,bf9115dad0dfce1a3e44afddfa4a536bfd074c73a52b63604ffa47b4166473e1,964969b4653265b7
Training/glioma/Tr-gl_0497.jpg,glioma,0,train,91ab2c7486cac4945d4c371208753cecfa11bdec37753605b0ad08e0e16b32c0,97496c956166e137
Training/glioma/Tr-gl_0498.jpg,glioma,0,train,e7da44b41dbe1e2452c0121c1298c594d5b828c06242569700dd6e23806640a9,97c978b565346163
Training/glioma/Tr-gl_0499.jpg,glioma,0,train,89efaad5bb10817d36b6041b367bf801c37e18818a384f33b8964ff2d96bf75f,974b6eb561363131
Training/glioma/Tr-gl_0500.jpg,glioma,0,train,2eeb734b3339cdb05eb0376fd157f30933d4c2d21cdd03fa2434054c43207b74,974b7a8d69346961
Training/glioma/Tr-gl_0501.jpg,glioma,0,train,6c5696c153f1c5a74602ba980415ff2837815b842aade7cfff2674330b9cb532,97c97aad6c356130
Training/glioma/Tr-gl_0503.jpg,glioma,0,train,f5a409fbf510cbc4c80ad88dd9ff271aa7ef0aa856f441d5a847022969dfaa96,96c97a1e6d3c6039
Training/glioma/Tr-gl_0504.jpg,glioma,0,train,0f899a899f043fdaef29e3ecc8dbd00e5aa4256ed615ce2247c8312957966b5e,c23f6d703c90b6e2
Training/glioma/Tr-gl_0505.jpg,glioma,0,train,c85eda62f089c7ee6d1da118a85d16611a8ee34ab468e1a035d0ea24c91ead09,c23c6d6035d336e3
Training/glioma/Tr-gl_0506.jpg,glioma,0,train,ff24be9146ea7aeeae7d2022e99b578cba773f2f3ba667abbfb9e0aaa228724d,c3c73c9c343d3370
Training/glioma/Tr-gl_0507.jpg,glioma,0,train,9c955bd2271cfc8fb0c5eb7417362aa225c7b97071faae773cf3de34ce7b7619,c3c73d0e7439b234
Training/glioma/Tr-gl_0509.jpg,glioma,0,train,8dd4f1f3cecb326034576d714ba4d411f8c7580d52762dbbb6fa2c2f42bde24d,cbcf3c0c3238e333
Training/glioma/Tr-gl_0511.jpg,glioma,0,train,b9a462874427878d34de10e19b1a16d99d85a6f07b3a7fd83d36969827ac02ce,973e6ac1214b374d
Training/glioma/Tr-gl_0512.jpg,glioma,0,train,75ba8e88e4a4a84e67c965e2b610f998fec24774cee093ebcb6ce083282ff99b,92322ccd6d68734f
Training/glioma/Tr-gl_0513.jpg,glioma,0,train,727e0715ed529c74ae029a20c4c83543cbbb04cbf3517350524870bb55ec5ab7,c2322dd9386d65cd
Training/glioma/Tr-gl_0514.jpg,glioma,0,train,6d2264bb8b8577057f16a146432f80d4ccb7f55060bee0db7ec9e8c6b4e766a7,971869e13467727c
Training/glioma/Tr-gl_0515.jpg,glioma,0,train,e9d0773e8f8c794c255a6b52105939c4a33815494f105fef41afd27d2e8dee5c,963869e325c7b23c
Training/glioma/Tr-gl_0516.jpg,glioma,0,train,f15e799ad35a3fd2926bac26d89763d8b649815ca2eaf86d6db243debaa696dd,d3332eec344931cd
Training/glioma/Tr-gl_0517.jpg,glioma,0,train,bfeb2b295be6fe30551775674f7b55e791c946af0d6f445e065b89d081e6c28e,c3332ee024cf65b9
Training/glioma/Tr-gl_0518.jpg,glioma,0,train,2b0a2d9e3687004adf3d7bbc32ad460c9ae19891ad9171ee6aaa041228c07b69,c3336ee034cf238d
Training/glioma/Tr-gl_0519.jpg,glioma,0,train,74b9aaeac5b6c76b6eec2caec56859b7d18eeecb14cdb0d3517b1076f5a603a8,d3366ec424c7722d
Training/glioma/Tr-gl_0521.jpg,glioma,0,train,a8caaddc12d31cdf29179a34e672cb6b2e78132b88da67bf93577f871806e302,973e68c025cb723d
Training/glioma/Tr-gl_0522.jpg,glioma,0,train,fd227cd5b122a011880a047c262908aeb7ff53bb8e5700e677ac0e0484b4ccf7,879c6cc92563323f
Training/glioma/Tr-gl_0523.jpg,glioma,0,train,e788bbb90cfbb6a0c24b312af95f55393178f78cf351a42a9a54b1a5c33c4c72,971e6cc1614f366c
Training/glioma/Tr-gl_0525.jpg,glioma,0,train,96af5f3ce6c969a6c2b5b10d14ac2512cd6e6cbe5ccc4fb2c41e7e9dd43022c3,963e68d061c3673e
Training/glioma/Tr-gl_0526.jpg,glioma,0,train,e5ce1182aefc8d6603ea9584266457875856e56f1e6e0792619329d04f7cd29c,973c78d161c3263e
Training/glioma/Tr-gl_0527.jpg,glioma,0,train,4c567fbaa25a71ab4857a57b1e60320399cdb90849b8a7267f53dc055af92284,97e66a4c6cd93198
Training/glioma/Tr-gl_0528.jpg,glioma,0,train,d002b2febea870d2e114a1a1778f3ebc2a5d0584edc80469d0e5622754a45fb3,97917aca3c8d61d8
Training/glioma/Tr-gl_0529.jpg,glioma,0,train,8ce056a76f3470c5744f43664c53875c31ebc8e01412c24e92bf1851621cffc2,97937a983cc9619c
Training/glioma/Tr-gl_0530.jpg,glioma,0,train,0e523c97f43ff4f404ace578bb9499afce5820e137952fa931d0b824dc721083,979c6a992c49719d
Training/glioma/Tr-gl_0531.jpg,glioma,0,train,7c0b2d6da043b413415f0426667762c07e3117b9c7897a681078032d414cc4a2,930e6ab12ce371cd
Training/glioma/Tr-gl_0532.jpg,glioma,0,train,5cb7473e427a08c658e1908397967197b73915a1f5301b919dca2875849f0f1e,913e6af12cc1738d
Training/glioma/Tr-gl_0533.jpg,glioma,0,train,3d7734e512088d21c92f42d0f7cb921988cc49fe3af749df979292714b570f4b,911e7ed164c1730f
Training/glioma/Tr-gl_0534.jpg,glioma,0,train,241d8a953a8baece58248ccdfb8784867b9315fd6022470562172aa15a86ed8b,960e7bd06493716b
Training/glioma/Tr-gl_0535.jpg,glioma,0,train,64d1bf66084a118d42b1a3c5f96bcd2cbabc802a564a4665a01e4932f150a4b5,d3936f3d3cc2308c
Training/glioma/Tr-gl_0536.jpg,glioma,0,train,d83c0007e876d643a585bd7b57d113d3aac79cb5f9a0891e22f44316a7995d54,d2b36f3d2cc8348c
Training/glioma/Tr-gl_0537.jpg,glioma,0,train,8a0a10544401be1bec08667c0154678bf2905895fb9c71345ee7564e5ff82a5d,c22f2dd07063733e
Training/glioma/Tr-gl_0538.jpg,glioma,0,train,812cb334f6c7ffa7d04c7c094ebf12050cf98dd37963a68106f822f0d0764d69,d3d36f3e344c30c4
Training/glioma/Tr-gl_0539.jpg,glioma,0,train,1f5231331bf6069eaac9a0f0558e679ca42a6f666a0c6c297ad027a086015347,d2932fce64cc3478
Training/glioma/Tr-gl_0541.jpg,glioma,0,train,6f635d93d0689e9fd3d8684e6d091ad86ee12e25a845801df826c02380ab5e90,d3cf2df16436304c
Training/glioma/Tr-gl_0542.jpg,glioma,0,train,8768fb1d6e02aede47ae6865c87fb42a0e1ca7ed0115af0283cb79c34303aea0,d2ce2fb16473309c
Training/glioma/Tr-gl_0543.jpg,glioma,0,train,e56cbc1869472365d33b624e0166e8fa2908fd7532857eb908720b68378417d5,d3ce2d9964b2324d
Training/glioma/Tr-gl_0544.jpg,glioma,0,train,931959b95b5604cc0d84886f055f8b58dd82c1391990d7732617078669c5b671,d32f2dd1349c334c
Training/glioma/Tr-gl_0545.jpg,glioma,0,train,16f37a1d2a06a6f3694b471440448549e4e59e092b7d822bf6eafc10276bdb3a,c31d2df03463b23e
Training/glioma/Tr-gl_0546.jpg,glioma,0,train,5fe681ba2420b1d07c6856574159dbd6dc125e2692958b25b802a8c869f15818,96d36a1e61c9372c
Training/glioma/Tr-gl_0547.jpg,glioma,0,train,2eaf2650abdd0599020dc131cedefcd766ed52edf14de2c35d0dce9602e82078,96987ccd61cb3724
Training/glioma/Tr-gl_0548.jpg,glioma,0,train,c108314a5ea13f708c8c2b2cef6d5f05fcb5c55a7f97459f487a279db8aa7c3b,909e3c9961d9276d
Training/glioma/Tr-gl_0549.jpg,glioma,0,train,d89f3895682c538fedf2826fb98415fb4a44be396421a9669a276e24ddadd118,92c9399961db6665
Training/glioma/Tr-gl_0551.jpg,glioma,0,train,0bc1d8ec02672c1c9af689925f353cf01f299d641b4fe113edb273df251403a1,92cb3d9461da372c
Training/glioma/Tr-gl_0552.jpg,glioma,0,train,5f3f8753126a347d96421df92b09a7978bf257ea147d6d45a1bd79929e4d8cda,969a3cb4614b372d
Training/glioma/Tr-gl_0553.jpg,glioma,0,train,f5f123edb7f1472d64d85604b97fd69f49bc36b198bd57b952c31a6486b5ba1b,939968b4654f6369
Training/glioma/Tr-gl_0554.jpg,glioma,0,train,e83c18ae5964d272dd910a4d356770970aac57002cda4cd106f38e84585260cf,971a689465cbf338
Training/glioma/Tr-gl_0555.jpg,glioma,0,train,89e93c4b742c1ff9d0cc26b2699974f66b399de24551d547763eece14b860250,933938d2654fb668
Training/glioma/Tr-gl_0557.jpg,glioma,0,train,5c9c1fa28a78d07ecd55e28e4efd5dc44902f951282758be6f5a95cc54233dc5,c3c3699e3c1e7468
Training/glioma/Tr-gl_0558.jpg,glioma,0,train,4e1f38dbd3cbc1c13189ec9103fc245111c2c512d13b77cd352e96e9fe386cf7,c3cd6d9e341e26b0
Training/glioma/Tr-gl_0559.jpg,glioma,0,train,b6f62fcf0ac1f96c996638c97ed9b3f2a0d5844928baccecd666865fc105c533,c3c36d9e343c7238
Training/glioma/Tr-gl_0560.jpg,glioma,0,train,98fa6f864418f49df93ccf4eb9f01e11d22f9c1ec4f8ce75e387fcf0e1d6d39e,c2c76d1e3478323b
Training/glioma/Tr-gl_0561.jpg,glioma,0,train,0e9b7ff58543e6357f751c5f5edfff6c8181b999fbefd7f1f60e7223ef18f0f4,c3c76d9c34613333
Training/glioma/Tr-gl_0566.jpg,glioma,0,train,75d7debb47274066b52cb0eaa88c1fd0a41137c76f7dcb00e448ad2c8bd8dda8,92c83f8d68deb438
Training/glioma/Tr-gl_0567.jpg,glioma,0,train,dec0ba18e65bb3d9c92d1dfcf150776615923cbf963bcd492c79f5fd8aea20eb,90c86e1f38c7bc3c
Training/glioma/Tr-gl_0568.jpg,glioma,0,train,38eac86071f9cfdf1708f1dc39281b7b80502a048a7ad590099e2a85caab60c3,c29c3f6b2d8d6170
Training/glioma/Tr-gl_0569.jpg,glioma,0,train,bdf069fc0e897813fcd8331f0b8e11479d0397fc21ea7bf9f024dc7b48511488,c2cc2f0f7c783334
Training/glioma/Tr-gl_0570.jpg,glioma,0,train,e21a195ac3b0e74cd7cff31bcfc12069d80a6ae20a2d77bfbe92777460bd0a17,d24c2f0f3cda3a34
Training/glioma/Tr-gl_0571.jpg,glioma,0,train,9a225854ec58ebbfa20c9d6d9fe5c3727c1673b5a2cee28cd141ccd02f07c7f8,d28c696b3c377324
Training/glioma/Tr-gl_0572.jpg,glioma,0,train,5149165851e477541c5880e4da09e79bbb3b1fa04c0efceefb1f26ac244824ae,956b7a2479b16171
Training/glioma/Tr-gl_0573.jpg,glioma,0,train,b9cb2dade3908c3a182f4ffc4dd818b25e3a28ff37f61b8426de3beae0626b1b,955a7a497827296d
Training/glioma/Tr-gl_0574.jpg,glioma,0,train,a9fbeeba8d2030be88fb39755167eede64ad06b4e8d251396ff9e76cde5909a1,95486a9d78e52d2d
Training/glioma/Tr-gl_0575.jpg,glioma,0,train,5d5c1e00c5f99eea25c84c9240d1f542ac97546875664edba83c2dfd6bf423f3,95487e0d68b46d3d
Training/glioma/Tr-gl_0576.jpg,glioma,0,train,859245af672347f510bc2d402b6b8ee8a63a51dd65b6adbe584945aa0c452f79,95486b3d6ac43c6d
Training/glioma/Tr-gl_0578.jpg,glioma,0,train,02bfe4f1d099c56a594e22f38e3a2d871d4f35dcb3dd437a2a689b3d416066e3,d16e2fa53c316436
Training/glioma/Tr-gl_0579.jpg,glioma,0,train,23090ec67dc2c440e93b79ba7eee4a61d06bd1c16b5d9c27cd3c348184c6340f,d16d3f693c307036
Training/glioma/Tr-gl_0580.jpg,glioma,0,train,bca5248176831d0053f79b7b012769df3d4f82bd474eb80a107c8ab733be89f6,907f6a4d3d743431
Training/glioma/Tr-gl_0581.jpg,glioma,0,train,d1954e9e9dc3737e342fce43eca067252f280569d70c49a66f4441dd0626b900,c33c6c3570c38ecb
Training/glioma/Tr-gl_0582.jpg,glioma,0,train,6d59816aab34c2a9c4bf0a86cae826a3f39e6811a623ff15780e27dc733752c6,933c6a3564936ec3
Training/glioma/Tr-gl_0583.jpg,glioma,0,train,bb1d4e4ac031e50213341b24095a760adfd8c6a749dad936ffc89c1a0eaa3a1e,933c6a2db1c63693
Training/glioma/Tr-gl_0584.jpg,glioma,0,train,53151578f0d8ab8e8294f29fe3861ce7824ec29b9b9767268b42704e189d63d8,923d6a2ca1d37297
Training/glioma/Tr-gl_0585.jpg,glioma,0,train,01e8a623aa95f5f49d373fa213ac80ca860d965353d2ba1ea89d5de481194095,873c6a2c31c3b6d3
Training/glioma/Tr-gl_0586.jpg,glioma,0,train,ac292142bd50c92d6162d7dc1ac5c5d06a1ebb41068ec47935fa3efece15ad26,933c6b346195b2cb
Training/glioma/Tr-gl_0587.jpg,glioma,0,train,4fca40cfb9efd0f90d6cb962a6151468ccd82c11a1409b054ef2ceccb50c4141,933c6b346183b68f
Training/glioma/Tr-gl_0588.jpg,glioma,0,train,8bf5212ef26a82a89126fc131a2f33da645f168b5c1a9a7d016c66933820a0da,d33c6b602593969b
Training/glioma/Tr-gl_0589.jpg,glioma,0,train,75a09cfd49c5ac551934908ca3c9e015af5820748ca7a6d42852c024ac745df9,d33c69b324c392ce
Training/glioma/Tr-gl_0590.jpg,glioma,0,train,bcc84557bdc198e4fea8ac1ec54b232f32bb09259abfd1e70a9bc233fff8859f,923c6d3364c393c7
Training/glioma/Tr-gl_0591.jpg,glioma,0,train,9fe9f3af5c25d8ea5df10e33ee5e81d27dee1622abc34b9dd2e5b59aa8ec479a,936c39a464b39787
Training/glioma/Tr-gl_0593.jpg,glioma,0,train,2ce2ba6ce34fd6a4fd9c69c2deb0346b60db3bdb4d585abfc45acc9aaf80af9f,933c6c656591b363
Training/glioma/Tr-gl_0594.jpg,glioma,0,train,290c1b3a43fe0cb68206a0562caa274beb79d3cfccbb023c7f9494667a113788,933c6e6538c33173
Training/glioma/Tr-gl_0595.jpg,glioma,0,train,7b1b5ac2aa19e3adbaa52afce28d28d931dde36d2476c9dedf47ccd8f681c4d4,926d2f266ce1b136
Training/glioma/Tr-gl_0596.jpg,glioma,0,train,441f023eeb084cc6df5e4b960b5ec74ee6d7026f2f054992b93eb00605a4a7a5,9669783569c36732
Training/glioma/Tr-gl_0597.jpg,glioma,0,train,03c58155987754ea0da2013cc4f475e31271691a07580217066e0b78e8a79400,95da6aa53869a167
Training/glioma/Tr-gl_0598.jpg,glioma,0,train,533bbce37707be67541cec0329d40f70475494083b0e75544963d6abcdfafedf,959a6a8d7861b535
Training/glioma/Tr-gl_0599.jpg,glioma,0,train,ff810aaa5ba9b8c1afea26bb92647a435613468ec33f267a9884211ac6982e76,95de6a953869b431
Training/glioma/Tr-gl_0601.jpg,glioma,0,train,c345c057fd409cc81174a2be89eafd61eda184f38a251718cf7286389784707e,95ca6b1f3cc03539
Training/glioma/Tr-gl_0602.jpg,glioma,0,train,cac35c2ab0ba049710c60a1a1fcc6c4749de777cdd3fcfa896f9cfd79491daef,851e6b1f6c942579
Training/glioma/Tr-gl_0603.jpg,glioma,0,train,9d505b82142d5872dcc175afc086f9890608df633bbdacb949df9acc2fc22918,c11e7b1f6c963c60
Training/glioma/Tr-gl_0604.jpg,glioma,0,train,28ee8279c77168158d00577decbb916f1213f718e5259599ad6f4882a434f7fc,d04b6a1f69d23de0
Training/glioma/Tr-gl_0605.jpg,glioma,0,train,b8500e145b71eb7dc63d6d0ddf202b329112e726fb5d0717856a5728a14d6dd4,944f2f7078257372
Training/glioma/Tr-gl_0606.jpg,glioma,0,train,d4b65f650d1a022d6a9ef5d3b2b0587c532a81df26a4c01766be92fdc595aad8,944b2ff46931f470
Training/glioma/Tr-gl_0607.jpg,glioma,0,train,69ab7368fed35dfd6ab43b7054334d5014ae2a4204883d4cc818ef7d5ac67f3e,944b2b7c6c35e46c
Training/glioma/Tr-gl_0609.jpg,glioma,0,train,e09b9d771110f0f503e502ffd8c0657e2fbb91f29c636406566db390429ef4be,940b7b4e2dd36c70
Training/glioma/Tr-gl_0610.jpg,glioma,0,train,9b4b45be8aa2fd72dfcdfdf9808291f2ec01854c20fd299598f36bcd85df663a,d00b3f583d722c3d
Training/glioma/Tr-gl_0611.jpg,glioma,0,train,ee64506c6092418ca6a1f1ebc1ebe43fa84cf319fbe4d1a27f04f93b14a871f0,d04b3f1a3d5a2535
Training/glioma/Tr-gl_0613.jpg,glioma,0,train,59d6bf8718587af4eab4eb1871b47b5cb649d7c6562354501068a11baa1e874c,d04b3f4e79493c70
Training/glioma/Tr-gl_0614.jpg,glioma,0,train,09d64834e6fe85af49a76e41bc581e0e5b742977d6292be79b97ac2f2f459e47,87682e3d61b033e7
Training/glioma/Tr-gl_0615.jpg,glioma,0,train,fe01f285bc1fcd70cb614883f37449e77142cf8abde2acc2e0af7113c5b7be5f,87687e2d24b23337
Training/glioma/Tr-gl_0616.jpg,glioma,0,train,e41d89dca126eb796be9803dffc66535278241adb5781efd9d478e4b63343d34,97683e35693621d6
Training/glioma/Tr-gl_0617.jpg,glioma,0,train,1a08225718bf7c49d162db75aee767992258d274904354316768157eee69e86c,9669683d343633c7
Training/glioma/Tr-gl_0618.jpg,glioma,0,train,780c475cf02679f11b41cc8a2ffdee8a594de0f71d7faf9c47822fd7022b3dea,96693c3865b2639e
Training/glioma/Tr-gl_0619.jpg,glioma,0,train,2db048b06639bbef680c94dc31aede956ff4aab5002fdc97673e14134fe0fd2a,da613c3160b3e79a
Training/glioma/Tr-gl_0620.jpg,glioma,0,train,18424ac3d0989801a8b999f8130dc8ede400f885d289810db7a50fc6f6e3127d,9b6538613699c3cb
Training/glioma/Tr-gl_0621.jpg,glioma,0,train,939f6c112f0a7c6b1582574cb8c0d7f4ac0d279695b23b0212a2f6169e537d20,973c7a6439b561b0
Training/glioma/Tr-gl_0622.jpg,glioma,0,train,09d7d811a8abb2096aa7072537aa2bc36af47942196a749f4c9b880f36ded04f,973c7a6338372562
Training/glioma/Tr-gl_0623.jpg,glioma,0,train,36bf8163c2a6e9714f50577d143f4f7b7b08e3f2e7d69a05db0d35415b85bb32,972c6a717867a525
Training/glioma/Tr-gl_0624.jpg,glioma,0,train,5178064500010670bf32a93f5bf038ff7f40bf17355f31682ae6b61d70945c38,97317a6868b72565
Training/glioma/Tr-gl_0625.jpg,glioma,0,train,60aa9bdf6019afb92c8247bd325cc680f99424454f21c940821cbd2c85e138c4,97317a6a69b66161
Training/glioma/Tr-gl_0626.jpg,glioma,0,train,f7c7891101fc4b7a8e472522e6b8895150705e1f89dbc7ef9cc89efe08dd4eca,97686986729bd94c
Training/glioma/Tr-gl_0628.jpg,glioma,0,train,505a22aa36bda72816c1e446022d365df03687bfc27e1bad31e6d9cc8881d860,95686e2d78e53538
Training/glioma/Tr-gl_0629.jpg,glioma,0,train,4ce3c0554b88a5624cb37ea02553a30a418b23a960e8082d8c78c2797511f8d2,97686cb5729729c2
Training/glioma/Tr-gl_0630.jpg,glioma,0,train,3a353ca30137feceeac3a45fccac83c7847997d7e604fe6d33e259b6ebec1d91,875a6ca53a9761d2
Training/glioma/Tr-gl_0631.jpg,glioma,0,train,a6121d814a67f1485bf521d9c15903d900bc1822f52b2674a4ebb101065dc795,977b6aa47a9524c2
Training/glioma/Tr-gl_0633.jpg,glioma,0,train,84906f01576d2ffa12b39d06fe95b6bedb47004b02e0814ebc469ad5532a0aa0,974a6e252d986337
Training/glioma/Tr-gl_0634.jpg,glioma,0,train,e0b854fb28a34150ce88bb074621bc8ffc535334fd062f38259c09c051c17605,95487e253df06336
Training/glioma/Tr-gl_0635.jpg,glioma,0,train,bae878cdcf2cd700f898d6e2ac28a9641d1517227a083e13ea5ff2ae7671ea26,956a7a6d3c617074
Training/glioma/Tr-gl_0636.jpg,glioma,0,train,d7a7408457e36875356240f726431b7e7974524c2699653b820bf980a706fffa,976a7a2d3c616534
Training/glioma/Tr-gl_0637.jpg,glioma,0,train,5c166b62aadf08f2cfd45c50030ca6d2b935960b0fb00c988e79e023204d80ac,87697e2d2c367162
Training/glioma/Tr-gl_0638.jpg,glioma,0,train,373601a93c3197b7abff5814b1ff0b37f225ee18b0a56107297e28962a341726,d2693f6938346476
Training/glioma/Tr-gl_0639.jpg,glioma,0,train,964f4ef1f75c63e971b2d354a16e2caa0b10c4e6437327983379d36464078211,c6493b2d69e46c3c
Training/glioma/Tr-gl_0643.jpg,glioma,0,train,fc7cab7f74d32ac5dfa00e16cf21b8d3d9b4ac568621b39c225138359b53433d,c36a2f2d7c763130
Training/glioma/Tr-gl_0644.jpg,glioma,0,train,7b42c238d052e2760e3e48bb735156457d91da6147f902002d7b55f2784c8507,d2692f3c79b06631
Training/glioma/Tr-gl_0649.jpg,glioma,0,train,154def0d71c3c9a1b6d709a9031d2e9864122399044a06b8196f3ccac2cea295,9a6161c6779ac94d
Training/glioma/Tr-gl_0650.jpg,glioma,0,train,0d6f3b916ee7ce363ddff7d10fa4ae3ec4138eb058165eb60d1bf2edf5401128,9a3969c72692c9ce
Training/glioma/Tr-gl_0651.jpg,glioma,0,train,6b7c4300a8844b47dbd81cb1505246c16fd439145699779161561a7a2ea4b46a,963868e72796989e
Training/glioma/Tr-gl_0652.jpg,glioma,0,train,e252e4d5d6576844b151601ea867ac649fd13b136fb4eea3ef6194e4fe5990ad,963869e32696d89b
Training/glioma/Tr-gl_0653.jpg,glioma,0,train,23c3b74da24c2a8fdc3e51d04739ddd8ecfe3b2060df355826b0e85db493ab29,963868e33d96b89a
Training/glioma/Tr-gl_0654.jpg,glioma,0,train,f107085b7fa9aec8a9d54a7b8d0bb1a1b17d911b5c0d69b4ca8fee00c7e480ec,963c79636497269c
Training/glioma/Tr-gl_0655.jpg,glioma,0,train,21cace899abcfca74034e54eb83f64524ff9df31375fe3aef3667a44b6967500,96397861359736c9
Training/glioma/Tr-gl_0656.jpg,glioma,0,train,11a0d7cef3915eea27247eac30eee814e16a4eb04bc1e9209060cea86fe4adf4,972c78616587369e
Training/glioma/Tr-gl_0657.jpg,glioma,0,train,bfc18322c0d31c4acbd1cfa46c6040663613d606f58da75483c6bd3090014dd9,973c686135a7c636
Training/glioma/Tr-gl_0658.jpg,glioma,0,train,e11e00bf32511034e4e1b1bd5659237e79b314293395b7154763b1ca4624758d,946b6864e5c69bd8
Training/glioma/Tr-gl_0660.jpg,glioma,0,train,7c74b701dacceb72206bad6a9d2bd8700e6643d78dfc34ecb2df2e84efd58f7e,976a2c69b0b686cb
Training/glioma/Tr-gl_0661.jpg,glioma,0,train,6f418daad2638ffdc5ef7938bad2b9886ca0ab01ece3571b694cadea910998dd,97682d30f286cb9e
Training/glioma/Tr-gl_0662.jpg,glioma,0,train,132dd96b3c39e192c310a0aa1b74a80abb3d8739c57b1d6c23f1fb14be7113a2,97683c31f386ca99
Training/glioma/Tr-gl_0664.jpg,glioma,0,train,a13de84c80980c20b2abe8736a9f7bf227478a7f097b1688f954cc8174d1600f,93692c23d99e4d99
Training/glioma/Tr-gl_0665.jpg,glioma,0,train,b82ecf8d54044e3481e084a153a445f128d7aed57a9f1083e70ef6478b743307,942e6969719716ce
Training/glioma/Tr-gl_0666.jpg,glioma,0,train,e3e6cf84f3d7d99d6538deb2055a0f22023858446699c83abbb2d253af7f5a39,947a6b3c65a323ca
Training/glioma/Tr-gl_0667.jpg,glioma,0,train,77b8f8bd002b0cb80f52b67c91d7e8b400e2c61594db8cc36fefccf52481fb77,952e6b3924e33786
Training/glioma/Tr-gl_0668.jpg,glioma,0,train,4dad5571a5f85323726f826b24b204f4c567ccf4e0e73be3b6243705ba5ccc40,95687b2ca473a786
Training/glioma/Tr-gl_0669.jpg,glioma,0,train,da0b70581c239e4d2b94b13c575543dc72b3b2bca97e5d1fda4e63cf30adb14b,94386b3ca773b486
Training/glioma/Tr-gl_0670.jpg,glioma,0,train,80bd84ad503f1768c444887ef3d293d3c7300b61c562609da051c4b817c0570c,913c6b2cb162b7c6
Training/glioma/Tr-gl_0671.jpg,glioma,0,train,594c409bb118e6b5789e6d61ec3624275da51e187333eb00b13dc2a494678963,97682e69b126a69b
Training/glioma/Tr-gl_0672.jpg,glioma,0,train,571dfa441fe5aedf71ad1f9de29a049bd2cf10c92e65e8e4db32246f19631e59,97683f68b1e68386
Training/glioma/Tr-gl_0673.jpg,glioma,0,train,05047923ab2e7aac904ae2ada27a056c57bd574b65b2190af2ed6acf2feabef1,9e69699673c68499
Training/glioma/Tr-gl_0674.jpg,glioma,0,train,7e5ce98f7e99e9f8ae90aaec6d318d553de5453d89ea19978a44cbc788aeeb28,97686c933266c99b
Training/glioma/Tr-gl_0675.jpg,glioma,0,train,c574c46422001c09b87ad40fa1572f0b098ddb154b2b3eabb49ab33b652834e0,933938e46666659b
Training/glioma/Tr-gl_0676.jpg,glioma,0,train,38549c438be75f9a6a1d1dd928e87f1fa7a5be078240a378f79f3d41835afd7a,926f39b464c66c93
Training/glioma/Tr-gl_0677.jpg,glioma,0,train,89750b50dde2a10065f63be14d4c150ebd5befa675b81b55b2e9066d7846724e,926f3bb424927993
Training/glioma/Tr-gl_0678.jpg,glioma,0,train,a2ae00d6be22e019d7e5e0afd09b783cfdabc57d94dcb6761701aa9dd8cf6d62,926d2eb1649271b7
Training/glioma/Tr-gl_0679.jpg,glioma,0,train,275afb8665a041ad7ae973f7cca5935addc81c5cd2450334d521f097145223cf,c29c6fce3d49c8c8
Training/glioma/Tr-gl_0680.jpg,glioma,0,train,30b1da467c0d27b3452601b230fd0de5a131ede3ef1936d165a4faa6d4887d73,c29c6bce2d49db48
Training/glioma/Tr-gl_0682.jpg,glioma,0,train,865a5fb3d8e3f398649b70d603072f8c918c1975b4b6e1b594469cbc28c07855,c79c6b4a69c8cd1c
Training/glioma/Tr-gl_0684.jpg,glioma,0,train,e743705e8665fe38ada64325dcd13c3845e0df30c463cc7e6657dd144bf632d4,c39c690f786db431
Training/glioma/Tr-gl_0685.jpg,glioma,0,train,18bf6e2651ac754fb7f861ecb97cafeff09baedf1eff5f729c9981ac1c62fdc3,c31e794f306d3c31
Training/glioma/Tr-gl_0687.jpg,glioma,0,train,f0d925634cc5f4ae3402274b236e0c85a57f4f9f89ab56f35e4fd33e9d94231e,c2692d96319af669
Training/glioma/Tr-gl_0688.jpg,glioma,0,train,d38d0a341540c250c68c5094187f8bf6018ae7b7852a8f764271dffc1caeb76c,c2692fb6309e3479
Training/glioma/Tr-gl_0689.jpg,glioma,0,train,83aa8a8f720f377e105be6c85dc0570b63ab85b374673f3e0283ac5062cb0834,c2692f36319e3c39
Training/glioma/Tr-gl_0690.jpg,glioma,0,train,ae9472b14250fd2b2f3739e87bf7cde87659965a695fceaa9f7410bb62663071,c03d6f363d1e3c30
Training/glioma/Tr-gl_0691.jpg,glioma,0,train,d014bc7c18f04751fa62de2452008421eab38753a560b59615fd095831d101b0,c03d6f1b35863c3c
Training/glioma/Tr-gl_0692.jpg,glioma,0,train,6473120aebf1fd2a9c4407d88efba2fc1146610f306f432f22bbf60e32356e2f,c23d2df0359336c3
Training/glioma/Tr-gl_0693.jpg,glioma,0,train,d1dc0d27a41d57e53ff2c06fc2c0bdbabab04441740452bc1094f7c60f7bc197,c23c2de027f3b0d3
Training/glioma/Tr-gl_0694.jpg,glioma,0,train,a0f13abb19e765d07b86afb3f65a9a31b5e8417f5ce857a163b5842251537c28,c33c2df0278734cb
Training/glioma/Tr-gl_0695.jpg,glioma,0,train,1c69a7b6bb991ff644ef91944e9ce37af2438d4482ff1fabe545de2577d3899c,936f6ee12c34f070
Training/glioma/Tr-gl_0696.jpg,glioma,0,train,0dfc8cbc8500c34777d39e5cbe3696c092fedbe8c9fc69ad644bd51efbc02ed0,936e6ae16c363172
Training/glioma/Tr-gl_0697.jpg,glioma,0,train,16aae7e3eb51a7b6df7554ad7bc5899370f2a862d3644abba4f441af5b8f0ea8,936b7aa469b43561
Training/glioma/Tr-gl_0700.jpg,glioma,0,train,85fea8489cb3ec0a7d90cbf52a79f514922ec4af30b26fbd092e671d127fe3b8,926d2e2d60b34fc3
Training/glioma/Tr-gl_0701.jpg,glioma,0,train,18e061c9e31b0c9307a88fc3245784e12739de04325f407e5b9cad6f9db7dff5,936c6a6d30b3a4d6
Training/glioma/Tr-gl_0703.jpg,glioma,0,train,9aa77736a1e4bcbd79173b5c9e770f8c5f43e7bf1a7f5b71211cef6bc446b4f2,d26d3f6130c2339b
Training/glioma/Tr-gl_0704.jpg,glioma,0,train,0f969b5f654937ca302ca88420ca09c97e12b7b26caa45121247fad88e392d55,d22d2f34789237c3
Training/glioma/Tr-gl_0705.jpg,glioma,0,train,3e8ac765445b18f62b5852d43cf7ec5c3141acd0b30ecca9022312ce7c421176,d33c6f3438e330c3
Training/glioma/Tr-gl_0706.jpg,glioma,0,train,8af4c4a0cc1be9f65fc11a4a129d235c9c96fcfc174134879b499571dfa8dfec,932c6b6c279378c3
Training/glioma/Tr-gl_0707.jpg,glioma,0,train,3710ae265f6dd089d3b533506a1640fff6e408767eab0e809a64daf3555f6d2e,926d6a6c27b269c6
Training/glioma/Tr-gl_0708.jpg,glioma,0,train,a1af3ef8d65802c88ea734a4ac37378ca4b492d2197e6974298d3fef007d1aa5,9b6c3c9361c7394c
Training/glioma/Tr-gl_0710.jpg,glioma,0,train,214caf5583686b274355bf1cabfa9d56aa67707df37854d8666a807d1969694d,936c3cb12e93619e
Training/glioma/Tr-gl_0711.jpg,glioma,0,train,7727de4f6ee3ae79e74667b7e892e989f2be7952585d2b65be76b36970e1ca33,93693cb562c339c6
Training/glioma/Tr-gl_0712.jpg,glioma,0,train,9203918efdd95f77ad7a75da1c27a9cf0c716eafc42bcd11785676a4f840c2f8,93683eb562d33986
Training/glioma/Tr-gl_0713.jpg,glioma,0,train,395dc353f5a3a6976eacdf5df823ae5356329687c72242b2c11c9271389a1c48,93682eb16493f3a6
Training/glioma/Tr-gl_0714.jpg,glioma,0,train,811cc5e6c6a8ba0fbb92cabf20337824f9eb87cd52bfd41d18ce388383bb3c25,97693a6536936293
Training/glioma/Tr-gl_0715.jpg,glioma,0,train,4bb74a0011c7fd3fb23b01410ceacf75feeaebc4990fcdebc668b09df9debac3,914c6b3d2fe13c31
Training/glioma/Tr-gl_0716.jpg,glioma,0,train,7be4c19849b8d2d6153b3a76d73fdf3fc49dea7b574d9cdd992343b7119412fd,916b7a6d3ee43430
Training/glioma/Tr-gl_0717.jpg,glioma,0,train,0be1b20656af00fbdba1a00d38e896beed7501524159f027356cfea8163b850e,952f7a6c2de53430
Training/glioma/Tr-gl_0718.jpg,glioma,0,train,a91eb5d36db7f14c56ab77110b4e2e11c0bc6093bf54958e74a37fe278fdffea,916f6a3c2eed3070
Training/glioma/Tr-gl_0720.jpg,glioma,0,train,b6bd3c3acf0f903bc60cfd5847711c74ab9e8be26f266a7f6deac28c3062dbe4,906c2f3174b463f3
Training/glioma/Tr-gl_0721.jpg,glioma,0,train,9292ce6e4725c7678119a3bf9c86a1e2e99874b98b3fdd5b75e4f5e7e8f62104,c36d2cb23093c7cb
Training/glioma/Tr-gl_0722.jpg,glioma,0,train,415be4132e40fc62dce57890b68c736c7d058e4d176fdfdbe48b8c85e87a820c,d36c2db03093b3ce
Training/glioma/Tr-gl_0723.jpg,glioma,0,train,b032b7033d0a19800fd05fe7bd9f71e831cd2ea52c09ed0b13216d2d10314526,d26d2fb0609333c7
Training/glioma/Tr-gl_0724.jpg,glioma,0,train,71afaa511c689abecf32c5271d5cea0c1952dba317de68109e3032a0a7d347a2,d3692eb464d33187
Training/glioma/Tr-gl_0726.jpg,glioma,0,train,dfc91fab8740131b1d28d83b784e483f64d3d7ddf6624dfca219edad58f76ef2,d06f6f243c917133
Training/glioma/Tr-gl_0727.jpg,glioma,0,train,2416a7618a7e0fd9ff4c5205f15f576253b0ddcfe3a5f1e8a224461809a75980,d16f2fa42cb47033
Training/glioma/Tr-gl_0728.jpg,glioma,0,train,68f5d3631578fb0c61d4a3633f0669579a8bd12369ca2f5e86f4a269c2d3f44d,954a7aad78e43236
Training/glioma/Tr-gl_0730.jpg,glioma,0,train,28e58655bf2c9467b7b3f65b48ebe6a5c0dd1948e2e756462293e684d8fd189c,954a6e3d38e73035
Training/glioma/Tr-gl_0731.jpg,glioma,0,train,cca6ab408ab417e552ea5e55a4acd7abfdb2c4e8b5ec908c7be1d5b0a7db3f83,c3346b7a3da56078
Training/glioma/Tr-gl_0732.jpg,glioma,0,train,e52995b362f605beab8abc1b9b2fdd8e5681035cfa3005dccb23c4c4f4c68256,c3346b7a3d857078
Training/glioma/Tr-gl_0733.jpg,glioma,0,train,1da8de2f91ab59051934a1c59117273eb0c9c2906948892432da5f022b6930c4,c7346a7a2d956568
Training/glioma/Tr-gl_0734.jpg,glioma,0,train,f9fd3c597e495ac0bf50c8e2b23fce258aa48a080179d0f47c58181fe6a7ac05,c7346b6a2db76160
Training/glioma/Tr-gl_0735.jpg,glioma,0,train,3022b3fd29cac64c5eddb2b10fca7765d64c557bdfea9221cc8a81f02067dbd3,c3346a6f6c3a6465
Training/glioma/Tr-gl_0736.jpg,glioma,0,train,d2ee95d5bfbf8f43f7879f8167467a0b505fdca56e4dffb2c786007bd07c044b,87353e4b68393d61
Training/glioma/Tr-gl_0737.jpg,glioma,0,train,690cf4fbe8a801cbe5a7c66eecab753d81dadc9f7ad0652b61e56e7241e830d4,93b57a0e69593169
Training/glioma/Tr-gl_0738.jpg,glioma,0,train,4b872c8380fadba302cd3f0f6d72122eb2879a721787aa445b5507e1203aa19e,97cd686439726533
Training/glioma/Tr-gl_0739.jpg,glioma,0,train,7bc929f831c68accc016b079e08571320819f5deb33c6322dd32dd0a986ab41b,975d687435663037
Training/glioma/Tr-gl_0740.jpg,glioma,0,train,5e0c7fce8a56c37003cbe78bf1611e7b7b66916264391acac8b269ee36b2bd7a,971c6c6530f33533
Training/glioma/Tr-gl_0741.jpg,glioma,0,train,addcc3678b5c92f2ad5d1f38333b91059fc769a8676116bd712792ab4793b051,97b57a18686b3169
Training/glioma/Tr-gl_0743.jpg,glioma,0,train,11c1d697ef45a1aa79197ba55dc9b5b22f386bcb51a8a35a44d44f29e7d5baa5,978c6a1a3c6bf02d
Training/glioma/Tr-gl_0744.jpg,glioma,0,train,3249086a1a32f9bd20638d1f534243b5f20d9d5b1c48369c772cb6d49720d804,879c6a4e3c49e539
Training/glioma/Tr-gl_0745.jpg,glioma,0,train,f0528b352c24902ca36f604f7aa728a3385000f2e7bafccd49a84fef207ff2ec,979d6a48391d647c
Training/glioma/Tr-gl_0746.jpg,glioma,0,train,6bf712bb41b921b581a455834b0ce017ec99c9b73c9b4c4c58ce3d20020d0f3e,979d6ec8791c3461
Training/glioma/Tr-gl_0749.jpg,glioma,0,train,9596994d5da82ec8f707e1fde40d949c61d686b3e09298fcd6265b761237f4a1,c13c5a4f3cf02d36
Training/glioma/Tr-gl_0750.jpg,glioma,0,train,db325e29557a197b9ada3cc42ff65e1ea56a0c95d617cd5442e140371837c712,c13f7a4b3c852d70
Training/glioma/Tr-gl_0752.jpg,glioma,0,train,628c84ce2b27c79e890ad3419f16f3f77cd01f836ef09e2fb5e3092edf574a8a,c13e6a3f6e492c38
Training/glioma/Tr-gl_0753.jpg,glioma,0,train,4f51fdf91962681c6b78ed1536ea3905bb8ea1882dd31589c657db25e4102b00,d26d3d3062b48fc3
Training/glioma/Tr-gl_0754.jpg,glioma,0,train,351cf06055ff154c1e08c5d8ef6efbf58cc4a3d65e26b10c1d44bc707b9f3b91,d26e3f3066b04bc6
Training/glioma/Tr-gl_0755.jpg,glioma,0,train,83e284f65aa37dbfb1a07fd6e84e59f0c3a5c7334b2c652ea8f6651f1e9312f8,d26f2d356231e296
Training/glioma/Tr-gl_0756.jpg,glioma,0,train,95d3b9fb7b46337930db6a4b49d34492ec38716d19784ba6c6fe2800c97f614c,d06f2f3472b26383
Training/glioma/Tr-gl_0757.jpg,glioma,0,train,b8433fa6c0db49ec25c1d2f0d68b0e99392b2f2185bb2573e2b68f8340c7fd9c,d03e6ff1246c3332
Training/glioma/Tr-gl_0758.jpg,glioma,0,train,fd9300c870217fb2d6c64a72a7bea866e8717acc1703d1a479da09fe82caba6b,d02e6f3538f06731
Training/glioma/Tr-gl_0759.jpg,glioma,0,train,f1cbb3327012a43a3981b287d40d511352b8e1d44e65e95e9a27c932da84b13d,904e6bbd3d617170
Training/glioma/Tr-gl_0760.jpg,glioma,0,train,b6d73ad007cd32abeb21929b4f06d04a4c375254b4ee61753156d62c20a600b2,d01f6bf82d356468
Training/glioma/Tr-gl_0761.jpg,glioma,0,train,e20cf94b59206143d2234ba56901837a350b332a030c254863d5d105ac4373fa,904b6bbc2df46c34
Training/glioma/Tr-gl_0762.jpg,glioma,0,train,eb139c78b32d818c5bba63983ceeaa560b71b7e427251a5b5ed9c5b34df58703,d04f2b3d69a52d70
Training/glioma/Tr-gl_0764.jpg,glioma,0,train,2e22d3702f4a02b4d624e04e8e229a4b823d7def9ba3ee66fe1ccaf7a465fcb0,963d7a623c696325
Training/glioma/Tr-gl_0765.jpg,glioma,0,train,eb71aee3ac42da91eb89f90d3a75339199797eab61507879148e9444e51215cb,979c3a6269d9612d
Training/glioma/Tr-gl_0767.jpg,glioma,0,train,d9ced00207345121c085848099cb9f411ead12a625fe962e677d07fd57952599,939c6b4e2cd3642d
Training/glioma/Tr-gl_0768.jpg,glioma,0,train,c32426dd46b7dae663b925bc665800669a1917438d05037cd1b6edb6801f274e,c33c7a4a69946d69
Training/glioma/Tr-gl_0770.jpg,glioma,0,train,bafc45283de68195a923a7278821f6d35dce6dd3bb9e65845ed34c47f434cce1,c3346b3f78693434
Training/glioma/Tr-gl_0771.jpg,glioma,0,train,42570593ddf3982e86d8e7e04c856bd003caf97565d08847d8f5abbaf43d84d5,872c7a6a69b52d31
Training/glioma/Tr-gl_0772.jpg,glioma,0,train,38047f61a092a3f5bbbe7fae6ec27b0c3833a7d603671cd4b1e3cb7de2dc082b,972d6a683c976970
Training/glioma/Tr-gl_0773.jpg,glioma,0,train,e3d1269dfe6b988772292dd9f9a9e3cac4004af8b464c8075557b16510c6ffe7,836c7a6e38936d70
Training/glioma/Tr-gl_0774.jpg,glioma,0,train,d2caf097699f2734c2b5777ba2fbb8c41799a31a0ca26efa29c176cb2cfa993f,d23c7b6139f12561
Training/glioma/Tr-gl_0777.jpg,glioma,0,train,10985fe07d8ea8f7070e9e03508dc4cb3a59f9db73ce601ca3f94d6e950ce7c0,c61f7a702dd96168
Training/glioma/Tr-gl_0778.jpg,glioma,0,train,e7df53995ebbd1f06940f16aa3342ee1fd3344582a1be62c3dc4ff04009d411f,c11d6af83c933d68
Training/glioma/Tr-gl_0780.jpg,glioma,0,train,5ab53b6abc753f556117b9970efbb886a66e5516119ec044e07c9a6d36d884ac,d09e2b783cc32d69
Training/glioma/Tr-gl_0781.jpg,glioma,0,train,e8b9ff1bd682c46e30d366a294a28dcafff1652322386d64bf47aae938097fa7,9795784a693d3463
Training/glioma/Tr-gl_0782.jpg,glioma,0,train,d505b5bcf89c3830f25087d0cd11c414a68cbce8d02701bf47bbd94d70b2a00f,9794784b693d6469
Training/glioma/Tr-gl_0783.jpg,glioma,0,train,94a9b3f228dadea95bb04da771845150d36fe7225b79d65c557778bf54b7baf5,97917bdb69386070
Training/glioma/Tr-gl_0784.jpg,glioma,0,train,13fa0a75547eb985c14d3cc3644f1969c7c86e8f35ada5af343285787574aaeb,97c4699e3c796078
Training/glioma/Tr-gl_0785.jpg,glioma,0,train,865e3999b2380c28b59186140c03802f94a1d44f65a07aaac1bad2a678b9d2f8,93946c9e3c696279
Training/glioma/Tr-gl_0786.jpg,glioma,0,train,60d82c88bb4a0bc78b1aced91a93b60b1e7773d32b309a70100e48e7758d5ced,c3d4696b343c3c36
Training/glioma/Tr-gl_0787.jpg,glioma,0,train,a8241f61e4fb78f746bf6c258f4cf3b094b048924d980d4ff2d9dabceb83bdb2,d3c4691f343d7832
Training/glioma/Tr-gl_0788.jpg,glioma,0,train,aea4756d9d17447ac01b44c51def8dbe2be7062d93ac235b80e09ef2a801051c,d2c02d1f786c373c
Training/glioma/Tr-gl_0789.jpg,glioma,0,train,90d832c23d77433bd1fa39eca7c194eb4ef1f259265307308f2b9a3ffb281274,c3c46b1b2d6b3c34
Training/glioma/Tr-gl_0790.jpg,glioma,0,train,10a9f3b53811873c7c30af2e6674019d7b6736b79e81f6aee1f3e48a904fd664,d23d2e686934753c
Training/glioma/Tr-gl_0792.jpg,glioma,0,train,61ddd59e381ff90d9505d3022b72568edb5eae85d68ebf621985db7ad085367b,d33d6e7078913564
Training/glioma/Tr-gl_0793.jpg,glioma,0,train,8ee3e72f303ab7ee46878ff5f5906fde79b30bfe155e16d92edc2f479f608bfe,d33c6c60799b7560
Training/glioma/Tr-gl_0796.jpg,glioma,0,train,3a19c33ec35922472ca857355437c47c395fa76324d5a9db4561b202eb74abcc,933c6d63643536c3
Training/glioma/Tr-gl_0797.jpg,glioma,0,train,e2d802e02d2af7c8b6b6d78ad00761c0881c1e63a173a67d2d9739e1c88bac94,973c6a4b7c3c2570
Training/glioma/Tr-gl_0798.jpg,glioma,0,train,ca9c12e6d284bd108b100ea6b9376fa07ed366d9c41ab07f58d8b0e21c286efe,973c684b6d693d24
Training/glioma/Tr-gl_0799.jpg,glioma,0,train,1c95bef62c169a054a2d5c4892f5e66c604ab54844882a847f4b5806ba2c5e01,c33c691e74696137
Training/glioma/Tr-gl_0800.jpg,glioma,0,train,21aaba22a87459c81bc5b0c79a30672731fddffc5c99828c3f126c709dba6ff7,d334694f71343467
Training/glioma/Tr-gl_0801.jpg,glioma,0,train,3491d01a83533ef1eeed4306c46de0b58ba9880e7442373d5742ed2dc291187b,cb36691d342d6563
Training/glioma/Tr-gl_0802.jpg,glioma,0,train,9ce2bf59d21d977538a2ece14a345703bffea3a728ad9b125eba522042ddd652,cb36696d33243633
Training/glioma/Tr-gl_0803.jpg,glioma,0,train,f219dc0edd6d965e0511cdd05806a752817348f58871567a96acd3a9109aa622,976e7a2461e136a6
Training/glioma/Tr-gl_0806.jpg,glioma,0,train,890fa03c1d838d05ab18eb686984dfb800d91d9f89adcc83e7d848e882f750e3,916d7a6068376774
Training/glioma/Tr-gl_0807.jpg,glioma,0,train,934a8ef37d11fc5df6d7096ea985d770b3a469ed429991915d3b588022a0c734,956d6a2d3c632574
Training/glioma/Tr-gl_0808.jpg,glioma,0,train,581eb8376fe1164e5f38a6e51ee633e761126c20f2428d872dd20db23d8fb203,956d6a3c3c33e530
Training/glioma/Tr-gl_0809.jpg,glioma,0,train,814610680c2cc21c31433d9d6da031b5d974c394309d611ddc79998634a40804,956f6a6c38a73560
Training/glioma/Tr-gl_0810.jpg,glioma,0,train,494992070fd1329437daf49398190cfdc83fe8a5b25d372a9db0382fa4284c96,912f7a693ca72d60
Training/glioma/Tr-gl_0811.jpg,glioma,0,train,aee1b5542952fca8da15149ee5ba9085058093305cb1fa19c4552206e01fc959,972d7a683cb56524
Training/glioma/Tr-gl_0812.jpg,glioma,0,train,f11e698bd45a4725ebddc38f08a0bfcb4c8fc918a105788a22741de5ca268953,976d7a683cb56160
Training/glioma/Tr-gl_0813.jpg,glioma,0,train,d65efbdad7ef37a23b3dbf7866e05fcac8444b7a468e2aad93a3ff8f0907a2f1,97697e603d276162
Training/glioma/Tr-gl_0814.jpg,glioma,0,train,3ae7f5ad9c82c350c1e076ffaec15da3bd6bef984bc3d4adcda9cdf4129310b0,944a3be169656766
Training/glioma/Tr-gl_0816.jpg,glioma,0,train,2111fb7751982c3b3f161f25b6aace2e9949e1e3f42895594aefff337b17c50e,904e3c7169e53766
Training/glioma/Tr-gl_0817.jpg,glioma,0,train,ba76f2858877af74b44a13664b57b993d7effff956bacd1379ed1206d51daaea,d21b2f3969f0642d
Training/glioma/Tr-gl_0818.jpg,glioma,0,train,0ff9b814a68f8a9fb1acd8316c57450345fb31c3e70cbd6136254c4e798e3d1d,d2382b396cd1716d
Training/glioma/Tr-gl_0819.jpg,glioma,0,train,b015f6b920387e55b21e09328e4fe3028e2babef63f2506d33512630b93d9d61,c63c6a6b3c6331f0
Training/glioma/Tr-gl_0820.jpg,glioma,0,train,ed8bf4bdf90874e5abf902194b594a2ea9938615c15a604df7f1fe264ceb4220,c2782f3d69f06436
Training/glioma/Tr-gl_0821.jpg,glioma,0,train,12d124d6f18fc2b63de1a005d34df56a8add046dddb0bf8f6d9f3633164384f8,933c7b786990683d
Training/glioma/Tr-gl_0822.jpg,glioma,0,train,b1f7e7d2cf715823c809cf3dbb23b4ded0dc6d999bc73ff5f1a4bdc5a7f5aca3,d32c6b686c96693c
Training/glioma/Tr-gl_0823.jpg,glioma,0,train,2992d51c4a02d18b5913b0480dbe987942470ad6492ddc80e38e6bf0704608c1,932c6b683cb32d3c
Training/glioma/Tr-gl_0824.jpg,glioma,0,train,0c7030a95c7b9e72f44a13982b34466b5144dbfcbaa0ebb68ac1d9e9223d982e,932d6a782cb36d4c
Training/glioma/Tr-gl_0825.jpg,glioma,0,train,6eb4862041bb0ba19bc605e63bd7566b16278489ad1b094f66177b56f26a9abc,933c6a7a2dd9216c
Training/glioma/Tr-gl_0826.jpg,glioma,0,train,9cfe1143d6c498b75a2f6420967f930fcb8e207e891cf9514e4c1ddc120f5c5f,c33c6b3a6c196d38
Training/glioma/Tr-gl_0827.jpg,glioma,0,train,9f674140d3227e2ee4581ae57e76ac87d0e2409b353c974435e63b751b4cce54,97683e3d3cd36025
Training/glioma/Tr-gl_0828.jpg,glioma,0,train,fe7a43659e7b518bfb5d1e116c3e31704331f2b69e70bd6cfc772322eecadf5e,9661387d646c67b2
Training/glioma/Tr-gl_0829.jpg,glioma,0,train,21d104ddddf8c60bc889c22632a77094a3fc7d90b550f54efc37da9d17163e69,9a653969641de693
Training/glioma/Tr-gl_0830.jpg,glioma,0,train,4c59fa0788d4561dd89f383651541b2e77a477fb5821da36545b7e08ff511178,9a66796b368c82cb
Training/glioma/Tr-gl_0832.jpg,glioma,0,train,ed0ffd455678f47900f2d1c120c81e7d15bc5d25ec549b8636d9a92cc8473522,9a92656996b69999
Training/glioma/Tr-gl_0833.jpg,glioma,0,train,8e8c80af1eb36d933f30da9478f7b89748a05685bc3d28510678832cd02b992b,95693a2d7c1f3461
Training/glioma/Tr-gl_0834.jpg,glioma,0,train,e48a0f48a76ced439802dcfc87fd401e714419d29928a7d0891c8231d729faa6,966d3e696807316d
Training/glioma/Tr-gl_0836.jpg,glioma,0,train,52a0472e7b2e195a60e0545a7733daf4da464516cb74f38f47f0eeb0a8a6c53c,90693f3b29c73878
Training/glioma/Tr-gl_0837.jpg,glioma,0,train,4f9b767b6fc9d1b5e1fdcc701de3f5aeba1cd607b30d053ed70e9bb21f8a5bfd,94613b2f3de0703e
Training/glioma/Tr-gl_0838.jpg,glioma,0,train,c86f5cb3ab4d7b03d37713946a01b454269f9f6beb32541f5a51dad614e68b8f,96617a7c2d267037
Training/glioma/Tr-gl_0839.jpg,glioma,0,train,ae4dad5295bd4534e6bbfa0c13fa95ad94b7bff8884054d49fbe3d8e2b0a5b1a,96693e6f39263170
Training/glioma/Tr-gl_0841.jpg,glioma,0,train,dee889647af9ab766a3e7365618b30cb686bbacc5e3385221bf509f86e3c64a6,c33e6b6934a36c92
Training/glioma/Tr-gl_0842.jpg,glioma,0,train,5d488521e647f5409cb7f6ac113b775584447a1c7a18121b18577e909a185bb5,c33c6b3464e334e3
Training/glioma/Tr-gl_0843.jpg,glioma,0,train,9c88034409f2f3a542d0b4da37684d38714c897f71339b9d2e31cda8ad543f34,c33e6f702d633462
Training/glioma/Tr-gl_0844.jpg,glioma,0,train,b9ce6c356e5df02b24a2c1a34dd95d902d0dbb88b999c731b4a10d34c275b599,c33c6f3069633696
Training/glioma/Tr-gl_0845.jpg,glioma,0,train,abbdda6a366f51ea19cbf2a09198f7e2bb192b627a480a47a6a0c24d3d4fa42b,c33c6d7125c7328e
Training/glioma/Tr-gl_0846.jpg,glioma,0,train,a488e27f1ce12677b53293d5687aa71e3800c7151b67f96078c11ce53f46bec8,c3306c7364cb369e
Training/glioma/Tr-gl_0847.jpg,glioma,0,train,40a93ade3f4641d387818a75c98bf0efabadedc7097f4f296a9f9d5c7422c131,931e7a3968e43d31
Training/glioma/Tr-gl_0848.jpg,glioma,0,train,85faa3ea8732f9ace07372acea6500e14745908bb3428b7a10c3d6cbb642e436,933c7b6968b42d61
Training/glioma/Tr-gl_0849.jpg,glioma,0,train,932a974f8121f7377675028d78c60f34f49f54625469dd4906c91de1ac3ad5f7,d23c2f7969343561
Training/glioma/Tr-gl_0850.jpg,glioma,0,train,d005f1c48fb41d34b115fa6434d1041a4c04526a9daad570b885ee0dcb8bd0b6,976a6d257c307233
Training/glioma/Tr-gl_0851.jpg,glioma,0,train,a52ae9928018fe96e14f1ed4d1ff38d63b1e2bbbd523cee6c6b252768beb20b0,976a6bbd6c257030
Training/glioma/Tr-gl_0852.jpg,glioma,0,train,4f5f5eb0673d9f2cf12942e805d9f105ec93715a245a7da8e19b39d8c065d11f,974a2f9d78b47034
Training/glioma/Tr-gl_0853.jpg,glioma,0,train,c7b02ebb4a71c930fc909ee3301ce357371c0921c4d6ed09ac1a1b568c8fae39,944b2f9d7ca53074
Training/glioma/Tr-gl_0855.jpg,glioma,0,train,8c9e2176e28d70bc3a6374e895c393eeb7cff6b3f1db6c1c34af6fa526ce4c2d,d0492faf689d3c34
Training/glioma/Tr-gl_0857.jpg,glioma,0,train,d05e3e29014b0b43b567db7884d640003fab261da3283123bb2c8227b55e4702,d04b6b2c2f853c7c
Training/glioma/Tr-gl_0858.jpg,glioma,0,train,11c887e760fcfc22096a76ac3fa547a542c7eb4918804fa107509a89ad186fe1,d04a63a96fa72c6c
Training/glioma/Tr-gl_0859.jpg,glioma,0,train,8684d30d5fd1ad116aed0799e10e3a5c0f88d684265acae2fa2f26fcb4d90aa8,955a3e6939a56964
Training/glioma/Tr-gl_0861.jpg,glioma,0,train,425f44c7f98b2bfb418d9d4d593ef7792149a288c68a1e10397eb773f4aa322b,853e3f6968853d31
Training/glioma/Tr-gl_0862.jpg,glioma,0,train,279df7101188fa30085443efa76c8cc0ad2505393abe301407717012f347e485,966c3a7868e52d71
Training/glioma/Tr-gl_0864.jpg,glioma,0,train,b7d74183cf5741827e577d3b6668a0c176abd90270acf119b5d97a869a3742fb,97697a382d4f6161
Training/glioma/Tr-gl_0865.jpg,glioma,0,train,2d855b2fa45fa519dfb34bb77aa389f45d0c0dd86cc62d02da061e4d0cfb479f,96693e3d694e6131
Training/glioma/Tr-gl_0866.jpg,glioma,0,train,93dfcf88aac2d2856aaac7456ac4d658f6e78c764135287e5e027f809db83c5b,966b386969e4653c
Training/glioma/Tr-gl_0867.jpg,glioma,0,train,0de0b036d7b6ee63bc0771d8b04c037cfd2a25538d2dc5c63b1174e8ba5112c4,c2e12d1e32d8b2f3
Training/glioma/Tr-gl_0868.jpg,glioma,0,train,906b265dd52762b427570237f124ec2e096dde5006c8d6e976cd8b1720ba9774,c2e12f1f319e3271
Training/glioma/Tr-gl_0869.jpg,glioma,0,train,7e5a11713c873cd9a9997fe851b375d2c47ca8ae97200250d6f4cc9d435a9862,c2616f1f3c3e7031
Training/glioma/Tr-gl_0872.jpg,glioma,0,train,c2729fb1f970ab0ac3e2cf1b1d80a18d4aac32b52d2b833b0dd2177b296f216f,c03b6b023f2d3e36
Training/glioma/Tr-gl_0873.jpg,glioma,0,train,69d88991b78d08793b0c054b0e99da8672f650611b505471dcbfbb9cc946dd7b,d0176b4a2f2d3e34
Training/glioma/Tr-gl_0874.jpg,glioma,0,train,2b3eb19fe563bb95c60c133380057cf1b4d16a7510445b16bfc31168e9736d0d,c4692f353cb47932
Training/glioma/Tr-gl_0875.jpg,glioma,0,train,8ead22036904bc73a5b2e94bf79a4891e4978007173f4fbcce90210307bd38b9,c46b3e353094f9d2
Training/glioma/Tr-gl_0876.jpg,glioma,0,train,7ca4ddee89ffa4f3144d40a1bb834f6ef730e3641e0f583cb220c4d016cfbe35,c1977e4b380d4b78
Training/glioma/Tr-gl_0877.jpg,glioma,0,train,75aa2472cd868de653c13905885dff0d0166b1b345541357685b9910e631f6ea,c0967e4b3e0e4b6c
Training/glioma/Tr-gl_0879.jpg,glioma,0,train,9b7533f729caca097d2d8c0822bd0a2a8070626da556c6e9dfdc7a5e1eb57a4e,c00e6f1f2e65347a
Training/glioma/Tr-gl_0880.jpg,glioma,0,train,7f1b73e3ded48122d2c34cb0c77616655932bee1f319d043a1385a30dda45a01,c04e2b356ef4363c
Training/glioma/Tr-gl_0881.jpg,glioma,0,train,4fcfd57e086d42f17267a0d443ee26874ba8064e9f9f68d82b838cff9889d0f5,c02f6f3c3db43132
Training/glioma/Tr-gl_0882.jpg,glioma,0,train,86633e2def9b3c8d9abf95b83755900cedf75273444e340121c4ccac56997365,c03f6f343db63032
Training/glioma/Tr-gl_0884.jpg,glioma,0,train,07e9200512871ecbf747d19049e058894bb50abe67325f436fa08360d8ae9f99,d06f6b1b6c3d340c
Training/glioma/Tr-gl_0885.jpg,glioma,0,train,20bf3db06f1a8e5b7598183127ca69a8aaff070717c164378b79dccceb8314f8,c02f6b1f6a2b7035
Training/glioma/Tr-gl_0886.jpg,glioma,0,train,9d41fa97400337ffbb453b99aa53a3412ddbeb16b72e2758c97e16cf77176c82,c03b6a4f3e0d7836
Training/glioma/Tr-gl_0887.jpg,glioma,0,train,4bf8b1c671fe9fc2ad0637e46f00040d6a87ad27bc9bea25a49c444288e20e31,d26d2f343c9270cb
Training/glioma/Tr-gl_0888.jpg,glioma,0,train,206821b875b83b6239aa8ba4ef1b1c557e0618fd4cabf170ecbc9e53ef870d64,c06c0b343db6f0f3
Training/glioma/Tr-gl_0889.jpg,glioma,0,train,d7185bb669d069a67f46875d5506a86c387a4f1f0c80ecab32d4608f60f4530c,c06d4f343d6635c6
Training/glioma/Tr-gl_0890.jpg,glioma,0,train,583e14a81af22befd718f6b8220dfc48c8efd2553752e6cc0fd2109426835519,d02d0b3d3db470f2
Training/glioma/Tr-gl_0892.jpg,glioma,0,train,4f4f2567182b7dad21b564865717c87e114fcc1ed3c8deae371b212155424217,c42b4a3f3f3c34c4
Training/glioma/Tr-gl_0893.jpg,glioma,0,train,4b9c843120e2ff3b797f1b244ac0a688240b05b40f3952d9d7963f94752b8d99,c06f4a2f6d743698
Training/glioma/Tr-gl_0894.jpg,glioma,0,train,aa44b124931beea19f4155c85a2e386bc5dfdda5fbda57c739bff727e3395b7d,c00f4a2f2f7c35b2
Training/glioma/Tr-gl_0895.jpg,glioma,0,train,11affd832062580b935f7d94534b2d26a7f6e6830db40f2f8dc7cd5b6d866153,c03f4a2d2f7c3d90
Training/glioma/Tr-gl_0896.jpg,glioma,0,train,dd4dd5a435617d59c327b895ae18e97a5e340487a7760f681c1770db3272908d,c03b4a3d2f6536cc
Training/glioma/Tr-gl_0898.jpg,glioma,0,train,e61dc34533cba18085907fd3b195e204c5dc129c978345f351ce27583f6909ca,976a3cb5629ac1cc
Training/glioma/Tr-gl_0899.jpg,glioma,0,train,2d6c9897ea4ed9525d93f85c599d1a8826baed175aa04714a1c818e1ccd39389,87693cb5709263ce
Training/glioma/Tr-gl_0900.jpg,glioma,0,train,a66a55e1ff96b7a42f31da3e35c9e10d60444d6947d173fc7d772267f2cc46ee,c4693fb1709671c6
Training/glioma/Tr-gl_0901.jpg,glioma,0,train,021c67578fdc7e1b7398a41d2613941d34050a72663f94b718505754f88d0901,c06a2f317eb570b2
Training/glioma/Tr-gl_0902.jpg,glioma,0,train,beb941e93a9f54d52f1d93377c771f9d0ab161ee17078fc6df8489717e953b65,c40b4b2d6fad6c2c
Training/glioma/Tr-gl_0903.jpg,glioma,0,train,871d8cc83726ea2c6cb7da72ad35e4b1cb60fa1d69252cd367a41a4c18045c33,c40b4a2f6d997c6c
Training/glioma/Tr-gl_0904.jpg,glioma,0,train,b10136fa4fa66f52b7adef28a53dada2e98240a74ae9d8cf085cfc4b3fcc792b,c40b4a6e2fb95c6c
Training/glioma/Tr-gl_0905.jpg,glioma,0,train,9393330a73707a9d28ed94a4771f8e365fbfe31ae9592b290ec5deab969fcf4c,d40b4a7e2f896c3c
Training/glioma/Tr-gl_0906.jpg,glioma,0,train,63e735fb7e24ccb8f194cbf33e6a7e475fd0ce702193c2d6c1bc560c758a08b0,81366f6b3c297934
Training/glioma/Tr-gl_0907.jpg,glioma,0,train,222e6c266daa2b294c08753cf5815e8f8289a2288c773aed68564cb33e967d64,815e6f297c2b6934
Training/glioma/Tr-gl_0908.jpg,glioma,0,train,1aa98b1780725c9a8bbecaeb49ba953007d3a518036941a04d0113c15ba5c529,815e6fbc682e3439
Training/glioma/Tr-gl_0909.jpg,glioma,0,train,40154b803443cda6b7e39a66ccce29d7b789b5b588d32adaee8a17560e222b1e,811e6bae6c8b7835
Training/glioma/Tr-gl_0910.jpg,glioma,0,train,9f87bd6828f554e11a11f1b0165b9004f0c62662b1d849e66b58415fd1d2471c,815e6bae6c097c35
Training/glioma/Tr-gl_0911.jpg,glioma,0,train,24c6d00e996ff930d41e6796a93b8d8e7715dea503243297d4d08cfc65a0f860,815e6bad78aa243d
Training/glioma/Tr-gl_0912.jpg,glioma,0,train,d6e48890701464021085a195151ddb5b85426d82977d09293260508d0a0fd82b,c0977a096e9b2d6c
Training/glioma/Tr-gl_0913.jpg,glioma,0,train,51a4ecdfda07f7f85dd843ffdc02fa9aede00954ab1d7817e3523ba79f0b706b,c08f7b856e9b252c
Training/glioma/Tr-gl_0914.jpg,glioma,0,train,7a1035ecc1ca01eb6c70bd55e45c3ae4ddd3b8809c28540cdedd7d724062c5a7,c0877b0d6e9b3568
Training/glioma/Tr-gl_0915.jpg,glioma,0,train,6bbe683b83aa79bbb3b88002234c96dbc163c1ca003350a4bf5797b414a23d71,c0967a4b6e8d693c
Training/glioma/Tr-gl_0916.jpg,glioma,0,train,452213d866be8db8026738245d6d1a6101a5520de081b084d7ef55efb7091ed8,c5967a4b3e896934
Training/glioma/Tr-gl_0917.jpg,glioma,0,train,38a7eb8277a75edbdfc1440607dd5cdd94490b4588543bb877cff370deb063e7,c1967a4d3e8d6934
Training/glioma/Tr-gl_0918.jpg,glioma,0,train,27d608b53d67b5d9d2ed3e86f7054cfb4997f4c12028181cef944130bf64532f,c40b6a0f3ead7934
Training/glioma/Tr-gl_0919.jpg,glioma,0,train,b5c42fc33b3e1bfb2a7ba3a0eccf4e8f83b2890659fc43be516215221328d171,c50f6a2d78ac3d32
Training/glioma/Tr-gl_0920.jpg,glioma,0,train,e20a8a4972f58c0866c4788e01e6e4963df921e39995e4ad448d9bbddb19d200,c4876b0d3f4a3c78
Training/glioma/Tr-gl_0921.jpg,glioma,0,train,e7310f1c588b7b5259754665a81e2aacf78cc97b10d80183afcec7470736d12a,c4977a492e0e3d6c
Training/glioma/Tr-gl_0922.jpg,glioma,0,train,e1aeaacc09c2c93f4581a8f48ef83b415778ed939ccbd24e23114f2cffd23c36,c4976e493e4c3d34
Training/glioma/Tr-gl_0923.jpg,glioma,0,train,9b35636448febeb3101c04eaf46000ca28cc33c98ec788d6d114077794081c2b,c4936f483e693d34
Training/glioma/Tr-gl_0924.jpg,glioma,0,train,d061ef6b238e6663fea64b2615c5ae96bfb0637d34fb42e30ced51195b0dd817,c41a6b283f8d3d74
Training/glioma/Tr-gl_0925.jpg,glioma,0,train,69ecb1df7d56ee72e222c19a3af5658f54b3eae94f1ca5baf8bb9241068a9cb2,84696f3538967393
Training/glioma/Tr-gl_0926.jpg,glioma,0,train,7ecf9394e4bce86f6495bc4543ccffe638e6f6762eedda5dfb70f02ea61b1691,c13d6b343c96f0d2
Training/glioma/Tr-gl_0927.jpg,glioma,0,train,c42ac9d8aa5e0412e8e05342642911339f4c1c19c3da140713ccc3c68ef5c0b5,c03f6a3d3d34b033
Training/glioma/Tr-gl_0930.jpg,glioma,0,train,c825417d424d55acefe092ba62559960873e4a7bed9c46531043b7f93dab34c3,c5700f6d3e256d34
Training/glioma/Tr-gl_0931.jpg,glioma,0,train,1e0405d73d852a1bc2c404a9b920235a0b97cf0d9ce23313a4b35abf44dd397d,c4616e6b3ca67932
Training/glioma/Tr-gl_0932.jpg,glioma,0,train,667ca0f638de9f2e5bec398eea3447d7557893eb0f8308612225dd4348b08d71,d4632f37719c3132
Training/glioma/Tr-gl_0933.jpg,glioma,0,train,ca0da91acd15931fac99a69cb5a2b1896205f0baf2c7330b76a6ad9acfe8d55c,97636e35719c3152
Training/glioma/Tr-gl_0934.jpg,glioma,0,train,5c8dbe31dcf1cb5709518a8a20fde08f0467dfc4d6d3bfc443a274c63d24f342,c03b2b3d3fb43832
Training/glioma/Tr-gl_0935.jpg,glioma,0,train,6d523fae41fe91187f79917548e3a9991648663062999c9c739512e4eea1dffb,c03b292d37b57a32
Training/glioma/Tr-gl_0936.jpg,glioma,0,train,25fd47132b51dafcc6b1d585e795ed7e77d9cd2e2264d05832d1bbc5448dc7c1,d02b2b3d2f353836
Training/glioma/Tr-gl_0937.jpg,glioma,0,train,49da6bacc70b3bf26649d58d8fd726a5b37b79b51aa8fca8e2b00e9538e642b7,d03b2b2d2fb53470
Training/glioma/Tr-gl_0938.jpg,glioma,0,train,b1add34517ad79925909250136c142fcaee8e99f826ab85cf62041ef1904bd24,d01e2a2d3fb13c74
Training/glioma/Tr-gl_0939.jpg,glioma,0,train,cb96164ba1739f8bb447a22f3832d9bf18ccb0f481d1e72e9d6644e07bb03989,d01b2b2d6f353474
Training/glioma/Tr-gl_0940.jpg,glioma,0,train,bac7e9e5ba2fd1a7650170cb732ee97a42ca5cf163cd44eedc60afb090f2d12f,d00b2b3c6f35347c
Training/glioma/Tr-gl_0941.jpg,glioma,0,train,364986ea4a88994d64fe26996c44c12758799dbc717f2e8598cbafc1a70d6490,c01b2b3f2fa5346c
Training/glioma/Tr-gl_0942.jpg,glioma,0,train,175e09eb030f870dd692f99aef0c7287053e0722d54df6988779ea0440e1c074,c03d6b3c2fe43836
Training/glioma/Tr-gl_0943.jpg,glioma,0,train,07d4c6b0e2cf8a4a56d7ab792971ae01828d10e03bee5c18a9b162bedc07a702,c03b2f342ff43932
Training/glioma/Tr-gl_0944.jpg,glioma,0,train,01dbe593c654bacb5e0763cb03cc5a53ebd89d0f8f06d5cd8e392c219fa15ac8,c26b2f343fd27092
Training/glioma/Tr-gl_0945.jpg,glioma,0,train,0767b98153b7937c8d25a150313c6bacc6817bbde25b9fc53465d56563e8c742,946b2e3531d671c3
Training/glioma/Tr-gl_0946.jpg,glioma,0,train,ef6a2aff8705dea361f269b2938d6f172d2e06f66d484a0d8eb168f423283bd7,c01b2f0f3f246d3c
Training/glioma/Tr-gl_0947.jpg,glioma,0,train,767ab6bb62b26a7a69f75403467bd65ba60b155392e285e389ca881958da9132,cb253c9f718cd341
Training/glioma/Tr-gl_0948.jpg,glioma,0,train,2a774e6072714d90709783381aa135ba2e1ef3eeba30c19ae4438ddddc5f3ae1,c36d2d16309ff1c1
Training/glioma/Tr-gl_0949.jpg,glioma,0,train,fdd89ef5ef9daa793006840aefc53ab02deb51fdef12c8f2179852e142ed8aa9,c26d2f16389bf039
Training/glioma/Tr-gl_0950.jpg,glioma,0,train,976ae063e001676b362809a50ace242c131a0398ec3caa55556d4ace7ec0ad93,c22d2f363c9bf031
Training/glioma/Tr-gl_0952.jpg,glioma,0,train,7593d01d3dcc5e27f291a02bbcb5da731ddffda0d1ba312974745466ab0fb4e2,c03f2f1b3d263e30
Training/glioma/Tr-gl_0953.jpg,glioma,0,train,a325965beeb4e92977458ab04d52ea52d5337a8885ce09a35bd03f45d92d5c63,c26b2fb53094719b
Training/glioma/Tr-gl_0956.jpg,glioma,0,train,b5d529a1ff431d50ea02bdb0dd8f5cf85b50f166eb74b2a5a51131a525b78f80,c06a6f392fb47834
Training/glioma/Tr-gl_0958.jpg,glioma,0,train,f0612e659515e3cf5122ecbf35b22e3a6fe01655978cdc57d6679a1a022adf79,c14e4a1e6fa93d25
Training/glioma/Tr-gl_0959.jpg,glioma,0,train,8a3e4074cccb2e92cb1cc86d21cc904e2bcb0edbbd83ca3ea8a62bc869a196c6,c16a2b3d7cb57430
Training/glioma/Tr-gl_0961.jpg,glioma,0,train,15c8acd8a76e394e47684c22885760bb954456c7203d56db4a9b5d57050e7ff4,c47e2f2d7c253132
Training/glioma/Tr-gl_0962.jpg,glioma,0,train,df2ab015efea64cfc0a57a99ce31e5767ddf2b4e4c804bd37eded9addaa97285,c46b2f3134d1b2c7
Training/glioma/Tr-gl_0963.jpg,glioma,0,train,9bf4ba0badf37aca6226f7ea175f9e194038a16461333db6d1062b4178326447,c47a2f3835c1b2c7
Training/glioma/Tr-gl_0964.jpg,glioma,0,train,3656570fd4ca3324588e04618bbad4bb15dc2a0202a7fc6805097ddcb42a5916,c57a2b3c2dd036c3
Training/glioma/Tr-gl_0965.jpg,glioma,0,train,840238070024802a5297bce0816ab977d039d86775aac8f5d06b7f7255e8ebf9,c46a2f7c39b45383
Training/glioma/Tr-gl_0966.jpg,glioma,0,train,655162a79bb323ee221a0092d78f8d6944ecc61ee4e6775aea3d345854f9ed97,c03e6b2f6c693570
Training/glioma/Tr-gl_0967.jpg,glioma,0,train,d1b4d1d9c3e57026cfa724650b86eafabe09275230ade12b87a56d6d029cb27e,c01e6b3f6c393570
Training/glioma/Tr-gl_0968.jpg,glioma,0,train,3d6483ae4e23b973e2963d9e5c74f9eb5dd25227255b1ce9526ad82b7cec27d9,c02e6b3f6cb53470
Training/glioma/Tr-gl_0969.jpg,glioma,0,train,9c10435af1a8f47760e0d61a64e57470bdc6b299c0724ce3e564e9d8f8c45a74,c03e6b3d34b46d32
Training/glioma/Tr-gl_0970.jpg,glioma,0,train,9b28258f75e962cd98c746c3a5cb1200a2481f41e6dd3876a4223ac31a5066ed,c13e6b3d34b46c32
Training/glioma/Tr-gl_0971.jpg,glioma,0,train,1bcbc4bf74b0c2b3bdee87d9442b17e104e47f956d865925110fcf1e045af7a0,c7386f3f309c3033
Training/glioma/Tr-gl_0973.jpg,glioma,0,train,1b5d67fe962a5812869b61af68a3f9f12400a2021c423f2198a4f1ea69f1e1e1,c40b0b2e6f253d7c
Training/glioma/Tr-gl_0974.jpg,glioma,0,train,ef2483f1c314b601f348a55430fdaadbb2268232f96cde97a445f9abbab0f81c,c00e4b2d6fb52d78
Training/glioma/Tr-gl_0976.jpg,glioma,0,train,37fc3d7f799773102075df98a752f7d16af1feaa9d4b966487f59699df4d728c,c11e4f4d3aad6970
Training/glioma/Tr-gl_0977.jpg,glioma,0,train,85761e21ed79d1d44400d2de38bef8efcf804b657813e432e323834cf2fb7146,c53f6e4c3a0d29b4
Training/glioma/Tr-gl_0978.jpg,glioma,0,train,0e09e9ba7f3aa2c1a6e1b074bedf36219f2b9a409a99aa589c8f6b8ed0a2193d,c02f2b373db63434
Training/glioma/Tr-gl_0979.jpg,glioma,0,train,116eb14ae90d0d04b779fe16e0bfcf3a86b424073c66832e5ef81cb1882cffb1,c02f2f343f353c32
Training/glioma/Tr-gl_0980.jpg,glioma,0,train,f9d3d99ce380ddcbd054fd6e4d176b1bf61984fa3dec68b0ae3004eed23a943f,c2e32d97341cb378
Training/glioma/Tr-gl_0982.jpg,glioma,0,train,6cd164aad1334b8850462d67a9ea07e7c8fd95d21ac84695da1fe6055c0d018b,c07a6b382fa57c34
Training/glioma/Tr-gl_0983.jpg,glioma,0,train,54fd89af1b4867d15109032f63a514b3738ae3abf6ebc65009174b1a99382a48,c00f4a522fad7d74
Training/glioma/Tr-gl_0984.jpg,glioma,0,train,4077b735ff2a70b8f248e9e0ad463f67b0dbf171cfa216a843605df693aa0146,c0874a522f2d2f3f
Training/glioma/Tr-gl_0985.jpg,glioma,0,train,b6b634e0b2b43e20463c0d07104a35dcf1c09ec95fdba6897778d6edc2ce546d,c0876bc36fc8670d
Training/glioma/Tr-gl_0986.jpg,glioma,0,train,20ac26053071b9575b67cfe20bd6f59068d5b296a43391f742a838edc02e6eda,c0976bc36ac92d4d
Training/glioma/Tr-gl_0987.jpg,glioma,0,train,7332d730ffaa598ffe52f048e98a5bff3fa80acdba0c6e90e45744660dd72ce9,d14e420b4ba72d7d
Training/glioma/Tr-gl_0988.jpg,glioma,0,train,50c54021a5e8a52d5a054a11aa1c2bc026c51b49067d64d8da38d126fece0c04,d14e4a012fa93f3d
Training/glioma/Tr-gl_0989.jpg,glioma,0,train,bf5eb6d38dcf4b4920aeebc36384427841c410bef01cb404ba31c4c3d88cdbe8,d51a4a093f6d1b35
Training/glioma/Tr-gl_0990.jpg,glioma,0,train,24b1772c5a8cb8ad9caca5f9e19ce33f451e6b3af045ed61861c7646b2de811f,d06b4a252f2d3e36
Training/glioma/Tr-gl_0991.jpg,glioma,0,train,a30a36f9944e887e45fe3c9650a494f196c987e45d17da8f0aab1dd8700a559f,c06f4a253fac3a36
Training/glioma/Tr-gl_0992.jpg,glioma,0,train,48ad27049b0205ce4b8224ed0605dead349c90c49f16c2472ba0e318cc52310b,c06f6b352fb43232
Training/glioma/Tr-gl_0993.jpg,glioma,0,train,c685988f52f09b7df31a524197fa826d49790d38e464401107762e482bd5183e,c06b6f313e96315a
Training/glioma/Tr-gl_0994.jpg,glioma,0,train,0152a2538ca949ac951ebb15f1faab995c84c4000119b576984a10188b6055f1,c0366b297e2d6936
Training/glioma/Tr-gl_0996.jpg,glioma,0,train,c8c6386493a776a7d07ca3f2aea7f4ec2291b2a511cecd255cfd67168ace2bf6,c43a6f353cb431d2
Training/glioma/Tr-gl_0997.jpg,glioma,0,train,e2e99dcd9fe4e77415e8d7f0947190915a8afcfd12899f753e518766f2e78ec8,c6696eb53092b1cb
Training/glioma/Tr-gl_0998.jpg,glioma,0,train,bfbf4d4cbec08c3d1f1c01b73a3a28dbd202bc3ae7c50fe3dc7681207c8086d4,86612c9633dac7cd
Training/glioma/Tr-gl_0999.jpg,glioma,0,train,ef6f953617e09e13167e482d0662bf674fea0866b7d6a63bb44ba0af801a72ea,c0796f303cf63833
Training/glioma/Tr-gl_1000.jpg,glioma,0,train,4f8259b76e597a0b774e1f66bae87283f9c0391190dd150b975de8e5cb76887c,c03d6f363db43832
Training/glioma/Tr-gl_1001.jpg,glioma,0,train,a16e18c3e41f0707fc118ef8497e95152375fe61b9134cc11ba5c0261a5010b9,c03f6b3e3d343c30
Training/glioma/Tr-gl_1002.jpg,glioma,0,train,991258f3bd94d73600bfd628bbb83be873dd6daa6d93c0371ddab22f035b9f04,c01f6b6e3f253c30
Training/glioma/Tr-gl_1003.jpg,glioma,0,train,bc0c91fa227f5e3bcf444a0839ed16586694d800ce41bc46e984ac2b1188b93b,d02f2b122f2d367c
Training/glioma/Tr-gl_1004.jpg,glioma,0,train,056e65198fdbc05bec7ad09ec5d7823fe146bc620df3cbcf3969c01521d3423f,d40e2b2c6f2d2c79
Training/glioma/Tr-gl_1005.jpg,glioma,0,train,4441220037111cdfee13f61661cbb76d9393f5563d0e8cc645b8c26c121d0d77,d40e0b0e6f6d3978
Training/glioma/Tr-gl_1006.jpg,glioma,0,train,39aa82cb5f3bc20db91ccb0dd6f1be4ec24824f7dd1e5c23f66b883a818d4196,84693e35719633ce
Training/glioma/Tr-gl_1007.jpg,glioma,0,train,81f4866df8a2aa3bde6cfafdbf00cb34eb1012e5edc6184ecc05aad901050ab3,c6693e31389673c6
Training/glioma/Tr-gl_1008.jpg,glioma,0,train,1d2b2b3a89cd2d2b178fb79978b3c24d63bf863cd281daa239a25841cfc9335b,c5692e313067339f
Training/glioma/Tr-gl_1009.jpg,glioma,0,train,5887afd76b2821e89d2a4943f551fff62e76eb3654904442ef2fdf21a835a4ee,c13a2f3878b77093
Training/glioma/Tr-gl_1010.jpg,glioma,0,train,ad9724fc0b8fa9a8a1ae4f01e61602a279b8fb5c59bed7a1bf062bf5a06b2e04,c16e2fb86d927095
Training/glioma/Tr-gl_1011.jpg,glioma,0,train,d89b6f96f83509a78ebd6678dfa5da743cb4578897869b2bd07a8983fc7a94fe,9647683c67983763
Training/glioma/Tr-gl_1013.jpg,glioma,0,train,90e53ddeb2f909b9c908305c4f4533d72c9744c540d0f767977495c69d751147,97636e3f60b46132
Training/glioma/Tr-gl_1014.jpg,glioma,0,train,ca1f2654c4fca492332f854b7a2f40b3b760d2fad5cedc2911e604c6c775d8a1,97616e3f69b44530
Training/glioma/Tr-gl_1015.jpg,glioma,0,train,19cd6804914fa43691b3062354042b6175cf9c12e4c06ea24eda8dd40b2b26dc,87686f3c68357932
Training/glioma/Tr-gl_1018.jpg,glioma,0,train,b1e21471f6c50eca3fcde687faba9d54eaf810ee7c044ee3ba653d5633d29f23,c0376a4f3e2d6934
Training/glioma/Tr-gl_1019.jpg,glioma,0,train,74937231f0f410fa481b48f6b246f0a41ab4dd873a401263f3ba6ce89f224f6f,c1376a493e2d6d34
Training/glioma/Tr-gl_1022.jpg,glioma,0,train,3e7021ae489fda5f8cbcf9b179e110af51d9ef33d2ab08ccaffe28c32a1e830d,c27c2f393c667033
Training/glioma/Tr-gl_1023.jpg,glioma,0,train,1c4fe2b3f056f39af597d37bf3e5ef1a38c3f67e351b24367b191f9af57b689f,c6346f3135667332
Training/glioma/Tr-gl_1024.jpg,glioma,0,train,daf85ebff21d26d664440f55d4b301988b296c370d7c7d9a9a16d409c8c58d30,c2642f3b3cc6f0d2
Training/glioma/Tr-gl_1026.jpg,glioma,0,train,5a1f890da5c535aaf4d557b2f9107e826f7e5c3be2d20655c4ebbe9fbbccba0b,956b3e25309673a6
Training/glioma/Tr-gl_1027.jpg,glioma,0,train,5db2afd7372f9980374776a35fdb03dc18db65d0811277e4c4361bef97a29f34,956b7e21389473a5
Training/glioma/Tr-gl_1029.jpg,glioma,0,train,afe8e33cd9726ff661d29965933f382e407f63654768701fa98f62c2397ab31a,c03f4f7a3c6d3421
Training/glioma/Tr-gl_1030.jpg,glioma,0,train,77fd71f7f1b40d6217c9937d6060c213918948973f28c523248065e797f632aa,813e4f7b2c497435
Training/glioma/Tr-gl_1031.jpg,glioma,0,train,62f5644b85d50ccc3744a98d5974be9dd765f64728717dce67f6f5c8de679913,c06a2f3c7db072c3
Training/glioma/Tr-gl_1032.jpg,glioma,0,train,a1d9a32f5ee6010108464438d7b2420864f89b8d280122694fe476d0635b6486,c06a2f3c7bb07263
Training/glioma/Tr-gl_1033.jpg,glioma,0,train,285854e5f03ecdcb8eb7a4b9fb3c9c17d84b148c43573c38144264cd6f7d8bc4,c06e2b3c79b432e3
Training/glioma/Tr-gl_1034.jpg,glioma,0,train,1a7af0bd621e28d874ce87f360906052dbb62987a7687b32e416c4cb6d1f71b4,c13e2f6c34b17287
Training/glioma/Tr-gl_1035.jpg,glioma,0,train,d56a98fcd2c5d68dc7f24dcfafc5d1ede0ad5950fc180fb8ca678e3afb888170,c03b2f3d347932c6
Training/glioma/Tr-gl_1036.jpg,glioma,0,train,f63e0ba13df505dd6d44d62154016e3099cf045bc650b4803066b6f7b2dd9da0,c06b2f3534d1f386
Training/glioma/Tr-gl_1037.jpg,glioma,0,train,c7d5319be2e99811df698f9e19aa47bc41f1b128de970690bec5c8f3cee4439f,c57a6f3d30957083
Training/glioma/Tr-gl_1039.jpg,glioma,0,train,49f44f131120af0e33ca9edff502f2728dbbdb1efabf65a27ecefba3300e8042,c56b2e31b4957296
Training/glioma/Tr-gl_1040.jpg,glioma,0,train,4ceb3191888346db82bf0092d5e9b1314572b82139c00d0a0a6902f169468d2f,c00f4b2d0f8d6cfc
Training/glioma/Tr-gl_1041.jpg,glioma,0,train,9cc6dbd1d4463856f57075f9f56e5cd0bdfa7833924d37420f0fa7cbd208ee23,c00e4b2d4fbd6c6c
Training/glioma/Tr-gl_1042.jpg,glioma,0,train,431685bc36c964806d4f445199f1598ac1ee8bd2bdf7d24d45f9cd2bb97f67e0,c00a6b1b2fed3d34
Training/glioma/Tr-gl_1043.jpg,glioma,0,train,e5e57d3d7e73be86ba7a6725318d3169946d86a961a80bcb0a3170b2a14b0a9a,d00f4a0b3fad3b34
Training/glioma/Tr-gl_1045.jpg,glioma,0,train,ccc4c41a498f6940a71ae328201b2245b88fe6dafe53826f245bd793c4713752,c02f2b347cb47a93
Training/glioma/Tr-gl_1046.jpg,glioma,0,train,043878de219804ab1963ce794fb19bff965f5744154043be2fb30846d7d1f7fd,c06f2b347db45293
Training/glioma/Tr-gl_1047.jpg,glioma,0,train,f6b735fe413daf080ef35f80eb2c9831d5b5eac838d651f100acf11705dbd893,c03f2f3934e432cb
Training/glioma/Tr-gl_1048.jpg,glioma,0,train,6ee21fad8545513b1db6292d206fbffa423c7b6695dffdea8cfbca4c4433062f,c06f2f303df032cb
Training/glioma/Tr-gl_1049.jpg,glioma,0,train,21b45599e6527e4aacbe462d343bde3469a8e4418dcf50a9e592c912d4e0b260,c05f0a6e7fa83534
Training/glioma/Tr-gl_1050.jpg,glioma,0,train,d095a8a4ff9ab681fd0639267d5c09649a9efe3d562d641322ce4f4a1b5e28c4,c15e0a2f7f293478
Training/glioma/Tr-gl_1052.jpg,glioma,0,train,0f59639bc13268c793a57c35c5d1fc72ea27b81c74ee2401f4f59d63b77c17cd,d54b6a2d6b2c3d60
Training/glioma/Tr-gl_1053.jpg,glioma,0,train,769ac0b5aa8fbb140d6ed0b53c1e28de56a386c2ea1670a7355ce763ae84ff23,c11e4b2e2f6934b5
Training/glioma/Tr-gl_1054.jpg,glioma,0,train,567f70aac8522fdbb8dc7dd771f599f4d4287dabad330c5ddb250f18d5c1bcfc,c11e4b2b3f6934b4
Training/glioma/Tr-gl_1055.jpg,glioma,0,train,a74120baac81a6a69b6c0fb427e8e5fcba1431a7d8ea2157120233729a161bf2,c57a2a3b3fa930a4
Training/glioma/Tr-gl_1057.jpg,glioma,0,train,9e4b721a1d4fa86c12535912284bf2b6fe03dc052257824bc9ed0d0997cdf8f3,c09e6f0b2ecd3c1c
Training/glioma/Tr-gl_1058.jpg,glioma,0,train,c825aeede348a8cba15668033a6cb517845246cbb9c83effb8fec0719a2f2b14,c01e6f8d3ecd2934
Training/glioma/Tr-gl_1060.jpg,glioma,0,train,810c060559475096e71308971db2a5577bc5bbdeccbedc3f8cf0715c20ba72bd,c0692f1f6c3f342c
Training/glioma/Tr-gl_1061.jpg,glioma,0,train,1079b80930fcc0392b7e38884814a12cf72b34f763033ea20e1baa4ca76db902,c0682f376c3f346c
Training/glioma/Tr-gl_1062.jpg,glioma,0,train,6ffc2963643a0442d7fc5a16864bdc0b739060c6eb5d746c07551ffc6c98ad71,c06e2f376c3d342c
Training/glioma/Tr-gl_1063.jpg,glioma,0,train,6ac40af0ba5b1431812807ad3f187331ee34c96ec9fb0cb963a93c8bfd97b80e,c06e2f3b6c35362c
Training/glioma/Tr-gl_1065.jpg,glioma,0,train,4b22a02fc895068d09e5dc67d45f805256afbcece3121049ec88490664ed7e83,c01e6b1f6c213779
Training/glioma/Tr-gl_1066.jpg,glioma,0,train,d8a7b8344bf20908c29b7fd7873d4bb7b71d10671d871cf4e8002683c5b25261,c0de4b0f6c7d2c1c
Training/glioma/Tr-gl_1067.jpg,glioma,0,train,d55c21e73d91409c8f3c5998b489eb744ec863b095a9ac7e8115f1fad8e44f07,c0de4b8c6d2d6c5c
Training/glioma/Tr-gl_1068.jpg,glioma,0,train,401e8be94d1c20e56e4c28cd8a5ae5c0b6df523e3e41c7c58e770b374ca54a0d,c11e4e0e6e9d2c6d
Training/glioma/Tr-gl_1069.jpg,glioma,0,train,a909616e55b0bcabb3825903d77618b329498aca99458a9c0445d56a46f7f464,c13e4a0f3e696935
Training/glioma/Tr-gl_1070.jpg,glioma,0,train,1e775372a7c4fb92eff6e2526579ac2c20a2366df2b71498da9d3870fcef3d3d,c01b6a4f3e3c6d70
Training/glioma/Tr-gl_1072.jpg,glioma,0,train,864d37d0db77124154623658aa3229c250d472ef01ea80ebe538e0137dc0b2e6,c02f0b3d6fa62d38
Training/glioma/Tr-gl_1073.jpg,glioma,0,train,fa077c88adb8950d5727c6bda5426ad4be66c0088a57b73e65775372e4e91b0b,c00f6f3c3db57031
Training/glioma/Tr-gl_1074.jpg,glioma,0,train,f7aa371e7bfab73c74b2bb0ace00867aedd9abb9b2a02cbf85bb8efba5a43732,c03f4f2c3d613c33
Training/glioma/Tr-gl_1075.jpg,glioma,0,train,171d43af9c4f9bd0f13f726f1b068a0151dfd425b28ee3d3d2af1e78a423dbe3,c03f4b3c2df07c31
Training/glioma/Tr-gl_1077.jpg,glioma,0,train,b4237d20879fb87c99486be94920a62a0c5726e2a3cc5e1fc187cb298bb553aa,c46a6b253fb43932
Training/glioma/Tr-gl_1078.jpg,glioma,0,train,bf4ec4b33326d500367050b092fc0e9854055512e885f09b627a43ad0322ffe5,c4632f2734bc71b2
Training/glioma/Tr-gl_1079.jpg,glioma,0,train,d0d25fd861eafcc2e16211f95d21245c170df951c13c020c575b30926d2bfd76,c4636fb7309ce093
Training/glioma/Tr-gl_1080.jpg,glioma,0,train,4fe32d2a57149bb474c39f2a58feb02ca482dfbdb3976b2d3a292f628e40c7ee,d3636c9c3198e3c9
Training/glioma/Tr-gl_1081.jpg,glioma,0,train,00474db1b5368ffe1f5e04fe45640d41d2acf3aec1e40b07af55ade41f457f8c,d40b4b264b2f1e6d
Training/glioma/Tr-gl_1083.jpg,glioma,0,train,e2d66ddeb895cc50bc4b0bac7f58922a2f3156e60f146b1e43ee0ee74049848a,c00a4b4e2f697db6
Training/glioma/Tr-gl_1084.jpg,glioma,0,train,9ddaac7f95b4c690735c26dd28da79a87fa1c9b3dc00e29b43219ec6623fed5b,c03e4b2d2c9f2d36
Training/glioma/Tr-gl_1085.jpg,glioma,0,train,3676bf8475290e82198622cd01d6df42487dcea560fa6d0fcd3fc8c01a8b7f1f,c06a6f1f3c2d7a30
Training/glioma/Tr-gl_1087.jpg,glioma,0,train,8af94670f7616f6902f4df2016e8961272654ff302b7fe9443ef609bb452c301,c6696e35391c7932
Training/glioma/Tr-gl_1088.jpg,glioma,0,train,cfa82d8f0e4a5d3b7cd5b449172e72f5e1e7c304bd02654c86be3c77da83a7ed,d2612d36719c33d3
Training/glioma/Tr-gl_1089.jpg,glioma,0,train,5ccf4e8a21ecc0a9210fd5b113787d5d796018fc9c1b6260b4c9c6365cf932b2,c6694f357c367032
Training/glioma/Tr-gl_1090.jpg,glioma,0,train,72672047c0ce40a2ca41b1488aea38aa21b67f70eec72c35a598592a113f5021,c06c4f343d9f7036
Training/glioma/Tr-gl_1091.jpg,glioma,0,train,ac0d4a7e5d04dd0f9bcc25e544a39f44a50af049aa40c3642dd2bdf925ccecba,c03b4b6c3e2d3c36
Training/glioma/Tr-gl_1092.jpg,glioma,0,train,1711491eaaf063e537f85c0a86a3119aadcc9d6b0824f288866f562a67e6dd12,c03e4b2c3f6d3436
Training/glioma/Tr-gl_1093.jpg,glioma,0,train,4b3598ed67f8f3948b3c3a59e388efe34f18cccd77c3596d1ae30aa4d8e45005,d4426f0f781f6938
Training/glioma/Tr-gl_1094.jpg,glioma,0,train,06d1cfec271195a662f604cd11c2f6eefb5667b4e9698aeebd5250caa979b3a0,c5706e1b7c0f683c
Training/glioma/Tr-gl_1096.jpg,glioma,0,train,8e4a0e812331f9554781c1c1e6c2837f3adbc7d1e5fc09a69a8b4c68f45123ea,c3696e353d367032
Training/glioma/Tr-gl_1097.jpg,glioma,0,train,8f3a508c8af1e39626bb1eb0981d7b7dcc4f26da44f2b2ed1c5d155c95dfe89f,c16c6f343d3e3432
Training/glioma/Tr-gl_1098.jpg,glioma,0,train,984836b73a5dfaff3d28b3f8810c73b084112defe688b7f4163252a89348a4ed,c06c4e3d3d7c3435
Training/glioma/Tr-gl_1099.jpg,glioma,0,train,5783e05aa823a6ee07170688ef550d6bdb902fe8f564cbd077985cd0b32bb0d0,c02b4e3e2f6d362c
Training/glioma/Tr-gl_1100.jpg,glioma,0,train,04dc6ad973ea8a6e346f3eca8cd0ff2e6720a039e57e6e5419feba8cda1d30f1,c02f4a2f2fb56c34
Training/glioma/Tr-gl_1101.jpg,glioma,0,train,1ab03bd8af09d72fbfeae7cc837364b9b7208e63705f641338ad944528cc76e2,cbe13c1e33e0d943
Training/glioma/Tr-gl_1102.jpg,glioma,0,train,5d0880ba6ebc8e197867c0c780402513b3f7da77f3b01b81cf9b67e758644b1f,c46a0f3e3d3d7034
Training/glioma/Tr-gl_1103.jpg,glioma,0,train,699c62555207ce53fb7d82a24e98cac2de7ecd4b979066f7ea50c898e037acfc,c17a4b2f2f2d3134
Training/glioma/Tr-gl_1105.jpg,glioma,0,train,3eccf8bb4caae3d7fdc58cf2bc7679e7cac725c0819eaf3c40f373ddd2ace0fc,c15e024b0fae5d1f
Training/glioma/Tr-gl_1106.jpg,glioma,0,train,03f1ce9c5201dd01aa6ef09ea74543b7f211d0b93ba3f968df0d528ca869b78a,c55e4a0a6f4b2da5
Training/glioma/Tr-gl_1107.jpg,glioma,0,train,7922dd288809e346dd16904e0ee51f6731a4a39da409eae280c0ee8d3a87ea49,c57a4e0b2e4d7b24
Training/glioma/Tr-gl_1108.jpg,glioma,0,train,72a6fd906e1a496d3bcf89a2cee852272a4c2648b611dc74f21de76abc69b471,c02f6f343db43932
Training/glioma/Tr-gl_1110.jpg,glioma,0,train,5fcca0817531bc8d5dca2ef30302bca90cfa85a0d18394dc8d5b7c8dd46cc159,c43f6aac91568bcc
Training/glioma/Tr-gl_1111.jpg,glioma,0,train,0e1970442d91dc3fd9586dcbd3c51c9e4d89e11a197b5c16f20930efab52c8df,c57a39bcd0c19a4d
Training/glioma/Tr-gl_1112.jpg,glioma,0,train,3c080e6ee597bb058eb06ae129d5d32b86504f539bef68bccafe4c7019c3c86a,c53e69b4c1d2cac9
Training/glioma/Tr-gl_1113.jpg,glioma,0,train,4b138d5d2f7e3f79fa391a9eb3b720c8065bf1b83b01bd370e8f54e36da5d22e,c42f68b4c1d28fcd
Training/glioma/Tr-gl_1114.jpg,glioma,0,train,34e353dd27b598c9d95c21a36e7363fbd2f596ea12a79dcb5e461101de30535e,c02f39b4d1d28f4d
Training/glioma/Tr-gl_1115.jpg,glioma,0,train,e95c702ca61df5a0a227ae21361573e8da4c4f24f38c0c81469c05527b3e2286,c46a2a2d7e257c36
Training/glioma/Tr-gl_1116.jpg,glioma,0,train,4d9ceca46c2e358f2661982f12d895ddc7d2f800f39f15103a725e63905541c7,c4430b0d7f2d7c36
Training/glioma/Tr-gl_1117.jpg,glioma,0,train,0da83243b014f2b09b7d15f3945f1baf5f06fc2512185963f84278025df921e3,c6396e3770167133
Training/glioma/Tr-gl_1118.jpg,glioma,0,train,d8c1e616b1a0a2d185afbae8570929ddbd9671252d8f5e826d693b94d11ebe93,c23d6f3678973032
Training/glioma/Tr-gl_1119.jpg,glioma,0,train,4ac0f000a9a4cab36fc47318c1dd6bbdc46e0908caba9c9c96d73954a4c4b68f,c03f6b2f3c257832
Training/glioma/Tr-gl_1120.jpg,glioma,0,train,8ff6ab0aa3e107290f62007d2c020164271b0d620d754177d93c95916bd60df8,c03f6f6f38247832
Training/glioma/Tr-gl_1121.jpg,glioma,0,train,45249bc74eeb75e06f95c27836a7e97b2b37fbe94a16953838345c16e93f7934,c02f6a6d3ca57c32
Training/glioma/Tr-gl_1122.jpg,glioma,0,train,66eebdfc69fad33db0ee567c26263ca8f88f9b41c4e6b500fc65760999f4df42,c02f6a1f6da53638
Training/glioma/Tr-gl_1124.jpg,glioma,0,train,38af6986382cdd205192442443a253eaa4eb8530cfa9013b88ba9eabe7cf67aa,96c3691c6739b463
Training/glioma/Tr-gl_1125.jpg,glioma,0,train,ff382407989bb22454d4ac38f0655cd7f017ee48da11a559ef582b32e533090a,94c36a1f711c7473
Training/glioma/Tr-gl_1127.jpg,glioma,0,train,6c5273a4ff3807552a18027dd4b5cabce38d6e6cb0dfe184f607135938e25fff,c4396b1f693c7c24
Training/glioma/Tr-gl_1128.jpg,glioma,0,train,1c24dd014c8e3c6e7d90e4107d8ee0898de97454b3b0a48f9e6f0fb0877d5555,c0b76b077a696d30
Training/glioma/Tr-gl_1131.jpg,glioma,0,train,407eb5a2691640be861b607b302e91d424d0adf0a02ebb543fe70bb8e10d0f77,d2cb2f99613c6668
Training/glioma/Tr-gl_1132.jpg,glioma,0,train,900423a66c96fdc8e0f11ebaecec0f988dbbf444de3598d0d115da42a31c9d51,c2cf3f99703c3660
Training/glioma/Tr-gl_1133.jpg,glioma,0,train,49feaccfb5162d8df4ab0a4829dc39ceb5eed1c9858b575f85af62e10d5152a6,96332de46983b69a
Training/glioma/Tr-gl_1134.jpg,glioma,0,train,c1c953557f84602834a4c3473bd10c089ca5baeb88f09b00377bc7886dc48b4e,c63b2be47894269b
Training/glioma/Tr-gl_1135.jpg,glioma,0,train,2837865895ed037eef1b17d6600b1e41329a7f4b1c94b34040b1bd979e77105b,d23a2be46c9c349b
Training/glioma/Tr-gl_1137.jpg,glioma,0,train,7c4b7a77d0bcb5f67e1337956466e277955f89a638f23db7fe785b2fa1134848,927b6ba56cc621d2
Training/glioma/Tr-gl_1138.jpg,glioma,0,train,16b0a48d069ac95156b9338a4ac98b619179335d4223a3e6c6fbe6e932eb0780,d2682fa57c9625d2
Training/glioma/Tr-gl_1139.jpg,glioma,0,train,d2410a610adf6edf507eed7ca8945aa8656afb8ced3561a26bdc7a1236a85d28,d2692f2578d62593
Training/glioma/Tr-gl_1140.jpg,glioma,0,train,19cd53d89f418ca5a319272115a72c1c023c13db8c068035a808aec19dccfbf0,d2332e943169f2ce
Training/glioma/Tr-gl_1141.jpg,glioma,0,train,abd1efc5099cf548abdd488f8aafb9d08359e53340488fa8741c86ac1c7b5279,d1636eb63458e2c9
Training/glioma/Tr-gl_1142.jpg,glioma,0,train,3f06cb9520c69a18540c5ccdc39bb80c3b7916833d034993fce8c4caaf8415bd,c33b6be0349636ca
Training/glioma/Tr-gl_1143.jpg,glioma,0,train,810c49b6c8ffc84b6d425d8a41ac74e3578522863a9c1646193e7f503f68a944,c33e6ac134c3339d
Training/glioma/Tr-gl_1144.jpg,glioma,0,train,2868704019ac902e4ed082a7a44f1af5220fa21dd2929f06b6dc3268abbbf710,97b368c2314d772c
Training/glioma/Tr-gl_1145.jpg,glioma,0,train,ee53ac9d15beffc654e9d60643d66faaf70d95dccd1c2e5a8dd59d696d584f57,95386ae3614d676c
Training/glioma/Tr-gl_1146.jpg,glioma,0,train,66bada054eb3330a11a21a2bd4fc387b3c55490a2e1f453441549425ee04232e,95326ae1614f27cd
Training/glioma/Tr-gl_1147.jpg,glioma,0,train,b9b5accc1bcd60a37d8a53bec8cfc1ae6f8ba5b0a20cf57e6678101b98ee8757,953e6ae1254e669c
Training/glioma/Tr-gl_1148.jpg,glioma,0,train,82d72ca61e5515deb81e1ccc0f5cbe9121c81597ce34e59aea91b8146e29bf57,973e6ae1314e661c
Training/glioma/Tr-gl_1149.jpg,glioma,0,train,c718d16df76835f9a12240860528d22bd163b04d8700ae6303139dd6d272fabd,933a68e1314ee6bc
Training/glioma/Tr-gl_1150.jpg,glioma,0,train,b085dde27c57d63f3744c0990fff8fb28dd434d2f9842ef814cb066b7b421993,976b7aa5219236ca
Training/glioma/Tr-gl_1151.jpg,glioma,0,train,3de5a4b5aae3b3077ec10e6776dc2c7330ea0066efce37fd895e21e8f0981436,977868a5319676c9
Training/glioma/Tr-gl_1153.jpg,glioma,0,train,bd9b9a2a4aba7462f39102d57ae349690c565ff2767a12b6296b432219efa6f3,9668698737da8e29
Training/glioma/Tr-gl_1155.jpg,glioma,0,train,9d7f712afbc21af8796b7e54d680e9f0da900afe4c2864269d7aaadaa6e9b0e4,85666a3539b33197
Training/glioma/Tr-gl_1156.jpg,glioma,0,train,d2c189ff756bb355e18564d8d2bdb4e8ef87214640de25085c619212bddd4435,956e6a313d336193
Training/glioma/Tr-gl_1157.jpg,glioma,0,train,14604704b3913f19c129303ea2bfeba42c083b254319d8921d573a0e7139e3dc,96687a3569b66493
Training/glioma/Tr-gl_1158.jpg,glioma,0,train,05e90ecc4faa858348aeb4da228710721530bca87591eee290889a0fa01505d1,96393b6564c6668e
Training/glioma/Tr-gl_1159.jpg,glioma,0,train,61813087f91ab430e5709f736d37720f3abfad2dcb4bdcc87e6c4db373104264,c679396433946793
Training/glioma/Tr-gl_1160.jpg,glioma,0,train,6d62fa4bbd759cb7b0ff45165ca2e917b0b55d43d91d561296431a4329f9c696,c66b3b2439d13633
Training/glioma/Tr-gl_1161.jpg,glioma,0,train,824f99810b9630df4749180477e15d9e9e36dcf8800ef8f3cc7c58962ebf14b0,87786a353de03536
Training/glioma/Tr-gl_1163.jpg,glioma,0,train,164313b11f657bae768a604e8eb4d6ad293fba536250c8c2454978382c27e0b4,c6653b3f6dc430b0
Training/glioma/Tr-gl_1164.jpg,glioma,0,train,fadb4dade03a4f8fe620a7d3339f57916b2d30e03cd8b7348ef851f01a4584a2,c6613b3f6dcc30b0
Training/glioma/Tr-gl_1166.jpg,glioma,0,train,dd4a1907e43e02cb32ffe08e7e35e30e5a69f81cca98fda831898d22bad1d006,c6c3291f7138b663
Training/glioma/Tr-gl_1167.jpg,glioma,0,train,43ba01ed69855d51c6a7a71620b482882d79c9df40146aa3c61608a7eca243f7,c6d2691d3174c667
Training/glioma/Tr-gl_1168.jpg,glioma,0,train,eefbbe4dd490f2cb279ba1f67f51448e76341a2371e72e37b67e0b3b1249d357,97696a3e39623178
Training/glioma/Tr-gl_1169.jpg,glioma,0,train,6ceb3cf855ddaa1019447387102a04894cd92cec3331f41339b3d96dd6486762,97697a3a2978702d
Training/glioma/Tr-gl_1170.jpg,glioma,0,train,f1a27d364b578757e47e90c59e8f2837c9f472a17cff7ccd147a57eed68c488c,d33d6a6c25e36234
Training/glioma/Tr-gl_1171.jpg,glioma,0,train,c296e8b0dfc1340ddfc31b261ae9a4d80bef689c286e053c5f8d7b68cb4d4d9a,d32c6b783cb36660
Training/glioma/Tr-gl_1172.jpg,glioma,0,train,756573a5ce06b047765b291d94fd2df116395cf4f1487df6782789144f10c69d,97696a3d29e63066
Training/glioma/Tr-gl_1173.jpg,glioma,0,train,8bcc5661885e6d37f3b2fc9431a4ea85ba355f4fca250f38bc3ae4973bdda9f9,97696a3c69e33423
Training/glioma/Tr-gl_1174.jpg,glioma,0,train,ff4fb5aa383d50838d8d2053651470db0178ecc2cc81734bc4e8969ce7cfd604,97696a6f31b06166
Training/glioma/Tr-gl_1175.jpg,glioma,0,train,63bef0b1be0e58aae238b660c28ddaa239bb67ad267f5dc8d36286c8fb312647,97696e3d69326185
Training/glioma/Tr-gl_1176.jpg,glioma,0,train,c99fc15ecaa7e58f7b30d83aef2196e3b419bab7d5d3651ac712a071ba70f46b,953f7a60698566b2
Training/glioma/Tr-gl_1177.jpg,glioma,0,train,41c996440953c76164e4dcd69a3c02b92dec1d8e5e308cd9a92b84122398f945,952e7a6128a567b6
Training/glioma/Tr-gl_1178.jpg,glioma,0,train,52d29ae79dffb641b749135147cb26f30fe070a1caf73cd33f2b83c08f6604e4,853a7a6821b16db7
Training/glioma/Tr-gl_1179.jpg,glioma,0,train,0da0a832379de183d3d654da196f0ac033a9a2c37972357ce9cb0ebbde35bdd5,943f3e6831a569a6
Training/glioma/Tr-gl_1181.jpg,glioma,0,train,06888df278075cf54a0a66ec26ec91579749c9a888ee50e4b000ee98feddd3c4,956a3f2970a57166
Training/glioma/Tr-gl_1182.jpg,glioma,0,train,6752416792866bf273532a202faf547ab47c7d15a426b9e49d93a2af8d6551b0,906b2ff032874e9b
Training/glioma/Tr-gl_1183.jpg,glioma,0,train,3bbe0ee22bde324bd9d7dbcfff75780cf72aa68b036655a5d1b4d38383990100,d06f3f70308762cb
Training/glioma/Tr-gl_1185.jpg,glioma,0,train,d63ebc9d78d3828ecdbd09322ddd485a75a08d3d7986ea898cd3e9c1e88f0910,d06e2f3174c663d1
Training/glioma/Tr-gl_1186.jpg,glioma,0,train,2fd22f5ad6813191eaff5b77aeb83ca5b4ad0a958a462d8f0051cb140f357710,946a6b3570e626e3
Training/glioma/Tr-gl_1187.jpg,glioma,0,train,c46f336882c658575aae024315b859d2444f50425e5f2f513f98dcda4c6d5309,95686a3530f267b6
Training/glioma/Tr-gl_1188.jpg,glioma,0,train,b501d456f40d5bfc25c93b7744e39468cb11b06be5fd50c45901ed2f08d92db0,816c3e6934e46ab7
Training/glioma/Tr-gl_1189.jpg,glioma,0,train,03a17af02e79d5a97bbb43adc0d9fe9930761c0196c80cf2f56b735e5bee164c,95683b3934e66c93
Training/glioma/Tr-gl_1190.jpg,glioma,0,train,0cb81cc19528baeff253396e516272b98fc11a9d2dc155368b8feb22e1014682,97687a2165c687b6
Training/glioma/Tr-gl_1192.jpg,glioma,0,train,4eaa669d702fb13c165001642bcea6d0d1a668f4967ff6d73b048463eba286a1,976a3a6960e5271e
Training/glioma/Tr-gl_1194.jpg,glioma,0,train,d927eaafed38051388078334358917d4d393cca8dd1b7f45d5c550d76488c959,97687a3869a769c1
Training/glioma/Tr-gl_1195.jpg,glioma,0,train,9318c892911113422bce3852fb65d1f1c6593f39e6e04a598da1e9c6d334c84f,c13e6e312df030e7
Training/glioma/Tr-gl_1196.jpg,glioma,0,train,9839303baed30841117a2d95d4374ed8f8faf3873cb3cb290d981504d1db8e18,c43a6f3869b439c3
Training/glioma/Tr-gl_1197.jpg,glioma,0,train,90e7c9dbb4b22ba4024285bcac7758d858b3347827151263b02e9bbca8759489,84383e693ce169b7
Training/glioma/Tr-gl_1198.jpg,glioma,0,train,d6e1296f665b985bf6b5a442858603792deb00e236090d60be5881e25ad3c41a,87787a29683761e6
Training/glioma/Tr-gl_1199.jpg,glioma,0,train,c56e81323b364f9b280a2b702abcc97cac1b01e00187a3039e19a1310012f2b9,97396a7429e564c3
Training/glioma/Tr-gl_1200.jpg,glioma,0,train,9df230886aeafb43c3027b8293fcd714c1d88271acd15a915e8859525315f252,97697a693da56062
Training/glioma/Tr-gl_1202.jpg,glioma,0,train,d002dc660689008ebed180331972adbbc73a125657d2a822294c78130a4c3548,966c6f3468f33134
Training/glioma/Tr-gl_1203.jpg,glioma,0,train,84480149fa422e40d3aa2314edda363558409d40b7059be619b181d20bf9f873,973e6c6163e624d2
Training/glioma/Tr-gl_1204.jpg,glioma,0,train,d71f872dc88f1de5e58408e82270146c10157fce14ca2dbc0c2d5b7ec406329b,963e797121cc6666
Training/glioma/Tr-gl_1205.jpg,glioma,0,train,8984b616ad0aaa825c1ebce1b62a27fab75ab0c9ca1f458b59be9e7e4dccf56f,d21e2971316c6767
Training/glioma/Tr-gl_1206.jpg,glioma,0,train,f2ce9cccbc3d3ef6e92e2d8e0c8a5b03f090a903fdd8599559e083871005f716,956a7a3d643c6332
Training/glioma/Tr-gl_1207.jpg,glioma,0,train,5178a735f6fd0b8e2bbf4a1caaaab058463559a5a14613227d091966d37d290c,95683f2f683c7170
Training/glioma/Tr-gl_1209.jpg,glioma,0,train,9f624e27f08f8db7c7bf27269624db99015fd882bf40598cd1e0f5e049953d20,857a2f3076a556c3
Training/glioma/Tr-gl_1210.jpg,glioma,0,train,d1761d69f12847599c3dedecb7d5c321e75d3151de217a53b91f28720d4c8fec,817e2f797db05482
Training/glioma/Tr-gl_1211.jpg,glioma,0,train,3e914707d2373cd612dae6fd3dd0019751b4eb5b1517556bdb3b96bd29948c2f,817a2f3439a476e3
Training/glioma/Tr-gl_1213.jpg,glioma,0,train,e3d9d35eaabf8e48bd25111d88960da16142117f443653ecffc61f7855fae3c1,85623e2b7abc7930
Training/glioma/Tr-gl_1214.jpg,glioma,0,train,fd9530ac456bde7ff4bf6ee217ba9cb0b3d943d51e182f3348e4a9c2ac386e7f,95627b37689c3332
Training/glioma/Tr-gl_1216.jpg,glioma,0,train,d53879d853dc6bd13d1c321135c72b11ed48bf6fb636231a03301670b3757f3e,c16a3f6936257836
Training/glioma/Tr-gl_1217.jpg,glioma,0,train,cf479e715d13ef52c12c84e5dd5df6b5c6a852a1da352792109eb8da283388cd,c46a3f253ea57132
Training/glioma/Tr-gl_1218.jpg,glioma,0,train,71c2f050546eb69a172c3c9ed018f4438815e7169e7f96b2973641c24f1805d2,86613cb4719e63cb
Training/glioma/Tr-gl_1220.jpg,glioma,0,train,80dabf0ae359c9fd511b726eeb727c55d6b7bbb30d904e6b76a467d3b1094e73,c06d6b353cb67033
Training/glioma/Tr-gl_1221.jpg,glioma,0,train,a573cee3250cb5811beed1cacd92b4cf1bf5c42085190d57b349eb183524557c,86692e3578b47396
Training/glioma/Tr-gl_1223.jpg,glioma,0,train,fef3493f582f15434500b4e71e2a8055e8f23426e4f0c8f27d9e50726a7806d8,d5480aad6f273d34
Training/glioma/Tr-gl_1224.jpg,glioma,0,train,5eb1c4592b4d61c65c61400324d187c24cbb67ac4d7e4e2cc36750ee0862afea,976f68b4251a92e3
Training/glioma/Tr-gl_1225.jpg,glioma,0,train,0923d5ca4e5d20b961c5a72a84eb687beabefe38ac82b970b49316519183bda8,d76128fc2116f1d3
Training/glioma/Tr-gl_1226.jpg,glioma,0,train,265c15807f15a062fd0cdd62f5bd8f320435cb4a22c70888fa05ffa36188f469,c3696b3c349c7332
Training/glioma/Tr-gl_1227.jpg,glioma,0,train,87ffeb5c8b9693fbdab1ec4abf10d1f8cf741e266d2df209616e02bae3555cb3,c13e6f3e300f7132
Training/glioma/Tr-gl_1228.jpg,glioma,0,train,dc655e8c4ce4dc38fdeb1c66f8e811ba8c0346fdcb4de43fe860073ad9f964c2,c07a6b3f782e3434
Training/glioma/Tr-gl_1229.jpg,glioma,0,train,bdf7e7ff4cd65e9d51f157fd6e56261fa7ccc0b872ca5a4a484b3e04b008fb25,c1ea6e1f3d3c3064
Training/glioma/Tr-gl_1230.jpg,glioma,0,train,181e127c61003db22fe018c27d8dc6cab46caa8feb20f1c3115b1464a91d4b60,c47a6b173d2d3431
Training/glioma/Tr-gl_1231.jpg,glioma,0,train,ca64f80609da2634ed9de3e295360e5fee43b14f95266d279faa3ae612300d97,c03f6f3c37e030b2
Training/glioma/Tr-gl_1232.jpg,glioma,0,train,6c21b2bfb599b32223a901c53af86cdcbf6a1aedf65849935ae1d7ca260ff942,c00f2f6e79b47033
Training/glioma/Tr-gl_1233.jpg,glioma,0,train,033e40d27a91cdae3985063b6eb4f8fa9d0d1ddbf274abb1ef02abfa87c09761,d0ce2b8d6c3f2534
Training/glioma/Tr-gl_1234.jpg,glioma,0,train,eefa3d2eba20244aa090f522bf660e642f4ac6bfaa8645c5bd8ddfe855c1fb05,c06b2f343ec670cb
Training/glioma/Tr-gl_1235.jpg,glioma,0,train,b576df9c846c16079b59caf90814a233b6411800a627afc2cd65dcfc13fc8e9a,c02f2b3d3eb43992
Training/glioma/Tr-gl_1236.jpg,glioma,0,train,6a3c4743eada4fdffab73b4a5a5440a32d5ea5c90df206be51650293bc25e633,c03b2b2d3eb47896
Training/glioma/Tr-gl_1237.jpg,glioma,0,train,6d625ef3864594b40943064989d24dd72c46b644c643659bdbc710b05a2718cc,c02a2b3d37b57272
Training/glioma/Tr-gl_1239.jpg,glioma,0,train,a36e683aee5a8b74227ad36603fb55fbf93b8e2176ab5745feb29aab3c55e2ec,956a783d6399e612
Training/glioma/Tr-gl_1241.jpg,glioma,0,train,fc967d37bdc18872df23936fc3c72b72212d21d9868b1a17509be253c6c579d1,876a7a2f603d6334
Training/glioma/Tr-gl_1242.jpg,glioma,0,train,3d66d26f413df0106a5ffc947ffadcdc5ca994e0bb8e743a09c2d5fb9b971bef,877c7a3a782b7034
Training/glioma/Tr-gl_1244.jpg,glioma,0,train,2150a95dec761361972316210b67522f71a8f3f1d79b90495115b82668d3eda0,956b6a3f611c631a
Training/glioma/Tr-gl_1246.jpg,glioma,0,train,a1348946c0e49bc7d950aec79defa9a5bbe369d46d577bfd827d02c04e7542eb,845c0f2b5e4e3c3d
Training/glioma/Tr-gl_1247.jpg,glioma,0,train,4e4246212c8007056945d7787d0d19a6ae280f2079f98e366504ec757d5c2826,c1362b6b7e2d6834
Training/glioma/Tr-gl_1248.jpg,glioma,0,train,a1ce370368858b91cf860357d155e3754cc2544703362aef74d3520b11b83823,813e6b3b6c2d7834
Training/glioma/Tr-gl_1249.jpg,glioma,0,train,dac689af48eb4d750e309f3e8b663922addc0cc489594f1c16030f9b8f557527,85786a3f683d7036
Training/glioma/Tr-gl_1250.jpg,glioma,0,train,c78bbf5695744dad211689cc38a3282d091815b3dc6c8ca7b6a530ab703bcb4c,c03e6b3d7e313053
Training/glioma/Tr-gl_1251.jpg,glioma,0,train,8b380a5ba6a5a1f761e5ac4a0d924f1d657f2c2bdd4976bca656e737180b5d0a,c03e6b3d36a17c92
Training/glioma/Tr-gl_1252.jpg,glioma,0,train,b178219eb3a93148867dc6f4be1909fb360e63ca926651e7cfbeef538d6ac1b8,856a7a6934b97296
Training/glioma/Tr-gl_1253.jpg,glioma,0,train,813122a0f1ac0052c3e8df5dd2f3492c9a9767663affc17d9f52e8939e4f8c67,85587e2979b66147
Training/glioma/Tr-gl_1254.jpg,glioma,0,train,db7bc5885e0f6f532fa2757dc3aa5a23db57eeb1c58189087c5866f3871d26b8,c03e2f3d36e47292
Training/glioma/Tr-gl_1256.jpg,glioma,0,train,b0c188c57d5707ed06a96a6c03e83bfd4d5cc0226a99fd42811663386de51453,c26b2f317c8271ce
Training/glioma/Tr-gl_1257.jpg,glioma,0,train,9d5251a8c57391e4c51b3f417e38fc56ffff7acc4c7aed4c44ca69ec342adc99,85ca7e1f68382579
Training/glioma/Tr-gl_1258.jpg,glioma,0,train,1346422a060d139c3b30640e9f7faede3bc5c0ae170e4ca45d94c52a6b5a7fe2,95cc7e1e68386935
Training/glioma/Tr-gl_1259.jpg,glioma,0,train,cc02292e130d5aa97b566bd7532d653a80b3a443a8e4c56131780df2663b4050,d1d80aa96d233f2e
Training/glioma/Tr-gl_1260.jpg,glioma,0,train,e490f4e6801ca776c810374c011b5d2c16863fc30ddf72823c1a1dd5ffebff9b,d4da0ba92f451d2e
Training/glioma/Tr-gl_1261.jpg,glioma,0,train,05f87012472bc08d8a1caf1399f34147356ad9f0d0233e264893690576b4aa69,c0530aa96d8f1f2f
Training/glioma/Tr-gl_1263.jpg,glioma,0,train,477ef22a8fe3a0c5e14427f6e0565f77860ead430381b04235e28c07ae55c6a7,d04a2b293f863d2f
Training/glioma/Tr-gl_1264.jpg,glioma,0,train,ec2fd8e57cd6c7b7a145d1074563cf306fa1de6b42a7d4bf9bb78f080cadc0a4,d16a2fa53e87303c
Training/glioma/Tr-gl_1265.jpg,glioma,0,train,b4ee6ee801a4857d408f724b9e25c40715bb2766c56e9ba4e55a411dc0096b9e,d16a2f253e963338
Training/glioma/Tr-gl_1266.jpg,glioma,0,train,164ca3f95255f5a87894f2fd0b48e7aa503f6b1d8dd1128b9e10cfe153453016,c2696f35343e7432
Training/glioma/Tr-gl_1268.jpg,glioma,0,train,6af1108a0dc9d6aee9c307c74ff31f4883bc32c65159544602af564ebb0306dd,c0ce2b4d3e346d3a
Training/glioma/Tr-gl_1269.jpg,glioma,0,train,2c59b972bcf603f136c0c738fb828759f975b695cc47f1f34a3ddde2135c5434,c32c6b317485f396
Training/glioma/Tr-gl_1270.jpg,glioma,0,train,85b714c3b02375c48a727da5f26fd46aada55c5711f4b630ea5ccc055b54bc17,c53e6b3134657296
Training/glioma/Tr-gl_1271.jpg,glioma,0,train,816125f29b54f2d6f262321f3b9ac2c0bbbda8e4ef51aaaf5e45a0bf9a3a0239,c42e7b2569b36493
Training/glioma/Tr-gl_1272.jpg,glioma,0,train,7102331363f29d6b0fb7e757e66529e9208f4bf5902057c31e487a604bb94374,d0632f35329ab1d3
Training/glioma/Tr-gl_1273.jpg,glioma,0,train,313de9ba8efbf678aa419c68487d46b1ed7d13e9711e0489fb5ad7e73e6825d1,d0cb2f35367e3032
Training/glioma/Tr-gl_1274.jpg,glioma,0,train,36930919a51812d7da4dba311b439382144e2f48a8a439a0bef83fc1831b2c55,d0cb2f3d372c3432
Training/glioma/Tr-gl_1275.jpg,glioma,0,train,d71fadc590bf96b15f2073710c6dbcc95f96a825558551a523928782856da15c,d0ca2b0d376f3d30
Training/glioma/Tr-gl_1276.jpg,glioma,0,train,3b960ef07188f36ed86e178e82615c7f68201b8cee878be36945346fe2b45944,97d37a0d69703499
Training/glioma/Tr-gl_1277.jpg,glioma,0,train,dd91ddda18e78beeaa8cc72f6d40b526dbd01802ceee3b05326ceaf343429fa1,96e37a1c65cc6598
Training/glioma/Tr-gl_1278.jpg,glioma,0,train,dc88b663aa4242006ea5b3bb69b35aa5ef18242098aa1ef48aa6baeda7f4acd1,96667ab565996449
Training/glioma/Tr-gl_1279.jpg,glioma,0,train,c458b8ad8738392f0fce4941e9967fd77e62066b99b1b072bff1a41e7f83a235,97ce6b34349b6249
Training/glioma/Tr-gl_1280.jpg,glioma,0,train,dd7cae23f6ee4de059dba598f570d40b5aced126c7457f71a70befc2d68b0f99,97986a8565c3656d
Training/glioma/Tr-gl_1281.jpg,glioma,0,train,8a806dfc21fdd83ec818a65281f4067067e82f6611b2060528d75d7afd4662bf,974f68b425986769
Training/glioma/Tr-gl_1282.jpg,glioma,0,train,826406078e822accd8a2c2e20b6057d4b4b052c92f2d6ef09676f43fe06e2b7f,978d6a9a25277263
Training/glioma/Tr-gl_1283.jpg,glioma,0,train,15fa0796e32d12b2c6e76d54aa2754c5b5bf2ed1b8c7bfbcf0559702cdfc0c92,979c6a1a6565b2c3
Training/glioma/Tr-gl_1284.jpg,glioma,0,train,1c5529f3d9a8add0b6a6b5743ccdce2915f5ed047784599cf24386cce4e527ce,96336c9461cc37cb
Training/glioma/Tr-gl_1285.jpg,glioma,0,train,59f20b87182955fcc7feb7206c99262df2bc3b1b009f3b65ea7e6b8e392ea38e,85c37abd699c3458
Training/glioma/Tr-gl_1286.jpg,glioma,0,train,30b144376d73cd9f942de7129f168a1620ddb8b84a78d6a9339ef48a214a6439,92c26e3d717067c5
Training/glioma/Tr-gl_1289.jpg,glioma,0,train,fd8bf994dfa1bcb4359edb73c86e29cadb8959bfe0fca9a278135d29f1a8c771,90c96f8f61f0313e
Training/glioma/Tr-gl_1290.jpg,glioma,0,train,927c0bedfb3e384deb27ca702815d01840fe7e13b02bdfd1cd1c7e5cccaec2f0,90c36f9e60b86759
Training/glioma/Tr-gl_1291.jpg,glioma,0,train,c0420bb5f23e3b00b59f8a508916a8cf950997ed99db96bde1d2a414e0998051,91c36f1e60b83769
Training/glioma/Tr-gl_1292.jpg,glioma,0,train,4fc17aa8f9123b2e0b8a7f34b8d2e88d12170e2abd96131455feb434d725d148,90ce6e9f25386371
Training/glioma/Tr-gl_1293.jpg,glioma,0,train,b30ef1c2f98b8b1a7ec87b17401aa4537e560f19edff7e81594f967e739cea5c,976b68b66198374a
Training/glioma/Tr-gl_1295.jpg,glioma,0,train,de134cb7ff8b20330b47415cce552c1297437f433529fa51b1249a153d261f4a,9749689d35c66633
Training/glioma/Tr-gl_1296.jpg,glioma,0,train,0ebb8705c9a932ad83441b1fd83500f269a89cda90df1778821ecd46ab3e3baa,966b789425d2732e
Training/glioma/Tr-gl_1297.jpg,glioma,0,train,db0b98676256c1c9b51f537f414803bbeb56ccd6f645ef6839e5561b439df00d,966968b425d3376c
Training/glioma/Tr-gl_1298.jpg,glioma,0,train,de6b0446acf548b5a25ea17029d5dd8be1dc701bbcf2ad6f9c4dbc3e502986be,9669689465ceb64d
Training/glioma/Tr-gl_1299.jpg,glioma,0,train,27eb86c77d97e40b207dfdc8a7167b0af3db790f5fa506cc676b3ef9776531fe,c2c32d9e7039376c
Training/glioma/Tr-gl_1300.jpg,glioma,0,train,dd2a5e99cd128769b12cb1b27a6051b0ec5109dd4631cc58c87d16b0667d9d0b,d2c32d8e6079333d
Training/glioma/Tr-gl_1302.jpg,glioma,0,train,87b42a3c474edfc96675b04e4539b3d65f5084d98383372ba08265874c976630,97c3689c3471f326
Training/glioma/Tr-gl_1303.jpg,glioma,0,train,891ecd804b8f169bd064418f05a30c3891e21c86cb1ebc152dddacf91248e7a2,c6cb6cb4316b9227
Training/glioma/Tr-gl_1304.jpg,glioma,0,train,3ff0e9119f8a5ffbfbefe024ca5ab7dd473c1626233ab22b053a7fe8c5803b95,964d699632639a6d
Training/glioma/Tr-gl_1305.jpg,glioma,0,train,2d649fb001abf8c89b9dc5806dc74cda8868ed165038cd1552e3498916fbf045,9a6d6d90b36b8a2c
Training/glioma/Tr-gl_1306.jpg,glioma,0,train,2c801c6c18a420d86741ba048c6db5cac93de7920e43f9fb1c479e64a93dc9e1,c2c33f1f619c306d
Training/glioma/Tr-gl_1307.jpg,glioma,0,train,9b39b25b8a40df95fd30bdd9815056ec64f78c24763bff1a16fbe400728b3d31,969f6cd8610d3366
Training/glioma/Tr-gl_1309.jpg,glioma,0,train,674fc00f2c15556e6c4999b94bdd0eb1b1a4ea49c72bdc176a90fecd388186e6,969c6dc3312f9332
Training/glioma/Tr-gl_1310.jpg,glioma,0,train,06b0dc90abae2bfa068ef8a5896dbe534c1bc4ea59b17cccd7a8337cc4093db0,c06b2fb670923759
Training/glioma/Tr-gl_1311.jpg,glioma,0,train,ce960df409f0d7562b9f5e90e08cea7b4dad78a3cbcef2047fd36bd7a534a10b,d26b2fb474923349
Training/glioma/Tr-gl_1312.jpg,glioma,0,train,3a140c4f163123201ac88d799a675b25a88cc0e0726b6635411dbfe67534e8d7,d3792da43092b3d9
Training/glioma/Tr-gl_1313.jpg,glioma,0,train,73dea237a318384bd62bc9cb1386eb3e66b766a921c51e809f696330a8a22fe0,92696d9465da93c9
Training/glioma/Tr-gl_1314.jpg,glioma,0,train,65a8e28397d02b0d67e01c473540cedd4415228719d67ddd942f480382bec2b6,92696c9633db834d
Training/glioma/Tr-gl_1315.jpg,glioma,0,train,25c2043bf0f1299cf300dfab620378d8988b1bf0d78ea050ffde8d51bc5ca2b3,c3692c9263cb8f6c
Training/glioma/Tr-gl_1316.jpg,glioma,0,train,25de8340198db488ac15d6d892fece1bbb2c7b24cc3a1b6e00ff01e68fa82877,c23e2ff078c325c3
Training/glioma/Tr-gl_1317.jpg,glioma,0,train,45ac35c5a3b75d439894c65139efc24aa272f4a3d1c703ea96c6938ac9b3febd,921d3fd869c325c3
Training/glioma/Tr-gl_1318.jpg,glioma,0,train,a435bb70712129b2666870e6a51928f10d7d5cfe13b60738d55e7c5456f39809,92383bf069c365cd
Training/glioma/Tr-gl_1319.jpg,glioma,0,train,fef59e6a9b5740cb7073e037af3860440d8784693e9543791b08b8c909f9af1a,92383be46dc3648f
Training/glioma/Tr-gl_1320.jpg,glioma,0,train,5ffa9599ff94ece31e690713ec0dc6f9f8b7d1c5fd84ace33709363dc5339db5,92393ba034c7674f
Training/meningioma/Tr-meTr_0000.jpg,meningioma,1,train,e3a20516db4848d8326b7d5d031970a0eb7cc777682709949e355bb70a04fe36,877a7a2521c76596
Training/meningioma/Tr-meTr_0001.jpg,meningioma,1,train,dd2dceee65eedcaf1dd5e09259a86791e7d3d541d4d65397f8243cf2e39cc1b3,c0c62f9b3d3c7039
Training/meningioma/Tr-meTr_0003.jpg,meningioma,1,train,8db7bf7a25e83a7c6af1947b5215679442c44862f5902aadcc048e2f166b662d,c2633b3c69663693
Training/meningioma/Tr-meTr_0004.jpg,meningioma,1,train,b80fed7c4ebbd1591f8a7bc1df0c324f421cf39354b04b91ddde546c882e08f6,c2723b1d6c667193
Training/meningioma/Tr-meTr_0005.jpg,meningioma,1,train,148d02cb2748dabdb3d671c5f8df0e2591ca31701f09d916a0f5c5108bd44544,c2633b33786c34d3
Training/meningioma/Tr-meTr_0007.jpg,meningioma,1,train,6f55c09c19aceb60a9fab5d382a497349350965de85f6fa2d5df350e6902f553,c23e3de1301966cf
Training/meningioma/Tr-meTr_0008.jpg,meningioma,1,train,5092aab71a75cda9deb76c351830e84c58ea33009b24ab44da6f557ebec074de,c2383de36099a7ce
Training/meningioma/Tr-meTr_0009.jpg,meningioma,1,train,bfe0fa7a26633178b4691570e272301fe97f3a2c7d76254f37ae88e0a5e274d5,973a6a6571c56586
Training/meningioma/Tr-me_0012.jpg,meningioma,1,train,69b6bb527b8c981999234702a9be915e0b6fb9ea4d22d4eae98853d1f9688d81,cb383cc3668e939c
Training/meningioma/Tr-me_0013.jpg,meningioma,1,train,b685debcddf71d46718cb57fb56ae0f4b47e4827831b3e018e4107d6ff92e68b,c3972eda6899346c
Training/meningioma/Tr-me_0014.jpg,meningioma,1,train,47d334de76a1e150a7fdf7a9a22a12655520877c6753040bc4c83ab49f3d2f48,836d3c96609be3c9
Training/meningioma/Tr-me_0016.jpg,meningioma,1,train,a3e8c89ba7df1302524677e6b377ce9aeaaf064162841d7dd90ea66f92e05c06,c26b3db4609e239b
Training/meningioma/Tr-me_0017.jpg,meningioma,1,train,94940e4f6b69f1e1b3e6f4dd34176f1529b1457b83e089c42a4153d07fdc006a,97396a2471e165a7
Training/meningioma/Tr-me_0018.jpg,meningioma,1,train,32a1dcd8a8ab7eb2abe30c07d8c601825eb6ad4e3fe50f6ae4bc1ae8a2b82f93,c26d39b430da639b
Training/meningioma/Tr-me_0019.jpg,meningioma,1,train,98868b765b20e5a113b08c97df34faed53101a39c83d56cd07a99468d2664042,c7693c9630ce6399
Training/meningioma/Tr-me_0020.jpg,meningioma,1,train,df1f0381dbc22dd89d0a0eedfca1401a106d5724e2e4c0b22a0be677b0f1ed1b,c2e03d4e6c9ab26d
Training/meningioma/Tr-me_0021.jpg,meningioma,1,train,be3015c4020a14620ed3eb9ee6dc645bdc1949acb86a9eac4f0740367c1b0d90,c2633d0c34f3f28d
Training/meningioma/Tr-me_0022.jpg,meningioma,1,train,4eedf88519c7daabbb77aafbcfc156c4584b1c9d7a84052c6a212f4678fce3ae,c2672d9c34d3e28e
Training/meningioma/Tr-me_0023.jpg,meningioma,1,train,7798700c4849bd5fc98d6627ac9ccf954e2b6319697080f8930a6765591c3876,c4663be96c257133
Training/meningioma/Tr-me_0024.jpg,meningioma,1,train,eca507515ec2169b8ce92b5ea0f55cea8cb9c1fa0890232035ce075894fa60f7,921e3fc0644b65ed
Training/meningioma/Tr-me_0025.jpg,meningioma,1,train,779123a8ade3970542a82f739a97d7e2ed8e461b2b7041bd326045c6c46a21fb,d63e3be0616b641c
Training/meningioma/Tr-me_0026.jpg,meningioma,1,train,ca80cd9cc2223d6d6edc292176e2f4736d02f723ce0ecf975085f1695f78a093,97397a3439696525
Training/meningioma/Tr-me_0027.jpg,meningioma,1,train,591e05201947ed3289e34b2fd79525901d552b1220d725fab4734db001e3ad20,97637c1c61c29799
Training/meningioma/Tr-me_0029.jpg,meningioma,1,train,ff311e44aab14b58f19a1b21ef7dcaea00b8aba046f688ac47318d5fac286529,96737a0c6187a6ce
Training/meningioma/Tr-me_0030.jpg,meningioma,1,train,6f37afbc9dd3249d331bb7331fbcd177d45ca3e09e7e0f30806c01ae1fe85ca7,9e6969966598a669
Training/meningioma/Tr-me_0031.jpg,meningioma,1,train,bc1a8eefdf133d762b72608c1080a599ba5c7f52954bd5353ec71e9e5d4bbf19,9e69799666989269
Training/meningioma/Tr-me_0032.jpg,meningioma,1,train,d8123b13446522c42b971f40e2e9dccb8a718f8adec825af3005be8a48d4bc7b,9e696196e6989b61
Training/meningioma/Tr-me_0033.jpg,meningioma,1,train,6b601265ca440391677f5406103aacf2771613a250e2631e8c2c89a2a34caa7e,974c78e561b3274a
Training/meningioma/Tr-me_0034.jpg,meningioma,1,train,32c55ad5dc0297f01192014319d67d82c0115764f7de9106ca27a067a1d7bbfc,97386e6839696565
Training/meningioma/Tr-me_0035.jpg,meningioma,1,train,d0ebff1a577aa97a59839da047e0af8df491d613c05ae27ec79abe57b8998cd0,976878a56172679c
Training/meningioma/Tr-me_0040.jpg,meningioma,1,train,0ec6ded75213522282f11615c17df2ba82e154bd608573f2aeac2f473a75cc73,97427aad61562769
Training/meningioma/Tr-me_0041.jpg,meningioma,1,train,1e6903ce4102a8144dd948c36b0bdfb17da9d08c875bb66fa5b8808d9ce1b077,975868a56196676e
Training/meningioma/Tr-me_0042.jpg,meningioma,1,train,7ba7eb4de1b2327be3769094ff4b83d3757d5951c01b64101b79721d1e7b3978,975b68a17196266e
Training/meningioma/Tr-me_0043.jpg,meningioma,1,train,70c0b14f1a9fdedf92f0f62d0496d02919b8923b5336a086b574fb95b32a2204,97397e7829696161
Training/meningioma/Tr-me_0044.jpg,meningioma,1,train,fd39cdb04242da49de13f4d44b76ad2e410d1e8c654e663bd2fcf11f08b80aaf,977a68a56196674a
Training/meningioma/Tr-me_0045.jpg,meningioma,1,train,79f61a949f0046bf5d82eb1e5e7e810749afe8c74ad72a1f8f0f6643f89c861a,976a68a5259ae74c
Training/meningioma/Tr-me_0047.jpg,meningioma,1,train,e31feeca86d90d654816d9a1ddcbac01c04c4fa433b346a34f40311f5ab268b7,c0c12f9e3c766639
Training/meningioma/Tr-me_0048.jpg,meningioma,1,train,f9b5149f30df9f4074c19ea28e094bf7714d2a31f60ec06f1ff2d6530abd3a82,c2c12f9f3c3e3630
Training/meningioma/Tr-me_0049.jpg,meningioma,1,train,eb4e7a5a9e565966c51ef151f82ae58b7ef488758dbad2721dbff722eaeb319d,973a6ae125c6349e
Training/meningioma/Tr-me_0050.jpg,meningioma,1,train,57c0a5f3dcf386441603ec6050d5e8b5c96a019df37204936da94eb8829f800c,963a69c5619eb698
Training/meningioma/Tr-me_0051.jpg,meningioma,1,train,cf1763947ff647aff9e81940c576a3f2a3b729f5f7ee9a122285e40787358194,87397e7839632169
Training/meningioma/Tr-me_0052.jpg,meningioma,1,train,6b6f38d70a4d6e7f5ad0be6237abd9c153a31ba6559640379e3157daf1d29fbc,967a69c5659e8698
Training/meningioma/Tr-me_0054.jpg,meningioma,1,train,3ede1555fa31851e9730e9a10fbba8b16af6f3f8ba103a2e483847e46da9265e,973868e165c666da
Training/meningioma/Tr-me_0055.jpg,meningioma,1,train,80da5812a93c889eb7adbad3181e0b3b7cd2ea6ae4e77bb96c68213b4cc4cc32,973a68e525c6669c
Training/meningioma/Tr-me_0056.jpg,meningioma,1,train,65fa5941593e2cad33caf821ce8e9badf4d0776238347bf1a43b9cc4120cacdb,973868e565c63699
Training/meningioma/Tr-me_0057.jpg,meningioma,1,train,2b8f071904f07f36f2916ba98e693f2b6d709da335626b84fbb87087ca2e6df4,c4b77bc82c3c311d
Training/meningioma/Tr-me_0058.jpg,meningioma,1,train,03ad18537b26df99de3e6600c0b2b4d40779d110463e5f73dde1c1b70de9bf9c,c4377b692c74308f
Training/meningioma/Tr-me_0059.jpg,meningioma,1,train,562f7554d91d23356330f05b22aa8b61ef71f974a1717cf4b7c53311e090c97e,c4377b616cc43297
Training/meningioma/Tr-me_0062.jpg,meningioma,1,train,fcdaa7c3f7774bec1097bb7d0bbc6f848e2b372542464711f3df7d29acb06187,93636cb4309a37cd
Training/meningioma/Tr-me_0063.jpg,meningioma,1,train,bb381b4bded66da59d09560499db36bcc1ab5f0ee92b696b9348a3f1e14d8443,933e6ce1719a2669
Training/meningioma/Tr-me_0064.jpg,meningioma,1,train,6adbdb65648b327d165506b74902b41bc5cee81b108522ccc7feee39c7ca5205,936b6ce4619a374a
Training/meningioma/Tr-me_0065.jpg,meningioma,1,train,60b12623e3ff6765152cfad82afaf38860e12bfc289d361e248dffd6cf320e3b,973868a5359be2cc
Training/meningioma/Tr-me_0066.jpg,meningioma,1,train,ea4d627e1120fd0631466a9d55e2e3239af6257e933212be5f336ac783218d9e,97796886619bd64c
Training/meningioma/Tr-me_0067.jpg,meningioma,1,train,59f0f296dcf2dcafe3740449c8ccbcba14a7078b4b84ecdd7ba19d7a238e267a,c66d3d94308bc679
Training/meningioma/Tr-me_0068.jpg,meningioma,1,train,75b0b7537e0a0b42c9efba2e3948692b91f9dd69f7d4099d6702db613d5d1c93,c31d6a9a39313e3c
Training/meningioma/Tr-me_0069.jpg,meningioma,1,train,a59ff3171d836afe5111fabfa34f48597a3df36a85407a2979e6ead61854adcb,ca293c86339bce6c
Training/meningioma/Tr-me_0070.jpg,meningioma,1,train,3a6471931b8de06f604437e589eb97d3d785663a89fef300fd59e7adcda787b6,967b6885655b8639
Training/meningioma/Tr-me_0072.jpg,meningioma,1,train,d66bb68ff73846bd1a1d9def512beb4f29bbec614821e4beeebe81b9a01dfa53,9e696984674a9e39
Training/meningioma/Tr-me_0073.jpg,meningioma,1,train,30ba1d969c70d41f3727569c04e674c83ad902e13c7fc1dfb03c56f8c361c3d9,9e796186e61b9e21
Training/meningioma/Tr-me_0074.jpg,meningioma,1,train,0911dffa2a3860002905c1028d7a81491c6774c03094669a9f43724455f35784,97b17a7a640ca6c3
Training/meningioma/Tr-me_0075.jpg,meningioma,1,train,67750e9d5d396d8f42889a6fbd685b49cb7a1caea89accc10e5e927b72683a3f,d2332f0c3dc3e21d
Training/meningioma/Tr-me_0076.jpg,meningioma,1,train,d99e46e32dc10b6822d6bfd0d838cf7c10655dd7ae842e2a5d07b8ec4b78311c,c2d32f1c31656673
Training/meningioma/Tr-me_0077.jpg,meningioma,1,train,4c6d81fd473ffc1becda41a8d4105f083efdbdbd7bb00cc9fc1f38491ba7e77a,c18d6a583db13e78
Training/meningioma/Tr-me_0078.jpg,meningioma,1,train,99dbefacebabec2494e8550bbf9f0679ca17825a32541bb13610915c9e42869e,c62b2fc4318eb07b
Training/meningioma/Tr-me_0079.jpg,meningioma,1,train,4f7985f34f3c0d10aba2e9eae152dc60c2b1fb98102c325fdaa826e6354669e4,c6392fc0718e34f3
Training/meningioma/Tr-me_0080.jpg,meningioma,1,train,c5cfb5a0af5b923fdbce68a6f06868e9a39ef2a6b0292e92c8548f41869055e2,d21e3fc0646327ce
Training/meningioma/Tr-me_0081.jpg,meningioma,1,train,ab8669aed74460e3192fd66c9ff4d02f670a1438d2f6e523f407890b3b1ecd8f,c61a39c46533679e
Training/meningioma/Tr-me_0082.jpg,meningioma,1,train,b1fdcb83b4426231bc3f642179aa17ffcaee8fbe8a96caf50c02c6eb31dc0ef5,963839c4653be6cc
Training/meningioma/Tr-me_0083.jpg,meningioma,1,train,7e4aaaf04b2b933598c1a0ab314fa4e19a12e4820554cd4e86b4ae9a033edd60,c63939c6653b86cc
Training/meningioma/Tr-me_0084.jpg,meningioma,1,train,6eafa6081f99e40d34a0dc55961291247af7951dd901d7e8f6066ec93939404b,84647a3b69e725ca
Training/meningioma/Tr-me_0085.jpg,meningioma,1,train,d11a37c5bfbc82fb89dc2b01e99630402b85ce30eb19288d6ba2aaacb241cf00,96696896639bc669
Training/meningioma/Tr-me_0086.jpg,meningioma,1,train,d489415e6bcf11c4c581c966032d91e3e94c8a4f64ee1f7871deb6b6ba76b7a3,c23d2f6463909dd3
Training/meningioma/Tr-me_0087.jpg,meningioma,1,train,cf5470c9fc07d6718bda00b0b8866dc587fe35530896da366dad3e00c2802f1b,85247a7b692734ce
Training/meningioma/Tr-me_0088.jpg,meningioma,1,train,4769b32a1696bf8538937460fba780114d765046664e12147a38075c02aabfd8,976c7897659a8649
Training/meningioma/Tr-me_0089.jpg,meningioma,1,train,8c3bd6f8c7800cc55fbcdcbc33fcc6ac234868b4434e2030a435b6c14ab469aa,c13d6f6434d119d3
Training/meningioma/Tr-me_0090.jpg,meningioma,1,train,1d1a0160f27a6ec87ae05334aec48bee06b8e840bc0c997e95fd4bb5042fdfda,c33d6f6464d119c3
Training/meningioma/Tr-me_0091.jpg,meningioma,1,train,15089b91e5586220c585708941e50a7f45726e278cc7a6d2b6019df17a7ee849,d33d2f6464d119c3
Training/meningioma/Tr-me_0093.jpg,meningioma,1,train,35ee70355959882e0fd6a77b4659909d322a70da4978a7ae1602461fda2503c0,c3343f666691919b
Training/meningioma/Tr-me_0094.jpg,meningioma,1,train,14594a7b27310f0dd1cac60281e275eadc6267695ab6a5ece44a9ac37a0ba575,c33c3f606971652d
Training/meningioma/Tr-me_0095.jpg,meningioma,1,train,931cd46c6c9d12d3754e9c6d10dd22173d0c9d355c3a441ccff7d04da6f62971,c33d3b6439d06d2c
Training/meningioma/Tr-me_0096.jpg,meningioma,1,train,1afeead0df7fbc5ae0f6974009302242871fce9f501023ac3ec21202ef5bae2b,c33d2f6c38d02d2d
Training/meningioma/Tr-me_0097.jpg,meningioma,1,train,74aa65be6968df74f526ab5b479505d0468f41f7ae8b5f6f875ec9b2ecbcd91e,c33c6b683c936d2c
Training/meningioma/Tr-me_0098.jpg,meningioma,1,train,3cab656d207f9ca0c89147ef17f1e718b36c9cd3bade1a06885cdae8814581ef,9e686896a7d99a64
Training/meningioma/Tr-me_0099.jpg,meningioma,1,train,6c46f5067609adadc197a191bd13339b81c37f30342be5eec115013c48ebeeb1,c7346b6a3c95a568
Training/meningioma/Tr-me_0100.jpg,meningioma,1,train,55c50de3f369473d656fd2a9447122f94ff74cd91835f5127f9f5554ce7163bb,93683e3965a573c2
Training/meningioma/Tr-me_0101.jpg,meningioma,1,train,c3372ac5c3327f08809aaa6f69b12c17b0d248a32591eb671350ffb47f8d8ec6,97783e3934e47186
Training/meningioma/Tr-me_0103.jpg,meningioma,1,train,330d8e954ea4e87d62f6b5ec7b85090015bbd7694b50cfd2da411dd4896e7247,96693e6179652467
Training/meningioma/Tr-me_0104.jpg,meningioma,1,train,c9c1da8ec486552841d88ec0cd9ad08c99f02b0c1ed6759b95e1013038ca0a5f,967878e561c6c49e
Training/meningioma/Tr-me_0105.jpg,meningioma,1,train,28298ac2b84255ecf5d42932b56649cf7e4ebe419d2c15161ed1a254efbbcba7,967878e525e66196
Training/meningioma/Tr-me_0106.jpg,meningioma,1,train,3eca9122fdda5c00fa933d725926c3483d2e4b0c3e87b583d390a99380b3d251,967839676191b6c6
Training/meningioma/Tr-me_0107.jpg,meningioma,1,train,e353dc8afadf836ebf240fce08b92f8815f34728555a7b31ab88aec538571eed,8769392668b1b6c7
Training/meningioma/Tr-me_0109.jpg,meningioma,1,train,1d605dc4f11f78474e72dc21211d41e8e148c20b2c5d2fc0e97f8515c7ff266f,c33e3de02487f23c
Training/meningioma/Tr-me_0110.jpg,meningioma,1,train,9e093e6a461256a6047f0f5626d4fe01b1d8e586658d4c2bab19a175ecd6ead5,87693a3d78a168e6
Training/meningioma/Tr-me_0111.jpg,meningioma,1,train,78f7fe17f8620e3fc91148059f59826ad482e4de49d016960292179502b5be0c,856a3f6c783f6070
Training/meningioma/Tr-me_0112.jpg,meningioma,1,train,51516f2ceb8952ce7369a7d78bfecb636a9dc794c32a09e0f73b4806294eeb31,84791f6e783f6430
Training/meningioma/Tr-me_0113.jpg,meningioma,1,train,19b498e3b3bc3c2fd867a6d9a8703973af5033176aea278b4c76331de0726997,84691f7a6c33396c
Training/meningioma/Tr-me_0114.jpg,meningioma,1,train,84218689641c8ef1063cc5340cd0e79d6227fd4d0c50af7c42e1f401dde9cb45,85595a2d3d733c68
Training/meningioma/Tr-me_0116.jpg,meningioma,1,train,457badfe6c7db33eb0c88a3755da2000d0ec82ff801acc3a6d63c4467e357485,c4391e493ef2396c
Training/meningioma/Tr-me_0117.jpg,meningioma,1,train,0702a30720db7d56adf21d60c8e8dd81ff26ce4cc889a972a4b819fa2a8e7bf3,9778386578659627
Training/meningioma/Tr-me_0118.jpg,meningioma,1,train,7edc4c12081a91c0483d35c0ea57fa1ace88e57a6db4bc2c678feaea58261532,97697a6919656166
Training/meningioma/Tr-me_0119.jpg,meningioma,1,train,31c5de3da4b1c8ee218d937fb890b120d782c5b7d3b0e85b6b39590611af74a8,d11c4f7269583d65
Training/meningioma/Tr-me_0120.jpg,meningioma,1,train,19d08235aaf243dba398b6221b2dbc55d72b1917f28af60b292c0af3a75294e9,876e78b1259632cb
Training/meningioma/Tr-me_0121.jpg,meningioma,1,train,ff3870e0393b9f1ca1186a576e56a648c876a6e4aa6ec032bc1ef2c0c3810460,d19d5e7268186b2e
Training/meningioma/Tr-me_0122.jpg,meningioma,1,train,4843dba17238d3c9bb453c5f7945ca72936a811f99435497d693af5a28939820,919c5bda1c987b4c
Training/meningioma/Tr-me_0123.jpg,meningioma,1,train,62673195b86d9673ecfea8c45da1cfb7ad5c803725d652de5de6b0ce9ba4d6aa,d18c0bde4cd85a3e
Training/meningioma/Tr-me_0124.jpg,meningioma,1,train,79482db96fed18362f412c436ab3289161c0fa9c253014ba1ffdd1d204a55950,c09c4b9e5cda7a2c
Training/meningioma/Tr-me_0125.jpg,meningioma,1,train,0a32b4a1214aeda405ebe8f0bfe7d586c37db2ffcd0235e7258318c117bf450a,d09d1fdc481acb2e
Training/meningioma/Tr-me_0126.jpg,meningioma,1,train,705cdc12d099421c3ff55c5fd67f71ccc14488c8059f988f1436014f0b475034,859f1ed84a1acb6a
Training/meningioma/Tr-me_0127.jpg,meningioma,1,train,93c70a9b33dc8dde0b4373d8d059f95d3141df01e4155552ab3ec6a20ff1755f,d00f7a693fe02d31
Training/meningioma/Tr-me_0128.jpg,meningioma,1,train,f5947201d1b55d38f370bd3ea6b768a03466c81a677b2eb984ca8eb592429acb,d00f7a683be0659b
Training/meningioma/Tr-me_0129.jpg,meningioma,1,train,b1292994c142cef76e372941aa02abb7cabf2cecbd3298259c2afb862eafce22,850e6e5939a46bf1
Training/meningioma/Tr-me_0130.jpg,meningioma,1,train,0e3772878cc0975e46437cd328cf3d63924620dfddea262ac520324c0ca9b58f,851e665939e46bb1
Training/meningioma/Tr-me_0132.jpg,meningioma,1,train,4140d125ae86ec831b4222e7c56a974a51777977c3a86554acf73ffe7d555b0e,9568665839e579b1
Training/meningioma/Tr-me_0134.jpg,meningioma,1,train,b527575bb7bd43eb8a0226eccaf3f5305554041b4a52a1da019136c69d935b62,912f7a683c606d37
Training/meningioma/Tr-me_0135.jpg,meningioma,1,train,640d98d3da480ee29aa97aca0ba2550233ed3f7172d09aab591c1abd628a9fde,910f7a783b606d33
Training/meningioma/Tr-me_0136.jpg,meningioma,1,train,dfa9237f87b14ce05aac647fb3542b58a95753d7ac9354d75b97df2db05fd710,c32d3f3035e06793
Training/meningioma/Tr-me_0138.jpg,meningioma,1,train,f0d8f5758405c49e8e708b1c18d8b13316dfcf6f4d8619851436e546e0a559b1,c22d2b703c72e727
Training/meningioma/Tr-me_0139.jpg,meningioma,1,train,4a3903d8e7ae55ac559dcc97f47c0e127f0784df4db12e04330700a762c0e12a,c22f3b3c3c706726
Training/meningioma/Tr-me_0140.jpg,meningioma,1,train,6d36c1b133aea36372ee3984f53e8bad8e2da62f7c3c300f9cc5d2f99efc7a53,c02f2f3c3cf12732
Training/meningioma/Tr-me_0141.jpg,meningioma,1,train,8387a2cd6d08c5f788110756694676290687882419bbbf2b98cb8f0ee3b30290,c02f3a343df16734
Training/meningioma/Tr-me_0142.jpg,meningioma,1,train,f3a5adcd7e0897d3b909d226fc50708e47d61d1572d94020ef2d74171ed2df98,976868b165c6b3cc
Training/meningioma/Tr-me_0143.jpg,meningioma,1,train,bd5fb4746888d1b9f5d56a1cb3ca71697e264f9430b3016a55772220402c6bfe,97686a3d64c23ce3
Training/meningioma/Tr-me_0144.jpg,meningioma,1,train,03b7708d7e708658e9642d13e03692cb96aa2709fc0cb50cf8de86c51279e805,976a6a3d64d234c3
Training/meningioma/Tr-me_0145.jpg,meningioma,1,train,4ef7b559ef347370e3a8a7f86963a50ffd1b677637367d1d57ca0f4bbc2df9d4,976a7a2d649270c7
Training/meningioma/Tr-me_0147.jpg,meningioma,1,train,1c4630d99d60ec4ef7eaad533c19d70fcd70dd8d4cefc0b3cf45cc9cf1d09242,96693e2d70b66166
Training/meningioma/Tr-me_0148.jpg,meningioma,1,train,378fefafcf24a491f8cdf2abee95bfbb4590c5ee4c6a696f980883c99ba913a9,97697e3d60d26186
Training/meningioma/Tr-me_0149.jpg,meningioma,1,train,8a68e431db9ff5ef6bb24777787000016d783dfa0d98159c3ecdec53a5a10cc4,843a2f702da57a97
Training/meningioma/Tr-me_0150.jpg,meningioma,1,train,d9aeedd32e626a3c966830061c80ddd85245b9e9bbb02ed1c0174eb8fa56e0a6,873a6b6069b66396
Training/meningioma/Tr-me_0151.jpg,meningioma,1,train,6ed167b1f8970925d2404d02cce9492217d1f555d9bd5091cf93a6ded39a70a0,93b56b587861a52d
Training/meningioma/Tr-me_0152.jpg,meningioma,1,train,65dfb6ea09bd1d9b936266045b5194ab677ddb8f6ae135e82a88ce900ce304b1,87357a4878b36569
Training/meningioma/Tr-me_0153.jpg,meningioma,1,train,4708e1d7d0c22eaa7e0cd7ad456db22923c9eb952ff6eca321bb10c2a3ded8a2,976c689364ce93cc
Training/meningioma/Tr-me_0154.jpg,meningioma,1,train,b41802dbacddbb6bfac21f112d1f704dcdab46a4905e7ca4c60e7b56860f403c,d7343a4a68356d69
Training/meningioma/Tr-me_0155.jpg,meningioma,1,train,67803c5f56d2c3db461e752153f2dcbb4bb1bc5cd5b19b119a9e28d93b6e85c0,c5786e3d78643171
Training/meningioma/Tr-me_0156.jpg,meningioma,1,train,da3c688a4cadcdddda9ec9f073498f27d9908ab6ddcb774725e67bbbf8d8d566,c5782f3d7e643061
Training/meningioma/Tr-me_0157.jpg,meningioma,1,train,7e4e43062c5fcb7ae0867599d9651f4ac25883a6d0e3f392c5a873ca1c3b7cf6,855a2f3d6ce63c60
Training/meningioma/Tr-me_0158.jpg,meningioma,1,train,ff676e2e662d3c256712ba22254e775a9728dc9fb5b91fe0cafd84e133770a16,855a2f1d69f43c61
Training/meningioma/Tr-me_0159.jpg,meningioma,1,train,f28257262ea0e2e34549dd99d68f4f527cc154cf1e702714348babfe0c73588b,956a7a6566659b11
Training/meningioma/Tr-me_0161.jpg,meningioma,1,train,600f7f02033de52a3d864b4346ae097fadb222fdcc710134fbbc1565b57011aa,842d7bd2348fe34c
Training/meningioma/Tr-me_0162.jpg,meningioma,1,train,66a67c41c4d6eec2533c7247f653c7aa5c56dd35cb706addabd6c0639a2d99f7,842d7bd2b48fc34c
Training/meningioma/Tr-me_0163.jpg,meningioma,1,train,c4801c8a1ded26a1468055a5856e9ae01377956392228c3092078c86991ae172,873c78c2b48fc36c
Training/meningioma/Tr-me_0164.jpg,meningioma,1,train,17686510f2916c1e3c75603ccc1fa96e1578b0dfa524521f56b082ffd1102878,9768689366ce9b58
Training/meningioma/Tr-me_0165.jpg,meningioma,1,train,0173b7ccf472e98a0a3356312f2d2e03c2ec0db653aaafa03e84d4e69d3d0ed3,863c69c3b48fcb68
Training/meningioma/Tr-me_0166.jpg,meningioma,1,train,2bf4191dd49fe272e3acf5357a2336efd5752e71bd899a7b6a05290bdfd6f6f3,c7263ee93093b34a
Training/meningioma/Tr-me_0167.jpg,meningioma,1,train,c6b21ee0dbb2282e1c0470c170f621cc94c1ff7894096da67e226dd7ce5819fa,c3263ec9649333ce
Training/meningioma/Tr-me_0168.jpg,meningioma,1,train,504722b0e5e01f6b7a6328dca978a3d38d3f47d4700e7c1a334d83c219626f87,972e3ed16007356e
Training/meningioma/Tr-me_0169.jpg,meningioma,1,train,9fcbf75fcc5b9b957a0c7b6a7c4e8cfd31e40d9f085f4c8ffaba814abd175809,962e3ab1654b316e
Training/meningioma/Tr-me_0171.jpg,meningioma,1,train,406025bcfb57cbc5d81f5158f33e737b5f2af98bd185d924c2cdc75c043fd8f7,c4c46b833d9eb21b
Training/meningioma/Tr-me_0173.jpg,meningioma,1,train,28a271154d11fda45a6a9bd4f4709f0b15cf1261409bdea27621c637cb8e360f,c0c72bcf6d1c343c
Training/meningioma/Tr-me_0174.jpg,meningioma,1,train,eb20946a2531efc833ed87dcb50d7e863911e4ca2ea71c2784bcb28c43ab4552,c0e72f99393c341b
Training/meningioma/Tr-me_0177.jpg,meningioma,1,train,198bf9872a59d9bdd4ed729f7b359cac70c6bcd2c40f0139049eea1e2e3926d4,96495496489fecda
Training/meningioma/Tr-me_0180.jpg,meningioma,1,train,bddc692506f063367cf01fdb95966776343d979a0b1e42c5b52534651f481287,909a4b6b7a933d61
Training/meningioma/Tr-me_0181.jpg,meningioma,1,train,f71468ee0024ac3936bafed4942fe312bc4f202dc9aa3d75b17ac764de46b3dc,d40b4bbd12636d36
Training/meningioma/Tr-me_0185.jpg,meningioma,1,train,e8567d11d0ed043d10a3beeb1f3fd53a0fb8230664df76ee27349d5cd49a017d,942b17cb931d32f2
Training/meningioma/Tr-me_0186.jpg,meningioma,1,train,e9f236328e5fc31f44383998eb020daa5f7cb966cd0e318e3704bebc7a1dc5a5,97786973186d6199
Training/meningioma/Tr-me_0190.jpg,meningioma,1,train,1ffaa77eb59abde152bd43ec31feaba7f5941cb112fb9e648241a8d8a3b646c5,902d4ab26dda3dd2
Training/meningioma/Tr-me_0206.jpg,meningioma,1,train,1f1629f56b911c8f155f493b49bc3e6fe08f3a8b8e9ec9551fef58dd7bf0a9d0,953b5c443a1b6b69
Training/meningioma/Tr-me_0213.jpg,meningioma,1,train,b1172eb44f29a09a474d13b5189532679295e4cec43c083c6cdfc48c5471c5d7,c3cb3d1d7026366c
Training/meningioma/Tr-me_0240.jpg,meningioma,1,train,a50ab9d30a52df8ef78311be707148c0f8e9136871408c76cfc1790681f80bbe,c66f1f38383161c7
Training/meningioma/Tr-me_0248.jpg,meningioma,1,train,bb380ba53c75b4fc2fe6a608009b3398c0a81d398305ff4248e61433b94161a0,9799684e61b36565
Training/meningioma/Tr-me_0267.jpg,meningioma,1,train,4819dc420be7d1cb62ecd73ffa3bd5f8751fcc93673567b7a7075a6ee23766e3,c3b82fc238e66599
Training/meningioma/Tr-me_0284.jpg,meningioma,1,train,cc852d56481a160e5516d115628a9646b032a3045e6b7bcce918d6a2288a71bc,91f23e0e293d646e
Training/meningioma/Tr-me_0285.jpg,meningioma,1,train,e6f52f435c02dbb87a601ea6737583cff42ab38f064a989940173acc9ff3e0c4,c12e2ed139e6629d
Training/meningioma/Tr-me_0287.jpg,meningioma,1,train,4652ce490566e1baa2f18aaf225cc5d1e8ddd9918644c7705983990910833a70,c92c2ed139c663d9
Training/meningioma/Tr-me_0288.jpg,meningioma,1,train,eb4ea35d4a12fefdac38d55cc3a603bfc415d4fb2f563a826af84f9d02c19b51,cb2c2c9331ce6799
Training/meningioma/Tr-me_0289.jpg,meningioma,1,train,187bf9f66f9e0b5a7f6a724d9d3b15c81df76b4802178aa7890711e1cb10219c,cb643c9333ccc738
Training/meningioma/Tr-me_0290.jpg,meningioma,1,train,15bc64ade054b852c005443f7188baee6cf20c56f36b0477e3890f34fafb645c,92663e1769d9611e
Training/meningioma/Tr-me_0291.jpg,meningioma,1,train,01976cf4bd8038af0b3ef569cb2decf3e0dcab58a66717a0309e19ca1d32debd,91663eb669d96119
Training/meningioma/Tr-me_0293.jpg,meningioma,1,train,f4868afd9d0a9dd44730a9e0c77045215ce521beb04c740414e703cc453f5e67,93663f9668996519
Training/meningioma/Tr-me_0294.jpg,meningioma,1,train,d5a8818a5198da651bf9be3e41ce112ae8f03922ca5fc6cb551d519f04e0b66b,976c389561936799
Training/meningioma/Tr-me_0295.jpg,meningioma,1,train,2da18986d6a69a7e0fd4fd8e96a99d7fa28af4f1e665f8ef9205207d9e98d43e,936c389573b26399
Training/meningioma/Tr-me_0296.jpg,meningioma,1,train,357b4ef7eacadfd86c6abec4be85749df57187f485aae9dc2982f653e5af2eeb,936e78b530966399
Training/meningioma/Tr-me_0297.jpg,meningioma,1,train,ab894ae4512227554a245f83b06e7399d04ff3265b2b4d3de162e1476f60b24b,932e6e6079a7649a
Training/meningioma/Tr-me_0298.jpg,meningioma,1,train,e2e4258d3cf46e2a4298f21ea983d3a42e63dc8cc0008e81ce0154b87a0880d7,97366a6139c324cf
Training/meningioma/Tr-me_0299.jpg,meningioma,1,train,2d9d3b13002b2bbda77421124b03ea8881841dc762b262efc4c46251d1a6099d,963c68e3618f359a
Training/meningioma/Tr-me_0300.jpg,meningioma,1,train,3e01740e4c382e0b6c1665495cdd4f8ed1f63f47ae2e3ab7dc8a0df08f1cac6e,973878b561c3a69c
Training/meningioma/Tr-me_0301.jpg,meningioma,1,train,26420419a98a892610e015b3b7352da1b05d8fc5182bcd1368d009b4b5151b65,96167af969076661
Training/meningioma/Tr-me_0302.jpg,meningioma,1,train,68b651b78d9337ad68122db0e5a3efea387a339122347170a09d950e106a8f06,96367af9690764e0
Training/meningioma/Tr-me_0304.jpg,meningioma,1,train,31b45dd4377bd50484fe17c7421155248c82341b865540f6e4658f423d843af7,962679f9692764c2
Training/meningioma/Tr-me_0305.jpg,meningioma,1,train,2abe01909e6634252afb142135c68d22ad02230641598d40bed65dc31dfb1d1a,96267871692767c3
Training/meningioma/Tr-me_0306.jpg,meningioma,1,train,ba983ffe6ba993d86d8b6e0e392aa20f1a82f639b5d1c68c60f04c882728c29a,c62639d96c9633c9
Training/meningioma/Tr-me_0307.jpg,meningioma,1,train,3006f942bdb087f97ccc48de4f901260752c49f5db55583e753cee76e3a4dea5,c63e39e16ce0331b
Training/meningioma/Tr-me_0308.jpg,meningioma,1,train,7a8883930be3382ec75334997e0c6b2f7db5c78d2cc7194284809c4a01b8ff04,d0391b7c7c246d63
Training/meningioma/Tr-me_0309.jpg,meningioma,1,train,1deeed99dbf7264ee3abe9545139f3f75bb40ef832cb9d40454c87d7e3ec1904,d1290b7c3c2c7e63
Training/meningioma/Tr-me_0310.jpg,meningioma,1,train,b34000492319251d322091fa46581ab3f2689d9b31e5cdd2479fb300f865a230,d13b0b786c0d3ce3
Training/meningioma/Tr-me_0311.jpg,meningioma,1,train,03b2ce878c448dc38ce580dc238798ffc8cc90865f4a40e09b8f5cd535548a7c,d16e1b24786c2da7
Training/meningioma/Tr-me_0312.jpg,meningioma,1,train,e6132b843467da6e74601fd0454b8eeda88be97be1ecfa8f5fb7b4eaeb202f4d,d16b1b243c2c6de3
Training/meningioma/Tr-me_0315.jpg,meningioma,1,train,687ee2c8f2baa8f565dc4ad29a968a0a8f28cb447d7ba86fdef7d0afb66832f3,91b52e4a792e6533
Training/meningioma/Tr-me_0317.jpg,meningioma,1,train,4a9510702b9dcf9f9a10684025217d96c984b144c080bfe69a73ddb3b0777fc9,85667adb791c25a1
Training/meningioma/Tr-me_0318.jpg,meningioma,1,train,081a5187a1fbc7ba2d2ab0540c9d31c1439184f88c25030872d58a4acee31a17,c7ce389c614b6734
Training/meningioma/Tr-me_0319.jpg,meningioma,1,train,9617b705658a7cc292caa64dc91f2fd98293bf9f4c6e56f67eed7f1784dd1a9f,87ce389c654b6639
Training/meningioma/Tr-me_0320.jpg,meningioma,1,train,bd8ffdcc4141fd4ca397ddda7381110421d79c13fc173aa17e315d94ea32eaa3,c7ce3891614fe631
Training/meningioma/Tr-me_0321.jpg,meningioma,1,train,f9620c19c378e7978638776331ef0cd1b7a7906b5a6ab34a6fba29a635267ed3,c7ce38916566e631
Training/meningioma/Tr-me_0323.jpg,meningioma,1,train,12d02ed3288d68f0754a693283d419c6a054c40332d4bc4008c6b309814c778b,d23c3de0614f36c6
Training/meningioma/Tr-me_0325.jpg,meningioma,1,train,173c86a0e42b480dac135a53e9f6966234b2ba09dca43d095cbaa0f28b8534c2,d23c2de264c7368e
Training/meningioma/Tr-me_0326.jpg,meningioma,1,train,6c66951ab3e71d70a94abfb7ed3daacc2a336ede99e99e81b5d92a907b517cf5,c23c3de065c7368e
Training/meningioma/Tr-me_0327.jpg,meningioma,1,train,3304500b96c382f669768249fc7a1f0223afb290e8eface45648140098b6e03b,c23e2de064cf369c
Training/meningioma/Tr-me_0328.jpg,meningioma,1,train,9472e52b020285ffaa6a0c7059e01d81709f4e5595e834d3b3b10da3f0fcf7c2,c33c3cc324cfb29c
Training/meningioma/Tr-me_0329.jpg,meningioma,1,train,2167a67b2af7640f6d5293b023ba88065c491c493432b7644075581200871256,96266ae161c7a79c
Training/meningioma/Tr-me_0330.jpg,meningioma,1,train,b6e838c1cd9bffb82ec2882aee38919a014e90f79625a3a647d8547be3f7d999,96366ae16187669e
Training/meningioma/Tr-me_0331.jpg,meningioma,1,train,a344eea6b25c3105241f55eb3d9b3918799b3aca7a7366ff49a65f227dd163d3,922869c7679e9699
Training/meningioma/Tr-me_0332.jpg,meningioma,1,train,7ae804df5d164299b1a07ba52c2a7c4dfdd9c7632d38c05553ae934460676c8f,c36d3c90719b6789
Training/meningioma/Tr-me_0333.jpg,meningioma,1,train,0b4e6c0e4602879ee373b30c353b257f4f03e95f93a85365ad092728c2719283,c36d3c92718bc789
Training/meningioma/Tr-me_0334.jpg,meningioma,1,train,8f98c6b9f813dc0858c0001c850659e401da7b8bc86dcb530fb0107c2e11050c,c03f2e7439d01f63
Training/meningioma/Tr-me_0336.jpg,meningioma,1,train,8f87b1e36c10cac9de5e0ca0de75ffe7c8c881decded9eafdac4fd53ead79e53,c02f2ff429931fc2
Training/meningioma/Tr-me_0337.jpg,meningioma,1,train,3e96058a59407ce8ab890f55473113744e52bd1ff0e3cc41249b77b18016c600,d03b2fe40f930dc6
Training/meningioma/Tr-me_0338.jpg,meningioma,1,train,603f167ad28a41b8360227832125af2481f932c9a5e6e68466dcc73ec1c1cfa9,c13d2ef00d933cc7
Training/meningioma/Tr-me_0339.jpg,meningioma,1,train,117200dbc3a0ab275b16dd2b8e4c62f4e3d198640a2edb0717b208346d0281b4,c33c2cf23ccb388e
Training/meningioma/Tr-me_0340.jpg,meningioma,1,train,30bdd1887b6c456bace4411d49bc604cc110e71c6a4ebcb4816364f8ebf9def2,c28d3dd0716b3237
Training/meningioma/Tr-me_0341.jpg,meningioma,1,train,7d4d99872e9e9d3b08a7a31cc94e1bef236305b340e84438c3e607d89fe2e51a,c21d3cd471c7323d
Training/meningioma/Tr-me_0342.jpg,meningioma,1,train,349779b4a3f45da90221c945f9d99bebc8a875aa465cf5fe36ad7f85998b62c3,c23b3dd0618e3379
Training/meningioma/Tr-me_0343.jpg,meningioma,1,train,495d5794c95715a566a611a5b10b219d899d42ef463a86fd9d5e3091af45cac3,c31d3df07007336b
Training/meningioma/Tr-me_0345.jpg,meningioma,1,train,088943ab60e700920a214f8bede85812ebc1d2ed5b6387c523f67d5de04c270e,c33c3de1648f329c
Training/meningioma/Tr-me_0347.jpg,meningioma,1,train,8a0f40bf22c13eed3af4f89fc926e772926d6400c31afe700d77bb1dbc34348b,866b3a6479c66593
Training/meningioma/Tr-me_0348.jpg,meningioma,1,train,86716a8fe3f24d043cd7d309a336a994a29e01891267746b8ff3bbdf4e2ddf11,c63939e461c6279e
Training/meningioma/Tr-me_0349.jpg,meningioma,1,train,e2d8c4c549e212fe53e7b2d2c3268ba8984d7d618ec05458cfa271a6db413d5e,866d39e4649726da
Training/meningioma/Tr-me_0352.jpg,meningioma,1,train,e2af3b105fd225519acd5ed61ab67c7c9581f5b9f207e3eb193d81e80dd35a47,96683987619ea799
Training/meningioma/Tr-me_0353.jpg,meningioma,1,train,5d14ccbb9a5fdaefd48558bd6b3003668b31c6e2fd472082b9d727396ec9588d,9a6c3987679e8619
Training/meningioma/Tr-me_0354.jpg,meningioma,1,train,be63f0a946b98560cb24f28e7c28337cd3cadec614ac4bf6373ca2765142d390,c42d7bd2348b634e
Training/meningioma/Tr-me_0355.jpg,meningioma,1,train,6273546adf3b21f86f444c53d681b8e8472a95a72171c1e688fb310496e75c3c,853c6bd23487c71e
Training/meningioma/Tr-me_0356.jpg,meningioma,1,train,8124d0c70b48b30c18e685257f437e2e222ea6860ec2428fa56e535131df1543,852d7bd234cdc28d
Training/meningioma/Tr-me_0359.jpg,meningioma,1,train,b775641d7c3f6b58a6266396d623b27b0b5b713a04c7db3f5474c86a4384dec8,85d35aa43e1b689d
Training/meningioma/Tr-me_0361.jpg,meningioma,1,train,a614f917c19be2b862f685da98bdb49a3c46a6484a732e2f420f17425d3b8fcc,956b4e986b713833
Training/meningioma/Tr-me_0365.jpg,meningioma,1,train,15aaf89fda5b5f108d7e1ee731d245ccf8fe7ed06b4c40edfc0869dae43a508f,cbcd3cd830377660
Training/meningioma/Tr-me_0367.jpg,meningioma,1,train,e2f643e62c3ce13e179256d58341ccc9681afd85e3e1a7c8047710517556b4a4,954e48b504cf6f5a
Training/meningioma/Tr-me_0368.jpg,meningioma,1,train,284eef9259d24376309db98e301dfc54279797c3a5605156570202b1005cb038,976a7a2568876396
Training/meningioma/Tr-me_0369.jpg,meningioma,1,train,0465052c46fbc66f9b933107056705414b0d47f44749d3264e070976c0977481,c23d3d6460b2b637
Training/meningioma/Tr-me_0370.jpg,meningioma,1,train,d1970871367e88af0d4f9f8b3e058980a67af7e1b7ddffb888b3bc8f885685b0,c23d2df26492b3c6
Training/meningioma/Tr-me_0371.jpg,meningioma,1,train,e41bd52fc170825d307119934b84a46dea1ddc3a293e23907a41d3a4fa99ba91,d03c3b6c79f12ce0
Training/meningioma/Tr-me_0373.jpg,meningioma,1,train,bc7bbdf2dc4a0e0188288f29a4498c57049866a60b5b0da07d86b84ddafd51ed,d3346e2d79702c96
Training/meningioma/Tr-me_0374.jpg,meningioma,1,train,4e1b4c07788bc40348e7fc6e2b5d5e37493082f46a912b3a5e3e4cacda926e5b,d0352f7d79f02494
Training/meningioma/Tr-me_0375.jpg,meningioma,1,train,090029e1d43a106db4e2d6052cd7a302542b657f69fa901d0c512fc9ee78ac56,c23d2d3464e639d3
Training/meningioma/Tr-me_0376.jpg,meningioma,1,train,50b95c3e906b2dd7f14ef66af1ce37ce4d89ac8d2a5f97afa08820dc8ea7b977,c23d3d34649473b3
Training/meningioma/Tr-me_0377.jpg,meningioma,1,train,de28a64e06599fb800e266794857f93b2558cc3eebff3191ccd3ce2811e2b6a8,c2693f3464b433a7
Training/meningioma/Tr-me_0379.jpg,meningioma,1,train,1750961024738c64e6f99430d094d4e6ac7aad140f34d8deae95c4e1b8d4d0f0,c23c2f3c6cb17334
Training/meningioma/Tr-me_0380.jpg,meningioma,1,train,6686bc9dd2e4aac59d605f6cdf39024fc13aee226ab21b372cc1c888e2761052,c33f2c602db2f13c
Training/meningioma/Tr-me_0382.jpg,meningioma,1,train,777c4d48ceb607e4b3d28cd05ac4b39a7f2636e3fc84172153735ecd80394877,c2693b3c38b66467
Training/meningioma/Tr-me_0383.jpg,meningioma,1,train,bce3888d8a4f19d5d593bd65a68164a2e0e3cf318815ad7645fcc81294e4c1ea,c66b3f3868a76461
Training/meningioma/Tr-me_0384.jpg,meningioma,1,train,e6d4ca2048e846d40c60e611bcdc6b744c22350f54d9a70c6b5eb2477b6ae73b,c2613b3d3c3665e1
Training/meningioma/Tr-me_0385.jpg,meningioma,1,train,c3ad9b52d62ea8f9ca2a32872dabc5ba1f5a30ba490349059812998d1b8ebf2a,c2613e3d3c666363
Training/meningioma/Tr-me_0386.jpg,meningioma,1,train,5cfe6a93c337412520a84ee79a9d017406acc9b520247e05861e482ad2e180df,c3693c39346667e2
Training/meningioma/Tr-me_0387.jpg,meningioma,1,train,39d2efb98f2be6e113e272d56e2959f25d4982d7321054cf3193633def417b81,d2613c3d347867b2
Training/meningioma/Tr-me_0388.jpg,meningioma,1,train,79089da89b39dac4274641cf015d04a6732d23c221cfe87e2428c2dbc4637dab,877a6eb168a4ca93
Training/meningioma/Tr-me_0389.jpg,meningioma,1,train,51c5ec276ec2b89cd50bf44859a2fbba0158362fa3e0a3a48d40efbfedee702e,87786e3178a632d3
Training/meningioma/Tr-me_0390.jpg,meningioma,1,train,8b11a406e19d151ea61f675cd65d3f5221b5a717d5be736556169f72c07412c6,c23d2d7034c3739d
Training/meningioma/Tr-me_0391.jpg,meningioma,1,train,565bbedfa7cdbaef2149e5b876a43c381bfd4764146de609753a226a57e1e0ec,c33f2c683db27164
Training/meningioma/Tr-me_0392.jpg,meningioma,1,train,083936dcd0d7225b331ab815de74d6f360a8eb7eda7a361a3611b5f61b795945,c22d3d747892c3cb
Training/meningioma/Tr-me_0393.jpg,meningioma,1,train,4f099af0543669ba4973b58cfb8f5416ff606abebf42db13b977c948b13019a8,c23c2f7035d466e3
Training/meningioma/Tr-me_0394.jpg,meningioma,1,train,c797fa26c2d1dcf63898ea2c094e1221efe8b448007b249f3e78197b9f23d9d9,c23c3f71359468e6
Training/meningioma/Tr-me_0395.jpg,meningioma,1,train,d8a4532f2e8c7dae1048b2ee7a1ce695214ab230a0ad6173975de506e7b4e2ec,c23d3f7065936466
Training/meningioma/Tr-me_0396.jpg,meningioma,1,train,aacd880f987e664ad0c8bb180c16c3255e2c6787b4df6d4d0fb389e86801a272,c23d3b643d936472
Training/meningioma/Tr-me_0397.jpg,meningioma,1,train,7c89fabe9da0eca1c56907db3c7cec726d2eef6f93809f8cec4753a0494bb694,c22d3f783db26132
Training/meningioma/Tr-me_0398.jpg,meningioma,1,train,156a70bcfa57d470ef5946a3e3f657199ee07b9d58f958ab563e03016b6cfb28,c6693b6c3cb66862
Training/meningioma/Tr-me_0400.jpg,meningioma,1,train,6bce3ebd437e843f384da7b16d4bc8699c8f4d67e6b05e04eeb790f9fbd3064f,c6297b2c7d357442
Training/meningioma/Tr-me_0401.jpg,meningioma,1,train,d3cbbf498cba1be8c2dd7974196040c4592b4427ef522c5016c241fbc8c63081,d2253f6e74357481
Training/meningioma/Tr-me_0402.jpg,meningioma,1,train,057b934b0de0d23f32af29ff8fdd3838ac5a60bec98820a446330cf043d1d77e,96687b34696634c7
Training/meningioma/Tr-me_0403.jpg,meningioma,1,train,d0507da6f5b91b7360bcc900339b434f3d314befc897a377cb432fba94e36de3,c05f2b3c3d3134e5
Training/meningioma/Tr-me_0404.jpg,meningioma,1,train,618e40c7e6c22d59233d3fde3a307563aa76468252c2930762f1e7dcfb5c34e0,c55a3b2c6c317ce4
Training/meningioma/Tr-me_0405.jpg,meningioma,1,train,1a919441a3bfc31ef66d59b942cebf1de43012fce76f9bcc6b4ff175ee820d39,855a7a2d2cf12ce5
Training/meningioma/Tr-me_0406.jpg,meningioma,1,train,8e215433420d52bd7c4182075bf7d5c5c59a40c4fc2efa7af8dc28b1a880999c,d44a2a782fb568f4
Training/meningioma/Tr-me_0407.jpg,meningioma,1,train,635ae938ac63b7a5307fd223054552b59fdfd551f2db1ac6233aa0235b05718b,c6693a6c3d926c39
Training/meningioma/Tr-me_0408.jpg,meningioma,1,train,1e96c1bc86978de41697e1f592601b60c006fd3d8753391546431bbb5e8774f2,96683f4b3c926c39
Training/meningioma/Tr-me_0409.jpg,meningioma,1,train,fc1e531d2e37fd7a5673658db2d3014f003eead1a3d6708a274970fabd19d1ba,d42c3f4b78966839
Training/meningioma/Tr-me_0410.jpg,meningioma,1,train,612beb1a384ebed29b9775a2facd22316a997c2c427c76aa4688d6465e1a8edc,d6293f4a78947869
Training/meningioma/Tr-me_0411.jpg,meningioma,1,train,a8fc544d393ad0491149f0d7f17e04a8d99ddb28e2eaddd8c41c4115abd1980f,c3696d3730326c67
Training/meningioma/Tr-me_0412.jpg,meningioma,1,train,96e51f2ead09314a91e65f85eb78c87d99e34b24f5b69fcb20a1691dc7b7cbec,c2d92d6e31346ce6
Training/meningioma/Tr-me_0413.jpg,meningioma,1,train,df58475c81bc4b0e11004500d440175d8b178afef316eae6446c54f774171ba3,87683d3761f624cc
Training/meningioma/Tr-me_0414.jpg,meningioma,1,train,9c3877880b8fdc4293999e22ce31be85b0a9f5eeb00deb48b7089266d790d8da,c3b06f3b343c6d60
Training/meningioma/Tr-me_0415.jpg,meningioma,1,train,8a7ee9961d6cab96f863f16a9b5f865a68d7a076c4b96601d40f988f3aad61a0,c3e06f333c7c7034
Training/meningioma/Tr-me_0416.jpg,meningioma,1,train,7f2cf63fbf07cfd682e597e6a69f063483a3edb2f50e7907f7b0cfe2bac822f8,923c386365c737c6
Training/meningioma/Tr-me_0418.jpg,meningioma,1,train,d85fca10296916534ad256084274484fab429f91f62a7a06cb9fe770261f1e89,973c686161a573ce
Training/meningioma/Tr-me_0419.jpg,meningioma,1,train,78af175e02c6364b7a5762a41c4174e49c0c3b89d9f5cb9a7a0e0ef93649569b,97386b7065b1644f
Training/meningioma/Tr-me_0420.jpg,meningioma,1,train,d5aca05558009e63561b9c11efd15f94f9ec537ea5537e239e7b3a30f5179544,963d3e6139b66134
Training/meningioma/Tr-me_0421.jpg,meningioma,1,train,3052bee8a827f06f7af653fd4c7aa689b2a4ac8362a795fb92e4e252c29e49f9,c66f39b434936329
Training/meningioma/Tr-me_0422.jpg,meningioma,1,train,8dd062e78abfe4a82d8cc13782d67a61d5e47687d0fd6262c38104faf600aea9,c26f3db461f33224
Training/meningioma/Tr-me_0423.jpg,meningioma,1,train,5b40154e3af4e9180290914065d0e11743eb1cd1180d89a5ed6d972b81347311,c66c3db471703333
Training/meningioma/Tr-me_0425.jpg,meningioma,1,train,2fe30a39f4be3d2f6e63ff42c874581fb8ec644e32a4c175b8febe7e2293de1e,c26c2fb5343531f2
Training/meningioma/Tr-me_0426.jpg,meningioma,1,train,0a57b65ca7b0c9cc29aeb8c3e4657db0e43afb41b4049007ae6d8291dab5b72a,82603d7b6170a7de
Training/meningioma/Tr-me_0427.jpg,meningioma,1,train,d6f6101d87d81688dc4d5230b38c4decf564d7d9ee433f86fb825f41bddb6375,96602d7b25d0a6cf
Training/meningioma/Tr-me_0428.jpg,meningioma,1,train,e0a6d3972070777086cff9c6581832177e7416fcd75b60f851b7c5f4c64e664d,86643d7335d2a6c6
Training/meningioma/Tr-me_0429.jpg,meningioma,1,train,508aa22da16b1e8eaacec36ca6f735b6b5b1d3cfbd4cbfc2e7efa9d8dbc87a29,c2643d5b30ca97ce
Training/meningioma/Tr-me_0431.jpg,meningioma,1,train,3510273f062971b068891a899e00fecfd6cac88289bf4981f58da541205bad93,c03f3f786cb46470
Training/meningioma/Tr-me_0432.jpg,meningioma,1,train,844dfc7b35cbe29510ecfe9374dc3b40e1d571208a5f20c5e830c94c2df821d6,d32f6c7030c61be3
Training/meningioma/Tr-me_0433.jpg,meningioma,1,train,d2d7e96fec0cc2baf3957d85ebb4ccf237cf0b8ad6c3451dba4f3809b8a90ca8,d23e6c6521e493d3
Training/meningioma/Tr-me_0437.jpg,meningioma,1,train,3eaae6024b82689b4ae7d74fafc0efea3566f1d0cc0e6a43b1c702b5d00cf7e8,c03f3e646db03333
Training/meningioma/Tr-me_0438.jpg,meningioma,1,train,a6669d584530eec29076ea9134a0e67c35d49f8eecbb6d3930b8ab7df728428d,c03f3e686cb36332
Training/meningioma/Tr-me_0439.jpg,meningioma,1,train,afc6e6b147d1bc0275cb78b5a716089b2e724bba6455f606f2b800bbde868591,d03f2f682da17934
Training/meningioma/Tr-me_0440.jpg,meningioma,1,train,70689ba465026e32512b3acbeabc856b44ed8b2da54540802a8fc6f2102ab948,c6683f6c343463f2
Training/meningioma/Tr-me_0443.jpg,meningioma,1,train,14398044e9d8db0ea74b56dac06a82c1bd33c810785b0d5d6dffd11c4361a93d,c6397e6964e02d96
Training/meningioma/Tr-me_0444.jpg,meningioma,1,train,d07b4c54772217843276bf57c600c968aaebb973bffa601d4ea869d6686969fd,c16d3e6930b469b6
Training/meningioma/Tr-me_0447.jpg,meningioma,1,train,a925c915959dcfd646e3a9892999eb11a37d1e04ba047bbef5d683ee1d153437,946c6b3d60e13de2
Training/meningioma/Tr-me_0448.jpg,meningioma,1,train,ed1a1c7c55254f288816ce7c90ba59a4e351cf631d9e9195df9d2cd8efcb75e4,d26d2f3861f03dc2
Training/meningioma/Tr-me_0449.jpg,meningioma,1,train,b42c0df5deacb1579100a91cc7e16ca5d6e042ee1eadfb6b2deadeed02220a50,96396b603de630c7
Training/meningioma/Tr-me_0450.jpg,meningioma,1,train,888ac76505da1fbbb3d8643d208b6252e1e92f420cda37226ad1e49b98bc02e3,c66c3f7071b66096
Training/meningioma/Tr-me_0451.jpg,meningioma,1,train,81a9d4261a632cc1a8045a414db27602f8a45487e1b60bb1fc05d80eb8858c23,96693d317094e6ce
Training/meningioma/Tr-me_0452.jpg,meningioma,1,train,1b99d7b61b22f7268586e33864509074f1da52b03d163bc45821d4889795f2ba,97687a6161876796
Training/meningioma/Tr-me_0453.jpg,meningioma,1,train,5fe4634760b986a9b98757708017b4e0f9ea6a0e6a779de2fb11502ec692fc5e,97687a6d31c16996
Training/meningioma/Tr-me_0454.jpg,meningioma,1,train,d13e3d6e3f5fd81c95391bc69b92795b7ed70c1734631ed6a523c23b31d30ab6,97697a6821c772c6
Training/meningioma/Tr-me_0456.jpg,meningioma,1,train,5c2ab03a4acfa0ecfcd51122d613c0da33b5cdff88b390308209e71b9a26df6e,c31c7d6b34793464
Training/meningioma/Tr-me_0457.jpg,meningioma,1,train,e2c6138b1415ad7968130c746fda7705665e589909ce78c4bdf7239e63ddd2d0,97687a25689563d6
Training/meningioma/Tr-me_0458.jpg,meningioma,1,train,5a5337ed5bd720038d0ac459a009fe21bb57f22b8f906f7f282b98281b2b8332,c33c3d6b31693463
Training/meningioma/Tr-me_0460.jpg,meningioma,1,train,2ec3baa254cf86e27e44a87784d68920d46bd1dea2e33955cc899dd57af11003,97396a30643537c7
Training/meningioma/Tr-me_0461.jpg,meningioma,1,train,3aee2caacaaf0b80357e505cf01cc29fc310a71303decad5565ef36ae9a30f49,97396a386d3136e4
Training/meningioma/Tr-me_0463.jpg,meningioma,1,train,40b73b05dea1a79c30fe3f851bfdea94f9625c689ce36b1ddea52228cc48d091,963c6a706d633365
Training/meningioma/Tr-me_0464.jpg,meningioma,1,train,c6a169100bb7c137df5034755043793f71c574147bf458edffb1ba7fc4625b32,c32c3b6c3ce33166
Training/meningioma/Tr-me_0465.jpg,meningioma,1,train,e0e5996df6b96b9b1410c271fc5de62e7d30d01d2edcd73a7aefb94b0e015548,c23c396c34e336ce
Training/meningioma/Tr-me_0466.jpg,meningioma,1,train,f1c19fc6b3c884c3577fbc207e6d79da2eaeebd6522ce4c1eef1800a1b372b2e,c23c396434d373ce
Training/meningioma/Tr-me_0467.jpg,meningioma,1,train,39ec1b8d70d951f4e2b367a30a3ed91c885df9918c1a8f8f40736fcac625edb9,cb3c316634c393cd
Training/meningioma/Tr-me_0468.jpg,meningioma,1,train,383968d53c09a064a632a1de6ac0cccdf19ca78d273863d86413b833bd916b4a,857e3b686ca32587
Training/meningioma/Tr-me_0471.jpg,meningioma,1,train,1bb3db95314b82b04ea4941928ffa57ff952bec5d400569c4eebbd3708109c49,c00f3f6938d36d2c
Training/meningioma/Tr-me_0472.jpg,meningioma,1,train,3f0f78ff3b475572e4da697c0682633cae858e4225ebfc058080e7a0292bf189,c20c3f2d78336d3c
Training/meningioma/Tr-me_0473.jpg,meningioma,1,train,d2997fc2d8b8fdde7d62f928e7a3254c4569d5ebc31ef5f8a41bca478ec53056,c30c3b693c336df0
Training/meningioma/Tr-me_0474.jpg,meningioma,1,train,ea7c91605ca53d3a1133d52dca7659aeab5411678d01249ecc958303cb257e19,c3242f7b6c33316c
Training/meningioma/Tr-me_0475.jpg,meningioma,1,train,c75365618d27a430dc6177e5003625e3ce4cbcbadb1ba095bdce9378fd938bdd,c33c2f2f39717160
Training/meningioma/Tr-me_0476.jpg,meningioma,1,train,651c80fb7197f8b8427112b0e733a929a675ed097b76000e922ac66205c0865e,855b2e3c79747035
Training/meningioma/Tr-me_0477.jpg,meningioma,1,train,32c02a0f7d0e196ef796bb7c6031d6d8336b516ffa0005a9cd14ae788180f2b9,855b2f3e69343165
Training/meningioma/Tr-me_0479.jpg,meningioma,1,train,7980142feec982d10a7385cdc79b51828399764fd6ad140a7a53718be352154e,857a3b686ea169c6
Training/meningioma/Tr-me_0481.jpg,meningioma,1,train,2646e4d10a980042ee9e17371aa3201540b4d8e6038d360531ad406d8fa1ab9d,c73169733c2c34e6
Training/meningioma/Tr-me_0484.jpg,meningioma,1,train,e544b2706176e0ecae41a0cc23506b2df06e5b6b115cf3b870f76f9520c9045f,c33c2d6e3c3d3132
Training/meningioma/Tr-me_0485.jpg,meningioma,1,train,f463376b2ed5876bfba4f0dcb75756bab3f17a3fc23cae14e3e4e64baf6f1419,c33c6b3e640f683c
Training/meningioma/Tr-me_0486.jpg,meningioma,1,train,694c4b2a050607120859df98715e6461ac76373995e3fe6260cbe166b9b67fa2,c3346b1e640f7c6c
Training/meningioma/Tr-me_0487.jpg,meningioma,1,train,ebfad170ac5c632a6ccebaf5cf2f30a6b1192a25e48637cd9f229beff5f271bb,c334692f746d7c21
Training/meningioma/Tr-me_0488.jpg,meningioma,1,train,9873673e382d224bf1dbe35bdbe12a98016b3d6f84cdc2024e3c1a9b61cd3c19,c334782f746d7431
Training/meningioma/Tr-me_0489.jpg,meningioma,1,train,f2fe85e1ad9f0a87dc372feace7a2dc46e7bc92133e7b80171eadc31c05a0303,96693b62655721e6
Training/meningioma/Tr-me_0490.jpg,meningioma,1,train,20c35eb69cac23398054b370bc052898cd90fa8c3b287727e21b27fc2dab65ef,847e3b6827b16ca5
Training/meningioma/Tr-me_0491.jpg,meningioma,1,train,dc1e7f2f8e16db9d10f4781f18f76f428bad82db9ca956df65d1d889fc26b279,967a3b6069633167
Training/meningioma/Tr-me_0492.jpg,meningioma,1,train,89caab1e8f42a93859ab4d45f96795572f6cfa80ec94d380452cf051ebf7805e,956a3b786c613167
Training/meningioma/Tr-me_0493.jpg,meningioma,1,train,3a37400a9a314f6e1e060dc8065b628c4aee753428860a2baab2fedb5690fe22,954a3a7869713967
Training/meningioma/Tr-me_0494.jpg,meningioma,1,train,49c1ed6c07ba9631250f9a8c3c7fcf7ff894535bc8caf127ee4453bd016fd025,954a3b7869e16175
Training/meningioma/Tr-me_0496.jpg,meningioma,1,train,368d409bd8400ab9be14fbe3a01ad349bf655052f9832f322788152baf97d985,d40a0bde0edb6d19
Training/meningioma/Tr-me_0498.jpg,meningioma,1,train,eed2b8926f836d32af2196adc92555bdaba346e0cbebc8f07dc9c94c060309ae,859f7a4a387b6161
Training/meningioma/Tr-me_0499.jpg,meningioma,1,train,c2da8b4efb1541ada2d8c340a5e80de699e01858dbbe7d68727728381b3bf042,843f7a702bf02d63
Training/meningioma/Tr-me_0500.jpg,meningioma,1,train,28171576508bb19cde9b1ba1078ea138e4e794fe95a56fdf44d029eb120831a3,851f7a786ae42c27
Training/meningioma/Tr-me_0501.jpg,meningioma,1,train,569ebd76cf2ea599ceb4c0c550261f196bfce5b4010fd6e400608625aff1fbef,857e336864732da5
Training/meningioma/Tr-me_0502.jpg,meningioma,1,train,f71428091f4134b05d89c4207d5023e4fb4515a851ea6c64c8939f320b636fdd,851e7a786ae16d61
Training/meningioma/Tr-me_0503.jpg,meningioma,1,train,c723df79645c4460baed12d65fb64b674d4c4c6de47b46cb507378efa459fc10,d03f6a6429bdc196
Training/meningioma/Tr-me_0504.jpg,meningioma,1,train,59bfe218b14d6e0effcc790098e5669f99040258b9195c610659c84ed47b741b,d02d7a642bd9c936
Training/meningioma/Tr-me_0506.jpg,meningioma,1,train,b4fd58f0a3adc298dea95679df36c8d480adc5f39311a78ecbf2e03b271a6505,d23d6a66699c8d92
Training/meningioma/Tr-me_0509.jpg,meningioma,1,train,4e57b78473a207fc5742f17c0daa211acc09869b7ca0377c0eb7ae2262c44f90,943d7af469326169
Training/meningioma/Tr-me_0510.jpg,meningioma,1,train,374b25e2c3b7fdb00143f666bc1904ed08ccc7a5ceeea2ea36e9d080c23cde55,943d7a746b126969
Training/meningioma/Tr-me_0511.jpg,meningioma,1,train,36e57c01998af6fe24cd076a069a86517787641d308d7aa8a1b2460587138a6d,943d7a606b9a6969
Training/meningioma/Tr-me_0512.jpg,meningioma,1,train,24262c01a90fc095655b04f6485ab4c671ede1a528469010a5c584ea03876c83,c33c6c603d9693cb
Training/meningioma/Tr-me_0513.jpg,meningioma,1,train,7be9e7ad848ec57784d1178304d014eda23dda07be0000553ce04c1e11f07ff5,943d7a606bda6169
Training/meningioma/Tr-me_0514.jpg,meningioma,1,train,08941eeb459a0704ddc76f6db4e647661ef320e728fe813bbad42a54fcb4c21c,95393e5238d87939
Training/meningioma/Tr-me_0515.jpg,meningioma,1,train,e98919525198fb461ae8545dc49f99798e259da3913d2fecdeb608a5872417ac,959b5e58389a3939
Training/meningioma/Tr-me_0516.jpg,meningioma,1,train,ac35bbf60b38a9b2efc8a396db227362ea2e5b4419e7632b01090cf572af6180,959b5e703a9a9919
Training/meningioma/Tr-me_0517.jpg,meningioma,1,train,bebb806121f4761a957b86864a36be671df95d3b2bc277150636c56f95b681bc,95995ecc389a3939
Training/meningioma/Tr-me_0518.jpg,meningioma,1,train,02a7e8d5fe1c2a39edc751be9a62422f32de08ad8cdec9db88a7adf045b0a3ed,95991e1879da7139
Training/meningioma/Tr-me_0519.jpg,meningioma,1,train,01ad3870f1800f34a7650f21d9cf5f1b941464b9210bda021b9bf1fb7fa94733,95e57e1c68e03963
Training/meningioma/Tr-me_0521.jpg,meningioma,1,train,a481de336ba20850590d3ec824dcff50fb5b29880561e346ee63597d93519eda,957b7e2568248f13
Training/meningioma/Tr-me_0522.jpg,meningioma,1,train,630a23777f3148e31e85f289b82ef53bc502b9c775a856e0467847cb28777bb6,ca653c3d706432f3
Training/meningioma/Tr-me_0523.jpg,meningioma,1,train,d4a61b342915baffe6a14b057001a29bdd7a135d4f67d55bb19bad63052183f9,c63968643996b3cb
Training/meningioma/Tr-me_0524.jpg,meningioma,1,train,65c5d21e6e7fbc3d1ab6ce241ece0963034c01378becd1c82d5e725e6df08e76,9a6539613096e7e3
Training/meningioma/Tr-me_0526.jpg,meningioma,1,train,fa4216bcad38691caaec9f176478fb5cc8f30f37ca940fa15338fdad5057d6ba,c25b6d1f601cf136
Training/meningioma/Tr-me_0527.jpg,meningioma,1,train,e4d425a1429837af0445d4311ff20c2fa989fcb4c24928f2c48cd5ea13312653,c3593c1e6134f333
Training/meningioma/Tr-me_0529.jpg,meningioma,1,train,88b623a69a18c5f8486f188625becbb382dd3663ca3777b9467a72b9f0c28896,857e7a3131e0e687
Training/meningioma/Tr-me_0530.jpg,meningioma,1,train,daf9045089b876df0ac3a4d6dbba0d3b96e87863c5e98bb433dc415619de426d,857e7a3131e164e6
Training/meningioma/Tr-me_0531.jpg,meningioma,1,train,c8886cd6571f418e274b21d5d4dd8eebd5698ad107523b48c8b2568424a3950e,857e7a2539a56964
Training/meningioma/Tr-me_0532.jpg,meningioma,1,train,f0c918a8dcdff855ed76887d727d823e81267e742f4e8af9034288cc2d81b7af,857e6a317d973860
Training/meningioma/Tr-me_0533.jpg,meningioma,1,train,89fdffed4aa86c385dc602374d7081426c12b8fed0d92855f3136d091b20eb9e,843c6a636995b795
Training/meningioma/Tr-me_0534.jpg,meningioma,1,train,eb1300c3de94e7ad25573ff554258d7ce0f2b85689cc85c9c6d0ffbfa6b52377,c33d6c64319297e3
Training/meningioma/Tr-me_0535.jpg,meningioma,1,train,d0a0b6c472b2dc1525eda34a543bc15e6f62d89d60208ed6287052e482e003ff,843c6e6a6994a7b3
Training/meningioma/Tr-me_0536.jpg,meningioma,1,train,b8fdc0ee8c23ad5e010fea9dc6edb67c4d28541da1e82a9526a9ebf10d06658b,853c7f6868a53527
Training/meningioma/Tr-me_0537.jpg,meningioma,1,train,77603a7917dc2bdf453e4c3287a8498d9a7cc48e414bd25cdd24a74353f7a1e7,c03c3f7868b33467
Training/meningioma/Tr-me_0539.jpg,meningioma,1,train,5b279fb3008d2dbaf134dd49ff01aab72c24d855bf913d5903b8e20e48b2d4da,c03c3b6a39b66137
Training/meningioma/Tr-me_0540.jpg,meningioma,1,train,1fb865deb89673b728d9a49c59ddbf4fafc3e467cf3d84159780f41af8c31928,c32c6b782cb634e3
Training/meningioma/Tr-me_0541.jpg,meningioma,1,train,2fda556d056a1ffd6d63fc61a4014bd59513074ed718fbf8d8d379959c64a9f2,95693e3961646597
Training/meningioma/Tr-me_0542.jpg,meningioma,1,train,951496af1c1e8eadab6d658dd2bc6250b4bdce1c090b91f71b1a35e1cb54a6a6,97683e3961646397
Training/meningioma/Tr-me_0543.jpg,meningioma,1,train,97cfa2072ccfcec3fd240f14536c95d8608d0ddbb04e0f44afeb4bdc2660622c,97693e7960a46693
Training/meningioma/Tr-me_0544.jpg,meningioma,1,train,2239d60779ca4ac9c53da6ffd9c27953be6a479b99c816bb6d64ac36c21eae1b,93653c6371e66392
Training/meningioma/Tr-me_0545.jpg,meningioma,1,train,d2408bc6319303d471c86fbae9e25ec3134adb9c8c24c435757212b21bb7f411,853b7e686b646163
Training/meningioma/Tr-me_0546.jpg,meningioma,1,train,38fe566f21ce73cd06316fba5bba3c12b748bf690b3d487c3784949bc27ff8a9,967d3a6065cb2566
Training/meningioma/Tr-me_0547.jpg,meningioma,1,train,cf9d8a6b0db29b8840895adc21e725c998009b067a495d960eeb3481d1749294,90793e677c693461
Training/meningioma/Tr-me_0548.jpg,meningioma,1,train,995b74c987fe867d9acbf310f8952dee3425377f57e17e40a9485d98b84e5598,905b3f0e6d782c63
Training/meningioma/Tr-me_0549.jpg,meningioma,1,train,62eb5db57281803344ad07a4171dfc3fb329c4960132158209f6db4e0dfb2841,d05b3f0c2b7c2d61
Training/meningioma/Tr-me_0550.jpg,meningioma,1,train,7f31e771dd246a42a5c3e666511f2ba7ad2e6423ded38be001fac86c2b64d029,d01b3f262b7c6c38
Training/meningioma/Tr-me_0551.jpg,meningioma,1,train,d29503491c93a7d01ba4a01fbe8587e6ae7d29637226588e9d6ec984235c04cf,d01b3e712a6e6978
Training/meningioma/Tr-me_0552.jpg,meningioma,1,train,929aef97ae21574d672136bdc114e2ba1e2b0d696ff09eee1d5f779c148cf687,915e3f7069f82561
Training/meningioma/Tr-me_0553.jpg,meningioma,1,train,f941799e855c5075f7d26be1782eb83f33b2c8c2b715bb3dbcf975b21607f962,845f3e726b3c2961
Training/meningioma/Tr-me_0554.jpg,meningioma,1,train,1f8a01741c0a2dbc9363ead3dc49ba6ab4ebe76db494e6a325df1b3c7270c57d,942f7a792d6025e5
Training/meningioma/Tr-me_0555.jpg,meningioma,1,train,57361cc64825d1aa471663ead7bcacafd2d60d0249f5924b0631bc8d7e5a4d68,95397a79386a65c8
Training/meningioma/Tr-me_0556.jpg,meningioma,1,train,3f21025f5d99a584830e9d31c8c1e262ca3530d1ae5276bdfe7290291702b784,95297a697963256c
Training/meningioma/Tr-me_0557.jpg,meningioma,1,train,1267bc1a3d46be2368878c8ccd879ed003dd5cc291d5823b6299105d16ed13e5,95853a9a6ada38da
Training/meningioma/Tr-me_0558.jpg,meningioma,1,train,c9453960c4d4bd52c15256f8407b00230d42bfae6ee4c1ecb1e4606f3dcee7c0,97693a692c786569
Training/meningioma/Tr-me_0559.jpg,meningioma,1,train,40f8ded591c280b9166892ac1d0767c0180e1e73b771d80df15e31ab873e7f52,976c7a682579a561
Training/meningioma/Tr-me_0561.jpg,meningioma,1,train,fcedf6504e5381d632360e56ae10ea940a4473eda9ec444b0b9bc450744dc7b4,d01f6a383de16566
Training/meningioma/Tr-me_0562.jpg,meningioma,1,train,f9b4159c7714fad71207a3ec6f16e55d23bd3de4a39f624f10ac83b781179455,d01f6a383de16167
Training/meningioma/Tr-me_0563.jpg,meningioma,1,train,79203d871a7f9776b8dfbebebb0f9f55b1877669ca1506a587efb799ac6d25f0,946b1f5a39e2612d
Training/meningioma/Tr-me_0564.jpg,meningioma,1,train,7e5895ce758815e166b5f46987ea849eae96b6b10a30751d07b598b39a37f5a6,953a3e6a29786969
Training/meningioma/Tr-me_0565.jpg,meningioma,1,train,813a89e948eb7bda13ce7b1f29a0903b5f8c47a41329ea8c70d55f016ade0f3a,953a3f68297a6163
Training/meningioma/Tr-me_0566.jpg,meningioma,1,train,a5b2a78272f83067cfeacfaf90007aabb261543312e868faa894928f88338f85,957a3e682d782c63
Training/meningioma/Tr-me_0567.jpg,meningioma,1,train,c63075488be0a9e3cc0b8f32ff03b3c3d5393f9a4d63ff2b9db198cfa25525bf,95793e6b29602c67
Training/meningioma/Tr-me_0568.jpg,meningioma,1,train,cb4488292927034f5b1311b55bd1196d370f7251796da1aeac408e7fbc30a3a0,96813a9e697a389e
Training/meningioma/Tr-me_0569.jpg,meningioma,1,train,352bb6972653e19351024c98ac45aef98a0fe551bee33239be2ac9fde41e357d,97683a6a394b254f
Training/meningioma/Tr-me_0570.jpg,meningioma,1,train,d934e626adda9a0d626c1e1d2b99180ba11130b44276be17920101e2715ae823,9734786a354964e7
Training/meningioma/Tr-me_0571.jpg,meningioma,1,train,75cc756a2881fc49cc39cab736fa605b31ba1a1264bf9b7189930dfbfb24125e,853f786863e225a7
Training/meningioma/Tr-me_0573.jpg,meningioma,1,train,238635370dbd0a5633ae36e53c10bbfeaa76206bfa344d617e6dd07e118caea3,853e786163978e95
Training/meningioma/Tr-me_0574.jpg,meningioma,1,train,683f3ed6641ce24c66404ed2b425b346361479491180beeda261c1140e1d835e,853e78616a97869d
Training/meningioma/Tr-me_0575.jpg,meningioma,1,train,969539a8961a993ac3c6cf9f86c7854e4f1cd9dac7e75a125a909c8662af2ecb,853a68616b97bc95
Training/meningioma/Tr-me_0576.jpg,meningioma,1,train,89e2d277d945df56f407097947367ef34f811e5028843851f4882cfefca51f84,d0872f6a3c293769
Training/meningioma/Tr-me_0577.jpg,meningioma,1,train,e43694b28c6482aa0d11dc6e554b089314a1ac73cde5e811fb214d201fd072e6,876c78a531da368b
Training/meningioma/Tr-me_0578.jpg,meningioma,1,train,428521a54852b0de35ce85648716ae39660784e064c83fd39932d71e61de2161,97697a2564e1c696
Training/meningioma/Tr-me_0579.jpg,meningioma,1,train,b8689f98bf96bdbe85d496264e70a1ca4b1a6234543bd93e86bd09a15d361041,9695389a787a3399
Training/meningioma/Tr-me_0580.jpg,meningioma,1,train,fdead2a9182e95fc1ab683c6a4626c607c247e65b7194f39ec6a567d4f63102a,c61f3b39e4c43790
Training/meningioma/Tr-me_0581.jpg,meningioma,1,train,b17f982bc589009a3f5aed6701f9c2bbfc248db0203f7a3b6984ada4c2c46e7d,c7463a3165c63c3d
Training/meningioma/Tr-me_0582.jpg,meningioma,1,train,803e7719718e1f5968504d4f5c88d8897d7b862bb4425a724abbd8cafbc639b0,c3431e3e2be5cb18
Training/meningioma/Tr-me_0584.jpg,meningioma,1,train,7f3d3965bfb9104584cda0aedc5d54280a06ddf2c6cbb21c91ecd6ceba698ca5,96595fe37a216894
Training/meningioma/Tr-me_0585.jpg,meningioma,1,train,bb127ee425cf42015dbc179cb58ca74fe3be9d56a84aa5edb2814bf3d043009a,90161fed6ee43893
Training/meningioma/Tr-me_0586.jpg,meningioma,1,train,f1c2b871205019b36c081e164e66a559f3c50de2a8ffdf423835f80c73ca9c02,909a2f656f992e46
Training/meningioma/Tr-me_0587.jpg,meningioma,1,train,0da81a17a2099d4539a279c2a655412869ae46a0d74473ba73ae8bc7ea8ec4ef,919b6e6c7a912ce4
Training/meningioma/Tr-me_0588.jpg,meningioma,1,train,c880df61aecb53c7564166268e9890ccdeb3bf19cf684b451727cf86c54be943,95224ab71e6d6b70
Training/meningioma/Tr-me_0589.jpg,meningioma,1,train,fb1d38bbb02740bc6c07b4549cc7001a23e5d3aea9c92ea779cb009301000ebd,911b4f656dd27c81
Training/meningioma/Tr-me_0590.jpg,meningioma,1,train,21becb78ac1f2e1a444cbb8c533eaed54171f466f1c85e58ca8e0c4f060fb126,969438da64797369
Training/meningioma/Tr-me_0591.jpg,meningioma,1,train,8eb6531dfd83736131e1f9e3849e57116192b3179abe32f2a91ee5207564c2f5,d1da0a236f256de4
Training/meningioma/Tr-me_0592.jpg,meningioma,1,train,692d65c2da59b318e4202755d09e6f0d6b15311f09e57f376f2f70d691a8bd64,91db11216f672e6c
Training/meningioma/Tr-me_0593.jpg,meningioma,1,train,5c3c6900d4157709f09b7ba0da7980027f5135dd916c9e43e11d4f091031744b,c1c31e3c2ac76db8
Training/meningioma/Tr-me_0594.jpg,meningioma,1,train,9be5c104c991a27df92f00e28a7e24d392f30734a06de16c77733a50f9d5aff6,847368e4738c739d
Training/meningioma/Tr-me_0597.jpg,meningioma,1,train,be729858cb0a7e0ede3460783db2eb26f629261c65515f887500d0cf94c56540,951f7e682ae16163
Training/meningioma/Tr-me_0598.jpg,meningioma,1,train,27d6e0ef4db21c0391cc5de586edf22f734a4d9f06011631143709d474dafcb7,911f7e702b606d63
Training/meningioma/Tr-me_0599.jpg,meningioma,1,train,21a03a3ee756811052cd56c2342e68f17aa54cf1c61fb5478edbf3fc66306ae0,851f7e702be06927
Training/meningioma/Tr-me_0601.jpg,meningioma,1,train,52289e37bf25cfee1b4b971f8182da68e068671e02e28e2c1dc22cda2364bf1b,952e7a6829e56197
Training/meningioma/Tr-me_0602.jpg,meningioma,1,train,990c84d51b00533d9952a9bd2f6330a7f8dbd50682c15b7cc65a4ff5b6e4608f,952e7e683a65e191
Training/meningioma/Tr-me_0603.jpg,meningioma,1,train,7099a83cf80f43124964daebe43bc4f2077514312f00a486e865745fa90d8582,956a3f7861702d63
Training/meningioma/Tr-me_0605.jpg,meningioma,1,train,5d5cd857f8b6b0c71f2d689ec652e95f61883b53d79c9b92bbfb3778f72accf3,953c7a6069e16d87
Training/meningioma/Tr-me_0606.jpg,meningioma,1,train,43d13dee80157cd40a5e97a0e61662c7e137ad7ac8b3b07fdff5ee5c4aadb0be,d03f6a66699607d2
Training/meningioma/Tr-me_0607.jpg,meningioma,1,train,b807365626cb59a05e671c63fcabcd1bcd83c8619e14c481de297c8cf5be94f7,d02f7a6468b54796
Training/meningioma/Tr-me_0608.jpg,meningioma,1,train,acd0b132f63654d46bcb72a24ce66641483b9470d9de0632e7d51465c351b325,d42b7e6570b54394
Training/meningioma/Tr-me_0609.jpg,meningioma,1,train,1d318dc553fb590e015c7cbff78f6e1dae520cd61dd70fb917104823f1ae3b1b,d43d6a3c60f921c7
Training/meningioma/Tr-me_0610.jpg,meningioma,1,train,2f385f254359a80b2a9a0a6d17dc51b0945bb5b9c7ed7b514536d20873c217c9,d01f6b7c28f525c1
Training/meningioma/Tr-me_0611.jpg,meningioma,1,train,e232412c549cba38866b107fa50b19b1e8622586ae2c4df50153b18246c63db9,946b7e6039e6613c
Training/meningioma/Tr-me_0612.jpg,meningioma,1,train,e10c0117102fe81fe6c02dc495df93e4160706009103e549d3b8abe9db6d2d52,d00f7b7c2ae06167
Training/meningioma/Tr-me_0614.jpg,meningioma,1,train,374a5a926c415fb8dee672af8dd748d3b7b6642f13f2f35962f161f8367b122f,957a5e7968e0292d
Training/meningioma/Tr-me_0615.jpg,meningioma,1,train,438490b555c33c8c4e3cfe9dbba19faf3aed649a1495310f035f2f8aea918357,90973a5a3f68686b
Training/meningioma/Tr-me_0616.jpg,meningioma,1,train,1a8d049f0515118e597eeeb4dd3e255aca44716cc2a199963409688b8b11656c,94957a5a3f687829
Training/meningioma/Tr-me_0618.jpg,meningioma,1,train,2760abd7c47da3be1bc53600c99a9d160c459e58f14ebd56db263c258324b6a3,c4952bde3a6a7829
Training/meningioma/Tr-me_0619.jpg,meningioma,1,train,e440a529a44971b88dd27cea96c3893f027fcc9427c74ae53bc46fa56c88b002,d0972bd83b4b7069
Training/meningioma/Tr-me_0620.jpg,meningioma,1,train,46ce68d3554b9a8d15dbdf278c3c2c481557e5e160433fe43eb094d5b0e7bf62,d0950ff8390b78e9
Training/meningioma/Tr-me_0621.jpg,meningioma,1,train,d3e21d3df40c3bd0e6f7fde9cb97cc0de97076918eda83681b93b7d477211b42,900f7e7a396a2c69
Training/meningioma/Tr-me_0622.jpg,meningioma,1,train,c7b8b62ffc10c30aeb754eb377601c0c0de17522672cb086ce870e779a3d9a98,956b7e6329e4614c
Training/meningioma/Tr-me_0623.jpg,meningioma,1,train,0d1963c56cda12417fdab9ba9aa07f1399a882515bfdc99cfe24fa529d2759b6,811e5f795c6c7254
Training/meningioma/Tr-me_0624.jpg,meningioma,1,train,9f3fb804efdc98b320bafaa7fbbca47c8a9728e7c709a0ee7b20b608535db3f6,811e5f795c747234
Training/meningioma/Tr-me_0625.jpg,meningioma,1,train,6219d71e642ac6e30937d02e713d287cd2d98908ed81027e7c723e35a5e1f8df,801f5f78547c7255
Training/meningioma/Tr-me_0626.jpg,meningioma,1,train,deb5cc2975539bd85c399d2776b5905b122de02e69cd6825289bf005dce957a0,800f5f795c7c7254
Training/meningioma/Tr-me_0627.jpg,meningioma,1,train,01088baf055f8e5d479305c9b96d89d1c021cff3e4c4d711bf2053741c3a00c4,811e57791c747275
Training/meningioma/Tr-me_0628.jpg,meningioma,1,train,e3dd705563492ae5819f6c0d7d05d605a6b491a3974fc33503cbbb1b63adbe24,d00f6a7c2d722d78
Training/meningioma/Tr-me_0630.jpg,meningioma,1,train,0687c0287600bbf31cc9912726842987eab58f45638aea5cdc681042dbb22c0e,d50e3b49287e2d59
Training/meningioma/Tr-me_0631.jpg,meningioma,1,train,188ba068e9cac151f2ceb4c4de466f0f437dec7fe7498093226a8ed6a1d1867a,d11e7a6d297ca541
Training/meningioma/Tr-me_0633.jpg,meningioma,1,train,8dfdbf5af2cedf688a4253ca53deb19a8546e718fbdf73cea49738ad5ecd7b3c,841f5e6c2a646be3
Training/meningioma/Tr-me_0634.jpg,meningioma,1,train,4fdf9ceb838148573d89c89e4d8fdae33e8215140d26b78d68a03d265e8dbdcf,d03f2f703de086c3
Training/meningioma/Tr-me_0635.jpg,meningioma,1,train,137ba7fe77d0763c7ef72165aa9c9fc62a21a89fc5e70cd098b8efceac470d61,d02f2b7d21e8a6c3
Training/meningioma/Tr-me_0636.jpg,meningioma,1,train,3a096d5b6efb3009fae7a1f132c3ef78d242706ea4f43566421a1f1e0a051858,d02d2b7d21f426e3
Training/meningioma/Tr-me_0637.jpg,meningioma,1,train,0ac0db920cbe2a41f7e9f0fe0536d46337d27edabd4963c5f56fb2dfbe9d99fb,d13e2fe0258b968e
Training/meningioma/Tr-me_0638.jpg,meningioma,1,train,4dcbc238cd60e97296152de112b5a2d637f2c9061c14f759badb6c0780c4bc5c,d23d3f6065d1a607
Training/meningioma/Tr-me_0639.jpg,meningioma,1,train,f4e0db7dd784cf2aba77c84971a691bea973bc93587d21c5b453da3717fbcae5,90793e6069d925e7
Training/meningioma/Tr-me_0640.jpg,meningioma,1,train,814452265278ee7fa43f2ca451ef1cd3d905e5fab96a4c0d86b320c559bcfdaa,956b3e6061d065e7
Training/meningioma/Tr-me_0641.jpg,meningioma,1,train,4823be60de013ca30606bbd1c5abc0a7bb2cc20ab58bc251bde6fb12aadcf761,901b7e646df16187
Training/meningioma/Tr-me_0642.jpg,meningioma,1,train,f6735188c4bc01af5d040182396634963dc985015113af6f68a2f68f8cca09a8,901b6e742df36187
Training/meningioma/Tr-me_0644.jpg,meningioma,1,train,ca414f60dc365d13c6ef0779e54323fa62eea51f65f23b38d94fc66d19ebc450,95387a3f69782561
Training/meningioma/Tr-me_0645.jpg,meningioma,1,train,2c85b389440bf7195b8389ff9215f85027631d5841bb8d667cc049be78623347,957a7a6169c56c86
Training/meningioma/Tr-me_0646.jpg,meningioma,1,train,4cfd6c3194fbafa24a7ea21996d98c78e06a2de07a2ce3290a387f9506b6dfd5,d0e53b4a3d4b386c
Training/meningioma/Tr-me_0647.jpg,meningioma,1,train,0aea2daf19bd70b9f7ca5805d3c898213de96feb89d0750f171fd8de3754ee6f,d2c53b4b341b3c6c
Training/meningioma/Tr-me_0648.jpg,meningioma,1,train,d93b04c3f6711d360b6ce830d4e7162d918386f9250984cd512ee76cfea03685,953a7e7a38626961
Training/meningioma/Tr-me_0649.jpg,meningioma,1,train,3fa5238f997bc966965777771b222e5b17e9bb565f53b70d83bba03e65241afe,951b7e7a2a706961
Training/meningioma/Tr-me_0650.jpg,meningioma,1,train,4cea38ee652993dfd1b13b9353728dca80ee76b368e34deb75e5026a4813d687,953b7e6a3a606961
Training/meningioma/Tr-me_0651.jpg,meningioma,1,train,86e6040b06ab39910676dd576e7b514d78e5fdd3aa046d6a65602e46777798f1,840f5779783348db
Training/meningioma/Tr-me_0652.jpg,meningioma,1,train,5c748d85f459cf691a896738c39382c995310f7ba85d4b799a14931d891fb1d0,840e577d58396ada
Training/meningioma/Tr-me_0653.jpg,meningioma,1,train,70e0df64f6f086294ad80b6654f937af87b31cc98925dbd1fdd69e3fa71f07ef,950a757d703b42f8
Training/meningioma/Tr-me_0655.jpg,meningioma,1,train,7569d9fe402d7e90e3e267988272d39b9b79ab4837041c28d44d6c0bb1508e72,c23e2d6234c336cf
Training/meningioma/Tr-me_0656.jpg,meningioma,1,train,9ee6ada7a3cb2a000cc720332396bf51c601ba843e7bcff11b9b8317f2ada589,953c7a3f68782561
Training/meningioma/Tr-me_0657.jpg,meningioma,1,train,7aa9c9bda907843acc9e0945a606ba159c67f90ea4f98551ebbf3af26b27ecbd,953c7a6669c16563
Training/meningioma/Tr-me_0658.jpg,meningioma,1,train,285f981fd1f3cec5e26f81b6c35a34c52e5ec268cdd4fdf386b8775ca868786a,95385a6f68e06d63
Training/meningioma/Tr-me_0659.jpg,meningioma,1,train,43bd0c403a0d95b525e7eeb8f30f2d99ee478c6a68a9dfdb85e36420c4474ae6,956b7a2968f02d63
Training/meningioma/Tr-me_0660.jpg,meningioma,1,train,c4dee8e1b7b693ac4632704f5f2169dde153c5383e7c73f4cf0d56ec8c89bef5,957a3e693974216c
Training/meningioma/Tr-me_0661.jpg,meningioma,1,train,be0b19f6e6149ef7473358504b270da1e1a12d51fa17a3ef571249a99010e25d,913d7e60216db467
Training/meningioma/Tr-me_0662.jpg,meningioma,1,train,161bd9e1b2b250ff141b5fe494ab6266687a2524b1d0c762e808a86afbfc62bc,943e3b60698764e7
Training/meningioma/Tr-me_0663.jpg,meningioma,1,train,957b8226a08923a7f79f2aba483668da80c4b9210ae982b37009e978889d34b5,943a3b6069cd64ed
Training/meningioma/Tr-me_0664.jpg,meningioma,1,train,638f57eb1cd51cb96f2290a47b6c2ab59206251e3d6fe2bd6df0a9ecfee260ba,953a3f71694c6561
Training/meningioma/Tr-me_0666.jpg,meningioma,1,train,cee41d438cde7619aa982b254b4b0a2cd6e20b1e369bdddf85b68f2fc46c0c1c,957a3a717b0c61e2
Training/meningioma/Tr-me_0667.jpg,meningioma,1,train,4ca16ac1c7c53302cc5147d12cce9468d9f930bbb3a13eb4a99c301b2c10b5bc,d40b5a3e2b783d38
Training/meningioma/Tr-me_0668.jpg,meningioma,1,train,a2984f81d24f130f6fa2f54e00631778d0b3623d812c8891662e9ef64a2f9d0d,853a3e717acc296a
Training/meningioma/Tr-me_0669.jpg,meningioma,1,train,36fc7ca67658c3241f37a6fb7e0590212d76a63d1b5e8f5d32a2339ab100811d,951a3b716aec6163
Training/meningioma/Tr-me_0670.jpg,meningioma,1,train,6534475b8cdbf8c3e445717b318af2d0f442473c0c59034dfc144358c7f60261,97386a67259b348e
Training/meningioma/Tr-me_0671.jpg,meningioma,1,train,e0128270c6c50b303efae747ae531ea442158da2682f1935ea697ca0e0090927,97787a6721c384ce
Training/meningioma/Tr-me_0673.jpg,meningioma,1,train,44240e38ff528ad687a9ddd322081ef9654526209c9d04183310e7d87d10a28b,957a2f38786125a7
Training/meningioma/Tr-me_0674.jpg,meningioma,1,train,338e9484f489e263e8a63696ef7d521fea0c538041941e666065733d45e5fa9e,857a3f69686125a7
Training/meningioma/Tr-me_0675.jpg,meningioma,1,train,15e44e29261e0d4f9f1be6325ca1317671c90ceb2eb34ad28fde69ececc13964,956a3a69686465b7
Training/meningioma/Tr-me_0676.jpg,meningioma,1,train,7c98eaab51afde5c2914e04623f58d470ddd358f06788cb463c990416874aa44,956a3a6261e167b3
Training/meningioma/Tr-me_0677.jpg,meningioma,1,train,f15106f17befcf2f7817c62ed5e39e2e8df0cb20b3f39934f723d5546c9570d6,957a3a6068e167a7
Training/meningioma/Tr-me_0678.jpg,meningioma,1,train,29cecb5a717336df0fb3e8c0bb9f9e83f90e264266292367fdb0199f1cb2984b,d10e1aee2a792c6d
Training/meningioma/Tr-me_0680.jpg,meningioma,1,train,c04a9120217d14f791725a280e11367bf9f502a0d336ba138777386d99b6628b,d02d6a72293765f2
Training/meningioma/Tr-me_0681.jpg,meningioma,1,train,4d4bb13504e100941cdf6965673f4c3f2dde3c75ed343b59c2f07de6ece1f892,d0046b3e69e42dbb
Training/meningioma/Tr-me_0682.jpg,meningioma,1,train,32e5710ac9144194b96035ff7c1c042ed9397b1549af88d6a181de527f227182,d0056f78396669f8
Training/meningioma/Tr-me_0683.jpg,meningioma,1,train,cc8951af012eb252009627de8c18ba7f333b86ffad1bb9d0ea082373e2a73bc6,d0074b782b7329ed
Training/meningioma/Tr-me_0684.jpg,meningioma,1,train,dfa706f48b03ac78cbcc354e38f76b52cb4d7c7c6a3880c3a2c2e1dce061dc9f,d4256a7f20f82d3c
Training/meningioma/Tr-me_0686.jpg,meningioma,1,train,295ac92efc0abc8cbf8ae4d8dd605141390d5012110b411a38e6a90a5f157db1,943b7a6c63b40ec3
Training/meningioma/Tr-me_0687.jpg,meningioma,1,train,5a7cccde125c04642fd1105cce268849c08fc128c2f44397a38c3c83783f9dec,853a7e6928e5c987
Training/meningioma/Tr-me_0689.jpg,meningioma,1,train,009588b1bb245ca5b18faaa549aa945cfc2332dcedd7be6d683c6b59af702b3b,d00f5bfa1a1d3c68
Training/meningioma/Tr-me_0690.jpg,meningioma,1,train,d64f432e5f28e1fca0bed2bdbd652e7b8f740435c25fd0544f602eebc303c146,911e7e792ee16185
Training/meningioma/Tr-me_0691.jpg,meningioma,1,train,d377bbe931f10ab350c95e99b3c4637b776295760ddfec4d3fe380f9842225d1,903e6ae027cf348f
Training/meningioma/Tr-me_0692.jpg,meningioma,1,train,c33ee6d96993e35d87cbae3272017647545aff50a2c1246df722f29d72a79c1d,903e6be06fc1648f
Training/meningioma/Tr-me_0694.jpg,meningioma,1,train,fddf543bcc184716b95907cbb53890292587f3a6fa4b7e9587486a4e873b706b,953f7a606be16c03
Training/meningioma/Tr-me_0695.jpg,meningioma,1,train,02af9ef7846e3706868f2d09396a677e827ba01201406eed3ec8a79d05ceee8c,c23e6de034cd928f
Training/meningioma/Tr-me_0696.jpg,meningioma,1,train,87b55013ed1a6efc68ac2f73a52f59deb93b253cbe2688db7fdc93d1ba0f4a30,c23e6d6025c1b6cf
Training/meningioma/Tr-me_0697.jpg,meningioma,1,train,63a966a880a8caf15e6394fd86c9637893ba1bb0f4640459c88a97fad29e0f07,d33c2b6431c136cf
Training/meningioma/Tr-me_0698.jpg,meningioma,1,train,fb71442e6c4bd2a111bc3e6eab0261deef2e967cedbedf3ddf0b86941f20c7ad,d03d3a6561f02767
Training/meningioma/Tr-me_0699.jpg,meningioma,1,train,9dfbc5c043271a03b20c6b7a7c760b3ba2b5b6073f574f6388db9efe11cdf29c,843f7f682ae16943
Training/meningioma/Tr-me_0700.jpg,meningioma,1,train,36841518accd71e17858f013452d56f9020230f27aadff81c830643878a07128,910f17fe3a162e61
Training/meningioma/Tr-me_0703.jpg,meningioma,1,train,ef2b88857166386056b4d7f0df67845bd4a38c8c8bd6c0d84e062d36b57c98e6,943b3e6971e465c4
Training/meningioma/Tr-me_0704.jpg,meningioma,1,train,1ecb13d78ae5e879e56698cbd522258f198249c905f7f94cf5c8f0a1336211d5,943b7e7821f46c07
Training/meningioma/Tr-me_0705.jpg,meningioma,1,train,7096bd3c392450e23899277f7479cbed60104304c75022bc8d3718e47bac41b7,943f3f7829c4e425
Training/meningioma/Tr-me_0706.jpg,meningioma,1,train,9950e48a5850e60e011b5b01bb743011f39c3a6607f37128496e30a191c3b506,950f3e792bc661a4
Training/meningioma/Tr-me_0707.jpg,meningioma,1,train,e47d686769eb2f33cbc21faf07a432b27cbf3a577dd6007af771d5fa175118ad,950f3e712bc46566
Training/meningioma/Tr-me_0708.jpg,meningioma,1,train,0575ef95f1e8ea64a8a17f6aa87972635868fc270057ad658c4addd66ce3a5fa,953f7a38632c6163
Training/meningioma/Tr-me_0709.jpg,meningioma,1,train,f5388ce4af9aecf8528a27eab5efe7fc3d006cb66ee79f91b90144c36d7fbb24,853c7a646ba524b7
Training/meningioma/Tr-me_0710.jpg,meningioma,1,train,fd19ffe25e42f721cfb561cb9461b312a51237305048d0ee8f9c15c8e14637c7,853e7a616b312597
Training/meningioma/Tr-me_0711.jpg,meningioma,1,train,4dca7ece4e48c56aefcdc4c251157e22c1753e6f3f421cf06535cf19504a82b9,853e7a696b632594
Training/meningioma/Tr-me_0712.jpg,meningioma,1,train,b7dae95764711cffa19ad8d4dd0846ad5cfdb174ecd09c1a9e15690c419dfb60,957a3e682ae42d47
Training/meningioma/Tr-me_0713.jpg,meningioma,1,train,31224f9f79310e2f1594f745e9a5daaef8b44cde5cd736faa7329768e87ef0bc,953a7e6028e56967
Training/meningioma/Tr-me_0714.jpg,meningioma,1,train,24d3b49a0830f8af9d51d63311cd4336ea3f242f52bc63000034791c784c453a,97397a566961216e
Training/meningioma/Tr-me_0715.jpg,meningioma,1,train,1ad219364398f17f4ceab8c4c41f2588c940beb65000a267f4f4c3993087f7ff,d40b2f7e39606c69
Training/meningioma/Tr-me_0716.jpg,meningioma,1,train,bc1619373c873d42c54ebfed6294620cd284a7a0d8a1bd98bd491ea698c67731,d4493b7e39782c61
Training/meningioma/Tr-me_0717.jpg,meningioma,1,train,6e0b4f74ae2762ca7c0069b0d7f83401ebf93330d2635d18f178dc5f2c5ae8ee,d42f2b7839786c61
Training/meningioma/Tr-me_0718.jpg,meningioma,1,train,24e6f5c03428ed3da4367ceec4f0e812a514d48a2f1cb8d0a49a3186c8b34d2a,d03f2f7839e06561
Training/meningioma/Tr-me_0719.jpg,meningioma,1,train,e7f88b0b5d885e1ca53a9227e40c0c8fbcb831d69f9b4e88db6efc6aa3f8efc4,d03f3f7069c06665
Training/meningioma/Tr-me_0720.jpg,meningioma,1,train,ff949dd1cc0d566f0fd092f304cb0ac951f823ac814ad713bf62f94f70ef930f,d22f3f702dc16607
Training/meningioma/Tr-me_0721.jpg,meningioma,1,train,aea82355e3a999219689df45b50ebd5778d8bafc36eecff6e12e304d141b5405,d23f3f6021c1668f
Training/meningioma/Tr-me_0722.jpg,meningioma,1,train,17e36b1f27aa115e49178481169f858c3095fd298df78b84923eca9e1e3e7024,d23f2f7069c42792
Training/meningioma/Tr-me_0724.jpg,meningioma,1,train,388340c86de63340c2266e96b44c8561a51776e61d4c56d0a7dd0a809789672e,d43f2f606d2461b6
Training/meningioma/Tr-me_0725.jpg,meningioma,1,train,4c8d27a6fa7bddcfde64053b9f7304a8f522da9d068ab56a24604c24e7875a36,95727a1a6b60396b
Training/meningioma/Tr-me_0726.jpg,meningioma,1,train,ae5ceaff379fa3a4c1035ce1a0c5253856f6560ff0bd5a3cfaf827e89ee8eee3,c23f69e027c1b48f
Training/meningioma/Tr-me_0727.jpg,meningioma,1,train,31df7a46d53e5c2077f47bcb95f120946776354ccdcf28328ae2276d537a27d6,923f69e02761e48f
Training/meningioma/Tr-me_0729.jpg,meningioma,1,train,b6eb36d9dbdfd7208b76b5336addcb1b31aade9e73cf1301626565320348c960,811f7afa28797087
Training/meningioma/Tr-me_0730.jpg,meningioma,1,train,1b691638b05143f31760a231bb082c104368fadc3030a502e2ccc1db272824fe,801f7a3e69713587
Training/meningioma/Tr-me_0731.jpg,meningioma,1,train,58845442342b36f5ecd4156bdcbefd104bede4651c49757edbe8f33137fda842,841f7a6c69f0a587
Training/meningioma/Tr-me_0732.jpg,meningioma,1,train,18c29256466f96d898f2e2a0030b5d3e9e0d1f313dc7273ee530fe6b47043932,946b3e6961b427d2
Training/meningioma/Tr-me_0733.jpg,meningioma,1,train,64ca2b12d7a6ed99d44eb95a645e06bc7cd2d94feaa1548b737e4adba7de8b92,946b3e6961b463c3
Training/meningioma/Tr-me_0734.jpg,meningioma,1,train,dd65ef657cea155e83987e11eab8f30e661cf1edc6029036a49f5f1ac961b3ce,943b7e6869e431c6
Training/meningioma/Tr-me_0735.jpg,meningioma,1,train,8e60768c05460f94b940f82c82e9adef8a32d57080f56cd6b885b220db3e90b3,950b7e692cf401f6
Training/meningioma/Tr-me_0736.jpg,meningioma,1,train,dad78062b7a1dd5701d23cb4d021045c5c40881d5bed4fc49658cc7990143514,951e7e526b602973
Training/meningioma/Tr-me_0738.jpg,meningioma,1,train,e2981ecd273284712caa38a258c8fda5d010a48166a333c004906dc4cda5e790,953b7e6861e503c6
Training/meningioma/Tr-me_0739.jpg,meningioma,1,train,a8e6b471fa468eadd7d43fa41b48d24fa912a9ea0f95f5ff517cf7359a58245a,956b3a787a712561
Training/meningioma/Tr-me_0740.jpg,meningioma,1,train,b390e59cbef021d6afee9330b8a1955c7e8324a85d9b331d0720342079342669,953b5e6838e12d3c
Training/meningioma/Tr-me_0741.jpg,meningioma,1,train,a0af7bbb6478cd78b57f1bf85002c3afffee32c7ea7a04609224da37dfa006ab,951b7e7068f1216d
Training/meningioma/Tr-me_0742.jpg,meningioma,1,train,3c62e74397a3db7535c089bc83df83683b3e0e8825937af9c9de7194fad25eb6,951b7e7868e13165
Training/meningioma/Tr-me_0744.jpg,meningioma,1,train,8fce38f1e0f0d952ae8217c6d13c1f51fbd578bc0ed92642e56b0ea527d94a7b,c13f7ee021c9e487
Training/meningioma/Tr-me_0745.jpg,meningioma,1,train,c23f87950f56b0d32d381c08d0d8cbbf25b75d5efbcd856a437474296032a532,c53f3ae0318dc636
Training/meningioma/Tr-me_0746.jpg,meningioma,1,train,819c91f44947eb018a5639ed6b330d2abe47921bb47082584535229ad4a0d452,956a3e7160e16567
Training/meningioma/Tr-me_0747.jpg,meningioma,1,train,e4ad4803cde6a14b9284c1dc74b2a7cfd24f0e435960166b4f9be92ca6b4b0ed,851e3e527a786933
Training/meningioma/Tr-me_0748.jpg,meningioma,1,train,7e5d2bfa56155ead2e67d1d119a3e86279c3ba15e3d835933279feac944bd03f,d0952b5a29e9f869
Training/meningioma/Tr-me_0749.jpg,meningioma,1,train,f4819e63840904c6bd7be2d71c4524b1870f726f7b114433ada95191bdca973c,d09d2b5a3d89f868
Training/meningioma/Tr-me_0750.jpg,meningioma,1,train,e4514a80d9c92fec521557d0c23db950ef64ace803d7a4e443c0ae133c7cde33,942b7a7c63f06a31
Training/meningioma/Tr-me_0751.jpg,meningioma,1,train,0fe93c5f6065d581259d82d4057561c889089b8bc63fed6b376d7db355f94724,95297e7f6a603a81
Training/meningioma/Tr-me_0752.jpg,meningioma,1,train,137924beeaecafb42970cf385238f4484f1b0ceae7fe7106f4e8306a7622b410,952f7a7c4a616aa1
Training/meningioma/Tr-me_0753.jpg,meningioma,1,train,1a7096eea92ee7202fcedeaec5feff06b50863ab203b0ba1c69e40741cabfc2d,950f576c1a6662f1
Training/meningioma/Tr-me_0754.jpg,meningioma,1,train,b61ffa031b2d3b86abcb08ea037d51a869dd42f9d9f224bd911bc7f8f06d82a8,940f56785a666be1
Training/meningioma/Tr-me_0755.jpg,meningioma,1,train,d8ce97564b23059b2ee47b3d0ef2f58f6d9cd2b999cb7874a4928841b52d2c87,950b56795a726999
Training/meningioma/Tr-me_0756.jpg,meningioma,1,train,397804c92db6cc3680c0ad56a9e0c60f2154ddaccf2adb9a32d43af4cf2cba73,c3343dc334cfc698
Training/meningioma/Tr-me_0757.jpg,meningioma,1,train,cee2fa841cc0fb40c770b9520d8c4bce524df0de80daf7ce6b6f31467b6c089e,923c39e164c7b69a
Training/meningioma/Tr-me_0758.jpg,meningioma,1,train,41cb6efd8bc6a256a86ca4c29d0c1d07fceac353d7a838fc66b548bd83932769,c53c6ee035cd9686
Training/meningioma/Tr-me_0759.jpg,meningioma,1,train,22162b7774604264c618df6b3f74d016ae34a9e94963e788c756cd47f4966f42,92693b616cc7e496
Training/meningioma/Tr-me_0760.jpg,meningioma,1,train,d50ad97033c15a93f3e07dc2c75274e19ba68d05b2880e26905fa2a179a89df4,96693f71608766e2
Training/meningioma/Tr-me_0761.jpg,meningioma,1,train,ecc7eb12588c0771f7be7e1957f39046b385a8963d36c4be892ab1e8ff5b5f11,946a3f6161c4e5a7
Training/meningioma/Tr-me_0762.jpg,meningioma,1,train,604f03cbca0877bc6a72062d87f7e0da5ead8530060ac379a884a2c6b942258c,946e3a6169b5e543
Training/meningioma/Tr-me_0763.jpg,meningioma,1,train,b924fe7fde66024ad0ef886e965fb4d4d32ae90682e63dcd02c3f26bb972e180,956b3b7869c46466
Training/meningioma/Tr-me_0764.jpg,meningioma,1,train,7f412fa8c5334340fc5390dab9dbf2efca18fe01b104dc349b1f3b723007e8bc,d00f2b7d21f4a791
Training/meningioma/Tr-me_0765.jpg,meningioma,1,train,92c25fa93735621c46f6e30b2a32d5446b983e1577736184f6fea95dd55483da,d40a6b7d21f436d1
Training/meningioma/Tr-me_0766.jpg,meningioma,1,train,3184dc97b5bb5e7bdfebdd57f5c4b5b819aa2fbaf624ac095c5cc00eb019918b,d4086b3c39f736b0
Training/meningioma/Tr-me_0767.jpg,meningioma,1,train,8d46e27b5db73cfd66925282975277582c0d1572152fae4c8ed3f4ed766b5abd,d4076b3e2df434b0
Training/meningioma/Tr-me_0768.jpg,meningioma,1,train,19e6be821702032564b59ae40234f047a29d2214c3d13c4e83f3369600f89160,d10f6e782f6570c4
Training/meningioma/Tr-me_0770.jpg,meningioma,1,train,383f7f017b93b05b8b27a5800f69c134cfdf27a584f4dbb26b0e935d3a2905ff,d01f6a7c2d6171b4
Training/meningioma/Tr-me_0771.jpg,meningioma,1,train,d8c742e4da63b6f6d53e2d6d59601b830f70e41ff25e27e520d7695a33512d01,d03f6bbc29617033
Training/meningioma/Tr-me_0772.jpg,meningioma,1,train,9f975f9f8b1f26c47e6423bdac2e3d8e9beb53d995722ba5354aad379d88f181,d03d6b1c697c30b3
Training/meningioma/Tr-me_0773.jpg,meningioma,1,train,18b1063602d00c9bddd56b352661e9cff52fefe643543a434ee453c24f482bdb,d03f6b3269e03593
Training/meningioma/Tr-me_0774.jpg,meningioma,1,train,102ce7ee67b7c79605f1ec7b4cba7fe2f9d2c384706c1a28613a3233a21cddce,946b3e616d3027e6
Training/meningioma/Tr-me_0775.jpg,meningioma,1,train,0d04b9f87b0226718370d786ce7c9b58b9dea7d63b0944111309ec85afc069e7,946a3f6969e027e2
Training/meningioma/Tr-me_0776.jpg,meningioma,1,train,e218014c85e48e055824e0808c58dd69325c9e825960089f729a1a5c22d40dac,947b3f6869c23562
Training/meningioma/Tr-me_0777.jpg,meningioma,1,train,4a9391f06c9795166567b1df92bc57f7a2b6b63aab1ba429ad6a7d96bfc1773e,957a3e6128e23772
Training/meningioma/Tr-me_0778.jpg,meningioma,1,train,4bc23229a9988435488a942660f02efd0e9f72a9adff1372971df48719088d91,d05b2f1a6d643c66
Training/meningioma/Tr-me_0779.jpg,meningioma,1,train,cc9ef1f914292bd1b990b36ed2adec38e88276dd14779ad58d83255ca5f2b38b,d25b2f4a3d742c68
Training/meningioma/Tr-me_0780.jpg,meningioma,1,train,4c298b803c0a7c9632fbaf973cbca49e37d29686520e8e1d62656c6074925704,953d3a6035cb2567
Training/meningioma/Tr-me_0781.jpg,meningioma,1,train,7c76d2fcbb40352b27a4bb65f756059f74dcb280e6a6e5a4d04cf564ef056106,d09b2f4a3d6e6c30
Training/meningioma/Tr-me_0782.jpg,meningioma,1,train,de647134b411655acaab0fbbabc792d431c369a8a1cef5fc5ec818b4ce274605,d09b2f5a3d6c642c
Training/meningioma/Tr-me_0783.jpg,meningioma,1,train,33045e1a4e32bf7cd81ff6b1dff5d3c917b76a6db709e5635a1e385dc7bdc3a2,d0cb0fda3d6c640d
Training/meningioma/Tr-me_0784.jpg,meningioma,1,train,aba3794ec1c09cb47bffaae037a7f6918c2c08cbb8482e53d3b750a814af5729,d02f2b35699467d2
Training/meningioma/Tr-me_0785.jpg,meningioma,1,train,ab328c7fc9e25671a78f72c244532198a7badfd924841575f2d1ff7811fd9c48,97783b6065e124e7
Training/meningioma/Tr-me_0786.jpg,meningioma,1,train,a66171118418ebd095cbef98162a0cf8c433e0f24b44a91f698712482000a8d4,946b3b30656865e7
Training/meningioma/Tr-me_0787.jpg,meningioma,1,train,84171ee67bbdb70893a76982208d49f4c03e2658e2db36f3489f1e90bc84d7bb,946b3f30616c65e3
Training/meningioma/Tr-me_0788.jpg,meningioma,1,train,829096cca2653c0cb112b8f8e7041684a098938904aa59b22b98a61d4cc5b7e6,957a3e78396169c4
Training/meningioma/Tr-me_0789.jpg,meningioma,1,train,4aa705b75582f533f17e36b8446301a2a8068138458b8118b854bd0319ed11a1,957b3e3069e561c4
Training/meningioma/Tr-me_0790.jpg,meningioma,1,train,0bde9caa0b2efa4c8c3030be324900359efe25ebf619e780ee5524d1c4a609fe,d2393b646cf16463
Training/meningioma/Tr-me_0791.jpg,meningioma,1,train,f3322c0ddca5a3d1dd858d3278caee2b7e9bf6a6513f87d77bdd281076a30712,c2e32f0d2ce63339
Training/meningioma/Tr-me_0792.jpg,meningioma,1,train,f43ca68d7b3ce041567ebf51ca6173e34e789a2f5e26217c0fef0bf39fc06e7c,c6336ad73dcc304c
Training/meningioma/Tr-me_0793.jpg,meningioma,1,train,693c0358a29b60badfad97f21e7a5c4cde1449c5a5296bca4571160d93d4d509,937e7a8164caa52e
Training/meningioma/Tr-me_0794.jpg,meningioma,1,train,1668af4eba0582443921cd39727858e80c80b8f77a0803d6430c241d4b30f755,966d699630cbd398
Training/meningioma/Tr-me_0795.jpg,meningioma,1,train,423d0db42aa56dccd27dd0000801a7bb34fce3e6625fa472dcad627a88b0945b,874b6a953136729b
Training/meningioma/Tr-me_0799.jpg,meningioma,1,train,bf0cd6dbeb1c9052fb14fe42f8890e986f1577e33f5de7a8bf8d488531b2cda9,9b6c6c93334ac789
Training/meningioma/Tr-me_0800.jpg,meningioma,1,train,5b1a61ae94231b3313b0595e329d4aedede1ee88107c77a5f756c5e096931059,d1312f6c3c32709f
Training/meningioma/Tr-me_0801.jpg,meningioma,1,train,302266f4325dfea426a32364522810fd463d14950529eb1fd8198e76c47211bf,c2d13f1b3cee7030
Training/meningioma/Tr-me_0802.jpg,meningioma,1,train,fe54023cd078897ce54671cede2a7296a3e75c38b5b1ff8e68ccbce27cc644ba,c2396de034c736ce
Training/meningioma/Tr-me_0803.jpg,meningioma,1,train,228c9439fbebc15925601a35c754c395a00fde1418bff1727783c692679fa8f5,c2393dc234cfd31c
Training/meningioma/Tr-me_0804.jpg,meningioma,1,train,3e7fd01b736b3d8949d8398d4948d81d3c6ab8ce701b955da50977f3fcbee5b8,947b7b846c9336c8
Training/meningioma/Tr-me_0807.jpg,meningioma,1,train,3fe8a909235b24d9e9dac9099a505ba1582258ee2a0e809332aed726618ad149,966968b531d2a769
Training/meningioma/Tr-me_0809.jpg,meningioma,1,train,936654b6b9489ab89736809f5ec5e2602e1a9c2839275fdd6be433a3d3ed85e1,c23d3de43093e699
Training/meningioma/Tr-me_0810.jpg,meningioma,1,train,4fd1639c9f6ffbdbfeede4c70c510999018de350922d7bb8558bc43e82aab007,c2393dc6319bc699
Training/meningioma/Tr-me_0811.jpg,meningioma,1,train,4826699a2eb8a4ad97dd51b6013357c5d1474073ed4e51661b18ab7cffcc8869,c2393dc6339bc60d
Training/meningioma/Tr-me_0812.jpg,meningioma,1,train,5e6211c36cb43a9f83e882740d4f56359e096b108f2656bf3a3f3e9f6814f4c1,d22f2f70749730c3
Training/meningioma/Tr-me_0814.jpg,meningioma,1,train,4f8538458b84cfae34af8feaf0c572077c8dcbc44ecf01d06aa81fbc7391a28f,c6d27a0f2d6c606b
Training/meningioma/Tr-me_0815.jpg,meningioma,1,train,4d479375f6246d3fb581ef89cdd471819ce237f8598e7dc912c8d16bf4ee0631,c26d3f7124b431f2
Training/meningioma/Tr-me_0816.jpg,meningioma,1,train,a11a8bef851dbb3c89fae1ef7188ea33e379b2eda995117294905493ad1e0803,c26d3f3d6c3c3034
Training/meningioma/Tr-me_0817.jpg,meningioma,1,train,7e9c5d0c08614cd197862e3f71efe028f28740e1ceaf662c23e411618851c262,c26c2b2f7c3c343c
Training/meningioma/Tr-me_0820.jpg,meningioma,1,train,259afdcdb87a139232dfa285a15e2798ad7d93f3157a334334dd7faa630c0739,c23b2de065e336cc
Training/meningioma/Tr-me_0821.jpg,meningioma,1,train,9f5b85b72d0dfd9efd55cc42d620fbd2541952a392ccbccc6c86925c9bd6c2eb,94d83f0d68e46b2d
Training/meningioma/Tr-me_0822.jpg,meningioma,1,train,6fc5a08f040e78c41e2b0c3935125c0d3bc483ecd0ea3211db7231e681984533,95687e3171c54cc7
Training/meningioma/Tr-me_0823.jpg,meningioma,1,train,872f7702121bc3eddca7cf3a536cafa83f2e03c588cd8c270fb03eaf58f5a892,86c27b8f3dcc6039
Training/meningioma/Tr-me_0824.jpg,meningioma,1,train,c048d2a21442eabffd1ddb4ea56e75229f9c3b3a3e5bb681732774b373ca73c5,96687a3171c56c97
Training/meningioma/Tr-me_0825.jpg,meningioma,1,train,8d8ab984afa2a76657650466437f43c40e00f04eb33aa03c602850a67e152952,866c7b7131c64d96
Training/meningioma/Tr-me_0826.jpg,meningioma,1,train,1ff975cde56d57f5d47ff85aa432bb9317197f052c4c6e3fd0f495dde67cccd6,97376e48393334c6
Training/meningioma/Tr-me_0827.jpg,meningioma,1,train,b604bba8f37ff87326b95be6efab2e48958f0fbd78f30513a0fd07cfb70342af,96616a7335c5c4ce
Training/meningioma/Tr-me_0828.jpg,meningioma,1,train,052291563cd1cb5ccbae5a43e60b63fd199fd34974ace323b6cf063f951300e2,97686ee174346273
Training/meningioma/Tr-me_0829.jpg,meningioma,1,train,602934c857169211fd3a2d8171a732065fe002c0506d6329c7354056c1a6fad1,95687ae1743d6263
Training/meningioma/Tr-me_0831.jpg,meningioma,1,train,f93bd893f7e40e9df4e0cc3201f12b22acea73abff19802b1ec739d03c9a2fd5,95687aa578346673
Training/meningioma/Tr-me_0832.jpg,meningioma,1,train,96e067d224743f218a7f2f4c9c63bc42403581a3b911091e3ecf8508e8ec938a,96696a353de4b078
Training/meningioma/Tr-me_0833.jpg,meningioma,1,train,b34ad4140f28bacc583b7e3592ce3fda229f8ee2a72271dc8882412b9e7e7ba1,d63869c325ceb29c
Training/meningioma/Tr-me_0834.jpg,meningioma,1,train,0472d975d745255167d5e09eefba943a3dcbd6e39f58a9cd2a21b3475a88286f,96687a396d857878
Training/meningioma/Tr-me_0836.jpg,meningioma,1,train,535492a0f773683e5de2725202db0d69e98f76b37a762e73e7344ed593836592,92613e3f69c0f03d
Training/meningioma/Tr-me_0837.jpg,meningioma,1,train,eb3c420dcf4eac331f58b44840b17b95a88c53e3f26938f9cc73611039b73862,c63d6b6c61b124d3
Training/meningioma/Tr-me_0838.jpg,meningioma,1,train,e0d2b2213d9b36ae4a3ad6b0f073e6550ce42d79a3d034bcae84944d7a23dc8b,c22d6f2c71b43cc3
Training/meningioma/Tr-me_0839.jpg,meningioma,1,train,c22abf0e3b62c621432c31f3f3fba57ddc0525096105a0150ab01bac2fb1d5ec,9e657c693469b461
Training/meningioma/Tr-me_0840.jpg,meningioma,1,train,77b08a6237f1b6f903f50def7623bcb996d87e2cbdd33818e98a150ea43028f4,c32d2db03493d1cf
Training/meningioma/Tr-me_0841.jpg,meningioma,1,train,0a49a7b89d5259a355c8cff9d05ad7fd128dffdf70583995e3cf68d7f08f4ce2,c32d3db074b334c3
Training/meningioma/Tr-me_0842.jpg,meningioma,1,train,7cdf696c5e907efd276925089a237cbe52ad23c9a9cc9d6bf63f17dca8c89794,c32d6d7234c4e393
Training/meningioma/Tr-me_0843.jpg,meningioma,1,train,9326c520a184c1701aa8ff13c82a6e372d62d1ed7c717327e2b10fc726fab04a,9e3869c366ce9239
Training/meningioma/Tr-me_0844.jpg,meningioma,1,train,70ba6c20d7dd1c5c7b85b8c94418fe79e0bacd9b13429c76555c11492a42f620,d32d6e303d643693
Training/meningioma/Tr-me_0845.jpg,meningioma,1,train,5b7fcc9d7f4a8204a53528201486cacf2bb30f669d592f09b3827b6c6f5ed9ca,d23c6f682da43c33
Training/meningioma/Tr-me_0848.jpg,meningioma,1,train,15011aca3269690fb16822b78c5ae59570405e1d8a51ca7015dc7edff0548782,d10d4f587826793d
Training/meningioma/Tr-me_0849.jpg,meningioma,1,train,12fb51f074342a7d0ede86a1e58c12746f0d2404f0f997148420a98cc3ce7323,c2633f346c96719a
Training/meningioma/Tr-me_0850.jpg,meningioma,1,train,6a5c3eef20298dbfce05ffe27ba6bb748264800ae17e333e06190d8b4e601583,916c4b1c6ba76c39
Training/meningioma/Tr-me_0851.jpg,meningioma,1,train,88682b2f3b1cb06205851d91433e56d7b22d4b1ca117307bd2ee4591f441146c,923d6ce0619766ce
Training/meningioma/Tr-me_0852.jpg,meningioma,1,train,f25a8cc5e8bb15997332f841326d31b51befac7d27d535d33a1d4215ec0abab4,c23d2df23483b2cb
Training/meningioma/Tr-me_0853.jpg,meningioma,1,train,04794d0ddd594c5232818b728d96911cfa5d1bdf4bc8cbe356ed47cefe0f2ba5,c3743d6f34483372
Training/meningioma/Tr-me_0854.jpg,meningioma,1,train,c049028c1cf44a315885bbcd2116fc978e928545fe48f1835695986dbbda4920,84c84b273d4d3c7b
Training/meningioma/Tr-me_0855.jpg,meningioma,1,train,ecc0678ff21591ba0e491aa61d6e6a678ba7d077cf41e3414261e2ee16313c48,c4c90e8f69cd2e1b
Training/meningioma/Tr-me_0857.jpg,meningioma,1,train,f9854e4497c40e5bccc88f6a0e25f4cb4afb055b5d3df31ec13460ab8a5e391e,85c84a8919cf9e7b
Training/meningioma/Tr-me_0858.jpg,meningioma,1,train,3c283ce3efe36a70f77329c18444e93c9911f48072473b02dfe8555d02cc15db,c3693db634d260cb
Training/meningioma/Tr-me_0859.jpg,meningioma,1,train,bf60d3c03d29e580c8f183a1071446056df223486189668fbf12aae0ef35452d,d0ca4a890ecf9e3e
Training/meningioma/Tr-me_0860.jpg,meningioma,1,train,b5c792984bff920210d11337ce28a8d4ff6242e7aad32a576a63464676bd2a3b,873a68e035cb36ce
Training/meningioma/Tr-me_0862.jpg,meningioma,1,train,d8d2fd237058a13d51c26fedb412176db1750b78cedd7a8032a730447a7ec876,d05b3b0c6cf13ea4
Training/meningioma/Tr-me_0863.jpg,meningioma,1,train,d9ade1a7e7c1e9980c5783911408127040f5c63368fe7cb4b588f23d8322cfbc,d04f3b0c6cb13ee4
Training/meningioma/Tr-me_0864.jpg,meningioma,1,train,16203b54474cf078973c2d13b8b64d1ed0e1ec37527e029665ef907f53a7d57e,d21d2f6c69703cb4
Training/meningioma/Tr-me_0865.jpg,meningioma,1,train,34a58eb4a9da1c9c3223f98c9d4fa43eca86afad02fc99e6f3ec498c6c85b40c,c47a2f2d6b353862
Training/meningioma/Tr-me_0866.jpg,meningioma,1,train,459a203ff7845a46426124238bf4607d684dccb161e9b03207db0cf93d14028c,c45b2f2d6c353866
Training/meningioma/Tr-me_0868.jpg,meningioma,1,train,2e771f6d870d654b2608510fb3f2006bd3efe22c11915dfeba11aad7aec8a5ed,96686a65653596d3
Training/meningioma/Tr-me_0870.jpg,meningioma,1,train,fc08cbb399941bbe386a07b3d035769e8085a6c1332649b9ed060135d7d20e6e,963868e065cf36ce
Training/meningioma/Tr-me_0871.jpg,meningioma,1,train,792d3a2d8507af7ac3b5c68abd2b39f3116b44768f0d4499cb62009670bb3804,957a6a6969a47227
Training/meningioma/Tr-me_0872.jpg,meningioma,1,train,195626880997cbf38fbfe61d8520b3f384a57c07db82f2b0db81b2b1cfc1d1ee,957a6f6168a53661
Training/meningioma/Tr-me_0873.jpg,meningioma,1,train,bc38422f32ebae4752bb2f83ffb80cc9c6de8584a948fea82554e320f6bab86a,c23d2f68318769b6
Training/meningioma/Tr-me_0874.jpg,meningioma,1,train,26abd8782eb4e9e9f9eaf8af10338c433afc659a618a6f32342f90405392a558,c23f2e7839c72592
Training/meningioma/Tr-me_0875.jpg,meningioma,1,train,1e6a0389a86ba0fa2d13076dbfeda98193724cd0b48b9db8fd97e0a371c240c9,c23d6a3c2de32cb2
Training/meningioma/Tr-me_0876.jpg,meningioma,1,train,512c02582cef88e98243fd53bc69b9e1ea39374be275f8c3ecd2428f79dc20d3,c33c6b3825e33c33
Training/meningioma/Tr-me_0877.jpg,meningioma,1,train,4c055d5423d1aab16464e78517e7651566fce25cf5e938cc60ca8429ed3c4ea6,957a6a856cc3378c
Training/meningioma/Tr-me_0878.jpg,meningioma,1,train,df12136d2c7ffa9af1b986a469b604d0fe0f81b90bfef215359bb6884932019e,c23c6b6835c734d3
Training/meningioma/Tr-me_0879.jpg,meningioma,1,train,4918bad7ac3db22f357bfe1624790639a3001ed309072dd6af1febbe99f9c1d2,906f7a2578f02fc2
Training/meningioma/Tr-me_0881.jpg,meningioma,1,train,bdb3d519825f28f7b01215d4f5e3763cfe93ace0e1e7a2fe4eabe62cee05bf58,c22f3a353ce236c3
Training/meningioma/Tr-me_0882.jpg,meningioma,1,train,8a25f539791cbc971396dfac39c4b4a703f46206a5491658a4bc508a26c83ce1,d2612f1d2df6303c
Training/meningioma/Tr-me_0883.jpg,meningioma,1,train,01cd0fff061ab3ae55f7690da28a32ed4ffdcba24920c615b4d67625143e8d83,96616f1f3d60703c
Training/meningioma/Tr-me_0884.jpg,meningioma,1,train,5226dcb6200205c550a090446802e16ed3a9dffdf5e785a785856c3cacdd843c,942d7b683d316565
Training/meningioma/Tr-me_0885.jpg,meningioma,1,train,b64ac84dbabde874b28ada74f9bbb32748a764dd68c77652043b43fa12ed06fb,d00f3a683bb36935
Training/meningioma/Tr-me_0887.jpg,meningioma,1,train,06ae54e8146cdc3dd260b7db4a3abf2c5a750c33160e8a120a2b9f7cc1cebae1,c3632fac3c5231b5
Training/meningioma/Tr-me_0888.jpg,meningioma,1,train,245307cdc73e65a14382e1a99bcdc3625dcfe1f572140327134cae45409b7c63,c02e2f7033347fc6
Training/meningioma/Tr-me_0890.jpg,meningioma,1,train,23b544f78136f7de3bc7765b0dbbd921e57b1676cda7375dfcc7ef3fa99ad560,c43e2b703331e7c6
Training/meningioma/Tr-me_0891.jpg,meningioma,1,train,1eb1021f512755da2c54ad07e1d038f8be557da005d2c74706666afd4d5f77fe,c02e2b743d71dac6
Training/meningioma/Tr-me_0892.jpg,meningioma,1,train,860fdcc5644ddb36f7c35c0d32223d5bd5bd02c11ea35dfe5bd9944fb9c47d28,cf306c3465d3b236
Training/meningioma/Tr-me_0893.jpg,meningioma,1,train,3a2840bb294f4892ed54c79b4de38c5968c0dd90c0519a7bf552ba796d9f7e13,9e336c63349bc38c
Training/meningioma/Tr-me_0894.jpg,meningioma,1,train,36601bcc15784e503b924764ce9ac57c791b85310892655372608abcdd34ebb0,975e384a35493573
Training/meningioma/Tr-me_0895.jpg,meningioma,1,train,5c271b7e03d346a2ef62f4936a7ba8cda4769575a2679fcec982ef1fa06d532a,d22d3d7434c1b3b2
Training/meningioma/Tr-me_0896.jpg,meningioma,1,train,41fe3b535cd3d62e3f7de96a3290216f4f0d08abf18b351399645d171592a64d,c2cc3d1b34e77033
Training/meningioma/Tr-me_0897.jpg,meningioma,1,train,9b634a9c9c9a1ebbfba9f89d1e27288717c778028dd828d924b599f87a497df5,c3732cac3c723197
Training/meningioma/Tr-me_0898.jpg,meningioma,1,train,5e240b280f936d71495c5b52f144bcfa7a8361c6ed88662c434cb57f045edcfd,d06b3f6464b431b3
Training/meningioma/Tr-me_0899.jpg,meningioma,1,train,34ac3c5e269dbbe44cdf55d1bd5de6a8ca69f7d6371f9d7e545edec197a08a5b,947b7b846c9323cc
Training/meningioma/Tr-me_0900.jpg,meningioma,1,train,52e943413600cea78a405bf913f6cf4b02528ef74b69c7d0da52aeb96037e113,d02f2f706cf03d31
Training/meningioma/Tr-me_0901.jpg,meningioma,1,train,af23e6230b5f189a70d24f179c16f77cb26aca8469701f655f1dda898690336e,97a1681a39cee738
Training/meningioma/Tr-me_0902.jpg,meningioma,1,train,af70de2ce3d7c4e175db135e3124867c9f3f4d020c5a0325dfa6d553a8e60e7e,d02f3f6438c26d35
Training/meningioma/Tr-me_0903.jpg,meningioma,1,train,8e22c2a50c5a6a2b85b03067630584aafc2e6edf14ac5a1925c192baa133ab8a,d1693f363cd0e2c2
Training/meningioma/Tr-me_0905.jpg,meningioma,1,train,e4bfb4e3ccff7c815a3a59f61754eb99826e0f72e031f9a9764a1baef4ce162f,d0692e3f3df06072
Training/meningioma/Tr-me_0906.jpg,meningioma,1,train,3e538f8130d7e70e7bc1247fea4534f3282b026bed920f1ff36ecd9c5c91d1b0,c23c6f7031b4d3c3
Training/meningioma/Tr-me_0907.jpg,meningioma,1,train,c77ab85602d34dc6f4da99ceba2ad6a08b279f0dc3e63392a0448625a9b1d902,95696e2d3de46132
Training/meningioma/Tr-me_0908.jpg,meningioma,1,train,358787b9f8ccccf0e50578cc7c3d9ec8ca4fda39a011fee53c6cd89272efaa48,91682e3d3de57063
Training/meningioma/Tr-me_0909.jpg,meningioma,1,train,125dc02f9e89cbd59398b05816e2b688f854662a6a1ca144f05f215a1d500995,c3736d343c723296
Training/meningioma/Tr-me_0910.jpg,meningioma,1,train,b0792084550dc08cc719165f9b8c7e5539348ed74ce7d984437e86530cdc538d,92793e2c68e361b6
Training/meningioma/Tr-me_0911.jpg,meningioma,1,train,0cafb161351744f8b2e52f6dbc96175df637e3c96969e0d48ca0933d372cb164,c03d6b6c347175ca
Training/meningioma/Tr-me_0912.jpg,meningioma,1,train,c174c5dbed88b7e0b666379a53777e76a69fa5359b910043c1748fdb43c48362,c23c6b2c35f133c6
Training/meningioma/Tr-me_0914.jpg,meningioma,1,train,6321fbe8bf3dba529f0c38fe8ce2337f44cad3f02523dc94fbf5ccf450d1ee88,976878a731c7a692
Training/meningioma/Tr-me_0916.jpg,meningioma,1,train,a04239331f498e0bac9747f2693fca3bd350190ec8e6b156829d29eba58eed47,86613b782c6579c7
Training/meningioma/Tr-me_0917.jpg,meningioma,1,train,123255c8717d424c50f722ed125c155457a0580d97be3cdb8a48aea2728a8fad,85707b3d2c3571c5
Training/meningioma/Tr-me_0918.jpg,meningioma,1,train,0d535f6a58d5391a2fa08b3894bc030441d2df6600385972463e5bc24d2e6a17,9768786131b36ec6
Training/meningioma/Tr-me_0919.jpg,meningioma,1,train,c40d3494a0c6768450ce87dad8db3c5444b298279842be6c662c11e4923563a5,976d6c6135c126e6
Training/meningioma/Tr-me_0920.jpg,meningioma,1,train,b431e6d71b41d09ae423d89595464f590585010d245a1fe36ef284b1d3a879d8,973c6a6131e166f2
Training/meningioma/Tr-me_0921.jpg,meningioma,1,train,4d9a1d0055fa592e97a348a0649025f389be9ab7cb2164d8a97264709123f309,97697a6139e47461
Training/meningioma/Tr-me_0923.jpg,meningioma,1,train,8af84ea870e0a51e423748d196aec5fe0b02cb7b9d8962f989afa34320f0237c,933c6e6969e33132
Training/meningioma/Tr-me_0926.jpg,meningioma,1,train,934fbeecbeb4878bbba0f5ef912390a24a62700787b79b0035e05d527ff31335,93636cb439b4664e
Training/meningioma/Tr-me_0927.jpg,meningioma,1,train,6cac3e8c2a82139ad1ed15088436e89e812e4e4f87f1421e323f3b50084d36f2,9734696c612d32e7
Training/meningioma/Tr-me_0928.jpg,meningioma,1,train,f4e287a8d10f6a8b007d9df8d338ef980b769ef4d87e20e9d9f52b104b7a57b5,d22f3b6439b10f86
Training/meningioma/Tr-me_0929.jpg,meningioma,1,train,aa118cf9744115a0a925589622aa11b9b451a8c80445a817d3f589e692456520,d22d3b642df36384
Training/meningioma/Tr-me_0930.jpg,meningioma,1,train,71a9c8b2bb0c9786317314a943b3846a7848f4a94e5567dbbb6728faf29fedd7,977868212dc7969e
Training/meningioma/Tr-me_0931.jpg,meningioma,1,train,15900e1adb621355d1b3d0b2cbcc6df4ff0ed1268693fd85ef2e2aadcaa602ec,97697a2561c133b6
Training/meningioma/Tr-me_0932.jpg,meningioma,1,train,9d31173da0ebc74bcec886320a9487eab0304047252b3a036ae6a116545f6b9e,97697a2460c13db7
Training/meningioma/Tr-me_0936.jpg,meningioma,1,train,3207a07d48dfcd3a25e3f347d98d5dfdfcbf6edce210b7872544e810492902b7,c33c2e79686721b5
Training/meningioma/Tr-me_0937.jpg,meningioma,1,train,ba985103c4671d7be621e1b52d1b03b172f8f549b38bfde3ae047e5bb3d532c2,937c2e7969613117
Training/meningioma/Tr-me_0938.jpg,meningioma,1,train,6b600a6a50545ec96b24c5fbe2722b13155b74fbca4fdb165bfa517677175e4f,87706e3f217025d7
Training/meningioma/Tr-me_0939.jpg,meningioma,1,train,bdfd421a82ef04596fe68cdf2f38405e18824852c5de0d29135ac64cc4c2c0a7,950f6e79396429b1
Training/meningioma/Tr-me_0940.jpg,meningioma,1,train,7e50951b539f6883c86235337ac3aa4904e0661c6871a0da87f5735202b58938,d00f2f787aa479b0
Training/meningioma/Tr-me_0941.jpg,meningioma,1,train,ed07ec3c2ff8a8d5207bd1ed84c3216d680d402ef407a72b9e184d876eeece46,811e7f297ae03da1
Training/meningioma/Tr-me_0942.jpg,meningioma,1,train,31f4f201dde79eec44d384c0dd7f22d282ff9a416ce1d85aac8cf78d53fee72e,d33b68f435c0f00f
Training/meningioma/Tr-me_0943.jpg,meningioma,1,train,569c0f0465e545428b043b0ea6188447ba4c9461fa94d1fc3e8eed95dcd33b73,c33c6a1e6987396c
Training/meningioma/Tr-me_0944.jpg,meningioma,1,train,c587e941488bf88734f336aa6b4896215efe724f8dc9c87d9688ecf11e456aba,817b6a1e2dc3356c
Training/meningioma/Tr-me_0945.jpg,meningioma,1,train,455644dcc6e9eff43c42b240e4e694470781650a637de26a7496bcf77d4a5363,963c386265e73933
Training/meningioma/Tr-me_0946.jpg,meningioma,1,train,3b947f424eb69fbe54381ec0df0abb6ebe1d0ea5b8da96ba594e03077a739f07,978c783b64617933
Training/meningioma/Tr-me_0947.jpg,meningioma,1,train,bd35be59108beb693f61683751eaf54ae880296a89d91058f987139fd393b27c,96e53a6e606938b5
Training/meningioma/Tr-me_0948.jpg,meningioma,1,train,a8b40485abb9bc58dbfc995f5215ef23847c9c109ecb3ece04879c11ae1b175d,c7696d36309266b3
Training/meningioma/Tr-me_0949.jpg,meningioma,1,train,5877cba0378abd20b998df1abf382e11ea31a190e3e3e29e537086dfe0ed903a,c2692d3366f23393
Training/meningioma/Tr-me_0950.jpg,meningioma,1,train,ef4c67d0b1f32c928a7f2f18d0a9ce65a7afb84bd9b3999ec55bf925d60f41c0,c2693d3434f0369f
Training/meningioma/Tr-me_0951.jpg,meningioma,1,train,2964149453ba3f42eb91f350b8b71e4c8b4c3671338d414742934597b315ea33,c26d3f6574e4311a
Training/meningioma/Tr-me_0952.jpg,meningioma,1,train,0534e58e37754f6764bdd41d3f9bcc3e6807479af47c21f04ed05ce0e76fe9be,c36c6b346cf33461
Training/meningioma/Tr-me_0953.jpg,meningioma,1,train,2800a3480f843489c8528310569231596b9af256cb279b7edc393d92779c8fe9,933a6ce160e6367c
Training/meningioma/Tr-me_0954.jpg,meningioma,1,train,14627b10314132ac270870fdcabe1edf826f350d804cf20d9ee2ab99d27f932b,973968e164656667
Training/meningioma/Tr-me_0955.jpg,meningioma,1,train,570e701bf4d711aa68a4bd3e03e1a18a83de8eeb80a0db4dce252362ab5ed650,973668596186e7d8
Training/meningioma/Tr-me_0956.jpg,meningioma,1,train,28d672ececddbee5bd7349428cbf7ec2ed008c69dcdb910a187938fc4d870091,97397ae0617464a7
Training/meningioma/Tr-me_0957.jpg,meningioma,1,train,325046adc0eb90949fe8b302750e2c9051f68578e68d0a29cf0b4db5f02b1f3c,d735682e3425f28b
Training/meningioma/Tr-me_0959.jpg,meningioma,1,train,992047f481437ac107529940072cf187624e2491d3825307c05087505512f6d2,9735680e6597c29b
Training/meningioma/Tr-me_0960.jpg,meningioma,1,train,944bf7adfb209002e55393c214a1422224e66b8aa64fc420bacf9ae9b72f37b0,847c5e2979792936
Training/meningioma/Tr-me_0961.jpg,meningioma,1,train,542c616cb49e97d76ac2d67376159ede0d9835258f8a0d34669b30bc54a4ccd9,956a7a2d39e17125
Training/meningioma/Tr-me_0962.jpg,meningioma,1,train,119fd6eafbd5e4cdf3b423d9ddc825b8dbbe892ef0e6a303433ec18318c07d35,867a392565934eb6
Training/meningioma/Tr-me_0963.jpg,meningioma,1,train,45fd5104f965697fb454ff6f233e2fea9789da797db7de8c3fa826daf72b3f91,876b393074b3c6a6
Training/meningioma/Tr-me_0964.jpg,meningioma,1,train,bc46d56faeffc028f65d21fd49810941ca3d5a8b28591e55a4353261485d05e2,916a2f3168e5a70f
Training/meningioma/Tr-me_0965.jpg,meningioma,1,train,31263ceb839871d032706f431250b4ff5fb7a71f696bf69f8598514e7f11eda6,956a6b3138e56666
Training/meningioma/Tr-me_0966.jpg,meningioma,1,train,e6ce34e952d82a3a237ab7446dbcb04e32457b85506ba9a508f3657dfc350ff8,956a6b3d29e63461
Training/meningioma/Tr-me_0967.jpg,meningioma,1,train,2aadc1d72ce62a3575aedae6023966df96f75132fb50b9c2d7e6ac16f6d26b56,933d6a39616136a7
Training/meningioma/Tr-me_0968.jpg,meningioma,1,train,8a76e71ebaaf6689565bb345c2beb9147d09ff4a55443ad9f920a33a95e0042c,846e5e2d395869b6
Training/meningioma/Tr-me_0969.jpg,meningioma,1,train,b7419b401bc1816b9532df4af99db1dd005747528ec0bb4f58bb2c2c11af9682,923d6a3c61e037c7
Training/meningioma/Tr-me_0970.jpg,meningioma,1,train,dfcffe41d94ffb0efe11e7e45960bc682a57c49f1373f8714e38ae6e527f308d,d36c2b3c31b570c3
Training/meningioma/Tr-me_0971.jpg,meningioma,1,train,8e7a82e39cdd8a5b2c02d16fc6b02273c984e9e2efb3ae4f1047a57a418910e3,94396b3c65e13ce1
Training/meningioma/Tr-me_0972.jpg,meningioma,1,train,400edf4b5a939e10f858568ee0f00034f7f80d52e0c58cc47781bf3b011bf339,d0393b6c64f02de6
Training/meningioma/Tr-me_0973.jpg,meningioma,1,train,e15a31de20c4240680b042ea68ed11db35da7ce8d398fd70fa395117cf2bc9fa,87387a6d34a56897
Training/meningioma/Tr-me_0975.jpg,meningioma,1,train,58bb20ae23116d325daee9ee8cec59107335ce84f09a9e35882df35d0e9ef7f2,93396a2574e335c3
Training/meningioma/Tr-me_0976.jpg,meningioma,1,train,0e523293e2e4a11e5269f28d1ac5afe2ff0b0c3818dc41552e3469ada1b64bd8,843b4e712d1978f6
Training/meningioma/Tr-me_0977.jpg,meningioma,1,train,50e4b5174d83c7bb2e8220f633cc24205f5685623ddadcd797df811c755dcf82,c23d2f3434f236c3
Training/meningioma/Tr-me_0978.jpg,meningioma,1,train,1bbaa0a973ec0c3dca6114b1a4e113832e52c33631aa8645df752440120cd564,c23d2f3c64943cd3
Training/meningioma/Tr-me_0979.jpg,meningioma,1,train,9641250d87407538e1bcd3287f3301323e8a3a621d17a405e1ad4bcacd9d46fa,c23f2d703dd232c3
Training/meningioma/Tr-me_0980.jpg,meningioma,1,train,9cd4f7db1a942c1ca3b4dc81297636700c161853d6460a7478dbfaf98799a677,c23d2f703dd07493
Training/meningioma/Tr-me_0981.jpg,meningioma,1,train,865f210f74a4132379d5cde180101e7cf72da5f6ccb79087b60824dfd5028cce,d02b6e3d39f630d0
Training/meningioma/Tr-me_0982.jpg,meningioma,1,train,bc64cccd4af6206eaab5066997a28fd3684658567c938c5e18cbe2980f65910a,d12b6e3d726439d0
Training/meningioma/Tr-me_0983.jpg,meningioma,1,train,cc4439057ef743e3efe30aa087ed949c30ae3260953dbf3c54301ff91cc7d815,d02f663d352678f0
Training/meningioma/Tr-me_0984.jpg,meningioma,1,train,4dbfe53b13c1691fc65fcb94e6098eab898e9aeb3705b9bbd2f4886c69152d90,9669393568c3c69e
Training/meningioma/Tr-me_0985.jpg,meningioma,1,train,405d7788267f3041f2f3e9e3bad364e5b8f167d460836b8022de38b465ee3f55,843f4e7169793836
Training/meningioma/Tr-me_0986.jpg,meningioma,1,train,5b5bee629db759ac192f7451c3ca276ad13df519742aa2664d9fa6470a9257b0,926c3d316cc3a69e
Training/meningioma/Tr-me_0987.jpg,meningioma,1,train,4dd8cf29deb3889163d9df4f1d41474200583429a014e459da6458f6d07753c4,9668793164c7c6b6
Training/meningioma/Tr-me_0988.jpg,meningioma,1,train,3883317e6e1eaada8331964e8d17cc7220876b71ff8026b88c2691cf73d9a6a2,966a793478e7a461
Training/meningioma/Tr-me_0989.jpg,meningioma,1,train,c971d7b7e2737aac10d131aa6f8665f06465bf9a5fc9a383e66d5390c38386e7,9668393d69e72471
Training/meningioma/Tr-me_0990.jpg,meningioma,1,train,a755438442b7c3e9929b0bd673ea60537ec41de26f10a55bdb8fd53f82e30780,c33d3e613c336193
Training/meningioma/Tr-me_0992.jpg,meningioma,1,train,3cbb309af7cdb0b1c1452ecac4acffd66f4439658f1f647cc662e0ed09e5220f,96c96e3a2d3c706c
Training/meningioma/Tr-me_0994.jpg,meningioma,1,train,0d09f43582848253e7385676f05d9b786c5bf211e0717c91736239619366f1f3,9769393e613e6630
Training/meningioma/Tr-me_0995.jpg,meningioma,1,train,a5cdd596d657ebd5691aee34ffc7711cc980b2f595157649f90d85fc9d2f9924,96497c3e657c6131
Training/meningioma/Tr-me_0996.jpg,meningioma,1,train,9d8fd67703f92b747b6ef5af82aab91453f1a0ce5939b5167f27d292f62a9ad2,96696d3e643c6136
Training/meningioma/Tr-me_0997.jpg,meningioma,1,train,3f722e82d351ccc281a49faeb131044980c09244a7532822b68b18e38793bc89,c26d3f6571646293
Training/meningioma/Tr-me_0998.jpg,meningioma,1,train,70a68ea281234b05db4b2de7dc2e843f53cc533c685c326e186b8604758f17e9,c26c3f2d386463b3
Training/meningioma/Tr-me_0999.jpg,meningioma,1,train,f79293fc5a97eff0750c550f68d4d9a0bca105d322866812f622d9606bf3a122,c26d3f2d383662b1
Training/meningioma/Tr-me_1000.jpg,meningioma,1,train,f5fb8614e1fe1741c7a64a9cc59d4e8c396dd3f0a6caf54cfeeb82661f1f5f27,96696e3969b66413
Training/meningioma/Tr-me_1003.jpg,meningioma,1,train,73a04e74b6cffe568b11bcfc3abccb3f220f8e742cc0bf3280345af5838d94a4,9e696c336196e698
Training/meningioma/Tr-me_1004.jpg,meningioma,1,train,7246a94792edf1b6ace1246bf8c08b97aef9bcc0d1fe8622d4bf5b975c8b738c,9a676126a799ce19
Training/meningioma/Tr-me_1005.jpg,meningioma,1,train,cf656222b8be3a8cdfc62066de8e530ab37266e5117b8a081b954e5e016d256a,97797a6a2ca66868
Training/meningioma/Tr-me_1006.jpg,meningioma,1,train,b7bee018b4dc7edc5cb83801ab148cbe04fb239f3fafae0e18f1f1f7ec7f05db,955a6a3c6d863879
Training/meningioma/Tr-me_1007.jpg,meningioma,1,train,9c8a7fa2aa26562847ade3f1696c7464cdf02a575b66f31549e32fb6600fd642,97596a782d663869
Training/meningioma/Tr-me_1008.jpg,meningioma,1,train,56b0a9f8f1233afb6225533fdfab37a7f3823dddd4e897fc829bc236481c9321,96596e3c696638a5
Training/meningioma/Tr-me_1009.jpg,meningioma,1,train,a14d407fb4c72ec11fa2db152b057a7c7518d14fa7e9eaa82603dc55db5dcf52,96697a7a6d246435
Training/meningioma/Tr-me_1010.jpg,meningioma,1,train,0b8b3a577f6b312884102a4d841c137456d865b15510ea47272d38f7a53575fe,c0733b9e2c7331cc
Training/meningioma/Tr-me_1011.jpg,meningioma,1,train,ccd413b748795828c8e16d3ffca7e2952593efba82dfdf103cd1c71f81837ec5,d00f7b697c712570
Training/meningioma/Tr-me_1012.jpg,meningioma,1,train,a6699efd818a5f95e86e1dc7cb8691664bc97a20f703ae96a0f2e83f80bcff97,966569366c3863b3
Training/meningioma/Tr-me_1013.jpg,meningioma,1,train,fd9000fd22b1182e83724f00dbf73e29c6c1758063d51b630014248ecde51cba,96606c36697963b3
Training/meningioma/Tr-me_1014.jpg,meningioma,1,train,674fb629852552c5e882a6bfebe09781041d89b6cfc1614f01755525da556a70,92643d36697961b3
Training/meningioma/Tr-me_1015.jpg,meningioma,1,train,7f4bab2884edee1fc5ec86cc40a9b7e9da77a0900222bbcb16f3832177d0ab19,d2cd3d3669346531
Training/meningioma/Tr-me_1016.jpg,meningioma,1,train,4401d388d94757ba420931edf0d31b4b42b4e51ed0f441a166a2f7a35eddfd39,9669783b69686467
Training/meningioma/Tr-me_1017.jpg,meningioma,1,train,0c602b1f917d24c653b7f87d69b1e9cf007e64721e3edcdaea86830be72ded06,96603e6b315a3d69
Training/meningioma/Tr-me_1018.jpg,meningioma,1,train,c9ff8a766b1124433eaa47345eecdbf9839c51fdfbb0d4ff86e3ce96094314fd,d0332f8e2c4b70f5
Training/meningioma/Tr-me_1019.jpg,meningioma,1,train,4332825bde324a3f005b87a9fd8e8e007505c4e5f1c6f8cdb45533cedc558506,96613c7a31786975
Training/meningioma/Tr-me_1020.jpg,meningioma,1,train,8264ca539bf8fa50f32c1aa1076eb51c4aa64c85d53f630776971c2e83c662c2,96612d7a297c6175
Training/meningioma/Tr-me_1021.jpg,meningioma,1,train,bafe25e77291aa5b1aad0156836312a0bca07818b0cd27f95d14526d11f31d32,c32f6e353c366432
Training/meningioma/Tr-me_1023.jpg,meningioma,1,train,1373cf523d74a95d5142a7279e700fd6228b58ffbff942171291059c629c60f2,c01f6f6d3d246436
Training/meningioma/Tr-me_1024.jpg,meningioma,1,train,fd2a402949bfe9e864d547a880d02599944f86134a9583768907188220127ed3,c00f6f263d91763c
Training/meningioma/Tr-me_1025.jpg,meningioma,1,train,97ab6f9ff3bfe97fde8ca445224d76b66231dacba383eeef36cd7edfa64f85f9,85de4a8f5e8a3d0c
Training/meningioma/Tr-me_1026.jpg,meningioma,1,train,90294934250dd3614046b98553239b64c2676fdbe0278c2baee0b21da3ca5a68,815e5e8b5b8e286e
Training/meningioma/Tr-me_1027.jpg,meningioma,1,train,b5587217cb24fb15eb1db2fe14c371c65a9f45d0f03e39088b43b4044e6999d5,d0ca2f1f253e3534
Training/meningioma/Tr-me_1028.jpg,meningioma,1,train,cd06e9036d89e7cd0cee02ed099f8f3fa01dbc2f5043c1d1f9e753fc99308509,d0c82f1f6d3e3434
Training/meningioma/Tr-me_1030.jpg,meningioma,1,train,44b1288d8acde69b1ac030bca65d5d345d42a1c56abae75599e32c934e23379f,d04b2f2d3fb43834
Training/meningioma/Tr-me_1031.jpg,meningioma,1,train,1bc7dad36baea07316de2605099589682cd514921820b15f6aab9a5fc88d63db,85783f317ce494c3
Training/meningioma/Tr-me_1032.jpg,meningioma,1,train,c454edcb62723e758e429a09eb7778524df96226d4b9a3b35f3c8bf94ddce2b3,85782f317e8d9463
Training/meningioma/Tr-me_1033.jpg,meningioma,1,train,0d352968712b5526df8a42fd77dc5ff3453f0d42cec9754d63b37869c653cffa,85683f3334cdd0c7
Training/meningioma/Tr-me_1035.jpg,meningioma,1,train,dccfff9ba32b880fcec3ce633e38e82181ce9dee8cddaf8fa552bd13a18cbbf8,d29b6dc9301e336c
Training/meningioma/Tr-me_1036.jpg,meningioma,1,train,f041d667ca0082a27e6aac7a8456ae8e6a52ad2713b9fa3267284d9a7889b3e7,c1682f313f67343c
Training/meningioma/Tr-me_1037.jpg,meningioma,1,train,304fb6f3475ea4ab132af0c5a0fd1eb4fb79a98935c7a9a5a24bd7827b20b6f6,c1682f213ecf3c3c
Training/meningioma/Tr-me_1038.jpg,meningioma,1,train,e35203adf70f2777a66c7a4ccdd79c365a67b6f6ee542d4eafff32dd3f173d19,c1682f253ecb3c3c
Training/meningioma/Tr-me_1039.jpg,meningioma,1,train,a95cf05fb3ab72b6c06dd700c748611129669673a80efa57e63f10cd6e1c8f55,873278c96186a7db
Training/meningioma/Tr-me_1040.jpg,meningioma,1,train,426ebdaff2d8246e4711a073fc84e3eaa0cfe302d8670ff3f57d818f31e4ab39,c06c6b0f6d8f2c6c
Training/meningioma/Tr-me_1041.jpg,meningioma,1,train,a3c30cd46e007b6b603b24f96807b44c24f55a1d890c121267054985ad34e538,c0ce0b0d6d8f6c6e
Training/meningioma/Tr-me_1042.jpg,meningioma,1,train,cf71e217edec644bbefd8e13d9d1e527421d822b14f07c7adc9e79bcebf29ae9,c0ce4b056fcfcc4c
Training/meningioma/Tr-me_1046.jpg,meningioma,1,train,725d5e4bdb2d435674cc6ce8f8fbefe64d49c7331d7d0eb8ab11b855e64774af,c44a2b257f353c36
Training/meningioma/Tr-me_1048.jpg,meningioma,1,train,79deb143b17164e0e1da6081c89c01611bcbb3fab25653c0ae29456daf2f2d7c,c07b2f3d7cb034c2
Training/meningioma/Tr-me_1049.jpg,meningioma,1,train,a0a19da95fa7fa6e5087766749e2fa36091ca7655b0ea9a32d410a54e15284a6,c13f6b2d34257836
Training/meningioma/Tr-me_1050.jpg,meningioma,1,train,a1b3a71583864ff9fc74bd1b75021029ab74b25341b9728a2da489a88fc3c65d,c02e6b3f6c3d7034
Training/meningioma/Tr-me_1051.jpg,meningioma,1,train,eba8bfc2f2b958a02035998434d9b23cb07f885e49536310d9011c66a5c85684,c2692f353c9639c3
Training/meningioma/Tr-me_1052.jpg,meningioma,1,train,601911393af43a3a09c9f1ebe247eb918155cf7c766ef83bc46f8ffec770b1b9,929b6dc4303fb364
Training/meningioma/Tr-me_1053.jpg,meningioma,1,train,c8efd4fa86c4e98af4800788fa15bfe86eb2e6980cb24db1f3de2f917bc49858,956a3d255887d28f
Training/meningioma/Tr-me_1054.jpg,meningioma,1,train,7fea00bc904522888cd8a69acadcc7c5bff9556786fc4468a94599be4e14f7a8,856a3f233cc352c7
Training/meningioma/Tr-me_1055.jpg,meningioma,1,train,f0d27cdee6c671bebdbf664dfd8b96bfd6c013879dbc49c744f527b3d7933aa9,c17e2f3435f036c1
Training/meningioma/Tr-me_1056.jpg,meningioma,1,train,7e43d7dfaeb3ee1c22499e3645cb66aac1f7534e38e21b6cb60423b02b500f63,817e2b3d35f056a1
Training/meningioma/Tr-me_1058.jpg,meningioma,1,train,8e482bbaaad59996ff39b5244a32cdb31ef3249f61ba5ae4a5f25b743db68fd2,855a2e297fb53432
Training/meningioma/Tr-me_1059.jpg,meningioma,1,train,18c72942b5c42d7eff10ca78e33523935d3753bf55fcba879e645b4b7a35559f,855a2f297c373c34
Training/meningioma/Tr-me_1061.jpg,meningioma,1,train,5299ef6f6022d7906232ee374121908c8b38d2f733c7c7554af7a93d2cb2ec8c,81c26f0f6a3c2d3e
Training/meningioma/Tr-me_1062.jpg,meningioma,1,train,5221268df16b0ada16be4e893d251daf4c29dc9c6f41f08dd2fba332d85cf037,97366e662d316196
Training/meningioma/Tr-me_1064.jpg,meningioma,1,train,3b644db79f5d658454df64fbb4a13cb2235beb5ce6d056abbc26cd2ab93bbb97,91c06e8b623f2d7c
Training/meningioma/Tr-me_1067.jpg,meningioma,1,train,ea569a9ba50ce1de107f7c2143c8650827552848b0d56abbd90a44c2cdb6202e,d55b0a2f49392769
Training/meningioma/Tr-me_1068.jpg,meningioma,1,train,2baa8bd04752bc0ae9163a5911a03a40391725f08e58feb96d7fd2975bbf1fb4,d55e4aad0969272d
Training/meningioma/Tr-me_1069.jpg,meningioma,1,train,270ea26c35ac7685023c8d5d59adce0372ddfe73018d336c4a642d3ca64c9ca5,d55b0a6c09692fe5
Training/meningioma/Tr-me_1070.jpg,meningioma,1,train,ac2eb23533a9091b9b3f13d1d07a5fe244aff46972c3bebe48cbda7646ee25a4,c25c2dd134e77233
Training/meningioma/Tr-me_1071.jpg,meningioma,1,train,7fb4fabbc5b0424cfc7cff0fabce2d9abf6cf7c550ad49ce07d13e16b39874f5,d54f0a6c4b293765
Training/meningioma/Tr-me_1073.jpg,meningioma,1,train,4c3b0aaba6dfbe03e812db4178ea5c25f20ca0f96353e597c06c3844094b7bb4,845b3e1d7d23780d
Training/meningioma/Tr-me_1074.jpg,meningioma,1,train,427d6a5e487ce1c90a8f97712f8ad49afc35e7f35479905dbf70494670f3b804,846b2f3a7c2bf00e
Training/meningioma/Tr-me_1075.jpg,meningioma,1,train,b3f2990c600c5793c19a9e00a1fb70a202e0eb6ed6c46d3efbfdfc96f8a8254f,976868356196cb9e
Training/meningioma/Tr-me_1076.jpg,meningioma,1,train,c7492cacff780bb57be06a7a2e4891bb60f76a4c4a1f6c23dcdbf1559f27e7e1,976a7a256095d396
Training/meningioma/Tr-me_1077.jpg,meningioma,1,train,5532a70beeeb4400187bf2fd3d6b845fa001704d174cd3ffd915a7945419734b,856a7e2874a5d396
Training/meningioma/Tr-me_1078.jpg,meningioma,1,train,29087b4c60cd4a2a0656826039746aada0fb4d68c2eb66cfbc22f08e0dc7679e,85787e2874b17336
Training/meningioma/Tr-me_1079.jpg,meningioma,1,train,bdcad16fc947e77b317af1acd6582e301958d2d09bd3b1d01ba1464ec3c4c254,976a78a5351a6393
Training/meningioma/Tr-me_1080.jpg,meningioma,1,train,76bb6bfbfc9a78a68bd2cc700536d064583eb10b6673f8f619ca878247c3940b,c7686a3570c4f353
Training/meningioma/Tr-me_1082.jpg,meningioma,1,train,136c1a217d50db8c465ae465c2eae4a3c48b2a2834f4bff0d144252bc83cb5e0,c03e6b3d7ca530b2
Training/meningioma/Tr-me_1085.jpg,meningioma,1,train,ef8a48466581bf4dc0522d7fe39fdf4f26b401198aee8d498702624047dd9244,c22f2f363c9039d3
Training/meningioma/Tr-me_1086.jpg,meningioma,1,train,21450ccb9b5f9f94e350a2dbc76603ad6a7172bbd1b2f8e1394995503bf49be7,c7b06e1e614e6939
Training/meningioma/Tr-me_1087.jpg,meningioma,1,train,d81d94f9da839b92cb16d348381405887b6009d15ccd0e56d6fe33a42ab4ac94,876968b7309263db
Training/meningioma/Tr-me_1088.jpg,meningioma,1,train,427bb461b575bcfbec1efe174bbe136033151a15da6b784b2aba994d7536085c,c04f2b2f6d273c34
Training/meningioma/Tr-me_1093.jpg,meningioma,1,train,74076093452c3b6d11a2b81d9e2dbf8394feebe683e366cef2283da0cd89d787,c0692f373cb470b6
Training/meningioma/Tr-me_1095.jpg,meningioma,1,train,c7a64945ec897e131005f48fcea5d46c29bdda2c01be20dec4ab663cb3b43f8f,976968b5309263db
Training/meningioma/Tr-me_1097.jpg,meningioma,1,train,8a56e7bde257b610cd4202affd9635c83e6db1227ebbcea0978b2011a2131efe,c02e6b2d7cb17c34
Training/meningioma/Tr-me_1099.jpg,meningioma,1,train,c4f20361bfd43ac1a92314352260dbe3a7392e58285c99a7c7e5f0150bc2daf0,c16f6e353c9831b4
Training/meningioma/Tr-me_1100.jpg,meningioma,1,train,888a378af2ba3ce439d553e33b2ef3065773e23995c8972dd1c91bf21af5ad50,d06f6e373c593034
Training/meningioma/Tr-me_1101.jpg,meningioma,1,train,eae20fe7d3deeaa3bf537c35177db1f6b391e915660e18dbe3aa29abf4d8a4bc,c02f6f243e593497
Training/meningioma/Tr-me_1102.jpg,meningioma,1,train,21ee89d55c7bb076f4adbd528a1a39a56a84efe7020094f1c434101d141b295f,c0476b242f99743f
Training/meningioma/Tr-me_1104.jpg,meningioma,1,train,b114a5e983017fdee79d87f425536feee4527ef4e4b520115c5ea1b7a9013580,cfcc3432c3679c98
Training/meningioma/Tr-me_1105.jpg,meningioma,1,train,defbc712234945fee38660e79e1940e895683d45aa84e888c5c9cec9a619c3ee,c26d3f3230cee18b
Training/meningioma/Tr-me_1106.jpg,meningioma,1,train,636d52671f901f21ba76cb6dc1dec15fedb3ea62af51ec93ee212bd891517261,c22d2f323c86e99b
Training/meningioma/Tr-me_1107.jpg,meningioma,1,train,d85eb95f3bc79d3cfe7dd0b7fc9366b036e6a9a67add3e48fc09111437a48f86,c02f7a6d2d3470f2
Training/meningioma/Tr-me_1108.jpg,meningioma,1,train,5a77220cd000ffeab219d07636718403ce042de1188f6f47415d7d0e343b5610,d02f6a3e3d3430f2
Training/meningioma/Tr-me_1109.jpg,meningioma,1,train,93748b08dc2f7b6f0940092ec07c298b5b7733cacc4dcaf5ee73d539240f1818,c03e6f3e3d3130e2
Training/meningioma/Tr-me_1110.jpg,meningioma,1,train,214e164daa765cfbc91a59da2a1cf4382b6282f46c5b6cbfaf6e4528e5282690,c02f6b343db432f2
Training/meningioma/Tr-me_1111.jpg,meningioma,1,train,9ee0d390dcca00598d0f2788c988a81c9740ccd0dc44cc7348b32e242de48253,c22d6f343cb413d3
Training/meningioma/Tr-me_1112.jpg,meningioma,1,train,315fb991ac67d8767a3ed87044c37c573f52b9e438ca91aec248ddf9b5aabd59,96696896319ae7c9
Training/meningioma/Tr-me_1113.jpg,meningioma,1,train,101809a2be222965455a6aab2a4521d0abc59d0adb826057e7d46e7636808f2f,85512e6b3cb178ae
Training/meningioma/Tr-me_1114.jpg,meningioma,1,train,2ec26b157ac8291f384f6d9c9812815482f520fe2762cdb3a4a0f2c2d89e56bb,85503e3d6c333cad
Training/meningioma/Tr-me_1115.jpg,meningioma,1,train,6692de05fd2173b41d34b828dd43fe3588075586ea1db0a3a992dde4fc7a60d6,85521e2d7e267cac
Training/meningioma/Tr-me_1116.jpg,meningioma,1,train,495b28556fb00ddf5e75aa92b10b9d972ad61f1e8052596d65a232245b954a27,81582f2b7ca93a67
Training/meningioma/Tr-me_1117.jpg,meningioma,1,train,1ac20002f3f8f92085299209b4ad8488e16b255d0dde10cfc94ccbaf4adccb8e,c16e2f3936e11b92
Training/meningioma/Tr-me_1118.jpg,meningioma,1,train,187fa8b0327b0e9d7b6e5d74bb352271c9e633a5b874caa3244214537fa41025,d06f2b3c7db01cd0
Training/meningioma/Tr-me_1119.jpg,meningioma,1,train,f61a2f8eb9e43a3dcdc8bc3bd94aaef9b25c23baa6df27f6d39108c8874ad554,c44f2b2c7bb4b4d0
Training/meningioma/Tr-me_1120.jpg,meningioma,1,train,b98b72dcd27575a717bc39bc48bf6a6205330fc9c87d5f8ad5dbf7a5cf516459,c3633fac3492e2c9
Training/meningioma/Tr-me_1121.jpg,meningioma,1,train,701c6c5e81aebc01abfeae230cac02648d9b6d7453daba02f4d4c2f4315a639d,c46b3bb5329261da
Training/meningioma/Tr-me_1122.jpg,meningioma,1,train,540982467991614b642ca259cbf0a6beadec538928ca97b6195bc0782a19500b,c06b3f353eb43862
Training/meningioma/Tr-me_1123.jpg,meningioma,1,train,ed798338fd4caa4685f3d74353648c262e2dcf87e30a6231f81ce18fff0f4dc3,9763689961c6a6ce
Training/meningioma/Tr-me_1124.jpg,meningioma,1,train,13491223cfef2ef2471b5b1e49471c6a2d1ecc378ca79317408c32ae2a96705a,c06a2f253eb43976
Training/meningioma/Tr-me_1125.jpg,meningioma,1,train,6c21424e18661063cb1aae1aec7251c034d97b51be204243837cbb6ddf41c0b6,966d38906399cecb
Training/meningioma/Tr-me_1126.jpg,meningioma,1,train,d55cefa63bbf3e280d7131cda51c1d0d96e15a53ef35e5bd9e4c308e2b62dea3,976b3835709cc39a
Training/meningioma/Tr-me_1127.jpg,meningioma,1,train,00db08bd64bf66a5eaed6d7bdb131bfe5998ef9d217a1b8734e060f17c46f9c5,96697e317494639a
Training/meningioma/Tr-me_1128.jpg,meningioma,1,train,1387ca829c475e3b6b82ac9d0ede9880d321e2f8be472709385b1a1d288a3b43,87686f303cad7236
Training/meningioma/Tr-me_1129.jpg,meningioma,1,train,506d21dd56c9325bea1c0b39a5e9d4d764f77d255a37529471e6418b0c7f66ea,c3632fbc34c2338b
Training/meningioma/Tr-me_1130.jpg,meningioma,1,train,2d3d618f742bfb31728eed582b8c90b06f1d5d7890aef5d2f600e4aea711a75f,c06a2b3d7fb43832
Training/meningioma/Tr-me_1131.jpg,meningioma,1,train,6bbc5456fe173d710cddf0eec1a38038a0cc154e99db7723effa52422cab3c4c,c16a2b2d3cb478e3
Training/meningioma/Tr-me_1132.jpg,meningioma,1,train,8a51ae365b0707188a9a13bbd8606213c6f209fe1e30c2578ba0e3c0bd22dac8,c16e2f2d74a13956
Training/meningioma/Tr-me_1133.jpg,meningioma,1,train,5d1feb0861a44f6c62b697b6cf83faca0696ad744b711cb2b2e883ab25fc0a9f,c17e6a2d7c91b170
Training/meningioma/Tr-me_1134.jpg,meningioma,1,train,8e9ed3cab9e1df97aaacda3337ed88009360e1aa4782d571c05a438af61bcd59,c05a6b2c7eb334b1
Training/meningioma/Tr-me_1135.jpg,meningioma,1,train,308cf114f8f92d32711f21a99d4be5d9acc31214cda9bfee8dcbc62a06707a94,c06a2f6d366934b6
Training/meningioma/Tr-me_1136.jpg,meningioma,1,train,8ee21eb8303cd18afca0a4d4794085ac0201baa715ffb07d52744d552922ba29,d06e2f353e313436
Training/meningioma/Tr-me_1137.jpg,meningioma,1,train,64427318b4c3512d86acce359d744d9121579b82b7773b559b93baf35323da87,976b783561966398
Training/meningioma/Tr-me_1138.jpg,meningioma,1,train,838e94223b6c537f975f6488a643515b5c50acb1e7f0fed2a4b6383df15dfaad,c26c2f233c363c3b
Training/meningioma/Tr-me_1139.jpg,meningioma,1,train,7120964f09a1e59ab262b0bcfe7284e26ecbd2831e4dd0f620ec26fbe084bc74,c0272f073e356c3e
Training/meningioma/Tr-me_1140.jpg,meningioma,1,train,395dea3dc81efdf4118e685614621ca82bfd9d5c962179d2da4b4fa099e6f43c,c04b2f073e257c3e
Training/meningioma/Tr-me_1141.jpg,meningioma,1,train,3a7cba4fad9bc49f9a76d5fd4fed1811a856533c05c17cb605e6eaf71bc267d0,90693bb56698c3d3
Training/meningioma/Tr-me_1142.jpg,meningioma,1,train,9b1a10eebd9d9973bed1646adc357a695f59d518566dae9d8eb2b04ca790a981,92693db4629acdc3
Training/meningioma/Tr-me_1143.jpg,meningioma,1,train,b53c2559019c6ff6040a337c0d08a4abecfbc254928316f451aa4fbe4036c3b8,c06f6f3d6c966032
Training/meningioma/Tr-me_1144.jpg,meningioma,1,train,c900fa0e15f1c043d3f1830f63dfb6340d70543339a4741e60e72e3c64c9d9db,c32c6f35709e7033
Training/meningioma/Tr-me_1145.jpg,meningioma,1,train,6da702b1996d73951ff3d6065ad012ab96051aabf95df7b85ffe077d64c80582,c0906f4f2d0f6d8d
Training/meningioma/Tr-me_1146.jpg,meningioma,1,train,e4fe5d65d20671669f914114d60df36518783e373863930b0e9adf60b0655ef6,c3d46f4b3c076cc8
Training/meningioma/Tr-me_1147.jpg,meningioma,1,train,c2b814b7a3cae1511d7ca0d29e3f34448aaccebd04fe97c7d72c8e10d8ea7db4,c3c16d8f312d663c
Training/meningioma/Tr-me_1150.jpg,meningioma,1,train,09f1e8736dffdbbe465834db07f6851544ffb5fc839b00bebbadbc8aa10d643c,d14a0b397f353634
Training/meningioma/Tr-me_1151.jpg,meningioma,1,train,77e5fe1ab677b33fbcd8bf322cc40e3090c036e3bd41f3699cf3d9da245fea39,c06d2f6f3c2d7034
Training/meningioma/Tr-me_1153.jpg,meningioma,1,train,4d4eb14baf7c87ad8241de790c5c4d30cf6832a62f3b4943539600ee45880c6a,84866bcb3d3c616d
Training/meningioma/Tr-me_1154.jpg,meningioma,1,train,42c5f8f30de94979e6c2d756b4130d900a8b40100d37a9353fb49f2b7708ce98,963869c524ceb3dc
Training/meningioma/Tr-me_1155.jpg,meningioma,1,train,826f687e3d2290370c883a71ba9c494f1a8287faf3e51558293fbe3330a96671,845a4f9b6f2c6938
Training/meningioma/Tr-me_1156.jpg,meningioma,1,train,1a544a38d57332ef955eda007068f154d2e01a923bf278d219d5b4bc350ebea4,845a42ab6f437b36
Training/meningioma/Tr-me_1157.jpg,meningioma,1,train,70f3d066dda4f4edaaf69172b5b15aec4acc0bd2b43b20fa82160066a1909520,d0692f313ee0f1e2
Training/meningioma/Tr-me_1158.jpg,meningioma,1,train,b497edb61e298983e327732bf38d51eb6030ccfc6213805570ff1c5f7a983758,d06b2f3c3e6470c3
Training/meningioma/Tr-me_1159.jpg,meningioma,1,train,54e3db2e7907c994b43849edd7a4b68ec7e79d4db75cba11a461ced8b3e8a2ce,c02f2b3d3fb0383a
Training/meningioma/Tr-me_1160.jpg,meningioma,1,train,5db59a7749eba9a9b1e4457a1afd60fc16ed7154d3e6a43990d9a43110c3be36,c06f2b357db03c32
Training/meningioma/Tr-me_1161.jpg,meningioma,1,train,bf203c3952ecc77f549e325e68d91b85ece886c31706c0c243bf11e56673621f,815e7a2b6c35393c
Training/meningioma/Tr-me_1162.jpg,meningioma,1,train,5eb33955adde69d5ea30e99bf49de2763b3a5c3c1365fc316837dc5e7fd05976,963869c724de92dc
Training/meningioma/Tr-me_1163.jpg,meningioma,1,train,82edb6c2a23902e4fe8df452295919146354b4d4fef9c47a158b0bdb4d599eb1,817a7e2d6c2d3934
Training/meningioma/Tr-me_1165.jpg,meningioma,1,train,d936a5731cc651c0a2a12516cb566ee2987026fa94f306f2f1b0674a423c2088,877a6e2578943372
Training/meningioma/Tr-me_1166.jpg,meningioma,1,train,6b03db9a47594734d60351a911fba1d3f98cb0b3d21a6ea63bcbeed3cf1e7a02,876a6a353492b3da
Training/meningioma/Tr-me_1167.jpg,meningioma,1,train,06afba6f2b078e62f55862d366947734bc0538778bc173d7b8df9804187ed701,976a7a353893638c
Training/meningioma/Tr-me_1168.jpg,meningioma,1,train,044c583da24ec66ce47ba071fdeda5aa4ab2c3c34569032fbcf19f81e7b669d5,857a7a253cd13693
Training/meningioma/Tr-me_1169.jpg,meningioma,1,train,8ce87cba92a22a8959787948997e29441586abb7edbaa46922edcf64ca9fe39a,817a7a35387136e3
Training/meningioma/Tr-me_1170.jpg,meningioma,1,train,7b456b956d45d9f9a5b3d01df7d1feb5dbef51f4ee7fe5ac58f6b99ea3bcd2b8,876a3cb53294e1da
Training/meningioma/Tr-me_1173.jpg,meningioma,1,train,d106c6a388b6eb6d6e57acf055e5b02a357df75d4d0f550f24806fe552fc976b,d44a2f3d7c2c25d2
Training/meningioma/Tr-me_1174.jpg,meningioma,1,train,884f3926c75691893d5507b503f9814abb1003ea4801b6cbf745ac1bc3f837ca,d04a2f393ca5f2d2
Training/meningioma/Tr-me_1175.jpg,meningioma,1,train,a289051ec6a91f39dc5ebe072da250ed9b2b84460f8e0b99ee1a8f096143b71e,c13e6b3c34e17287
Training/meningioma/Tr-me_1177.jpg,meningioma,1,train,4e282d4c6e18414f54b6b1c45d5dc0e2966f0b4284ed488f5b2bab52f03ee14a,c05e3b3c79a154b3
Training/meningioma/Tr-me_1178.jpg,meningioma,1,train,dd9bc1ba55cbae3eaa0f237dd0d1c3ff507197e661a9f383f1ad53b5f911245d,c45e3b2c35a476b1
Training/meningioma/Tr-me_1181.jpg,meningioma,1,train,3be4e8b7ed037cd4fc3da79e3ca3105450de951002f6e0fd8bc68116672a1ead,c06e0b2d6db47c69
Training/meningioma/Tr-me_1182.jpg,meningioma,1,train,86a28b05ba046c91613def5db89e3181ca061b221c4ebe867fcadb82e9745349,c04e6b353db47478
Training/meningioma/Tr-me_1183.jpg,meningioma,1,train,fb7fa8add2303fbe83524ab456bf2bc7c93f5f37031989d9cf7061313c54d7d1,946a2bb77c9c3132
Training/meningioma/Tr-me_1185.jpg,meningioma,1,train,95e00c5c819a9d9e13e8718d0d9f25930cfcd2fb53a4099e17b99c0f6679b867,906a6fb564d89363
Training/meningioma/Tr-me_1186.jpg,meningioma,1,train,3ba784730ba5eea6dc8dfedfb40ef3e98686c75c5e8d411b9342ee0f970bb37a,c03f6b2c3df43832
Training/meningioma/Tr-me_1187.jpg,meningioma,1,train,b1b3d9519cbd98e1f92c95c3eb8a5888e91d310be956b719b515ae9a9fbd61be,856a7ab17ac65893
Training/meningioma/Tr-me_1188.jpg,meningioma,1,train,dcd3e1c11d442435ab8354272cd61996b897f0570642a298f668709e5d3e8a01,85c07e0f7c3c2d3c
Training/meningioma/Tr-me_1189.jpg,meningioma,1,train,d6e61655c56173be3a091ee2e83c8fd958bb7a19abdbcbb4016c1d5795698437,c17c2f2936a53f24
Training/meningioma/Tr-me_1190.jpg,meningioma,1,train,e12c024fa0e0e9da0a5d4d929b938d4f9996ee005af5e66dd87b4af611c39377,c07c2b2a3f342fd4
Training/meningioma/Tr-me_1191.jpg,meningioma,1,train,675207b3db51a35d7a373cca66bff9b2d0103c7b2b4eafe98819c02a8204ee73,c07a2f291d343fe4
Training/meningioma/Tr-me_1192.jpg,meningioma,1,train,2afd27762e9469013be4b2d9b24e2750196d6664242890a50de5a19e4ad084f6,c15a032d1f333fb4
Training/meningioma/Tr-me_1195.jpg,meningioma,1,train,cf917f40e6d29014ef59d0e70336d617c5a1c0db7adfd5e82e31aacf9e391144,94687bb558c6699a
Training/meningioma/Tr-me_1196.jpg,meningioma,1,train,54f06efd9776fd8f61bb6dc6e12791620c8e98f6b8efe0d099e0f1d59bb5f03e,c73c6e343992b1c3
Training/meningioma/Tr-me_1197.jpg,meningioma,1,train,974a5f1d13480f241be4bca900c5f4eb9230353b5838c146e3cdb5c4f2dc2888,c33c6a3435d23397
Training/meningioma/Tr-me_1198.jpg,meningioma,1,train,80d9219b162958cce051f396f8741407aa759a7b5550eb65f628c784324b1003,c13b6f343cf8b016
Training/meningioma/Tr-me_1199.jpg,meningioma,1,train,a46dc7866bfff7d6b6f099627733f55f2804c2194032b0a17cd3d5c260965d09,c03e6e2d3cb131b3
Training/meningioma/Tr-me_1200.jpg,meningioma,1,train,cc400968bf75779df21cfebb59068a496b3b3f5ec769b153a4208e1ddde5345f,855e7e2874a1f2c5
Training/meningioma/Tr-me_1201.jpg,meningioma,1,train,67b243653f89fdc0d73fb9c3e86e4359af4c5a50a22876aae2acb663c463e509,815d3e6a6ca263e5
Training/meningioma/Tr-me_1202.jpg,meningioma,1,train,4851714286646a95a369d46890f015eec9edf530c21a162bfd764facaeccc156,81563e6b78a171e5
Training/meningioma/Tr-me_1203.jpg,meningioma,1,train,8432e118a0b0b886504de2e54608b50f9ecd512e2b72257570c7832c8990ca9b,845a3f2d747425d5
Training/meningioma/Tr-me_1205.jpg,meningioma,1,train,38ee4cd8660689df56fab034234a76093e8209422525cc85732e2d431080e4ec,856a3ee97c342566
Training/meningioma/Tr-me_1206.jpg,meningioma,1,train,62ac2ce36f6d1ff4f283557d70068d49d4b57bace38101bef77b30d0a80b1e55,91336ebc397064e6
Training/meningioma/Tr-me_1208.jpg,meningioma,1,train,70a53ccf556716b7766da50b58c95830708f208e27c78182a6e260547ffea207,c13e6f34306572b3
Training/meningioma/Tr-me_1209.jpg,meningioma,1,train,bf47f025fd909fa446f7e1e382060fbde9553e7be8741accc03ee3993db18554,c12f6a3c3cb562a3
Training/meningioma/Tr-me_1210.jpg,meningioma,1,train,e0078759c79d9f10fdd48f274a24719bc0a935f5891f505fcccae3f9390e9b00,c12e6a3d3cb36037
Training/meningioma/Tr-me_1211.jpg,meningioma,1,train,af0ceee9f1ea95b3aa4a0a2765fe01ef7d49e0a201fff5064ca7389a33b35d28,854e7a4f78316935
Training/meningioma/Tr-me_1212.jpg,meningioma,1,train,30b01a6aa1040fe4fa23b2408fa8e77d0d315ccadcadd42323d6c843542ac1e4,850e7a1f6831793d
Training/meningioma/Tr-me_1214.jpg,meningioma,1,train,d0035a26a4443a76aa91952e495a7b55bcffbc7271e11aafaf23e835f9755874,85ce7a0f68393179
Training/meningioma/Tr-me_1215.jpg,meningioma,1,train,a5ac62860328e285cd6e82f99942f5230a672cba820859cb54561f95e41ca127,859e7a8f68393558
Training/meningioma/Tr-me_1216.jpg,meningioma,1,train,46c5b277e264ccd6260ff52747e6811e68becb1f24b848bd94183825ea7c13c4,857a7e603cd17287
Training/meningioma/Tr-me_1217.jpg,meningioma,1,train,436b378c4322ace128351d62f30af0fe45bea971618129b26888512849f93354,c32d6e3530b473b2
Training/meningioma/Tr-me_1219.jpg,meningioma,1,train,52fc5e901cf3b8556379764e778f06c8cad21aebd80da0127f8954d21e323fa2,c13e6a6d343934b6
Training/meningioma/Tr-me_1220.jpg,meningioma,1,train,d51e64a06cf1f40535377e71ed392e1649c9b0d9dc7af773a88de39fa2f2b2d5,c02f7b653cb134b1
Training/meningioma/Tr-me_1222.jpg,meningioma,1,train,f3abf3b79cdc6046a13e1c0ac6f0328a1db212c29eb76bb2fc44af6d332dd465,c76c6e3139e43136
Training/meningioma/Tr-me_1223.jpg,meningioma,1,train,edbac8cddb2d6db60d58bf05c1ff5330110ef99c2fed3b6f80e78983cc47bf76,c50e6a5b382d7936
Training/meningioma/Tr-me_1224.jpg,meningioma,1,train,8836cc704cc8025fdb04c7848f4d42354b8f363d61cb10fbc83722a31f4eeab9,850e6a7b7e297834
Training/meningioma/Tr-me_1225.jpg,meningioma,1,train,c6e6bbb5027ccf1ffc349eee0f2e6f6d0332bd84b9549f490110336a7df269e4,814e6a337e29396d
Training/meningioma/Tr-me_1226.jpg,meningioma,1,train,956fe2b28ef4236cf128aed361d3deae92492a1bed9bf34d0f8d85a754af8456,c40b6a253fbd7234
Training/meningioma/Tr-me_1228.jpg,meningioma,1,train,ef957beb26ca9d826435c688af81102d6e67ad7ba635da580194fd468e45c39c,c17e2f2c783574b0
Training/meningioma/Tr-me_1229.jpg,meningioma,1,train,637c46b2ae5d80da9c7dde38912f181ed62d6e8e74bcf2e3dc09a383bee6e311,976e688534d9663c
Training/meningioma/Tr-me_1231.jpg,meningioma,1,train,b69244e197e89d682bf8c8eb6653103ff565e0359ea39196e35cacfecadda8d6,c23c6f3c792d303c
Training/meningioma/Tr-me_1232.jpg,meningioma,1,train,1dfd780af51af6f84f1e0714e5a63317f295f15d6920c9ab056ca32e919ba7a2,956a3f6d3c2930b4
Training/meningioma/Tr-me_1233.jpg,meningioma,1,train,9b85b8a80e1376dcf0616ed281bbc18a7cf995ef597b962d9b55534f65ae0986,856a3f6d68b43433
Training/meningioma/Tr-me_1234.jpg,meningioma,1,train,a9ed71719f02ca237ec0bc7fb943d537cb5d9682213413c0c93ae1c5570cd93f,854a3f6d68b43572
Training/meningioma/Tr-me_1235.jpg,meningioma,1,train,bbde109f405b660e7a05d8af3b9a2d61ca61e7292aa88ea1a013b95e9c55c537,c06f4b3b7c2d3c14
Training/meningioma/Tr-me_1236.jpg,meningioma,1,train,069b0de028b6ac1e4b770cafd5ba793893f892b16a6a412b8a825be1dd94705f,c06f6a3d7c2d3036
Training/meningioma/Tr-me_1237.jpg,meningioma,1,train,7c3b65fdf9f758f62bd68ef0b1203f304c00efd9cc72b6f701e4c3449b15c8b7,c02f6b3d782c3936
Training/meningioma/Tr-me_1238.jpg,meningioma,1,train,7be34514b0d36b5396f2ec0870cb4e1e452475072ad9c70dc0a0870319133b6d,974869b5255a663e
Training/meningioma/Tr-me_1239.jpg,meningioma,1,train,202def676536b1f4bcc657e4346e4d18a08a59efc99d9198494537368607d3ad,c02c6b3e7c357932
Training/meningioma/Tr-me_1241.jpg,meningioma,1,train,fc38a147abbfb629e07b6692afe713eb6664bd21921beb57fabdf943a648e027,d06a2d3d36a770b2
Training/meningioma/Tr-me_1242.jpg,meningioma,1,train,3168171007016a8210762308f640db4c70a382bb191f7c13150e2bfca5444968,d06b2c3c36c6d9d2
Training/meningioma/Tr-me_1243.jpg,meningioma,1,train,d98ed2ac811d622fc0cef3f624534ac4e803825ddcff6c64a10110a8b02e0f48,d06f2d3436d6d9c0
Training/meningioma/Tr-me_1244.jpg,meningioma,1,train,61dd353e5dcce7e8e7a5c8f6c3902fabfb4641695bcc315ed76da2999fa4146e,d06f3d343ec2e9c0
Training/meningioma/Tr-me_1245.jpg,meningioma,1,train,8eb9470ad1f39783b03342e0cc7691eea850bfe1a073ad0f02551fae9de56e98,c0673db07acfe148
Training/meningioma/Tr-me_1247.jpg,meningioma,1,train,05d111f6cae5ef355467ef9523a15ab4ab1148385758dbae2ea567c0eba417c0,d33e6f312c9330c6
Training/meningioma/Tr-me_1248.jpg,meningioma,1,train,483c68a5e43715f192e82666431770e20f6a88d7ca2319dbc1dfdb843513888a,d36c6cb13493724b
Training/meningioma/Tr-me_1249.jpg,meningioma,1,train,207ecd2e76779f7d16b7e24cade285bcd0373a0b0a2d6ba04e698985ebd3ed17,d3386cb131c2738f
Training/meningioma/Tr-me_1251.jpg,meningioma,1,train,13aeeda52750127fa69cd50471b2d3b291f670b8c012106a35c36ec76411cd37,c3396ce2319b62cd
Training/meningioma/Tr-me_1252.jpg,meningioma,1,train,e70416f05b403005e7c0f4379deab780b22f257c72e499797d8f152fff312da8,c33c6cd230cbf2cc
Training/meningioma/Tr-me_1253.jpg,meningioma,1,train,1f3603bdc6c18688014e749a33ad55cd099dcc9ab4fb6e04aac4b7e7cd1bdc19,cf386cd232cbd24c
Training/meningioma/Tr-me_1254.jpg,meningioma,1,train,c1e299acbb18925fea27cdbbea8d15f396f8fc4a0ecfb7a15b86dc0443007ddc,91782e8761de361b
Training/meningioma/Tr-me_1255.jpg,meningioma,1,train,44c94e9c4fa927721fb13a48b1e8da039c1c92e906dba442b3de18255588970e,d0793e8761da924b
Training/meningioma/Tr-me_1256.jpg,meningioma,1,train,ef1bc87aa983e1b90429a6e5d4f1b1c1690d1d4c3f33c2f52d582500bf33d662,d0783e87619a97d8
Training/meningioma/Tr-me_1257.jpg,meningioma,1,train,531f21e4f56e8e7b96f3d156e79cb4782e2743c717b86780ccabf3cb83c5b73c,d1782e87e1da9619
Training/meningioma/Tr-me_1259.jpg,meningioma,1,train,cd2dccf55f9900682acb11fac1bb8bf1e28ae092b9368cb7dc6e387214819120,d2683c96e1ca9e39
Training/meningioma/Tr-me_1260.jpg,meningioma,1,train,f1b8dd3a5b4b29953172b93fa8f9e9d08788b3f04070c4a24ebd6d7e4c8b28fe,c74b6eb534363149
Training/meningioma/Tr-me_1261.jpg,meningioma,1,train,8078677910694bb19d4b9e08735e06c3c528a068d9b28b310c5862702378500f,86736b9c3146669b
Training/meningioma/Tr-me_1262.jpg,meningioma,1,train,e669ab60989163a7fc355cf56c070dc7bbe9665e795a3dd5746e2581b173b338,c27b6b843556643b
Training/meningioma/Tr-me_1263.jpg,meningioma,1,train,3b436e84d75c7d1d84f84db9f1add7cbc437ea4240db8673dd529a31dd8efe8c,957a68a569d62798
Training/meningioma/Tr-me_1264.jpg,meningioma,1,train,5ff1680b7138d1bb39585f6af20816c3bc1c630bb6f3e4508b06ebeb02b36db6,9e61699e26199a67
Training/meningioma/Tr-me_1265.jpg,meningioma,1,train,9bc69b579f3fb8864fc0002daf04da7410be9fcadc4cdc096406e96e371c4d00,9867659c96719966
Training/meningioma/Tr-me_1266.jpg,meningioma,1,train,ed38c6e328fdb4cbdd11f43aa9caa514ef690d2cc045a0796a2e3aa3c83bee03,91913e9668cbe64e
Training/meningioma/Tr-me_1267.jpg,meningioma,1,train,03392225836cefb3c032eb7059722a3559f163dcc455422485abd73bf7ecc920,93346e693c3363c6
Training/meningioma/Tr-me_1268.jpg,meningioma,1,train,494e6c14040a30e5ea378a6a15b2a7b8c0ee10be898406815029c0dfdd3c2944,95967e9a39496169
Training/meningioma/Tr-me_1269.jpg,meningioma,1,train,681e492811bdcae32e203f1e23ceba959a9836c28f8ddfbe66cacf42520e2b8d,c74b6eb531923349
Training/meningioma/Tr-me_1270.jpg,meningioma,1,train,b335f782c1a457ad696369de9131d10d83459b14d6319a0ff4aa261ac64abe4a,95b27acc6c69614e
Training/meningioma/Tr-me_1271.jpg,meningioma,1,train,a552ba6b50a1fbb45b247a402d875654ab81fff3feb56bd3a3ea7373375a6c72,95937ace6869256c
Training/meningioma/Tr-me_1272.jpg,meningioma,1,train,56f094b06a038883ac895810e9d264543326a644db097f0e6b279e7857c1ddf8,96b66e4978336549
Training/meningioma/Tr-me_1273.jpg,meningioma,1,train,2e8e7fb70381fb5b3e1a40a4367cba18d29299458d73208e5ef0140feb52884e,c2376d493497c2dc
Training/meningioma/Tr-me_1274.jpg,meningioma,1,train,68e8e3c7ac40662d7e21c07eb2d332322a290d26dd1db094c92d45b0e2738aec,c6333d9c34c2b38d
Training/meningioma/Tr-me_1276.jpg,meningioma,1,train,65acf1ce62122f10a5953d6547a2016d81ee48a445668d31560b4ab8e5d25197,c2262f5834d2f39b
Training/meningioma/Tr-me_1277.jpg,meningioma,1,train,f8dc6502ae277ba69f7a1a6a3922068358db8feb3e028e71933bd89bad0238c5,c2362f6134c6f29b
Training/meningioma/Tr-me_1278.jpg,meningioma,1,train,f774075c060d8567b15952c618829b690d8d33cb9f1dd7769714ae0d18ce53f7,cb382cc330cdf33c
Training/meningioma/Tr-me_1279.jpg,meningioma,1,train,3ac3a6d822326c18ea494c9988bc4527024789654836a53bd6a1f1cade603a49,97366e622dd13193
Training/meningioma/Tr-me_1280.jpg,meningioma,1,train,b94b160be1605566e68159ce148e30981142dca3c7630e466f094dddb610efe6,cb382cc3338dc73c
Training/meningioma/Tr-me_1281.jpg,meningioma,1,train,5883a858410ec6389b198654ddf9bd0c6507ef246f730ddbc1a66ede847494b7,cb3c34c3b38cce34
Training/meningioma/Tr-me_1282.jpg,meningioma,1,train,274f41ea5f7a176e14d808764af28edcdedd3b0d54b1bd2d4f10e265c4ab8978,d24d6db434d27233
Training/meningioma/Tr-me_1283.jpg,meningioma,1,train,489f9b7ccfeb0c079d9c0c029f2b482264ff62ae5165ce4ad788b498752b668f,c2392df034e6721f
Training/meningioma/Tr-me_1285.jpg,meningioma,1,train,8511d0e776ba22f1281b374a1ef8ef16a782204fb7c63d873dc465882b28b50d,c30d3db23466b31d
Training/meningioma/Tr-me_1286.jpg,meningioma,1,train,22d3be985f0acaf56bd9e2d07fe82c5515ed7313c97074a31afea8a15cb1c6ef,976e689524cab39c
Training/meningioma/Tr-me_1287.jpg,meningioma,1,train,c8d0a8e651515e361cfdaff018739399c3d2c81b0e13bd49446435e53af9d805,9e697986649b32cc
Training/meningioma/Tr-me_1288.jpg,meningioma,1,train,e2ac30dbaf5fe2200213380493a2b743c89e5ce4fdf7445309fa6803cbb57678,936c7c93669a934c
Training/meningioma/Tr-me_1289.jpg,meningioma,1,train,32e576976989e0f89d4f805268e536193d4c32f35d86a9f23ec1a876b1b88b7f,9b6c2c93668c9b6c
Training/meningioma/Tr-me_1290.jpg,meningioma,1,train,7cdf02802cc87164f605efaedc0118b896add69fb9801a691a8f838505eb1df7,923969c666cf9619
Training/meningioma/Tr-me_1292.jpg,meningioma,1,train,5647eabdcea3d01bddd54a568117c8d07301ae834b652a0c9a5996741614670f,ce3839c6e68d9931
Training/meningioma/Tr-me_1293.jpg,meningioma,1,train,39f105c353d490052500d091da1fca6e6e42a45edb5e26b04a8cd23a271829ca,c2972ff83443723c
Training/meningioma/Tr-me_1295.jpg,meningioma,1,train,704f70bd36bc5e67d5482027c0e992c0d5fe8d7925b38b5285aae2b422672715,c22e3df024c3733b
Training/meningioma/Tr-me_1296.jpg,meningioma,1,train,5c65c3f9c01234d3ea81712b6d320368cd894f1274bef3bcdc36c9376f045e4f,c23f3db034cb329c
Training/meningioma/Tr-me_1297.jpg,meningioma,1,train,67926cc2b02f68ddc07c364ab5464fe356ee6cc05d718ab821160335a375b0c2,c22f3df034c3321f
Training/meningioma/Tr-me_1298.jpg,meningioma,1,train,f006900f049687a452953aa0a650526df2d1a5e9965d5e85862d421714f4a4cb,c23f3df030cf3219
Training/meningioma/Tr-me_1300.jpg,meningioma,1,train,cb799dde542da1a0228c5d029893454443b78b4f61c2c6fd388034d784611aa3,c33c3cd032cfd23c
Training/meningioma/Tr-me_1301.jpg,meningioma,1,train,17bce7f04575e224f6748d52a93a38d4cf90ecf2b0fb4c516f04ede31ada290e,95b46a4b2527e74c
Training/meningioma/Tr-me_1302.jpg,meningioma,1,train,9eafb6b7ed8eab1ac6cbd3aae0b954ac0fb0f99ff69a29b78dd7ee6e7f6ea7aa,95947acb6923336c
Training/meningioma/Tr-me_1303.jpg,meningioma,1,train,2d5f55c21447e8272b46e37765b9a2655dbb548a141a36224a7677f0c4c53db7,976b68b6254c339a
Training/meningioma/Tr-me_1304.jpg,meningioma,1,train,f5b443f954a7548ce0ebf72de0354b183fe1950369ed71442c74033db1dc5f69,95947ac8696b6365
Training/meningioma/Tr-me_1305.jpg,meningioma,1,train,82ea67ad672afdc475352876571d26205fcd063948922740bbf7acceb171e2b5,c26f2fb4309361cb
Training/meningioma/Tr-me_1306.jpg,meningioma,1,train,6c5883f6e478723052ace65556a20e5f9a4efaa06a2457b30c170bbc3b74e69e,c06f2fb034d2338f
Training/meningioma/Tr-me_1307.jpg,meningioma,1,train,3780c85312925146dab10d35f4e652756ec6a5e38bb4f520611c43413158321f,c36f3c9034c365cd
Training/meningioma/Tr-me_1308.jpg,meningioma,1,train,138b329aeea067480f9a478cecbf55419f524654c2615dc498ae26ba492b31f9,c32f3c9030cbd3cd
Training/meningioma/Tr-me_1309.jpg,meningioma,1,train,ec0003445e3c18babfb5055cdd4aa7b199ecc57415d50b313ec7579084260996,cb2c3c9332cbc3cc
Training/meningioma/Tr-me_1310.jpg,meningioma,1,train,513f5a542b9b4839cb6b59a503febeea482b146293affd4e03e34109afc8068c,cb2c3c9332cf893c
Training/meningioma/Tr-me_1311.jpg,meningioma,1,train,33d65376080dd73759ef679ab99507847b6a702fdd21005667d1ff57dd91a9f4,c6b36a2e3dcc30ca
Training/meningioma/Tr-me_1312.jpg,meningioma,1,train,c1bd1e1702828695d7cf528713672bbf0ee9d5617e3cc0a6fbcb62df63e669c0,c26d3db43093338f
Training/meningioma/Tr-me_1313.jpg,meningioma,1,train,e8e804faa0d70c1d574f34ae65e3f592afcb569c8ed183143c8f43b8922e19cd,c26f3d90709333cd
Training/meningioma/Tr-me_1314.jpg,meningioma,1,train,107344dc241d0be2f900eda84d64f6ee9b01db25adb81c90754170f5b49188e8,976968b631ccb29a
Training/meningioma/Tr-me_1315.jpg,meningioma,1,train,9bf700db7d47a029c0860e9f8445c0f13c972096e8d667a2fab3927a29208acf,976878a565daa698
Training/meningioma/Tr-me_1316.jpg,meningioma,1,train,f339abc52e14561c0864785e5b331a5c7fbe2624b3361cf85f7e621621903cc6,91e26e9d79716548
Training/meningioma/Tr-me_1317.jpg,meningioma,1,train,b6ef4a43da106d61276692242141d8d835171cf68c5c54a4c6f41eac802c8041,91622e3c796165db
Training/meningioma/Tr-me_1319.jpg,meningioma,1,train,a23770d788284a89592ec27056d16e9d8bf7b2bb8f720c7e14d03ca54116863b,91626ea5795925da
Training/meningioma/Tr-me_1320.jpg,meningioma,1,train,142b4ef2a07560cb6906d64cb35ce83d8643121cfbfc4887ac4114fdb7afe363,c63639e165cf6298
Training/meningioma/Tr-me_1321.jpg,meningioma,1,train,438a8dbecc1380717bd5e423332cd62fb6fd41b7d762b409c1863d1d93fde327,c62b39b424cf7338
Training/meningioma/Tr-me_1322.jpg,meningioma,1,train,d01763d737f67971710e502380cdcb710ff8a41f3cb872d2e35f646da63e0fd3,c66f39b424c3723c
Training/meningioma/Tr-me_1323.jpg,meningioma,1,train,855b0b72dd9ab8b83b702ef5bfa36fa81e219d7bcf5eef901eba82ab112fd1d9,9768689635cab29b
Training/meningioma/Tr-me_1325.jpg,meningioma,1,train,935c2d440d8bb7088ef7f54c9b91419c94f02f4be7b4867cfb9e958ac75f6508,c22c3dd374cec319
Training/meningioma/Tr-me_1326.jpg,meningioma,1,train,8c99ff597d4cb4373c33a13d600af26114b5c0852024db8afba0d1540fc9fcec,973868c524cbf39c
Training/meningioma/Tr-me_1327.jpg,meningioma,1,train,50ef1e2b6e2395099f77191f95e136f080f3dc8bf87ae8b60d2b4eac34c64fc1,973868c165de936c
Training/meningioma/Tr-me_1328.jpg,meningioma,1,train,feaaa67507f4c231dbd68b86ac598bc36af28c9db030967757658d47969f6889,9b38689366ce9b38
Training/meningioma/Tr-me_1330.jpg,meningioma,1,train,9f40cf857915c67d71dbd181d15d1c67b1c068949ee59bf6d625e57713d4a831,c4336be33ccc744c
Training/meningioma/Tr-me_1331.jpg,meningioma,1,train,c927e01558ebe8da66508de47c182684f45104f746e4047437c487ff42db97e3,c36c3cd13037d36c
Training/meningioma/Tr-me_1332.jpg,meningioma,1,train,a31fc407e679f2e64c0ba4cdf85581e076f9109585e659a21902a9e8eb000720,966d699261ceb299
Training/meningioma/Tr-me_1333.jpg,meningioma,1,train,03fa693b292f51813828183b3d3c8d54fecdc5ff781cbd3b87b5d88c6202602b,cb2c3cd3320ecb6c
Training/meningioma/Tr-me_1334.jpg,meningioma,1,train,6065509336ea4c1deb84badc0a0c50f62b4b6fb77e4f523d7760deb8ca6f1503,cb2c34d3b30ecb34
Training/meningioma/Tr-me_1335.jpg,meningioma,1,train,96d78ca69b0bdbde678baa7924777868a7df3d79ae00864f78b486d1d955ce04,c2e42f2f3119f296
Training/meningioma/Tr-me_1336.jpg,meningioma,1,train,3a8825c0c08f5ab18243b178ae90b402dce28cf59d1752c04b7bdb613816632a,c2e62d3e7079b298
Training/notumor/Tr-noTr_0000.jpg,no_tumor,2,train,160d0c19a51142133c14a9579fa9b0010ae00e7b21d87b5b928433b4bd29b7f3,815a0f787c71a717
Training/notumor/Tr-noTr_0001.jpg,no_tumor,2,train,0d829d3bd227d9b9d68d10139995f8130d8ac5c98d77c26eec3e2ea39891dde4,d3330f783c2c2c6d
Training/notumor/Tr-noTr_0002.jpg,no_tumor,2,train,8ca856ac43d4d6bf6a323bf51c4d9b59ecca46ad04cc2e8bcab898a802f1d5f4,954a1fa578257966
Training/notumor/Tr-noTr_0003.jpg,no_tumor,2,train,90cf4f3618eafd2438c60aec6a4b6948ef42a88f4a2af4dd990c32f8fda95c4d,946e7fa87a254899
Training/notumor/Tr-noTr_0004.jpg,no_tumor,2,train,6b42ad4d44210bcf9c7cae747e582b495f98a230fbd33cc93d60e03b01efe27e,87396e39d2621cc7
Training/notumor/Tr-noTr_0005.jpg,no_tumor,2,train,38dfec3bc292dbd5ed78de6e9faffd1920b9bae64dc2f39aa7d8c994c05ef844,923c6ee169c964b3
Training/notumor/Tr-noTr_0006.jpg,no_tumor,2,train,9114b557bfada70dc95e0dcb65bea469035909dd210ead60e7d2e59918d2212a,c36f6cb434d2629c
Training/notumor/Tr-noTr_0007.jpg,no_tumor,2,train,c064177ecfa5f5024b7650f7f5e6cfbf08c25f6faa18e4ed5c4cbe56342057e6,c11a6e6c3de46365
Training/notumor/Tr-noTr_0008.jpg,no_tumor,2,train,46225ce7f022e27b0a855dbb5b2b9a1142bc2d3676db4dc9e49d8965e513e206,84ca1f956abd2be0
Training/notumor/Tr-noTr_0009.jpg,no_tumor,2,train,004c3d5a17101c2f12122639dff92f337a0a471634a8dc3360df9e09b4aad589,9549170e7b144ef9
Training/notumor/Tr-no_0010.jpg,no_tumor,2,train,b58e34b2dcfdf4c00b5feb54a69c3739a6ed3dd8f36610b3eaae250bf18d1526,974b789c613727c8
Training/notumor/Tr-no_0011.jpg,no_tumor,2,train,ef8d0167c4183b8f0f8b864ed68b60a3f574030067420a513930d7c60640e459,c76f3bb43c927009
Training/notumor/Tr-no_0013.jpg,no_tumor,2,train,9f7aa600b1dbbab02c1ae0a58a69dcf80df52a2935001cd5042033c7098d5f30,90322fe56dd2644f
Training/notumor/Tr-no_0015.jpg,no_tumor,2,train,545394f094de8bb58147efd8f5a7c7e4221196c054391e043cc89fa9b8c5a8b7,d26a2f2461f3789a
Training/notumor/Tr-no_0016.jpg,no_tumor,2,train,ad89c520a9c91a5b5f89095590311ac67d1ca4c10464e592ec4265b3645dabbf,973e6a6078c334c7
Training/notumor/Tr-no_0017.jpg,no_tumor,2,train,3626a8743b153fb0dbc1a7625f1f02dc1b14d682ab4825373e2de166f89ba900,92623ae56996699d
Training/notumor/Tr-no_0018.jpg,no_tumor,2,train,cfce245d54fa34ce3739ffaed585b5ea090a698e55a755bf33e97d03975e7044,805a5be52b836d57
Training/notumor/Tr-no_0019.jpg,no_tumor,2,train,18d6bcece9c23c4013f9cc2b4762d84c7eb1d3cd78b8913b25efa091ffc7ad49,946b563d3a847972
Training/notumor/Tr-no_0021.jpg,no_tumor,2,train,0720787ff7dec8be9121da2b843f524352681e3e7c3db3b532cd5d059ecb0029,954c643bc7e39839
Training/notumor/Tr-no_0025.jpg,no_tumor,2,train,dcd59a2be7a8955dc1bc9ebc49ebebe2273b741d9de08ae844fb2d6668462f93,c3263fa43cca689d
Training/notumor/Tr-no_0026.jpg,no_tumor,2,train,6020e01b2ce12d0b6adf23d08c6953a8779fe9e11aa2c1caa93c1990bfcd8d4d,c3263fe03ccb609d
Training/notumor/Tr-no_0027.jpg,no_tumor,2,train,934717fb1c57541572df7fb6e396d29bfce58a90345b49a73561a96d500a51ca,926a3fa568ca2d8d
Training/notumor/Tr-no_0028.jpg,no_tumor,2,train,dac01bc44326c034df09ed3511c038bd0350b46dc85efa68eda1e6cae8c5c65e,926a3fa568ca6d8c
Training/notumor/Tr-no_0030.jpg,no_tumor,2,train,3410f116df18ac8fab63b33bae9cac7bf6436c661fcfb735f64316834613ca60,c42b0b7d3db43670
Training/notumor/Tr-no_0032.jpg,no_tumor,2,train,70d93d10989e7d64b82abcaea3f49c9ecb1aa12a6682711ec3c0a88ca44042d8,c0444ebf7e50386f
Training/notumor/Tr-no_0033.jpg,no_tumor,2,train,a73670cf8c223a167b8dc2105b585876342db1e4eab2f7cf230246ec0f5a1602,c04b3fbd2d62649c
Training/notumor/Tr-no_0034.jpg,no_tumor,2,train,986c453a4ded14d36a26de0236cccb8a3d7a44cfc5fd4ee5b4fe804c09449861,95c67a99689b2578
Training/notumor/Tr-no_0036.jpg,no_tumor,2,train,fbfc817d9d109686fdceb24a44bde3ac432df501c75da612473aac9c0f17ab7d,c23d2f343b703e32
Training/notumor/Tr-no_0037.jpg,no_tumor,2,train,a566295666c607d295369ef707b1d767f00c7d55ec191bc21cc4e520281fc7f3,863a6fe16163369c
Training/notumor/Tr-no_0038.jpg,no_tumor,2,train,7d82024a4f05240a45bf19783526bec6362b0c5adaf93b7cbbffacb370e33f00,979f78c961253664
Training/notumor/Tr-no_0039.jpg,no_tumor,2,train,a6345e08c367a7b8f267a7b13a59d203aac04c9c07f83f1549648ebf46dccb5c,81975ec82875794f
Training/notumor/Tr-no_0049.jpg,no_tumor,2,train,4930d908317d16087d73b5f602783e43cc0a6322e32e8912211b6b497974e71c,911b7e296a7827c5
Training/notumor/Tr-no_0066.jpg,no_tumor,2,train,492c3b380c065c3258b896456fdd0bfa4a9c9499958337cc7e4a91e2b2f04d1d,c36b3c9032cbcb2d
Training/notumor/Tr-no_0067.jpg,no_tumor,2,train,e66a6f2be5020fe1b6bb1848f43b8b0939b5fc9fac89b99ad50c69015270378d,834b3c346d6512fb
Training/notumor/Tr-no_0068.jpg,no_tumor,2,train,93ab45eafde6acb5a6a564342358ae1c1a4a4a655032e47874124b70588dfce4,9e697a29356133e2
Training/notumor/Tr-no_0071.jpg,no_tumor,2,train,4c30f8f0ef321749d87c5ca3184a3d44a6aff3abf3561ddd484a9e1dee2e0f9f,94a9571c2b4e3dd8
Training/notumor/Tr-no_0073.jpg,no_tumor,2,train,6d590e0db8c1edc2eb0ebe61ce72f7e83438e08ebfce2d029d507115e4c0aa6f,955a763a68a17365
Training/notumor/Tr-no_0074.jpg,no_tumor,2,train,ef1238a790765bbdda2eb80463c07943295d8d6446079763d6dbb1ec028f349e,c35904681fcb0fcf
Training/notumor/Tr-no_0075.jpg,no_tumor,2,train,72ea66f0225254a09fbeff8e5a5a87650682c96a473e1b09f163f9a123f9cc79,940b44fd3b84cdda
Training/notumor/Tr-no_0076.jpg,no_tumor,2,train,030a2c9da814851834b264c54250499cf77f93cdb24dbe642346817efdef4214,b1560ecd1ce528ee
Training/notumor/Tr-no_0082.jpg,no_tumor,2,train,7ee91875752c02db4aea15b8498a5b334308686baf3ba208cc81c9b56026c183,d69606861fcd6969
Training/notumor/Tr-no_0085.jpg,no_tumor,2,train,fcfcb555d1589fc92e2e84756bdb2d65de9ee76ea4afa2b64c2a45bc1e19b18e,95da5f3b2a657820
Training/notumor/Tr-no_0086.jpg,no_tumor,2,train,d8138ba80636e62673baa33f7de2f23f2dc2fccffb21fe82020e1a05e8bfaacb,811347f78b549f38
Training/notumor/Tr-no_0087.jpg,no_tumor,2,train,0b1c7f21c7130d289709ca1d67903182ecf660f57ab3174a925f0e4fc8d65a2f,aec1e008b1cbd7e9
Training/notumor/Tr-no_0088.jpg,no_tumor,2,train,ea51f4bc4e63bc2499fef47d685bf32cd25dd7e6fe45b28a3127fabfdf90413f,959a6e347a847c5a
Training/notumor/Tr-no_0089.jpg,no_tumor,2,train,aade307cec379042e7f978f6d763c5a8c5ea560abb447bc85a586af147ff9b30,c04c2f3d7e903e35
Training/notumor/Tr-no_0090.jpg,no_tumor,2,train,5f0fd3dc29d1dca9b64be421fe06f6677aa785c0546dadc6944820a491a0eade,954b4e7d2a0ef11a
Training/notumor/Tr-no_0092.jpg,no_tumor,2,train,de31248de045cd6e4694998f8eaf19cf53acdc9ee4913a0a92300bf65e9f8220,d10a357d4a96da9a
Training/notumor/Tr-no_0094.jpg,no_tumor,2,train,08f06fba47a123fd33073a795f1bb60db479a1f918b9150553ec08c38e63f06c,942f7e7121c47b85
Training/notumor/Tr-no_0096.jpg,no_tumor,2,train,c3ff7637a7fc78986c985ecd1e8985c4bfe34cbeadb0fe62ce5ccd74ad861ce0,d16a0aad4fcc3cb4
Training/notumor/Tr-no_0097.jpg,no_tumor,2,train,f98b279f2969dca3666285769318f09491a200b36105c29b796c8dd034c64437,c02f2ff43c9330cb
Training/notumor/Tr-no_0098.jpg,no_tumor,2,train,bc95bcdaee1a67cc04072cd0e51c96402ba033c71d562edb269270850a6522d8,d46b3fb06a8ce134
Training/notumor/Tr-no_0099.jpg,no_tumor,2,train,a28f0ad361dc979a2e77f8e23ab610a860865431a3127221db5c6c36a1eb82eb,950b3e7b0afe6818
Training/notumor/Tr-no_0100.jpg,no_tumor,2,train,435cb3418572defdeb0f96415402e0ae32ba8576ee36e006c833a2b5c042b22b,966a78a56196e59a
Training/notumor/Tr-no_0101.jpg,no_tumor,2,train,cfe18c78df51c08b80b9ed31519d6faa9ef3aaacf24d7ed96044719b50776884,811d7e9e6e606969
Training/notumor/Tr-no_0103.jpg,no_tumor,2,train,5dbbf8095e0c8e32c0b7c98110bcbbd43543c6744acc3f9bf34f0ec5ee32f540,d11b0af34fa903f2
Training/notumor/Tr-no_0104.jpg,no_tumor,2,train,06873cab3b63b93ab1fc3305566a7f34e0a4f5598a5eb67163071bcdbfc81a80,cd32349332cd67cc
Training/notumor/Tr-no_0105.jpg,no_tumor,2,train,8077e1bd16b4daec1363b3db5e534b7e0f5b214a0ffe0c60f73b055615a84943,9a996433698e6727
Training/notumor/Tr-no_0106.jpg,no_tumor,2,train,29184aa33b1eef1cc71d6db1fbb6bca429ee518b743991145c3403d7a0a768e6,95326acd79a76642
Training/notumor/Tr-no_0107.jpg,no_tumor,2,train,8bc262a306a446e542ca88c89200c7b0a00c9a718ce4a9424cff1e6f5d7c9489,95954e7878726d68
Training/notumor/Tr-no_0108.jpg,no_tumor,2,train,a91aa4c7eb9c9f834abc9e865a284afe981c26cc187ca2c832220e78b858a420,97687a253897e2d2
Training/notumor/Tr-no_0109.jpg,no_tumor,2,train,cc730c49de74a4c5abc6304556874113bc229c613cbb039e57afa5881c0591f5,866a3e21389769f6
Training/notumor/Tr-no_0110.jpg,no_tumor,2,train,6bc900f5ba3cbb4e9ce8307615a427d0535c99c7b38273e91cbe769a34d2a987,876a6a3939a564cb
Training/notumor/Tr-no_0112.jpg,no_tumor,2,train,30955c5a0bae115de8763e134f460c86d2bc9f9ed783b22a95de305764cd923f,916a1fad7a226c9c
Training/notumor/Tr-no_0114.jpg,no_tumor,2,train,cd9319af8c14cdab26c86698e441cba4d54d2e4d94c04af9e353dfec2e771ae3,940b3e790b7c6939
Training/notumor/Tr-no_0117.jpg,no_tumor,2,train,02661f67a95daf748a1dc570b5394076c97d38e025e6706999295a3c5f9e5fdb,c36d2ca22cf4acd3
Training/notumor/Tr-no_0118.jpg,no_tumor,2,train,28bd93b9e80407414e86d43e9300e06333c1b6ad85b224445869450b3e0c4cc8,954a46797aa67878
Training/notumor/Tr-no_0119.jpg,no_tumor,2,train,d0bce9e0452599f9cba5b8fea6798cb74882612154cc0b564b65c5cff2bc4faa,d11b6e7839e6701a
Training/notumor/Tr-no_0120.jpg,no_tumor,2,train,c41abcca0f7be47931a09db01b183525f88d3ab20a0512c3dc9e3246096809d5,c00f3b202f9bb94f
Training/notumor/Tr-no_0121.jpg,no_tumor,2,train,82896aef4975beedc7f55d062c0151a90f1d8542648946e06116ff71011f739b,959966743b0eedc0
Training/notumor/Tr-no_0126.jpg,no_tumor,2,train,d2b3afc27c1da81e8096f4e69f5b791fe321854e04173d233f93482256a9c521,942b666f3ac64a9a
Training/notumor/Tr-no_0127.jpg,no_tumor,2,train,f1882fd76d4639941a4109d7a4de42d3c384e11582a71169d7182cb827b349bf,950f76356ac6691a
Training/notumor/Tr-no_0128.jpg,no_tumor,2,train,5cc91da995d84b6d29ec01428819e14bdafb9e8c596637e22e82abbb15f7c53e,95865e78782d46f2
Training/notumor/Tr-no_0129.jpg,no_tumor,2,train,1c4d2c80adff6882fb21969525503dc0b2401d2e47eefc6c89406dc20e789f30,943b6e7829e6319a
Training/notumor/Tr-no_0133.jpg,no_tumor,2,train,93e592ba5a8eb23c9296170c14b83b20482152498d25d1612a21f9561b1cc119,95da5e395a8d3988
Training/notumor/Tr-no_0134.jpg,no_tumor,2,train,f373e8dc48e346b52732830f23e65839b42cf50f48dd9eb9c8b629db8d68edbf,852b66793a865aba
Training/notumor/Tr-no_0138.jpg,no_tumor,2,train,45923cecd224f042b1a3016b816621f983f179742b50d637b424b19cf55e8d51,87617a87389e699c
Training/notumor/Tr-no_0139.jpg,no_tumor,2,train,3648226376dc9c544abb36a03c3ba8e55a998886054ee496fd7b4b8a0a033324,c0332f0d6fc3cd32
Training/notumor/Tr-no_0140.jpg,no_tumor,2,train,ceb9afb65bfff079c49ffddbc34b8185288a260bce250a65391ee4379f126456,805b1fea3e952857
Training/notumor/Tr-no_0141.jpg,no_tumor,2,train,6d1237817ee41b3851703a4d04e0cd057019505c842dbe3e1ed416f33bfd3095,93362ce165cb61d9
Training/notumor/Tr-no_0142.jpg,no_tumor,2,train,27b779fdb178bef4a734a0d19c84df376a2bd3acf6eeb9a7dfc068531aa3bb4b,854a5ea53af44997
Training/notumor/Tr-no_0144.jpg,no_tumor,2,train,04386bcf9725f2fe2778b4920f2d08704aceb216835dbcb09eadd45685279b41,ce6c38b26553669c
Training/notumor/Tr-no_0145.jpg,no_tumor,2,train,99ea8f8309d44e32aa586ae9e55bc4a86c59494b7ba93723ac850e51b92e6590,81975ec82a75794e
Training/notumor/Tr-no_0150.jpg,no_tumor,2,train,1069bf0aa067046c64d32e2872e53f5e865ca128e6bb762928fc076c6699dfa2,916f7e3079655a24
Training/notumor/Tr-no_0151.jpg,no_tumor,2,train,1af21369fab7d0302985ef78b7f1718abb6cd9f793f147abd9b05f762d4be21c,9a3c69c36496a69e
Training/notumor/Tr-no_0152.jpg,no_tumor,2,train,74794d18102fe5cf9e73e83f2d6f98a483a8eb70d09d19b15894a43db8863913,863e7aa16ad13d23
Training/notumor/Tr-no_0153.jpg,no_tumor,2,train,d7631975451cddadcb335e92749a21978327d14ef28e8b5075a3643571d7e84e,c23f2df034b33c43
Training/notumor/Tr-no_0154.jpg,no_tumor,2,train,4073a259be7e3d7d35bcbac8528bd09be74e8590320c57ff722dc96aa1a6914b,cacf2cc8393d7330
Training/notumor/Tr-no_0155.jpg,no_tumor,2,train,918ffb40b3a59fb95e551ad85771e73d107383f43be280e9509ab9479c540bec,d0c96b3f8c70706d
Training/notumor/Tr-no_0156.jpg,no_tumor,2,train,401d99b0589ae7bbc846a581cbe0b3b17222b4c3f38aa2dbaf574acf9e521784,954e1aac3ea47837
Training/notumor/Tr-no_0158.jpg,no_tumor,2,train,a427ed4d507e40ca636173c1bb5b2bd1abe98a803ea72bbba129231b6b409b79,98cc6f3339b06533
Training/notumor/Tr-no_0160.jpg,no_tumor,2,train,26944559a556d30d4536733d2798e70a60b8c27fb71980fbc150208eee37259d,86765b896a647965
Training/notumor/Tr-no_0161.jpg,no_tumor,2,train,f3ac12950e53c1166e14e4dade651547adc64694f218a502d1f1730ff557f524,95376ae86927b82c
Training/notumor/Tr-no_0162.jpg,no_tumor,2,train,8659a22786da6d48685d4017b87f68f7087217a3cc7fefe1b6f268c302379b39,965b49a22e659e2d
Training/notumor/Tr-no_0163.jpg,no_tumor,2,train,930c82a2441ed9dbe2388fb5ea0a4fa24954d128bdb2d84493329c323feef759,d10b2fbd6c3168f0
Training/notumor/Tr-no_0165.jpg,no_tumor,2,train,a857c61643a4afdad23fd14b8d67f8eab01ab9db97998872759f10813bb35e8b,c33f2d70349399cc
Training/notumor/Tr-no_0166.jpg,no_tumor,2,train,8b4cd47f4f20c29a7ab604643141c6e57a8ad1f9b23425f2822ac00e9136b5af,92171ce93a942df9
Training/notumor/Tr-no_0169.jpg,no_tumor,2,train,1f95470a2f041def3d0a3db9bf62430d50f9848848935f3eea157ce504458ae1,d70828bf02adc77c
Training/notumor/Tr-no_0170.jpg,no_tumor,2,train,9490e13e6df2b68d6820d61c4370bbeae6c9caf91eb4a637ca2b28f43f81e917,d44e2b654c943df2
Training/notumor/Tr-no_0171.jpg,no_tumor,2,train,93693d18722a1aaa3e9401ec53200f853ddb61d59e346d1feccd02b3e979c898,876a7ae07aa56934
Training/notumor/Tr-no_0172.jpg,no_tumor,2,train,dab085371d550bf125d8ebcbffb96a16983b9d0166ebbf49bd77f253d8320d29,966a7ab169372172
Training/notumor/Tr-no_0173.jpg,no_tumor,2,train,d73d7d64e62e8e7feb0a274fcbd9a7f7da85e8f2b9f8196ffa2228e5219f0165,954a46794aa55b9e
Training/notumor/Tr-no_0174.jpg,no_tumor,2,train,2f90e8a6207042e605f29174364a9c39538c0c46152d4aad3aff785eb1b65542,950f453b0ee77630
Training/notumor/Tr-no_0175.jpg,no_tumor,2,train,b22985b26b0dea3cdd72c936fbd97cee992eab04190a0b63ad25110993a0075b,97387aad26e36027
Training/notumor/Tr-no_0176.jpg,no_tumor,2,train,b3abcf9c2cc55f4aefcf563cfd96d15dcc878aea07e4a142b72529aec1c1c442,9d5a6a6569343c33
Training/notumor/Tr-no_0177.jpg,no_tumor,2,train,b4058943b368c86e52a2e830f3428299a2c9896ec27930859d7ebdeec7b308d9,916e76316a856b96
Training/notumor/Tr-no_0178.jpg,no_tumor,2,train,412d5df9e50658ff9de36f1e3d116153fd4dfeb04f3f1a665957814b98d7fa3e,9e3c69c36496a68e
Training/notumor/Tr-no_0184.jpg,no_tumor,2,train,d9a91075e4cd2c4484066cafadc57d916e6ac98b1a618e06b5f18de64a941459,95ca7e3b68e53184
Training/notumor/Tr-no_0185.jpg,no_tumor,2,train,2027647df4e07ac357f2c55a701b71b843c0b35e4d139ba1bdd2d1598e6f094a,866a3e21389769f6
Training/notumor/Tr-no_0186.jpg,no_tumor,2,train,7c053ca943afb54b910f4a5a72a008080bfb0ceebbcce21c06fb9c9ea519427b,c7386f6f68d03a0c
Training/notumor/Tr-no_0188.jpg,no_tumor,2,train,22c594d27f536cee8f59799d948db43e2bac1ad4b5cf88c1262d376f6488afb5,923d5a39394e3999
Training/notumor/Tr-no_0190.jpg,no_tumor,2,train,72eb38a60e79734b440f9c1aef312eb7db705041533329e1dca99e76154e141e,d14e0ba92f747b21
Training/notumor/Tr-no_0192.jpg,no_tumor,2,train,c1aaa288dbe5bff4621325f93d4fb8f4a7909496de3470a5d2baffb413f0a34d,873a6fe12ccd3194
Training/notumor/Tr-no_0193.jpg,no_tumor,2,train,e5e2198078d8eef300bef1a15f5db8faff50bfacf0acd516a3af7848f9ca7c2c,9443481e6b6f1f69
Training/notumor/Tr-no_0194.jpg,no_tumor,2,train,1265fc3e51ce1284bc88f183c0a3263127eef335c11e93454bba46742b4b8560,9a396565659632cd
Training/notumor/Tr-no_0195.jpg,no_tumor,2,train,6db0d10a60855a100e490c97cc317c18daf6a627cfa4835b66604d64f4c5e373,90326fe56d92314f
Training/notumor/Tr-no_0196.jpg,no_tumor,2,train,bd63e0764b8d7676a6112e030150e94356c7ba48c9f5b83986f880c53bda97f2,9e697a69346132e3
Training/notumor/Tr-no_0197.jpg,no_tumor,2,train,3a2ee734ee1f2225d5efefe625921fbadf59b3c7cab864f861b0059ae240a4df,c36f3be43c927049
Training/notumor/Tr-no_0198.jpg,no_tumor,2,train,57e36d792d793e0545fac72303a0f309bc2f939db29fcafcaac3148c169bdb12,9ecd3c6d68386496
Training/notumor/Tr-no_0203.jpg,no_tumor,2,train,59680fdc984a34d3f4f7aa9f770b83d6aae15f5a4ffc63cde0e692092e7b4517,959a4f315ac51d5a
Training/notumor/Tr-no_0204.jpg,no_tumor,2,train,b38cf0f00c07dc84f2ecb221494a8498e3623ca12ca411565e8618474bf83f0c,c51f2ef03ccb30c9
Training/notumor/Tr-no_0205.jpg,no_tumor,2,train,71055139c185911d6e4a88605e78d07e99cc7ec15a8f258cd9c448615776bc86,c61a1be5783671c3
Training/notumor/Tr-no_0207.jpg,no_tumor,2,train,150328755d128333dfb12a1a828fdace6e5677fd537debdd846b2349ea38592b,c6923be2351e7989
Training/notumor/Tr-no_0208.jpg,no_tumor,2,train,4885acc5b07d05e4b068e4817a03ca86a1613882a24cbc1d96fdcf0a5ca4e253,85de5ee978256960
Training/notumor/Tr-no_0209.jpg,no_tumor,2,train,4811f4c4c53ae828d6d62732ad9b190913af6eb7b6aeedb89a5f8d840168b1db,c36d3cc3389e6730
Training/notumor/Tr-no_0210.jpg,no_tumor,2,train,7cd9c5d86b180721818c2df7a4c06408eb354930fd460ef119b13124b75772f9,c01f1bc02f5fb52c
Training/notumor/Tr-no_0211.jpg,no_tumor,2,train,b5d776481f240ef155495ced645f5b9a8bf547e842381e7178e55c64cf484076,851f1ee178876ccc
Training/notumor/Tr-no_0212.jpg,no_tumor,2,train,e690314f9e0bd43293ca3cafcb2feea88bad250154694ef27bcd5a6b1aa03767,d12f0af83fb03dc0
Training/notumor/Tr-no_0214.jpg,no_tumor,2,train,dfc3dfe95d2e90c7b41999c219d2cf34f0b729eff27f54f194d04a9a23fae781,c01f1be03fc32d6c
Training/notumor/Tr-no_0215.jpg,no_tumor,2,train,a0110ea7697ed7e13e50ea29816cffc7b5a09848a27926de951b32024a14a426,805c5faa2bd53e86
Training/notumor/Tr-no_0216.jpg,no_tumor,2,train,e2ef590928b0d504d84edeab835717beaed0ef4c33e4a6bec99e97749bcb9a23,804a4ba92ff57c96
Training/notumor/Tr-no_0217.jpg,no_tumor,2,train,8fd30c11ee4befaa32f0ec9d2e9bf514fb8358ca45de13e922349221c293264c,c5072a3e3af87368
Training/notumor/Tr-no_0218.jpg,no_tumor,2,train,0d01f927e710eb1012ea1db306b30718aff811ef8e3c00044bc98e1f93f131df,c7267cd8603339cb
Training/notumor/Tr-no_0220.jpg,no_tumor,2,train,d8fd62cb00d81bf744690ebcf05beeb059d96c3cbcc83f04a29d3c1c66852acc,d5040afe7a706bac
Training/notumor/Tr-no_0221.jpg,no_tumor,2,train,3b379c3a5b4ad5471e68863e94ed485a4013dc704ad73962ffec8b00b1d6b03c,916a0fa57b32689d
Training/notumor/Tr-no_0225.jpg,no_tumor,2,train,1e2693725f4fe3be607ed31eae78ca16511ae1220a56b652adc3a94ced9c08ae,c11b2eec3d25359c
Training/notumor/Tr-no_0226.jpg,no_tumor,2,train,6e5ab3cbf7efb52f69a6220bd762b8140ac3bdd9eb7a76afc371762cba14b231,c64e2d907ccb345e
Training/notumor/Tr-no_0227.jpg,no_tumor,2,train,8e4fccb06ae3b08d80f5890535dd1fc1f7495812656c9a708115a16812216620,d44e63b70c493735
Training/notumor/Tr-no_0230.jpg,no_tumor,2,train,600dfb0915d4c9790d642679a933243e077c836350210b1eaa4f205c5fc9808e,d04b2bb57c3434da
Training/notumor/Tr-no_0236.jpg,no_tumor,2,train,eade8dbe9ea4449a1be5b171e81fd75073a21205c248596a1aeb0a4355cb4398,c43b2ee46d9470cb
Training/notumor/Tr-no_0240.jpg,no_tumor,2,train,0b948404f8d2c87280da5cf8469620eed1bc7686de521638a52cbaaf260bd2b3,817e4e683df1a516
Training/notumor/Tr-no_0241.jpg,no_tumor,2,train,e1f273f77a592d3b0575f06906fa910bf4ab6660b4ed768401421747e49bd192,956c5aa75a654ca5
Training/notumor/Tr-no_0243.jpg,no_tumor,2,train,4bbaca21b216736c58a276f7b4b1ba7991a55a9182c4b695283fe4a52291f3fb,c2396b3e30c7b03e
Training/notumor/Tr-no_0244.jpg,no_tumor,2,train,6a5d1a55e3cb6ac52a65e882e687ce5c27924453c2da524c8145282c2a71c766,95863a7269c9696b
Training/notumor/Tr-no_0245.jpg,no_tumor,2,train,062199fce957a33a59e2136bf4c73105112eb203243fd64e1be3e33be7c58734,96da69a5619937c2
Training/notumor/Tr-no_0247.jpg,no_tumor,2,train,38f82e1effb7196d92e422eee9ef42ea92a549dce0f037f2cd629c6c3bd4959f,866e79f13a816bc1
Training/notumor/Tr-no_0248.jpg,no_tumor,2,train,e087b495fdef5c89c0375442d27fdc85caae33b0c8a0504cbfafb976e275fd4f,812d5ff022d7798a
Training/notumor/Tr-no_0250.jpg,no_tumor,2,train,a71753822bde019ea1d3a2a9a3aa448023ec965b1c9ab3114060abed26ea0671,d05a5aa13ac06f9f
Training/notumor/Tr-no_0252.jpg,no_tumor,2,train,fff31af64acad70319b49caafa2c71b7fd3104e64cf6e6738b85523487412be2,ce1b3c6c731c31c3
Training/notumor/Tr-no_0254.jpg,no_tumor,2,train,6ad362586fd0043b59deed1e353cb3109292e7c723d7056aae696a3040aa5101,c9c63e3c32329f38
Training/notumor/Tr-no_0256.jpg,no_tumor,2,train,dca974580c1eefaeabd687976087d9a3bd5f572e20a48190c013244c2f7b6e37,926d3a6d716c6174
Training/notumor/Tr-no_0261.jpg,no_tumor,2,train,9d9506e2e7d97c6a4426169becc04fb1bec2077ab43ceb00e0896726e337aaa0,d107586d975aa5d8
Training/notumor/Tr-no_0262.jpg,no_tumor,2,train,2bda99ce192008fb97706057fd9204e9ea34b07491751f5b79360395e0ba32eb,944956699f9669d4
Training/notumor/Tr-no_0263.jpg,no_tumor,2,train,7d8961f08fccc68d632a66a668986c5a87e6af6e70766fd1f58b61bb2f2320a0,954a6e743a423cf3
Training/notumor/Tr-no_0264.jpg,no_tumor,2,train,f795eceeac4de85a69a674fa6d566e78a4341e590c5c24f046f5f28a98067708,914b3b15ec56b427
Training/notumor/Tr-no_0265.jpg,no_tumor,2,train,6d3a4e5564080a7e606eccae98c49c4acc7ec7efe82ca735028c4823a90cf43c,950e7e6a2a3d7825
Training/notumor/Tr-no_0269.jpg,no_tumor,2,train,16685ac30577a028950f68497892918b2cc9f11a07bbe9ace2bec195a5e52ae3,d1f0005bf29b5e99
Training/notumor/Tr-no_0271.jpg,no_tumor,2,train,28ec0005126e7821c2ba741042eb3afad7b69017c087ebdc0508f651a0f0a4df,854a3e096ea5795e
Training/notumor/Tr-no_0272.jpg,no_tumor,2,train,002d1842f6a949a6a4f091dbce93e7f92c319c3b1f1736132b105a616273020b,d05f02683f6b3c1e
Training/notumor/Tr-no_0273.jpg,no_tumor,2,train,8a9f4caaec4549db5d5bbfeb7668d8bf7c0b6c1721b3dea1a1d8db47c1322441,c23c3ee16d936968
Training/notumor/Tr-no_0275.jpg,no_tumor,2,train,b79b7eb0843cae215e76889cb4a05abaa8810d83f2dbcb46c49e252bdfeff217,d0c93e492fa4394f
Training/notumor/Tr-no_0277.jpg,no_tumor,2,train,c8e04cbdb42046803f3328228032b8211205b46d26f1c8dd9c7466b570a5cfe7,c33b6ce434db708c
Training/notumor/Tr-no_0278.jpg,no_tumor,2,train,613f5d4a393cd1719f7dc572d8e7c92878a1a98f5b0e459edf508dce12ff4d86,954e7a9b1c61693c
Training/notumor/Tr-no_0280.jpg,no_tumor,2,train,0761b2994e5c59cbb1e0cebdf67e88596481344989d76e29d71c04ee7faa4794,9ecb69b461329663
Training/notumor/Tr-no_0281.jpg,no_tumor,2,train,0a1134dd2b3aabd8e3748cc22d345cdf95fa087cfa0ac0fadb8a811d47b78faf,966869b77a982972
Training/notumor/Tr-no_0283.jpg,no_tumor,2,train,c6556858206d50451959a97b751681e8ca6612f5b88ae88238ab5ffd01764e8d,966e6cb52fd06095
Training/notumor/Tr-no_0284.jpg,no_tumor,2,train,5003e6311891a71bc8f300bc2f573839094cb7eb615feb5533ada3a8df1310a5,d5c90a637f9d2816
Training/notumor/Tr-no_0286.jpg,no_tumor,2,train,4149cd07827d32d07482f9095f80622498d938522d1167f902023fd0aee0217b,9e6969967132c9c3
Training/notumor/Tr-no_0289.jpg,no_tumor,2,train,97529eca9ce284f9d8c044d8e57849e9403a3ae09575de44df81cc3dd6dd1798,c4d92f3a7865389c
Training/notumor/Tr-no_0292.jpg,no_tumor,2,train,7db3ab0c5938c93b3a4d128ecfa9ee0fbb353046c0fa3f216af0d4740d187f6f,976c6dc4609b253b
Training/notumor/Tr-no_0295.jpg,no_tumor,2,train,b6ca0cb9ac2809443b6d3b297853e777860b0ae4686acfb9d48c7ce231f4d557,c41f1b6c2e598ea5
Training/notumor/Tr-no_0296.jpg,no_tumor,2,train,40da904b6d29dcd6d5c1104060e57bd1c13566d9316a102c133d11c27ecb3452,954a14394afd1bda
Training/notumor/Tr-no_0299.jpg,no_tumor,2,train,811ce1e918f4a11ae01e9ec9e5dec3a0173572746058cec8afd2c5b8b814c6fd,959e3e6878252d71
Training/notumor/Tr-no_0300.jpg,no_tumor,2,train,21279dcae51a01f986668ab80c13de3829be40a128a3aab7db42223bf28888d3,d16a1aa53f813a67
Training/notumor/Tr-no_0301.jpg,no_tumor,2,train,79cda738776364afd3b16da2fb91569b81408470ffa5920e666cd6f04b504026,87da7a71399c4865
Training/notumor/Tr-no_0303.jpg,no_tumor,2,train,28730f3981543eddc2af158b99578bc925ade4447717aae101c21317be8cddae,87727aa56acb2958
Training/notumor/Tr-no_0304.jpg,no_tumor,2,train,52d7bdfb0fe009d5f178ffe10213e3d0e33a6a84cd9727d003cc25cfa252bbb1,963c6fa164c325c7
Training/notumor/Tr-no_0306.jpg,no_tumor,2,train,50d45447c0ccdbb407df32c16e6b6fabe76205286f63d3a439e23e819d3e5340,c3781ee30f1bc649
Training/notumor/Tr-no_0309.jpg,no_tumor,2,train,def5eb7b72b11349ae71b656ba15b17680e07d090111938c0429430e06a50870,c14a17bb1f611e4d
Training/notumor/Tr-no_0310.jpg,no_tumor,2,train,9f370c96653361f2e4b14d62079932dc18e9d13d052d5119b0db845f894977aa,d14e1bb938216d75
Training/notumor/Tr-no_0311.jpg,no_tumor,2,train,a5e627edea81907c98f81a385a7712c24afb4508709bb7cd19368722856a00a4,850f13fd57344a3c
Training/notumor/Tr-no_0312.jpg,no_tumor,2,train,78bdd97b4051ad332d85123a573b5be0cc516067b5c99cd6edf83c56184f270b,810e167c7b7868f5
Training/notumor/Tr-no_0314.jpg,no_tumor,2,train,51c68a442dda172d80c707dd30308e94fff4755052a4d6776a2422707ad7ad96,865b59691ead9a54
Training/notumor/Tr-no_0315.jpg,no_tumor,2,train,5b562ca6cabe1d1d4575e27fe0c3284e9f4c0754dacaf4a24de85731770ae413,91191ffb3b126895
Training/notumor/Tr-no_0316.jpg,no_tumor,2,train,d0fa9400a8db959e4e5560cbfff06293b4c77c22bf5bdbcb1ed15bc944655dd7,cf3938c734cc329a
Training/notumor/Tr-no_0317.jpg,no_tumor,2,train,4c3b6bac91705d85e503730f5ae2c350dbf0d4ba5d056b34fc91686fe9b7dcba,919916d67ab94a4d
Training/notumor/Tr-no_0318.jpg,no_tumor,2,train,759d221f9afb89aba7f40a441c76374fdfe59fa25b355c873fdd982d992e9908,901916ee7e680be7
Training/notumor/Tr-no_0321.jpg,no_tumor,2,train,5156ce0d58dc9182c44f29800aea6328961113677d5f04b9a977e1b3777952f8,d02f686b3e914d9c
Training/notumor/Tr-no_0367.jpg,no_tumor,2,train,1e9705bbbf68317a66aaaa157af47cc58ac8dc7230aa1180b07f6bc1e89b122c,852b66793a865aba
Training/notumor/Tr-no_0371.jpg,no_tumor,2,train,b62f42151f0eaaa5b57dad47e3200477f5c95242f6eeac4628b541fdd87f838e,958b6e3829e46d39
Training/notumor/Tr-no_0374.jpg,no_tumor,2,train,39787994dc7936c35e6fdfe7a581852747463c59f3fb115a978589c243fe97da,943b6e7829e6319a
Training/notumor/Tr-no_0375.jpg,no_tumor,2,train,9937ee9ec7b2550866fc9052f930a8867168feb972bf01f078d57b6181d57bf0,9463481e6b6f1e69
Training/notumor/Tr-no_0376.jpg,no_tumor,2,train,b206a9e211648cbd98c3a06156749a2646c565b92be93aeab71e2b39841f03cc,959a6e347a847c5a
Training/notumor/Tr-no_0377.jpg,no_tumor,2,train,bb958a1b57c813e2d78ddef5279089cfc5bfdfbd8a867540fc23dac6e34e64ee,950d567a0bd6695a
Training/notumor/Tr-no_0378.jpg,no_tumor,2,train,4242d61afd87d1713ec7ec116f5da0a8d6435952052904844f850aa88983e16f,912d6e7d23f46990
Training/notumor/Tr-no_0379.jpg,no_tumor,2,train,e10f28f878b7e4b2111d638342e6e8814f9928136d3b2d9971503ccab90a677c,c10d0ef73aa27c99
Training/notumor/Tr-no_0380.jpg,no_tumor,2,train,40ab47c7fd270648519197e97836af2f11120d1f4bd3d05665f8a48c2729ae18,954a5719c5da1acd
Training/notumor/Tr-no_0381.jpg,no_tumor,2,train,6e8dc0d845ab20583477d4da56a06e7522ff8cf7f6d456b9d4db738251794c36,956f6a318fd01b86
Training/notumor/Tr-no_0382.jpg,no_tumor,2,train,481d39272596a35c321de885996a327b6423d31a85dddb6e43936ef4c11a402c,918d4f5b2e1a7174
Training/notumor/Tr-no_0383.jpg,no_tumor,2,train,9e83f3af2f0246af75c0d7b22d80f38b8eadb814bb2dfa7b487e2024b5d61e30,954a4aab4f713ba4
Training/notumor/Tr-no_0385.jpg,no_tumor,2,train,dd5f6d5223824952185e005c45ab12e5e5207e248d0dd765d48923cb19f40a6d,959f5a387a626869
Training/notumor/Tr-no_0386.jpg,no_tumor,2,train,eb8a38c4b8918a64a8628c465c26a2d997528b02f5881e62f57cc69c17d8c52a,955a4e336b663598
Training/notumor/Tr-no_0387.jpg,no_tumor,2,train,11b77195f587793fd9d17115c18c95e7e57b77d885f9f043ca0a102003d79fe0,d02d5255a15b3de3
Training/notumor/Tr-no_0388.jpg,no_tumor,2,train,61f556842bf0e8088c5635c693b451141bf7856bc546b4db4b9be665c1a7be81,94826f3d62ed3f40
Training/notumor/Tr-no_0389.jpg,no_tumor,2,train,bdffddd4c31435a60383f4f989fb756e187e6ebc2cfc4a042ae2b1855fd4e755,85560d1caf5f1ca5
Training/notumor/Tr-no_0391.jpg,no_tumor,2,train,a261c9753d036df77d0539e2331f29f69263f233be418cbde8e8f7b2990186e9,978f6e7238686361
Training/notumor/Tr-no_0392.jpg,no_tumor,2,train,6357234916ca2111598d572b9a6eab4f577501d38164aa6982bb79e62eaf1fbb,c0135ffb0b706f90
Training/notumor/Tr-no_0393.jpg,no_tumor,2,train,161d334aed9ac6a0edef26243cabec48959682c2a57a3265302df39f21045677,940f7e7829c67a92
Training/notumor/Tr-no_0395.jpg,no_tumor,2,train,db82deb5a31bc47e7d2be2e3dd1038299529c3926daa913de59ab420a2f70827,92326fc56d96345c
Training/notumor/Tr-no_0396.jpg,no_tumor,2,train,8021f618f5598ec66e26ae95684da7ef31d6d361bbbc40a68c3e492b3bf99f35,c5bf1bc9269e1851
Training/notumor/Tr-no_0397.jpg,no_tumor,2,train,3602a12e714677a62f977d73f1fbe91ab1fabdd06a0abc8d9ca8a1146b6d6343,d2e02f0f6cdc2574
Training/notumor/Tr-no_0399.jpg,no_tumor,2,train,c7903e67ef21d7c9f80da001d934b63e904e73638d99b4e4c48a798f6d8fb986,c69c396b63617466
Training/notumor/Tr-no_0400.jpg,no_tumor,2,train,3c43d0a621935f95760df0cb437d0926d3feedf7b6f36e0748ed4517e3d0dd80,d0e00b0f2f5e1d3d
Training/notumor/Tr-no_0401.jpg,no_tumor,2,train,a5e432c800e64587fea01dc822a6104b68dafa474fb245d1056904a07b810ee6,d0e00b0f6f5e1c3d
Training/notumor/Tr-no_0403.jpg,no_tumor,2,train,81f7cd45f5d49ca0fdc908c9cd8bc2deac67d22035984380f8311b2bdbb89e7e,96e96a122fbd2ce0
Training/notumor/Tr-no_0404.jpg,no_tumor,2,train,08a5e87b01c163106a70d3b3c34c98c9fd2a0081c60db1e63996a0e1640c2da3,c7987a6f303861e6
Training/notumor/Tr-no_0405.jpg,no_tumor,2,train,33510b02534a35cdb10b27e86e8e9d89667ac818374be6ec849363f9281957d4,c3b23d4d30b67278
Training/notumor/Tr-no_0406.jpg,no_tumor,2,train,bfaab2b184c76997ff201dbcfa6d31119d359e8efa321cc10c0414bfc4d5da18,961879a66d496796
Training/notumor/Tr-no_0407.jpg,no_tumor,2,train,e0818334ee5259c1151bd1ac713c638b203617eaf419228b3a394219620d05aa,976a78a529e66916
Training/notumor/Tr-no_0408.jpg,no_tumor,2,train,bc3f0d9d0bb7d7efa6ba22e4da91fd1edb8ae71a8d353bb59cc64a0acddfd99e,c5677ab038873559
Training/notumor/Tr-no_0410.jpg,no_tumor,2,train,b3c2ab270c0eb1fc0c02bf4a6f01c678dec8a6f2d324339cd70ec4aa4cc643e6,d32b0fdc3f312c30
Training/notumor/Tr-no_0411.jpg,no_tumor,2,train,977f08ea308e0a55e7551b752f5b0638c0fb44bad572f6af469e5b6967494f7b,cec62c393130e3cf
Training/notumor/Tr-no_0412.jpg,no_tumor,2,train,052f0954fb670069370cc27ea5b71b82ef9f0bcc996fdd6d9b77c12712cf7715,855e7aa13b643ca5
Training/notumor/Tr-no_0413.jpg,no_tumor,2,train,93e98c97621c5d81825733418b07ac37df73b1c0748ef3689fa6f3d1b5f74d3e,c64249be6fc178ac
Training/notumor/Tr-no_0414.jpg,no_tumor,2,train,491b24e521d363db5170d1ab5b021283926fc2cb819d1f30cda3b6b3f105c198,825d7dea57b88229
Training/notumor/Tr-no_0415.jpg,no_tumor,2,train,a7b8197677f4c8953a42fcc4e7c3fa50e33cc11eb5c80dba6819384fb9e7f6a4,90322fe56dd2644f
Training/notumor/Tr-no_0416.jpg,no_tumor,2,train,b2b545df525e07b397d51820fd518642f1782bd34ea35c9f2dd83c60fb1bd3ec,d20f2ff47d0334c8
Training/notumor/Tr-no_0417.jpg,no_tumor,2,train,cf307b80e924df3f2fed85642993ee38c4e8865fa47708be6c1c146ecafbf290,967878e76136614e
Training/notumor/Tr-no_0419.jpg,no_tumor,2,train,6e3db4d9cf1a6509e6f384661ca5402248ba64821cfe6b4383d08f141c3bdc29,86474c6a66af4e74
Training/notumor/Tr-no_0420.jpg,no_tumor,2,train,e30a60d2bb1a1f7f485a38e973d0ee2b2f208ef62961977b1780b99eff61c50d,c3693cb630c2e39b
Training/notumor/Tr-no_0422.jpg,no_tumor,2,train,850f3fbfef9152d9f0d5cccd0b3f7fc2758e03117a4b686a1979a1fdc92f2567,85c17a566a2e25de
Training/notumor/Tr-no_0423.jpg,no_tumor,2,train,6b234d1c6a5bd7ee687bf2f3876bb94bad0fb74020dc9d67a906d0d29323782c,cb3c3cc321679c96
Training/notumor/Tr-no_0424.jpg,no_tumor,2,train,76932014a9b455d0b05e960ef9ea587b2e71bfed00850c2a1a7d1bdace88b8be,c5cc6b95353a3466
Training/notumor/Tr-no_0426.jpg,no_tumor,2,train,e6e142eb941428b48c75405499704166a00aaedba756da0a77a857492628cb49,c6633994639e7499
Training/notumor/Tr-no_0427.jpg,no_tumor,2,train,3a4d486cec2b89ca6904cffd010fa5274897ed70de9b3e8cee9a5abb8f4c39e5,d4c20b9d7d702c1f
Training/notumor/Tr-no_0428.jpg,no_tumor,2,train,99f325fb9e8722a0202cfee0efe097ae852a133bd730801a301373eb0792cbf3,d7f718401b42d793
Training/notumor/Tr-no_0429.jpg,no_tumor,2,train,06bb03a8fa00aa30b4b055b4484984083da831b07ac92a22c2acbf94a971c374,96166be52f422d1e
Training/notumor/Tr-no_0430.jpg,no_tumor,2,train,d0de4ba3e9d6eb7f346d33b929686e7387fe103aaf45e4869805d56b8b45e7f7,943a6ee539d46193
Training/notumor/Tr-no_0431.jpg,no_tumor,2,train,30d16012fd0f798bf518428dd6cbc4b812526b01927fb95494d294b604ea6bf1,d50e4aaf6bc07d03
Training/notumor/Tr-no_0432.jpg,no_tumor,2,train,0563e999c2e0648d373e2c4f8ef44b40041d5c3b5c962d911134b0a8db19672a,c1391f747ec06996
Training/notumor/Tr-no_0433.jpg,no_tumor,2,train,a970f4be2c800f9ac8f09243f9a6de1a9702adba887728e202de0d39dc95c4cc,97c77a52261c61f8
Training/notumor/Tr-no_0434.jpg,no_tumor,2,train,2d15fb1d4f3a1195d890fc6642a38dcb290b10bfec6fbed8a0a43589daa86388,96736ab5690e35c8
Training/notumor/Tr-no_0435.jpg,no_tumor,2,train,7b5f7e975ffdcd571b0772c7644512213ee3774b3af1784199913b67584b69dc,85a17a5e3929715e
Training/notumor/Tr-no_0436.jpg,no_tumor,2,train,3ea4e2fb7e3c9b89552432209747fa6174799b0687db85a0f328c3e4e4324724,c26c2dd83d66313d
Training/notumor/Tr-no_0438.jpg,no_tumor,2,train,6d0beb9542a64cfef569e006d9336a25d151a26def0ac0a851332c58ae51a14c,c639789135ce706e
Training/notumor/Tr-no_0439.jpg,no_tumor,2,train,4ffe68646362184ef10e093a40b2a24e9667bf6469ee8f0a1c83ee5ad1667f06,9b386de6308e33c9
Training/notumor/Tr-no_0440.jpg,no_tumor,2,train,c533b95bdd11ee8bef83ce2d434f6a50fb688c18b9c297076d6d77216ed62911,963a39e1618737c9
Training/notumor/Tr-no_0441.jpg,no_tumor,2,train,a3296a5ee925179c2694fc9314938737e303437e28fdb209f80558165affd456,d5bf1385268e19d8
Training/notumor/Tr-no_0442.jpg,no_tumor,2,train,f2ecd4cb2b7ee490656676fc253b788c97870092574020514178c47db1ebd454,c62e6af03d8f38c8
Training/notumor/Tr-no_0443.jpg,no_tumor,2,train,2e9c9983947d96f511cba7ca0e4613617ca9877ac4d807120b7d4c442346f9c9,d2272ff02d8a7c0d
Training/notumor/Tr-no_0444.jpg,no_tumor,2,train,278d644f336ddab890cb734e0ee61e7fb44632e7e72c683c50ede7f1842c2ee2,c72e6af03d8b38c8
Training/notumor/Tr-no_0445.jpg,no_tumor,2,train,b2042cca6b69a597ec83b2ec08338cb1629353805d57a7d3aecc943e030263e0,951e6ae8783731c9
Training/notumor/Tr-no_0446.jpg,no_tumor,2,train,62169f5bf1986793ac697e0ab64ae2a81dda2d860016a521eb201ad68ba52b5e,c23f2df06b953462
Training/notumor/Tr-no_0447.jpg,no_tumor,2,train,05260ae52654f29fc0f87f3dd989ec443b0031dd5ba910a31abd5258ab930757,97687a616e254b63
Training/notumor/Tr-no_0448.jpg,no_tumor,2,train,54762e55818833eecaad42603ac5d3fcb5e287a1a269a67c79737196f2bb3478,d3a54c005f0eff0b
Training/notumor/Tr-no_0449.jpg,no_tumor,2,train,cba46343eb4bd0e19ba49b25ef253fad0af53a126731e1471a1b01817ac94d8d,c7987a4f383831a7
Training/notumor/Tr-no_0450.jpg,no_tumor,2,train,ace0bbe9cfff9444acfe7f1e5166d9e290df0892095400fca1185fb520c8c732,d4f14a122b2f3d3c
Training/notumor/Tr-no_0451.jpg,no_tumor,2,train,32ff76a64f31f1d2414804694c0525d87ef305367413c0220b3c582bfb4550b1,96c56e4e693831e3
Training/notumor/Tr-no_0452.jpg,no_tumor,2,train,c2c343d205e56d45165fc387e1c0c0c6d6918424744140b16eba993ef429b0e3,c3963d4d34367278
Training/notumor/Tr-no_0454.jpg,no_tumor,2,train,29d79d9e546ddf0b2ca085102c435de8a40b32fff88a2b239830ce41343c1de3,96e96b122fbd24e0
Training/notumor/Tr-no_0455.jpg,no_tumor,2,train,cf08d247b1284f693e67402b4b99db36ace7ca44ef2380507cc9e0f7b1c24d5b,cece2c393034e3cb
Training/notumor/Tr-no_0456.jpg,no_tumor,2,train,79fd9a198f6d84e64303028467832457e62f781644483aa49cfd2a306e4967d8,9c706d363263c9b6
Training/notumor/Tr-no_0457.jpg,no_tumor,2,train,027b58e72f962bff9a436511c740a59ecb7d1bdd8fd6888db11b766d23ba7e67,c6474c6a66af0e74
Training/notumor/Tr-no_0458.jpg,no_tumor,2,train,b24ebb28eb128ec6ad504f1924d8c73d832faab699259c758326c35f0b6c0732,c7673af038877518
Training/notumor/Tr-no_0459.jpg,no_tumor,2,train,eecdca21a8af8c5aa37d91609d95391f83c2b9c7b687860b10828c6370eb7720,c26d3db630c97287
Training/notumor/Tr-no_0460.jpg,no_tumor,2,train,6afe6b9ac8ed69636fd4612910b15e814f31b34e983a8dae70e2ce74a1136b01,d21f0bf02fb11cca
Training/notumor/Tr-no_0461.jpg,no_tumor,2,train,bd9cc742b7ae2afbb920ffbb40f95fca6ea55f790d833783f2f5d372e6d18853,d4c20b9d7f302c1f
Training/notumor/Tr-no_0463.jpg,no_tumor,2,train,e58bf093d639d108abd6533745e997a5fcae4bb7b6b70e16e71e9ffbfe5ac363,97c6783269cc6497
Training/notumor/Tr-no_0464.jpg,no_tumor,2,train,fa35ffd69f4336552761527ae78e9d0bc17420bcc91a79d79250c7befd6d9e69,91936b372d5c642d
Training/notumor/Tr-no_0465.jpg,no_tumor,2,train,f6766f1936d5a3dd24a1c8d4ed262c2a7d183158b0d31a6c9b32cedfdfcf964b,91d36bb72d5c6029
Training/notumor/Tr-no_0466.jpg,no_tumor,2,train,a3f26e6007a7dbf15471fd8eb79074896d6e29e6e82408344e2a3b9e860f5708,d51e4aad2bc07d83
Training/notumor/Tr-no_0467.jpg,no_tumor,2,train,7033954e6df30d4fbc634e2d729104c78f695fbcd67180941e0072f12beff56c,92636bb5691e35c8
Training/notumor/Tr-no_0468.jpg,no_tumor,2,train,6b73629e1c3abbff9cc9c05de59f357f66fa48f22e76171703dce353078d82d5,cb383cc626679c96
Training/notumor/Tr-no_0469.jpg,no_tumor,2,train,8753873f73041bf1dd475b396dc8ae696de0972ef90eb952207f4e6d09dd633d,95316a9669c33d4e
Training/notumor/Tr-no_0470.jpg,no_tumor,2,train,1c34e786442764c899085dc9abc5b262b873937df4de48c627a97c0cb560ce63,d0270bc86fd139da
Training/notumor/Tr-no_0471.jpg,no_tumor,2,train,cc56823d09680cf2a5b5d36d8d2f318ec77a3e84265b678976bcef4957ea9ec2,d2272ff03d8d3c0c
Training/notumor/Tr-no_0472.jpg,no_tumor,2,train,3c089354e665e357f75f5169e32601b5da14732dd29619ca901b7f4ae4c9860c,c7693cb03196729b
Training/notumor/Tr-no_0473.jpg,no_tumor,2,train,6738626a6895cf4f8c85c6a7127699a708152f53c69a1074eab62a8df810fbf6,96de78c9619c6561
Training/notumor/Tr-no_0474.jpg,no_tumor,2,train,d42a7b89fdba8951cd75fc4714645f9d74fae3410656bca01ce464de269f4dd6,d4c20b9d7d702c1f
Training/notumor/Tr-no_0476.jpg,no_tumor,2,train,ddc6a61fd0e06961d3c079947ab5ef6a771a1178b1f348f82e5eface0bb5db56,9ec9691c61693673
Training/notumor/Tr-no_0477.jpg,no_tumor,2,train,e3736aa47c243e689568bbad40e912ec71a4e6804d1a94389d0e4e58eee2f308,97c7785b261c61d8
Training/notumor/Tr-no_0478.jpg,no_tumor,2,train,4ca88aab9c01378a2bd1137239771e9399e316899bbbabaa7b878c6edb5e7238,d1e63f3f609065c8
Training/notumor/Tr-no_0479.jpg,no_tumor,2,train,8412ef3be05bd14ba6a65becc47a2b598b6a283045d7729d08772473625512ac,85b55e5a7a1b4968
Training/notumor/Tr-no_0480.jpg,no_tumor,2,train,844cef01d37bb623236ddd735f6fbd89201f944f34c1bbbd012e7caa17750261,97c7681c6563272d
Training/notumor/Tr-no_0481.jpg,no_tumor,2,train,532e3b0d95e07782333b2759bfb4e1466fbe0bb82bf783a1542e926c82eb8f2e,cb65383367269cc3
Training/notumor/Tr-no_0482.jpg,no_tumor,2,train,51040d0cd47a4361cb5ba9df51c311101f37d37d52443bb36783bbb50e987044,c6853e9e3c686959
Training/notumor/Tr-no_0483.jpg,no_tumor,2,train,afe63c0f8ae4db1237e6877e7b3c04c186d2d591f4663d78c99b093989cb020f,92322fe56dd2644d
Training/notumor/Tr-no_0485.jpg,no_tumor,2,train,83fa4228daad8eb19cf0d27ef5a401522a6d39a5e77e9606a2e3d53bfc896d41,908d6f5a6d2d71b0
Training/notumor/Tr-no_0486.jpg,no_tumor,2,train,eaa70cb33d78254aa12124fa85db05302a1bed5d65d388f55fe4a3d0709de43a,93366cc5745b615c
Training/notumor/Tr-no_0487.jpg,no_tumor,2,train,3a3c7ce48d0e4c9d4bc687a4f65f1d1a70690b5f2194d95817c8e3db9e3ba8ef,973868e3659c27d2
Training/notumor/Tr-no_0488.jpg,no_tumor,2,train,9d5d4c0669109ce8f8285e95c02ab104139e540c57f0650dc29acf851b1afa2d,c3433eb46a17784b
Training/notumor/Tr-no_0489.jpg,no_tumor,2,train,6274a89d22239e3fc34ac8ada03621d2110aea5b38a6eacff33bd8320802d3d4,97b55e5a380f4970
Training/notumor/Tr-no_0490.jpg,no_tumor,2,train,9d1894dcf1e1cb5599aca1facb5602799efc25c5b3d927f0f66e1e998250bb42,d40e4bb70d493f34
Training/notumor/Tr-no_0491.jpg,no_tumor,2,train,4da9ba5e8089dd2502f5aafe6b20e0b79d09a62c8331ff9b366e1f09e07b2583,814b1fe87e8568d6
Training/notumor/Tr-no_0493.jpg,no_tumor,2,train,95265b0957854f4c4b98a8ebc2b49771526f09b8882bf7594dfd635652132c65,9ecb69b463329661
Training/notumor/Tr-no_0494.jpg,no_tumor,2,train,ebf57e277e3a1378e640a5ca867048b622f3b866064f744224a49deead63f839,973978d169876568
Training/notumor/Tr-no_0495.jpg,no_tumor,2,train,0cf5c8f3b20ec9d4297b7378d8ad8a94cc8d3162e314d73fb8595e4d7d8b7092,c7e42ea778483cb1
Training/notumor/Tr-no_0496.jpg,no_tumor,2,train,7de02f21255ef60c82c0f6cdbc7fda01d0246a451a17afa98e34425717f6a843,976c6dc4609b253b
Training/notumor/Tr-no_0497.jpg,no_tumor,2,train,a3df1163c1a67c6715f18e6844d304230014f6549160a219a70560487ef81883,ce6c38b62593669c
Training/notumor/Tr-no_0498.jpg,no_tumor,2,train,0efa947fae0f9a4c2a3dcb696a99b72fd8740ba710b648330a9c873efea1a602,85605e9d3a846cdf
Training/notumor/Tr-no_0499.jpg,no_tumor,2,train,652e3e5368fc7668588462abd93df40ba60a3facb8cd9d9a26be923a56cc346c,87727aa568da2959
Training/notumor/Tr-no_0500.jpg,no_tumor,2,train,de2d8d3221ac4bed1266bd094f25d43e48667aa71c826ec4e9f24d414c1c35e6,923c6db164c327ce
Training/notumor/Tr-no_0501.jpg,no_tumor,2,train,18d95a7a0b55a1b7157807b5c3ad3d518ab7e1d75e872e91eb680cc8b4da113f,927b3ca568da658c
Training/notumor/Tr-no_0502.jpg,no_tumor,2,train,1abc5e4d2b1d056e0372f6e832fe511482705b78bfdd276d08d0a72fe7e22b71,9e92696965cdc934
Training/notumor/Tr-no_0503.jpg,no_tumor,2,train,315394653d83eeef095603af8802be498ed4743213fc3c5ca38bc838927cbd16,976a78a53cc86137
Training/notumor/Tr-no_0505.jpg,no_tumor,2,train,82dc34ea5174ce0673f81e07a6899fd0aa0027d623c270325fa8e8fe9068c8de,81975ed82875794e
Training/notumor/Tr-no_0506.jpg,no_tumor,2,train,122ba22d895bdb8a7e6428e67c72894512c7d03c0b83abd58425c3cd12decd6f,81a41f477e7a6869
Training/notumor/Tr-no_0507.jpg,no_tumor,2,train,29891b66d799ec662c28826f595f540f454a06465990f468c00ee21c1afcd7fe,96ed1dc0320c5bde
Training/notumor/Tr-no_0508.jpg,no_tumor,2,train,847691ef196f6dba7eac8cc2146cce21824e4aa7681c8ec59cb6e3dfa0f8f293,d4134bde2b6a3c2c
Training/notumor/Tr-no_0509.jpg,no_tumor,2,train,9cfe4c76ef62bc4c90f803df71d36650ff6f56017b1a90e92490ab6feb6942c6,97b57a5839c97025
Training/notumor/Tr-no_0510.jpg,no_tumor,2,train,27f1d6790511cb98bdc5816d3aeffffce26529ef03c66a5b8ca4d5f8c2769441,c7c93e1f3cb46062
Training/notumor/Tr-no_0511.jpg,no_tumor,2,train,1feecbfcef58e47cd055709e94d4d5a2ce5109e965a67a8ede7d48be73fb61e4,9e92696c23cdc93c
Training/notumor/Tr-no_0512.jpg,no_tumor,2,train,8bb71193e7a3654b4889a4c4bbcb188410e5c7eb5bb5641d3d1837a096436d08,97936d3b606435cc
Training/notumor/Tr-no_0513.jpg,no_tumor,2,train,3249d895813269fc71b5c189a92808b104cba2743a474b1acecd8064e842693f,848f5e223e7b6d30
Training/notumor/Tr-no_0514.jpg,no_tumor,2,train,12aa84eac60ee6121ef7cb75d0ddb5c6495aabd435ea203ae87a6c14087d5d92,92d43d5a68656573
Training/notumor/Tr-no_0515.jpg,no_tumor,2,train,5453a92fcebbd326cfd1d235e5bda4cc802295ddf9b072495cd1de3d17558d37,85b55e5a7a0b4978
Training/notumor/Tr-no_0516.jpg,no_tumor,2,train,23a73676516020a3bcb54456bafb29c1d5b3653639302ca193f111885fc021b4,d1663f3f609865c8
Training/notumor/Tr-no_0517.jpg,no_tumor,2,train,12b8cdae45b5ea177959771ac5d8cb3eaa03c3bf3c25cae2ee7841be56181700,c3b62c1c38f3b23c
Training/notumor/Tr-no_0518.jpg,no_tumor,2,train,af3ef0d9e19d17d8280715d126166857201ee603688af64a3307526091de7ba3,943536554b696af4
Training/notumor/Tr-no_0520.jpg,no_tumor,2,train,023927e1f88e9ce8d6662b28bc11b0f11471c21552b0c068285ee9ec568a9634,98336fcc394f614c
Training/notumor/Tr-no_0521.jpg,no_tumor,2,train,58cbcf704fb7c1ac67555316e101e53b36d2dd0351ead2f7e735d34648f793e7,97a449492e9a9fd2
Training/notumor/Tr-no_0522.jpg,no_tumor,2,train,60c5a79d214c79d3f5dc00c4cf09b7bcb4b3c59f0336773f84255e98b5690d2e,93c96e3a362621f3
Training/notumor/Tr-no_0523.jpg,no_tumor,2,train,b80fd7b0949cd727ca75c7f09dced332bbacf88147563244162218dba3fe1215,81685e3728da79b5
Training/notumor/Tr-no_0525.jpg,no_tumor,2,train,01f5df3e2ccccd64357eb8f7c2a71388d75ec357881f7e6758bd3d346ddec942,86c17a5e6a2e29dc
Training/notumor/Tr-no_0526.jpg,no_tumor,2,train,a1819d156e2907bc684d4d3f255e70d17674ee64b9a21524d86939dd22fa4d18,d7f728411a52d783
Training/notumor/Tr-no_0527.jpg,no_tumor,2,train,aac58af5f20a26825f87eb0be94ca1c1b3391bd533e9b296c8eef94ee06e7c44,c5bb1bc9279e1851
Training/notumor/Tr-no_0528.jpg,no_tumor,2,train,ee04371a2e7aa96b3af2d0eefc31729b82f91afd17a43df284c42d1b7bbc1c7d,d3a54c024f1a7f1b
Training/notumor/Tr-no_0529.jpg,no_tumor,2,train,5a2dca8494523e8a1ae6bf727d39169d93e62f637c098ecf0e4acab8f96c0263,97a17a186967370d
Training/notumor/Tr-no_0530.jpg,no_tumor,2,train,e038d2dc6b4c8afce3dd36e324d16abaf27fe2cab96a807a9bf5425ab41bb900,d5260a9c7f6229e9
Training/notumor/Tr-no_0533.jpg,no_tumor,2,train,552498b50a1ade1ca46105be52a69c00a559a4638e6ef82083bc5ae217845374,9da56a9a69ca2ccc
Training/notumor/Tr-no_0534.jpg,no_tumor,2,train,db7d8054a8462086400ffa501dfd6860399c7797f7631a175e75621c51fc9ea2,96c3691c6569b731
Training/notumor/Tr-no_0535.jpg,no_tumor,2,train,083ca11b2d95ca3c2547c93abc8076942dfee0c8476fd1603341317233bef39a,9e96696930cdc93c
Training/notumor/Tr-no_0536.jpg,no_tumor,2,train,02fb723189882f7225525dd5f40d292b33177d70b61da974ccc8f4e31b5011a2,95b15e5a5a3b4970
Training/notumor/Tr-no_0537.jpg,no_tumor,2,train,81fb40e7a83f661231912b9ac40359b4d0a8e70f2917fad7cd715b90b14e4d49,87b57a5a39cd7021
Training/notumor/Tr-no_0538.jpg,no_tumor,2,train,951e3f6182b60f7d3caa52c60ccdf7f945c7a71a7c8ddbb46cd6b687949185fd,d0a02f3e3c96f589
Training/notumor/Tr-no_0540.jpg,no_tumor,2,train,2eaaf73e91ccc6c921b81fcdf16a166c9476c1f1c2e8be4f774f99559b44eae9,93c96c3e743425b3
Training/notumor/Tr-no_0541.jpg,no_tumor,2,train,dcedc6501dd0b34cdacf2de8a45f91de99b56019dc03b87ac07a21cbdaee7451,85b55e5a7a4b4968
Training/notumor/Tr-no_0542.jpg,no_tumor,2,train,e056ec5ea18c001ab3ece8f76f589ef9fbefa290652a86d7f126f013b6b1f348,c3bc3e436ae830f4
Training/notumor/Tr-no_0543.jpg,no_tumor,2,train,aace5951d2b94e14ffbd763259d249ea8ad2d1a451968b0fa68f5c0d88eb119f,c1bc3e5b6ba13870
Training/notumor/Tr-no_0544.jpg,no_tumor,2,train,a1bff2c62cc98dadcc1bc821f58a2ddebc373c0661532302813c44232d7a8b26,ce6c78b2245b669c
Training/notumor/Tr-no_0545.jpg,no_tumor,2,train,821f1c89bec14981073c8c3cc9cec619a3ad9f6a444f3207b24c940bea0e51a5,c23f2df03cb33c42
Training/notumor/Tr-no_0546.jpg,no_tumor,2,train,c32c639ab34a2177810bd651c6b98590bbf7803ad71726476400ee64cf94dbbf,c7e42ea778483cb1
Training/notumor/Tr-no_0548.jpg,no_tumor,2,train,7b493f292ee89a41b4e77324a0b7ffceb42607569b811b9381abccd30a97e26e,86765a896a667965
Training/notumor/Tr-no_0550.jpg,no_tumor,2,train,690b8742d98e3b98f7d16f5680f3e6d802dbc8f7248387a6dbb614168df98a46,92171ce93a942df9
Training/notumor/Tr-no_0551.jpg,no_tumor,2,train,b0282715da92dce70999633153a20cc6022172626fc20ea319ebabda17dfc5c5,873e7aa16bd13921
Training/notumor/Tr-no_0552.jpg,no_tumor,2,train,76466521eaffb3671460691eedf1c9c45440f535a83a554e9e76dc8792f36d71,875e7aa12956619d
Training/notumor/Tr-no_0555.jpg,no_tumor,2,train,12b49f9c0ac295fbe20c91881883f0c431401466c80999864a45a44220ec755a,c22d2fb23c6330bb
Training/notumor/Tr-no_0556.jpg,no_tumor,2,train,d7de98d91313c40616d572a5cf4e9644b7dce41cb7e7ec835a6f36fed793c334,ce793893656b6494
Training/notumor/Tr-no_0557.jpg,no_tumor,2,train,88774184ef726666c30ef42dcd6260a32058cda453a7de34da442f7b66befe43,9d5a6a6569352c33
Training/notumor/Tr-no_0558.jpg,no_tumor,2,train,a59432085a478b8d51ede9d34a7e47a1106a7cc68e4f9114ddd96859b04002d6,963c69e36496a68e
Training/notumor/Tr-no_0559.jpg,no_tumor,2,train,7afe7b12ea770e974c6cd1574c4028f03bc619913f49650f850c852c12c78caa,923c6ee169496cb3
Training/notumor/Tr-no_0560.jpg,no_tumor,2,train,fa5ec6bc3670543b5b3a68aeb45c65a42e0f88d734e2e333e80d1895d22e2203,9e6d69963132c9c3
Training/notumor/Tr-no_0561.jpg,no_tumor,2,train,dde61172756bd8d934b08eb40928d518d26dc371377e70c92615b5af5ba7737e,874a7aa53936709e
Training/notumor/Tr-no_0563.jpg,no_tumor,2,train,ae62a97ff36a47ef7f8819862da06a8dd993945f1a3bd1d1826520b4e1106386,c23b2df238333c66
Training/notumor/Tr-no_0564.jpg,no_tumor,2,train,fee2e003cf236d867d86495227c62e9003f82417c6c8ce08fb091c29d5546d86,854a5ea57af44987
Training/notumor/Tr-no_0565.jpg,no_tumor,2,train,f8ac241144e1d5f0a1e5f2674e00f76b71076f5332d28630ea4f3d594f85b4b9,c3433eb47a17784a
Training/notumor/Tr-no_0566.jpg,no_tumor,2,train,ae02375e7a540098fd8c623cda8514015b249b41d53959039bc43667142db976,d11b2eec3d24359c
Training/notumor/Tr-no_0567.jpg,no_tumor,2,train,7aab06451f50aca27d95d4ec2f85afbab0132bdc66356bebaf7845dc5f1be403,805b1ffa3e856856
Training/notumor/Tr-no_0568.jpg,no_tumor,2,train,785193fb1907297e9747f222b94e4a8c3aa8bcd5a6aaecf3ff2ac3550dd4025f,c36f3be43c923449
Training/notumor/Tr-no_0569.jpg,no_tumor,2,train,e1d50f1fce0bc4698384ff2f9e50311a8d46fb0e3ee57fea69566b981379e5d6,c3263fa03cdb609d
Training/notumor/Tr-no_0570.jpg,no_tumor,2,train,a9179cfab84b1d2007c693e2bfceae8cf0666b5bdcbdb606a5cd42b3af7ca8b4,98cc6f3339b06533
Training/notumor/Tr-no_0572.jpg,no_tumor,2,train,ac10a36fdb31f13827d6251ca19ba95f3f0870d1241a969fa4a738a7f8a5a4b3,923c6ee169c964b3
Training/notumor/Tr-no_0574.jpg,no_tumor,2,train,9e994da308d557d98daf78da04fdbd94d688ecb3936057e3212f741bcdc24def,97121d3f32f25b21
Training/notumor/Tr-no_0575.jpg,no_tumor,2,train,19add94a7267f2abcd9350ac35e41e90767cf3b8fc13525068355c3c617c0af7,926a3ea568ca6d8d
Training/notumor/Tr-no_0576.jpg,no_tumor,2,train,536259ba9f15ab6340c5127d58cc8e784d4b23e58406ffd4d3b75ee0b14d9378,c3e46eb739483c98
Training/notumor/Tr-no_0577.jpg,no_tumor,2,train,546f98dc9e4b3ad4e72b2a24b1ad8ff2cf79fe77ff5dd53d53ff0f93a431faa3,87727aa56ada2958
Training/notumor/Tr-no_0578.jpg,no_tumor,2,train,f2691cbe6344beaff95db0c23efc7bac9142f9c92e5e922c7d0f0e8f354d3a49,cf087ca131f221f7
Training/notumor/Tr-no_0579.jpg,no_tumor,2,train,0532052c99ce99408aa68d264ca6b4a6ed58184221d899c3d4af30a19b6d6d53,c04b3fbd2d62649c
Training/notumor/Tr-no_0581.jpg,no_tumor,2,train,8e31ba25afaaf5cb00688dae00bd3fb61a3933e35cd41ddf2e85916aaf1fa704,928c6f7a652d30b3
Training/notumor/Tr-no_0582.jpg,no_tumor,2,train,a226463eab950cd1be2fd8caa676f68fa019e8da759af1a86b28c92a02e1e89d,92736f8565d6304d
Training/notumor/Tr-no_0584.jpg,no_tumor,2,train,a385bde25a0e1465c1d8eed7168a793ca8c8ea3b182ee4e48a736580d83302cf,c5393e1568f43d83
Training/notumor/Tr-no_0585.jpg,no_tumor,2,train,26a187c74ee2d9f3816016c53620903375d0646a38a0f60cdfb8fcfb303da85c,c1903f4f6c6e3439
Training/notumor/Tr-no_0586.jpg,no_tumor,2,train,35f38940c7b156c043ae3ca12f5561b8b9e06b9ce31d9b7b0e3e99b79d707b04,c1a42e133ddb3563
Training/notumor/Tr-no_0587.jpg,no_tumor,2,train,1938b56469a4ff31e5aaa9be2ae30ad3bd0d416d2e39999c61265c124c260265,d4f363480cb637ca
Training/notumor/Tr-no_0588.jpg,no_tumor,2,train,2cff98696a5ea78d336f0521f849804e73bfbe8eaa868ba9ef696cc3211927e2,c3903b1b3c6d70b6
Training/notumor/Tr-no_0589.jpg,no_tumor,2,train,b952df9a256d04739a8c5ca70ddec579e340017193e9aed07937e58db19b2888,86525bb16acc7965
Training/notumor/Tr-no_0590.jpg,no_tumor,2,train,f2d11234d8eab72796f970fcd50279895d787ea586d85d4e80feeb48a0f54624,866a5fa538f44993
Training/notumor/Tr-no_0591.jpg,no_tumor,2,train,c390d5a113bb995c61af50391244ae15687af6e627d9cbc33a1ede041ab7e05d,c3d93e5e3c356062
Training/notumor/Tr-no_0592.jpg,no_tumor,2,train,a8aecb285cb617a525655cb2162c38fa1c2c613483db29661d9ad012c005c49c,d5260a9c7f6229ec
Training/notumor/Tr-no_0594.jpg,no_tumor,2,train,1dfa1dda52cea5077bf538548a63029538a9308d669bebd5e6ef4d4ebe04f8dc,97936d3b606435cc
Training/notumor/Tr-no_0595.jpg,no_tumor,2,train,1336bfb5255c495cb6fee2d36cdb05b9777dd9957daccf7485164ed738b2ea7f,d3907c4b343d6363
Training/notumor/Tr-no_0596.jpg,no_tumor,2,train,f7478cd208937a4707eca415d8e8da0a69bd1c6fbaf6504762c8757a2c84305f,8557483a2ee55e35
Training/notumor/Tr-no_0597.jpg,no_tumor,2,train,09360e6961c7c7297df7690a55e720a0ef3f1ae38d0968d6ef96c7138865bd12,92e36e1e69b6644c
Training/notumor/Tr-no_0598.jpg,no_tumor,2,train,088e33ca4d8601b3c5308bc2e01d482d31a0ac6d8a62b2bd94f955dfa40182ea,971878e3651c27f2
Training/notumor/Tr-no_0599.jpg,no_tumor,2,train,b503d3debfb8f917dd942b9d31e0f051612704dada7ffcef852986691f4aee62,93853f5a68352d72
Training/notumor/Tr-no_0600.jpg,no_tumor,2,train,3b4b6ee172e0d4af70dc00b566be24f79d4c8783940ba07380665bbb1a7fe9b2,d5e14a502b2f3d5c
Training/notumor/Tr-no_0601.jpg,no_tumor,2,train,a99e5c0753519a0d962790eaf0b80c90956c81d5d8e04469350d0b15d5c80286,81c61e8b7a3f6869
Training/notumor/Tr-no_0602.jpg,no_tumor,2,train,b8ffb9156e8099c11ac0cf36d8aa5d9c001c520607c10bafac0914fa9b9e26e9,96c56e4e693825b3
Training/notumor/Tr-no_0603.jpg,no_tumor,2,train,aa54486da23c0e949e4765e06fdc8738ce6cf6854bfdf55f736fce1013908372,d00b2bf43ea56af0
Training/notumor/Tr-no_0604.jpg,no_tumor,2,train,800f05fdd83ea9482f79cd7e120b0400c7ba92385798560820ea409aee711af5,c2936d673c9931ca
Training/notumor/Tr-no_0605.jpg,no_tumor,2,train,e5c6fb6082a82cc1f43a7f716c11c3d8fa63d2ca851849c4f4578e44fb0a2da0,80735f412a377cbc
Training/notumor/Tr-no_0606.jpg,no_tumor,2,train,ba9d4108625a4d53ff9d90462006e4b1d6df97d81209e8637891613ae7969161,c7963b4b3c633119
Training/notumor/Tr-no_0607.jpg,no_tumor,2,train,0b267cfcb77da69ef83cfae44ae01e5968c83fc2839453ad31fa4f49b543c168,c7c6786e35317099
Training/notumor/Tr-no_0608.jpg,no_tumor,2,train,48be6e0c28c0e7afa5fc8092d921c4fdc03b97cac4057daec7b7a920b3743833,96c5391e61783736
Training/notumor/Tr-no_0609.jpg,no_tumor,2,train,e578146422b1ae590ca79c41d1650443b0513a38ae60bc1248b330246db50676,d0c20b076f2f3975
Training/notumor/Tr-no_0610.jpg,no_tumor,2,train,727b61d954bd14aa9e55c41cce76d3586eaddd51e4f2f343a8f1b3d601d885f4,c33f3d64349332cc
Training/notumor/Tr-no_0611.jpg,no_tumor,2,train,71390eebfd53c0de2aa0bab182ee8ef66ac4e441d01baec581452083e0898cc0,c7d16a0f3d703827
Training/notumor/Tr-no_0612.jpg,no_tumor,2,train,cc9e7143e3bc75d5b4bf37f8aa75f4817667a0467b3b7fcf415e16ab91908ed5,9aa6295f245d645d
Training/notumor/Tr-no_0613.jpg,no_tumor,2,train,dfde6e5500385f430b552f82d52ae9f1caa83918ba5de7cd3cc037175d4cf71b,c5c73e3678492978
Training/notumor/Tr-no_0614.jpg,no_tumor,2,train,f0c41ab6acd10f099ad7423f41e8df4eb41d31b0a45b76ff5933af4b304e9a0d,c2d02d0f6b6a34bd
Training/notumor/Tr-no_0615.jpg,no_tumor,2,train,fb4860082cbdd46a47b7e08e69ebfc07d1bbeeae2e9b06302c6e0bc2f9f181c4,97873a9e6ada4a88
Training/notumor/Tr-no_0616.jpg,no_tumor,2,train,a09554156126a8f5342e1c1e66f2472ffe6c03fd1a3bc55d10b4640f42208f62,923a6ee169c7351c
Training/notumor/Tr-no_0617.jpg,no_tumor,2,train,f7cd008f6bd9d16ce07e62739a8d1b9e4eabd9ad24dac80b11a4f0c8b0d657cf,853e7ead6ad12521
Training/notumor/Tr-no_0618.jpg,no_tumor,2,train,4159626a0703b531a9b543436ce8aafadb07c0dbfed135059ca54757d9f539dd,c7677ab038873558
Training/notumor/Tr-no_0619.jpg,no_tumor,2,train,959f960419ea18fcd20a3a97fc0d070913590b0e1885a6ee9e7e6895bedf9f00,d26b2f343e8468f4
Training/notumor/Tr-no_0620.jpg,no_tumor,2,train,bd24e2c77d5500735c9928dce91a0af9d42a9c857d8ce7d4c806ff537f3bc407,c34f39b43692646d
Training/notumor/Tr-no_0621.jpg,no_tumor,2,train,1d454cfbd8e514eef37d3d1ffe0e4f000beada52d3564f95883d2966c7d056f4,923e6de170cb310f
Training/notumor/Tr-no_0622.jpg,no_tumor,2,train,6be04fe033e3b94cd1c38b3de66f53b1f2ef421672916c6c0565912061e24909,963a6eb169c7311c
Training/notumor/Tr-no_0623.jpg,no_tumor,2,train,a313f81e288444947bf35296466f246fffc5c272b84fa1d6333b8f601f4403ca,c7633994715e3459
Training/notumor/Tr-no_0625.jpg,no_tumor,2,train,9c673014260c1dc5eeaea2d59c98f6909cc751aa93459ea8fabccd3af4fb18e6,d21f0bf02fb11cca
Training/notumor/Tr-no_0626.jpg,no_tumor,2,train,2e94c8ff097b1a9731e8859b22cab3232a1a0d285078b8690f7b7f803e999c1a,d4c20b9d7f702c1b
Training/notumor/Tr-no_0627.jpg,no_tumor,2,train,77bb7b26e1c749d284527da063e2f34fe2cb5925ca3f262ddd74d8b80e51f80f,85384a9d3e846f8f
Training/notumor/Tr-no_0628.jpg,no_tumor,2,train,704ddba16fa62bc917928066f838a9a8f8178feb2463ba2826bd9a5c9d6fc0d4,c6bd4a432f2e7843
Training/notumor/Tr-no_0630.jpg,no_tumor,2,train,0d56feaadc0e96beb44d90f3635ba4ee0450f0ac931e485612796615f0e1e22f,855a7aa139d671a5
Training/notumor/Tr-no_0631.jpg,no_tumor,2,train,b46f734ff701f8ce2e33a7ce3b5703e8738cad0a42c3278b3d3a57a9ae93f5c5,c6bc4c9567590e8b
Training/notumor/Tr-no_0632.jpg,no_tumor,2,train,a0d911df98b82df5bec7d07ec016eef4858af085e6fc338bc0014fbd560e114d,c2963d4d34377278
Training/notumor/Tr-no_0633.jpg,no_tumor,2,train,7b6d1ba84a88f4983fa35db2a2b35fe0b54a15fcf50d5efc45d7c6ccc2731a25,d2e00b0f2f5e1c3d
Training/notumor/Tr-no_0634.jpg,no_tumor,2,train,189d26131e65c22f014915a301912913dfae67ef0535076912141059dddb5ad9,d42d0b627f8f2ce0
Training/notumor/Tr-no_0635.jpg,no_tumor,2,train,375cddc5bbd60d516d03950caa6e2855c4539b9a7993ba8d966762f199122668,94c56e1a393f616c
Training/notumor/Tr-no_0636.jpg,no_tumor,2,train,5238f56cb29af0fdd79d6ef6497858237b1881e1db5d93ee1b8d80fd33b5ce90,94b17b42698f7136
Training/notumor/Tr-no_0637.jpg,no_tumor,2,train,7bb8c7fe7014d19a3f391237da2e23b2e6f4131a39a499296183fdcc10d6ca1e,d15248ff4ae16ae4
Training/notumor/Tr-no_0639.jpg,no_tumor,2,train,d9fefa4eb58bec8d17a921a97dcd7554e4e7796dc41451cb02a23cef69668e58,92946b4a6de13537
Training/notumor/Tr-no_0641.jpg,no_tumor,2,train,aee44f17deb8a9f8f7ffd9377eb64b29d16e7f6f674aa4414064ae42c79f7aab,c7963b4b38e96119
Training/notumor/Tr-no_0642.jpg,no_tumor,2,train,55e171297450fd041d255105c14b6a357403911ff607723aaf1ee87da654934d,d0d80b276f2e3935
Training/notumor/Tr-no_0643.jpg,no_tumor,2,train,dfb77ab6fa98cdef8f9b033e5f387d8abca45cdec5f637dda49112060b70f926,86765b896a647965
Training/notumor/Tr-no_0644.jpg,no_tumor,2,train,ac55e89ecc60972361f29cfac10d03c2f96350c5ae2f3e694991a175342bcedd,c7d1690f3d703427
Training/notumor/Tr-no_0645.jpg,no_tumor,2,train,c4ded43353a5fc5d162645ac1a911f6d996691e91c4f126918d78a08e2f40e4d,d2c82f0f3d307ce2
Training/notumor/Tr-no_0646.jpg,no_tumor,2,train,2675a75de556893ac8ef7ceb2900636e411b255bef85bbd2bab5475f430ea53a,96877a9e6ada4898
Training/notumor/Tr-no_0647.jpg,no_tumor,2,train,856c2b953521d053cdaf79e697ce29a289676c84beb9c780063b39e2eae41227,d43c0b627d8f2ce4
Training/notumor/Tr-no_0649.jpg,no_tumor,2,train,bbab31b0fe475a50122e26a6455cf9a1f33920e346e42eeef811591ea0daefd4,874e7aa129d6619d
Training/notumor/Tr-no_0650.jpg,no_tumor,2,train,47dc531b82d848352452bf286aba1fdd6219af713ab2b07265d273f37c944cc0,ce312dc631c9e734
Training/notumor/Tr-no_0651.jpg,no_tumor,2,train,9ade7d7dabd2f4328cb51e5c569cb99f41b4396ee97fe8ebbaff939ac392662b,93121d3f32fa5b21
Training/notumor/Tr-no_0652.jpg,no_tumor,2,train,9f32f2d8287400841a5ee29381ddedecaa3bfd99205d9dbf45c83752bc98fd79,973978a526e36127
Training/notumor/Tr-no_0653.jpg,no_tumor,2,train,0fc0c56954d1c64efac61817b2126c2690282d74c78f8b8e79dd00fc92061028,92326fe56d92304f
Training/notumor/Tr-no_0654.jpg,no_tumor,2,train,67bdd2e1ab34c965e5f7a400ce8eba87f7e2edc4b303495f27cc6d4bfe834393,c76b38b4259e645a
Training/notumor/Tr-no_0655.jpg,no_tumor,2,train,f238e43b8af84f0c842b93e5958684d44faa2abdd4d41d050c564278a8a3d442,93366cc5745b615c
Training/notumor/Tr-no_0656.jpg,no_tumor,2,train,6eecbe2aa7533dc594b61491c5f507676d4a09d412c5fce8c4594eb6b83a36af,c22f2fb224eb309b
Training/notumor/Tr-no_0657.jpg,no_tumor,2,train,a464bf4ce60730895cfaa299c5a7ae731dba762ea1a1c543cc890e5e4fd6f8a8,c3b23d4d30b67278
Training/notumor/Tr-no_0658.jpg,no_tumor,2,train,1ff45661c670bf42f4937d005a1c720de3008c07f124f072c421dc965b0ba4dc,973868e3659c27d2
Training/notumor/Tr-no_0659.jpg,no_tumor,2,train,086b0acf63572067aa6ae224be751e6ba77a3987adc445387fa4305b6df0b95e,81975ed82a65794e
Training/notumor/Tr-no_0660.jpg,no_tumor,2,train,63d4e6d0900da0a08b0f987d5d5422242521a5b50416e89026fa356adf1b535a,cb9a388c67d99c1c
Training/notumor/Tr-no_0661.jpg,no_tumor,2,train,9d2894dcc8ccfbde0e9d42a513d5efde240e5a6f73732ea7279dddee1c88bba1,93e81e167a6b2d16
Training/notumor/Tr-no_0662.jpg,no_tumor,2,train,073c49cbaaf15182332ddb08fd79b9263c4f6ed2adaa4cd1234d4e3881340f6b,86c17ade6a2e295c
Training/notumor/Tr-no_0663.jpg,no_tumor,2,train,1b18102086a3492f53a56c8b59c1da0f31fadd1282ced77a28aa03ae8919b8c5,d310113f33fa5b25
Training/notumor/Tr-no_0665.jpg,no_tumor,2,train,47da5a299e6a3e3ed7e936c3d70ceca753d4537873448cb6d9364da701d7b0bd,d2e00f0f6d5e3c25
Training/notumor/Tr-no_0666.jpg,no_tumor,2,train,d87ff7e439713feb08b9018956b151d7314eeb96bdb9797287081dda6d93a246,cec63c393138e3c3
Training/notumor/Tr-no_0667.jpg,no_tumor,2,train,5bdf19ff4399dcd5a8b08908f0eb9a658938ff437c0c6a8bdf5fb22d7d7ce2ed,c3d22f4d349c30ed
Training/notumor/Tr-no_0668.jpg,no_tumor,2,train,d311dc999fd11bd20da447f8e4759f5ba3799aa586ef934ae3dcddd50e78f896,9da56a1a69cb2ccc
Training/notumor/Tr-no_0669.jpg,no_tumor,2,train,017344d5bdd386a02fb3c18b7c8e3329d9229ad7342931b061e4726b984b7fc8,86953e5e78686969
Training/notumor/Tr-no_0670.jpg,no_tumor,2,train,67e5ac4b614fe9dd45049dc6f98d1699d6053846c9338cf699622eaa1cf1969d,93c96c3e34b461b3
Training/notumor/Tr-no_0671.jpg,no_tumor,2,train,46c76431cd6c54c7cfcc655df531e55a2565789835c5f509a0bbcb5bd5f0186c,87797a3d26e26027
Training/notumor/Tr-no_0672.jpg,no_tumor,2,train,3f9650638fdd8f86cbcddcf7468a14acf41c7bb8e0e4bb2fb48953c3d0e2277c,87b55e5a7a0b4968
Training/notumor/Tr-no_0673.jpg,no_tumor,2,train,344ef6b03542512b91fe57626f75948c0df35e01265dd6a7688479946486b62f,81685e372ada79b1
Training/notumor/Tr-no_0675.jpg,no_tumor,2,train,a614a524791a5cfb18e67c47fd2f5a56af1ff0948cb2717c583571a05ef9b443,81b41f177e7a6829
Training/notumor/Tr-no_0676.jpg,no_tumor,2,train,0943b2a2b3e6f639abd7a7b8d550dfda7b583ae695a5534fc22d5fa6cd88b2f0,c3903b1b3c6d70f2
Training/notumor/Tr-no_0678.jpg,no_tumor,2,train,e40764e515ad0516cb8ef06d1bf83e8fd19ecead2aee837496b83b3dfe858e30,95466a6969353db1
Training/notumor/Tr-no_0679.jpg,no_tumor,2,train,54d5b4d3c05d4f43915e6bee8bba4c27f8f0096b233e522ed07265b880fcaa2b,92c36e1e6dbc344c
Training/notumor/Tr-no_0681.jpg,no_tumor,2,train,3bca40c06862e5aa2334e4fec52c0d0aac2426551a3cacf9045a1cf684f0b9be,97936d3b606425cd
Training/notumor/Tr-no_0682.jpg,no_tumor,2,train,b952c5ee039e69335453e86ef621566f84b5c2efe2eb89c0140f57e64ac45b0a,92943d5a69656573
Training/notumor/Tr-no_0683.jpg,no_tumor,2,train,f2e684d085d13f9c975d9cb2d1089cd4731b777e61408e52b0659e0637985449,9795785a3c3761c8
Training/notumor/Tr-no_0685.jpg,no_tumor,2,train,724b5a00f587160e2b80f87227330ca3cd47f9a0b7f52fbd8fb90c5293e0aab0,c2822fcb3b8f1cc9
Training/notumor/Tr-no_0686.jpg,no_tumor,2,train,b88c0defd936fbbd6346872664c9f3fcbf7f7cffbe1708a0ea5e31e98099ac8d,805b1fb87e8528d7
Training/notumor/Tr-no_0687.jpg,no_tumor,2,train,89e3366a3158c6de0e2be241e7eebe1badd3b8d61886c628a844879a8234ae42,c747486a67a70e74
Training/notumor/Tr-no_0688.jpg,no_tumor,2,train,142807fec5a5f6b660c951982ff06b7552cb704c9c518c47aa4a48c1720cb455,d4ec4b212f953cc3
Training/notumor/Tr-no_0689.jpg,no_tumor,2,train,40e976e453a56339037a5a32bb3d2ef30c949359d0080f320d3614e922a9c01c,973978d178936568
Training/notumor/Tr-no_0691.jpg,no_tumor,2,train,143487c9cf2dfa5110bd52859a1f61275e559341d15da80d5831f11372340104,c2683e613c9769b6
Training/notumor/Tr-no_0692.jpg,no_tumor,2,train,de20b0fb004aed647c277e146bca2a80b765ff85b0eaea02673db3fe272ba504,c36f6cb434d2629c
Training/notumor/Tr-no_0693.jpg,no_tumor,2,train,9c72410abd97ea916104f386a98d13279c4f37a98372b754c6ca9110c7a602d0,cb35386367169cc3
Training/notumor/Tr-no_0694.jpg,no_tumor,2,train,5b285b1efec7a58e9c15b0c9c045c93826ebed69a14e8fe1330ad065c804cb7b,d31f0bf06da11cd2
Training/notumor/Tr-no_0697.jpg,no_tumor,2,train,baa774363626c5eee8a978585b97dbb96e10bbf5ea198bdf3b215fa308ddfdb0,874a7aa739767092
Training/notumor/Tr-no_0698.jpg,no_tumor,2,train,efc3d306e2b85d6d837f0642e03bc575b3c7b253971b214dc37f5d637789aa2c,964b49b22e659e2d
Training/notumor/Tr-no_0699.jpg,no_tumor,2,train,2575a761b34b7bfc1de3567a56691876e828bd8b6a9025f02bbcd3902dd481f1,d00b2bbc6eb12bf0
Training/notumor/Tr-no_0700.jpg,no_tumor,2,train,2183325a3bbe4934abaf704f24d28b0bd5f08bb62394d6565a0070bd5ed2744b,873e7aa16bd12d21
Training/notumor/Tr-no_0701.jpg,no_tumor,2,train,be0874727b9cd8d2f558b086367779985585ac53ce5f24d6afb5b60d13eb06ff,d70828bf02adc77c
Training/notumor/Tr-no_0702.jpg,no_tumor,2,train,36dab71d7166ee6efb80fac1df7d29d35ad674a65c605d5077f8d4909d384fdf,875a7aa129d6619d
Training/notumor/Tr-no_0703.jpg,no_tumor,2,train,9bcef9b37568313a5a000ead62b03c13837e1cae935678179b8bda0bd6990ddf,c32d2fb2346330bb
Training/notumor/Tr-no_0704.jpg,no_tumor,2,train,2842a81cd4ad1352131f397e5b672b8e76aa28dc2d7f8e529ffa1fe24aaa325f,d1993fc0606f2537
Training/notumor/Tr-no_0705.jpg,no_tumor,2,train,3b4d34953f1f3b033d17877bd1ffa4bba3934505df669549c39138bd42b70f02,963c69e36496a68e
Training/notumor/Tr-no_0706.jpg,no_tumor,2,train,6911aeb470f5433ae7a5264f949523b37c2c08beea1942886be17a39128dd4bd,923c6ee169496cb3
Training/notumor/Tr-no_0707.jpg,no_tumor,2,train,bb97c5aa0b2246b8467d46c0dbab379b735dd69b6fd8abca0410232ff26a73fb,d0582fc13c69f536
Training/notumor/Tr-no_0708.jpg,no_tumor,2,train,c11820f9e4a82943498f854257d8445a46311291c243f823d3bb9f23fd0e5cb8,c76b38b4659e644a
Training/notumor/Tr-no_0710.jpg,no_tumor,2,train,67b2f6c11d47c13e417d9528c3e8e3bc4592524d6da0dd3e96fd323b9d914d54,90730fa56df2340f
Training/notumor/Tr-no_0712.jpg,no_tumor,2,train,95a0c389ed0662136d6fe962a43a91a0faefeec52d70e6280b252963bd85caec,854a5ea53af44997
Training/notumor/Tr-no_0713.jpg,no_tumor,2,train,41b82606ce7f9c06576914d13a81030d3bd0934f50ea658ef1ef8e861238b137,cb8a389c67c99c3c
Training/notumor/Tr-no_0714.jpg,no_tumor,2,train,6740672c64d254a35997873b1cdf129275647d05ff0c8bffd600ab48bbc12b6b,c2c02d0f7c4cbcbd
Training/notumor/Tr-no_0715.jpg,no_tumor,2,train,3a933566f65fff66dc809c9a16e7e1acd54a44ead6f5f9f8b13c1b9ba20cdf13,c71b2e5878b43c4e
Training/notumor/Tr-no_0716.jpg,no_tumor,2,train,4cc0248fbbe1a71703f0d42743d0d5837bd76ef9b1979d5a5dae6bc0b6f97182,924b6da5651e35e8
Training/notumor/Tr-no_0717.jpg,no_tumor,2,train,48be35531ef78338db303dbf1f4c4ee94851930dad6a1410e2cca6022404475a,865b49a22e659f2d
Training/notumor/Tr-no_0718.jpg,no_tumor,2,train,85a4b8a09add9315fbbc8a22aa3561b38a75956d8fcf8b0e477998a7ab3976bd,d0f42b4b2e4e2b0f
Training/notumor/Tr-no_0720.jpg,no_tumor,2,train,fbd20ef68785719bb96be228c3fb1a8ee242bdfd985440e898182272c43f9de4,d3e81d167a6b2d06
Training/notumor/Tr-no_0722.jpg,no_tumor,2,train,69da6e11c0efcb071f0c1e2ff8400d794f0a9e1de3773687cb0d2613a556ed1d,d3ed19c033051bde
Training/notumor/Tr-no_0723.jpg,no_tumor,2,train,879ca2807c1edc2f9cc882ab51bebdf699c89466f5d841be0141356e4e33d64f,d02d0fc86bd13ada
Training/notumor/Tr-no_0724.jpg,no_tumor,2,train,cf1efccdfe551ffde9dcb771dd75d7acbcd16f0dbf9aa07ca572e8ec8728557a,97366ac536d9215c
Training/notumor/Tr-no_0725.jpg,no_tumor,2,train,3ceeaafa70609fdf8e9d4da2e2e43dda08c706ce5c35afabcd64c30722ac4774,92c36e1e69b66c4c
Training/notumor/Tr-no_0726.jpg,no_tumor,2,train,582303e879ce7aa838972078a6be3ce81cf3852fa844cbe1352571be018a0155,9e96696930cdc93c
Training/notumor/Tr-no_0727.jpg,no_tumor,2,train,5171f739ee4899f56ed6cd8c36003c0027f948789c09f156cdf6b94a3a4b9545,97b57a5a39c97021
Training/notumor/Tr-no_0728.jpg,no_tumor,2,train,22521f52e3e63763aa01376918e3a1d6151c0662fa46ffff4ff8731fdd72caeb,93c96c3e363621b3
Training/notumor/Tr-no_0732.jpg,no_tumor,2,train,27f2fd3b7c59e48abe132bea2850ac8d1673d91d3412cef4d95ff2f541c4ebee,d4c20b9d7d702c3b
Training/notumor/Tr-no_0733.jpg,no_tumor,2,train,3567ccd4c73b772e7f7552c30a7c7435ac7cc7b76a1c0d63970eaebe9b7f2eb9,944e5ea55ae4498f
Training/notumor/Tr-no_0734.jpg,no_tumor,2,train,2a18085b3db9c599ea6ae4f546568bb14fb61aafa1ea3fe5b777bfe9b4cc8e95,c0433ea46b1f798b
Training/notumor/Tr-no_0735.jpg,no_tumor,2,train,0926cb0a22112fbf1a7c7f934c7a008fa797970e8b2b1725a0ad4e9a4a54b7f9,d11f3fb07c8525c4
Training/notumor/Tr-no_0737.jpg,no_tumor,2,train,7f73e9b5cd1592ea38d5a79f2e290e425842ae0fc1f47dac51a5eab24adcec82,d41e43b70c493f35
Training/notumor/Tr-no_0738.jpg,no_tumor,2,train,20b033a922701daaeb078c2e2ef78ecb580a69f261164b0b108a83f924716c5a,d5e84a642b947e63
Training/notumor/Tr-no_0739.jpg,no_tumor,2,train,48eb5344bd2c26018d1fb59f2b1f50c537f91aec8559e036fc116fbf98a99007,c34f3be43c366449
Training/notumor/Tr-no_0740.jpg,no_tumor,2,train,9ae69e2b5b0607b8d8d259046cb7d271a5aba1ab8d2ace35b9ffcfc584df728d,c7276fe03c1a6899
Training/notumor/Tr-no_0743.jpg,no_tumor,2,train,cce5f3f95f883afdbcdc953c024b721396e8323f044b81d0927dd87f8fde408a,ce93384d65ac6663
Training/notumor/Tr-no_0745.jpg,no_tumor,2,train,cac6df8ea819a2f660ea3fb6309c820b9f77f84bc78ddbfb34b4ae8ac8f58159,d4d90ac03f1f2d1e
Training/notumor/Tr-no_0747.jpg,no_tumor,2,train,441dd551d50fc3b41a58d50b4a355340053c828a0581c4c8f79fd28de09283c4,936c6dc4609f3539
Training/notumor/Tr-no_0748.jpg,no_tumor,2,train,4093623d5609e49a33e0808f72afa34c0bc4186d8da0eb5bf3f6d194a8f21ed4,c36f3c8435d2329e
Training/notumor/Tr-no_0749.jpg,no_tumor,2,train,46b7492748cce3c3e26114f890ff115a615b9e1684bb1893aee1fce8bed61050,9550169d6a816edf
Training/notumor/Tr-no_0751.jpg,no_tumor,2,train,2c85b9f31f005f69e2561f5efead07ae2a811d168f26be30f32649b427d9e956,87727aa56acb29c8
Training/notumor/Tr-no_0753.jpg,no_tumor,2,train,01d1f9e8c1282cc12af210d900e992037ace7d0e5443fb1966d086663e41ca51,c33f2d74349319cc
Training/notumor/Tr-no_0754.jpg,no_tumor,2,train,9a51f773ad27f0ae870d0b52284358679c987dbfe83cb5d71f13666206c43e29,85975e723a7a6c60
Training/notumor/Tr-no_0755.jpg,no_tumor,2,train,f8a0c824e4d3d42b97f90c1494e50bdc4ecd62dda71ccd9e9a856ceb5b3af099,926b3fa568ca2d8c
Training/notumor/Tr-no_0756.jpg,no_tumor,2,train,d1be598bd319ee9c709ddc4612e32338bbb3d174c65479a01b417bbeb0e02397,d6087cc161f621f7
Training/notumor/Tr-no_0757.jpg,no_tumor,2,train,26d6e8609ffb44fb56e3685188bcf79c965d6309c23e47b17aaabe1717a3c3a7,c1593bad2d62749c
Training/notumor/Tr-no_0761.jpg,no_tumor,2,train,e2dac31582a8e375d738dfafe277e9bd48a6f7a3cb54dacd26d2388a22599bf0,899f5ed82a25794a
Training/notumor/Tr-no_0762.jpg,no_tumor,2,train,649ec66caf7579996efde2150c6b107d440089c8503a017afb79e94aa3bdc044,93e81e167b6b2d06
Training/notumor/Tr-no_0763.jpg,no_tumor,2,train,f8a4c1ecd7132cedc26ff86fa1d1a3acc9f77b143e97722079d6952de635124f,86c17a5e6a263d5c
Training/notumor/Tr-no_0764.jpg,no_tumor,2,train,baf32f959b60c7be4f94e39cbac52483b6c0a15e46b18694cb0f9889884ca5a1,93f915c0230d5bde
Training/notumor/Tr-no_0765.jpg,no_tumor,2,train,ba8ee7176e76f2e76cfa1006f7901b161afd4642e246caea35d43e15d8dabdfb,92853f5a68356d72
Training/notumor/Tr-no_0767.jpg,no_tumor,2,train,9fd79b96fa975ada887c6388ef6dfc3261d8305d7fdcb12e87857389981faf3b,81bc5f173e722869
Training/notumor/Tr-no_0768.jpg,no_tumor,2,train,a90fc644f2b8e85aafacf9ab18f4ea6f1f334367e748899dfa84b484c3ba6ee5,86973c1e6c6c6969
Training/notumor/Tr-no_0769.jpg,no_tumor,2,train,9f8b5eeb21396da7c4ddde081c4e031aa9cdbb349fae643f11df218e216e61d4,9e92796865c5c93c
Training/notumor/Tr-no_0770.jpg,no_tumor,2,train,f0d1e598f5825dfe51cf6451519c59daf0a9843cab2c905175e8a31077070d8c,c3b03b4f3c696496
Training/notumor/Tr-no_0771.jpg,no_tumor,2,train,b5db2d8bcd294429483c770a2dbe5e80e4a0ae56aaa9f7ca1ac48d95d71fcbb7,93c96e3a34a6a1e3
Training/notumor/Tr-no_0772.jpg,no_tumor,2,train,9d2e6f850cdf0a264892717ceefe5160fa1608e438687afbf7fb3489f3c4da25,97b378186167272d
Training/notumor/Tr-no_0773.jpg,no_tumor,2,train,4663553d91a1269a1d60cb36686dd25d2f7bccebcf3fd1c640a497196896bbcd,c0bc3e526ba86975
Training/notumor/Tr-no_0774.jpg,no_tumor,2,train,e4736084c6cb3f293a2a15d5dda3358d5692234eabdcd6317b3cd47eb9ae7456,c23f2df032b33c26
Training/notumor/Tr-no_0775.jpg,no_tumor,2,train,ce3fddca80b2417e2ba1f2cecb3491ee3a94ab75906443ac7e3ae762a368ff94,d03e3fe468c3341b
Training/notumor/Tr-no_0778.jpg,no_tumor,2,train,045896234473696b40634d6d9cce1b82ecdb5f9e868c4da01f6b1d072873d0c1,873e7aa16ad13d21
Training/notumor/Tr-no_0779.jpg,no_tumor,2,train,6c311d3e6ac4851dc310ce232065d396dda67488ac5ed878c13adb32349e15c8,873e7aa16ad92d21
Training/notumor/Tr-no_0781.jpg,no_tumor,2,train,beed0d0a88d7d5f64a2e50124ec888ae0361f5c0a5e1ab237bcccb533e903c06,9304153f23f65ba5
Training/notumor/Tr-no_0782.jpg,no_tumor,2,train,74e932ae7f2e85338307473e01d33089996fbe5c74ffd71836bf0f8ef635ab7a,97397a3c26e76007
Training/notumor/Tr-no_0783.jpg,no_tumor,2,train,cc629d60ad4464ab6d56d9e02f029e7f295f4418ee46aee4179dad2e1f676a1a,923c6ee1694f30e3
Training/notumor/Tr-no_0784.jpg,no_tumor,2,train,631b11804332bd1b64828396c295a24ff0917af6bf63f884775eccca7b34aadf,92366ed53459615d
Training/notumor/Tr-no_0788.jpg,no_tumor,2,train,056eead3cf5dfa0c1a773e05f93b5d153d22b3b650b5b2af7c2ccaa2997e594c,96121d3f32f35b21
Training/notumor/Tr-no_0790.jpg,no_tumor,2,train,aeb2cb763f0b9d76fdfee28352bd93a261362f24757d01318405a23795fd4234,d10f2ee239652d9c
Training/notumor/Tr-no_0791.jpg,no_tumor,2,train,9e59091eeeee7b389dcd6b703cb557ea977368ac5572255b76610cc3cb01eee1,d70828bf02adc77c
Training/notumor/Tr-no_0792.jpg,no_tumor,2,train,c1bc8a92ce2dc41c5a3db5420f2e30bdadfbe184ce9a1e5ce073e6ec6076f8b0,c34f3bf03c366429
Training/notumor/Tr-no_0793.jpg,no_tumor,2,train,11b9af54a15c347c51f0ae71a4f1377407f50f82b3c1e7bcce58c6d636e862e6,87366fe038526c9d
Training/notumor/Tr-no_0794.jpg,no_tumor,2,train,43037771cf62e862e1e001e69f871b0dbdf4d3f8ed604f592f5a2983e21f3743,96c979b46132966d
Training/notumor/Tr-no_0795.jpg,no_tumor,2,train,4c137768c5c037a804590eb49adbb3cd05a64fdef825c97389202c3de170d1d3,933c7ae1694364b3
Training/notumor/Tr-no_0796.jpg,no_tumor,2,train,33b08fe9623358783886a570fc28772d8dd76233349176f053c0b00bc8e0def5,976e2dc4609b253b
Training/notumor/Tr-no_0797.jpg,no_tumor,2,train,4dc020562168786d7b21de601b3d0abe2a0c405294c2b38417c6476d02f7e426,c32f79b434d2329c
Training/notumor/Tr-no_0798.jpg,no_tumor,2,train,c5735087dee55523eb5a4ad84a2abbc9b82dc33f675942ceca8e948a24bbab01,95184e992ac56dcf
Training/notumor/Tr-no_0799.jpg,no_tumor,2,train,e5a319206c69a8f2a27780cfae9926d94b96eafea66c96380eee7769d5c8838a,d0b43f4a2d9d6463
Training/notumor/Tr-no_0800.jpg,no_tumor,2,train,334f64c29aebb26dac9fe46dffad820442e1f23503b57abc1e14c418b5091e42,967b3ca5681e2d8c
Training/notumor/Tr-no_0801.jpg,no_tumor,2,train,bb0336084aa9ef586384941a971a180e442419f1932b8210fc2e9292ab66f5d4,87727aa568da2959
Training/notumor/Tr-no_0802.jpg,no_tumor,2,train,32ee6226720705020abcb51628b18800e4540fb93bbffb1769aad916bf282278,96386db561c326ce
Training/notumor/Tr-no_0803.jpg,no_tumor,2,train,ffef5452011e0e68e2bf367f1e7ec0634da5286b8b37e828c6dc8469a066a51d,875a7aa129d6619d
Training/notumor/Tr-no_0804.jpg,no_tumor,2,train,3413d0e0acf6a5c0b0da43116a4e482ec1bfc543e8aa77352c350c162a05861d,927b3ca569da618c
Training/notumor/Tr-no_0805.jpg,no_tumor,2,train,8bcfb0f91e7ab37b0f17aaf6a2ce9d1cd77b0cc0e6f2c1ac5a0f51579c475cf0,d6087cc431f621f7
Training/notumor/Tr-no_0806.jpg,no_tumor,2,train,4eb1e080bb25efbc09995c271103bc5fa70870a3b1f7cad4182c5156c9fd8c4b,c34b2fa53c726496
Training/notumor/Tr-no_0807.jpg,no_tumor,2,train,1c05c9f3cc232b632c4eb66dc16fca0e58e28bf958bbd7342b1f567b202df7d8,c39b3d943cd93434
Training/notumor/Tr-no_0809.jpg,no_tumor,2,train,99a79c20251e8fcd6a0f721439b0d078fa5a15c5042fce9e27ac97e0fc6c3123,819b5fc82aa5794e
Training/notumor/Tr-no_0810.jpg,no_tumor,2,train,bbe9c1e3f9ee4932487423b538dae59cecc907ddef88811ba253833db0ebdcc1,c3743d6334a630cf
Training/notumor/Tr-no_0811.jpg,no_tumor,2,train,ebc7a30da009bf7fd0f5d03361cd7b33392c4f9d5c662f10846e55a6b3981e94,9e896d99332d992c
Training/notumor/Tr-no_0813.jpg,no_tumor,2,train,5b5a745600bb21f0fa5c4eb3fa5807917837db2b1367440b8deb71d2aca58182,c6ae44857e581e8f
Training/notumor/Tr-no_0814.jpg,no_tumor,2,train,cf8762c361828c4d0965218548ced9936fabe31fc8f4e4abf8210ecf3c54b355,c7963a4b34e96919
Training/notumor/Tr-no_0815.jpg,no_tumor,2,train,49a05025d5a82865e9a63bea8a4a8424073db937ad0e3ff0c515a471336180b1,81685f372ada7991
Training/notumor/Tr-no_0816.jpg,no_tumor,2,train,a81b4c1edb32ca2296ca1ed6fc48b5729a03939076d7849648554b535c29fa4d,c0332f0d6fc3cd32
Training/notumor/Tr-no_0817.jpg,no_tumor,2,train,9db4f175e253ebc5985798db240c0e057b0e96514a42ad1dab15fa72f6d545f6,cbc73c3d34909c69
Training/notumor/Tr-no_0818.jpg,no_tumor,2,train,0e345418b40393a7253bcc97729adc196f732a721dd0cefe9911941ac428bdbf,c78c392e60f334b6
Training/notumor/Tr-no_0819.jpg,no_tumor,2,train,6626ac490b99fa6a6cc87947ad537d8b1054820dd38fe01931c7e4270e12b892,c2f22d4d343770f8
Training/notumor/Tr-no_0821.jpg,no_tumor,2,train,bba63500f822843fa91cc183e6625720d99e26fa3c40343c3879653776e645bb,9785785a3c3f61c8
Training/notumor/Tr-no_0822.jpg,no_tumor,2,train,cbc66f32d5860adafe120783e8fa5702aa2e9613ced4e7bfadbbf00a7a683f35,94e96b073ebc38a1
Training/notumor/Tr-no_0823.jpg,no_tumor,2,train,d06de48c6749961e4f8e190c679e4a6954c0189a539afc685f632cf811ff10b0,9e306d66323399c7
Training/notumor/Tr-no_0824.jpg,no_tumor,2,train,c2ff968d4020f430f8057fbb51b3848fddf42737242cb2176f4013fcebf678c9,976a78a167c66932
Training/notumor/Tr-no_0825.jpg,no_tumor,2,train,270bfc606ce7bbcda62f832401369c65aac06f24f16451ec81bb5be9aa2132f4,d36b2fb43c846874
Training/notumor/Tr-no_0826.jpg,no_tumor,2,train,aeb235b84c6937aa212e7bd8a99e2a3c9fa9e94cb2e91a137b06fe4971fe6327,d20f2ff47e8324c8
Training/notumor/Tr-no_0827.jpg,no_tumor,2,train,cc6e1fcff932d7783b82f760a9ccad1bb0c759772090a1fb83f9d8c93ad12ab5,96387ac371b6254e
Training/notumor/Tr-no_0829.jpg,no_tumor,2,train,541274e97e79c0dd4bc9ba772caba08c979b452b145a8255b087a157e31eca1c,c651447b66af0e74
Training/notumor/Tr-no_0830.jpg,no_tumor,2,train,cfd03864d41f3f30df47199482ff3628f59115c81760780846ed946cfa52d983,d26c2d61733635d2
Training/notumor/Tr-no_0831.jpg,no_tumor,2,train,b62cbbd88cfba99ab65e8b149b634faa2cfebfb456d920bb998345bb63e07109,c7693eb4381e21b6
Training/notumor/Tr-no_0832.jpg,no_tumor,2,train,d0ee4ebd7e61c36985fce25af66b4dfe65ebcb48b2328ecad556572f431b7ec2,c2c22bcb3b8f0ec9
Training/notumor/Tr-no_0833.jpg,no_tumor,2,train,cb5528de82030ed2e64d09eb87e4dd5a23bab88d4141a9056659afe5ae428248,cb382cc6366d9c96
Training/notumor/Tr-no_0835.jpg,no_tumor,2,train,c2f202fc10fc4bb6248b2412b2635921bb8320a5751545c3207f4287e32ccc6a,c26f2db234cd60a7
Training/notumor/Tr-no_0836.jpg,no_tumor,2,train,b7ebc6041503c12326c757b6b0b7e6507538233ce1d5c70343a42ff9c2839540,c11b0bf06fa51cda
Training/notumor/Tr-no_0837.jpg,no_tumor,2,train,faca5315eaa9a4c0a495cb4fbb30b8b44f1038232dd98fdfa3fd3fd9e59acd1d,84166bf82f23789e
Training/notumor/Tr-no_0839.jpg,no_tumor,2,train,f6a044bcb3f7292537094a6f4e7a71fb0e9d8f83244bd58997bd6af4b6b0891d,c3633fb569063cc8
Training/notumor/Tr-no_0840.jpg,no_tumor,2,train,91fd722ee7979fa215cdea89dd02e03c0e487d2abdf9a6a84e5f7bf1afde9701,c22d2fb23c6330bb
Training/notumor/Tr-no_0841.jpg,no_tumor,2,train,cdbc4bb7c163eef116644feccd71fb81f49342c8ba43463647ddb52a3737fc30,c39c3de13467c338
Training/notumor/Tr-no_0842.jpg,no_tumor,2,train,105a3764379c524a80550f9bcd699e6f6bf57305109ec3d8c87a0e0fab883b23,848e5f942a5b7c47
Training/notumor/Tr-no_0843.jpg,no_tumor,2,train,217017e8eb73fe12c94166adaef1ffb819ef338bfe8e29db1418f434d302ffe2,81685e3728da79b5
Training/notumor/Tr-no_0844.jpg,no_tumor,2,train,f8d410df384d6e8aa3add061f353f43765b7220d760e94fbffcf160bacb574b6,c6693bb4389661e6
Training/notumor/Tr-no_0845.jpg,no_tumor,2,train,ef26e4985bed689a23707b99acedcf29889fc489840ae1627603278f4242420b,cb3c3c9226679c36
Training/notumor/Tr-no_0847.jpg,no_tumor,2,train,7b94ead89fac6028051b1c4fa33126927f3d9a904c3dab86f9ccf298b478bcb0,c04f1bcc2f953a8e
Training/notumor/Tr-no_0848.jpg,no_tumor,2,train,070772e54527c2ae91210689aa089ec5de9d0b8002d3a7a0e289cfec644b19ca,d2272ff03d8b780c
Training/notumor/Tr-no_0849.jpg,no_tumor,2,train,e1c637e00b83519e9c606f003f0270b376795b03c8e64b7fac21926139dcaf47,c36938e0359672db
Training/notumor/Tr-no_0850.jpg,no_tumor,2,train,91de51e9efbc07db895ca79b0018bfe8372870484ee6db81cb404586a71016fd,c72e69f03c8b30d9
Training/notumor/Tr-no_0851.jpg,no_tumor,2,train,f4312683b99f24fa03eb8a4bbf78be17a16d8f4fed7bde68db3c9e1577cccc83,8b7d29b224a375aa
Training/notumor/Tr-no_0853.jpg,no_tumor,2,train,301907957a42209198160472fd3138d0d9c52c59deda283b26c28d2081ca857c,961f7ae0693721c3
Training/notumor/Tr-no_0854.jpg,no_tumor,2,train,1eab27eaccbd98c787c7b7065899fbb78a85612369826c36d82964be930876ce,96b56d5a61e13516
Training/notumor/Tr-no_0855.jpg,no_tumor,2,train,43d18c5a74b6f59ae09a466c6221421e2a64f02dc02441c204208ccd77a5e48d,96df78c9690c6165
Training/notumor/Tr-no_0856.jpg,no_tumor,2,train,7b2aee226227c348b78718c4f4a913de86f98aecc9103f0011f6436a3fa50e54,c23f2df0699d3462
Training/notumor/Tr-no_0857.jpg,no_tumor,2,train,f99915948a54324d45ffaec36d9c5df4899778c43c6ddd0473d511790648697c,97687a716e244b63
Training/notumor/Tr-no_0859.jpg,no_tumor,2,train,670af9e2e370eb9b48c3ed2587c44b49f39e74ef3836c26c3049f00db1a46557,84b17b5c2d8f7036
Training/notumor/Tr-no_0860.jpg,no_tumor,2,train,348af8f6c32767e30a20790cc2962d102dd2f20f40e33a8be41a32cb69a64dcc,d4e90a466a237d1f
Training/notumor/Tr-no_0861.jpg,no_tumor,2,train,ab5c6553ab42ba9901fda7b00cd803c44a75ea8a21c6aef487a095901ecb416e,c3633d3e3498d2c3
Training/notumor/Tr-no_0862.jpg,no_tumor,2,train,33911681ae018d9115576f0a8ecc1f1d9f54b3fbb5e004c05701e6eb5568594c,c2d3693f3c9134d2
Training/notumor/Tr-no_0863.jpg,no_tumor,2,train,69d8de1e074f724b6f68b0215994344b7986934964fc946fd8ddb01ede181687,c7963e4b38e96119
Training/notumor/Tr-no_0864.jpg,no_tumor,2,train,2243212a3c33354decf5397d416fa13fbf5f4ee6e080b2ece6cbbd484440ba27,97387aad26e36027
Training/notumor/Tr-no_0865.jpg,no_tumor,2,train,c9d894954eaaa47e62a68b0303545ff10c6ab8b44da4d67b6bc5467135ebe774,c16f3bb07c9534c4
Training/notumor/Tr-no_0866.jpg,no_tumor,2,train,6e69b3d2de3a55bb89cb2e386feb9594a36bc588ae62a11d15f46fb7df3ed549,cbc33c3976989c49
Training/notumor/Tr-no_0867.jpg,no_tumor,2,train,f03c3fc1c19b0300e7d3b34644530264b6dcab2b61aa117abefdb46b77ce2227,c7c6386e357170b1
Training/notumor/Tr-no_0868.jpg,no_tumor,2,train,e3af0e996f2541006af012d78cdf06f538501c76133283a2b0620537eb007170,96c5393e61e96532
Training/notumor/Tr-no_0869.jpg,no_tumor,2,train,1ba21762b6fb23dec2b5db4ce9222dcee2036dccac5101218a840dbc8878f07f,9e996dc9321cc94d
Training/notumor/Tr-no_0870.jpg,no_tumor,2,train,1f3374500af09bc1de545d5d03f4be9d2539836904068e401620b3cf4033206e,9791785c6e1961cd
Training/notumor/Tr-no_0871.jpg,no_tumor,2,train,bee42917de9013bb747e5e2b82ac7900474326e6f9b272d703ab77021094f5c0,d2c62b1c3de1683b
Training/notumor/Tr-no_0872.jpg,no_tumor,2,train,bce42dd37c1baeadc31818beb2f0b897eb1038002d9f09b0d46d22f3af13145a,cd663ac5691b3439
Training/notumor/Tr-no_0874.jpg,no_tumor,2,train,3c8f5967d5ccb0e72976241e6aef10f2fcd48ee65de182dbc5e88db7bb4f5ffb,c0fd0d90784f8b9b
Training/notumor/Tr-no_0875.jpg,no_tumor,2,train,f817904dc58179af849ed9b0b8cd21f43ece28d4d5b62049561033d7f0577918,85a17e166b0b3c7a
Training/notumor/Tr-no_0876.jpg,no_tumor,2,train,0cee05726e1a5c81ba75401815e9e609da305f313bddb7fc20ca48b1502c1101,916a0fa57b32689d
Training/notumor/Tr-no_0877.jpg,no_tumor,2,train,4ce4e43991953f6148e701a9e29f6eaabeae7a939490c2fef0b7034906c5eab0,9d5a6ae569342c33
Training/notumor/Tr-no_0878.jpg,no_tumor,2,train,739fecfa08473686929d4dc57559429de4a509bde0aa66a3db152ab411ffdf95,968578ce61796666
Training/notumor/Tr-no_0879.jpg,no_tumor,2,train,9dde83d35bc88aea85c5d32f4a04f208c9d64b5c63917b4a9ee81269a087c9bd,c7bd48416b2e6a53
Training/notumor/Tr-no_0880.jpg,no_tumor,2,train,81f6b237658b5f46ef2aa7e59e3af7443bf90fc8937652d5ffe21563f0610960,d0942b8f3e7b700b
Training/notumor/Tr-no_0881.jpg,no_tumor,2,train,c791406273efdc7c41ef90076d2f88f732803c0ba85be23fc1899fdee9d5bcf2,82a35d155e57c2d6
Training/notumor/Tr-no_0882.jpg,no_tumor,2,train,690cfd40d274c66f7440d71b14a724f151f5e86375ad6f52a7beff2bc2fb5df6,d0f02f0b6d7c250f
Training/notumor/Tr-no_0883.jpg,no_tumor,2,train,75b0e14505bd38e6c8a18dce30f5a72213570955900aa30cb1babf3fbcc9f0b5,84f019553a5faa5e
Training/notumor/Tr-no_0884.jpg,no_tumor,2,train,9c0b78aee198cd4b4bfc349c5150f17b2b2eda718d95b04d188b0402eb01a528,97877a1c71c96133
Training/notumor/Tr-no_0885.jpg,no_tumor,2,train,bdc57e05adb41aa727adcf95841d45a30f11203658c044de101807da78dca8a1,86ba44957e501eaf
Training/notumor/Tr-no_0886.jpg,no_tumor,2,train,752e2cca5fe56ce0bf3f15e452bdb968d17b5543fce18bbea74abaf52c49eed7,c3d63c49343c6376
Training/notumor/Tr-no_0887.jpg,no_tumor,2,train,3a898fe61af3f877536b77d8bc4df332b68b57646be55d05a5666ace4f11d62f,c11b2eee3d24359c
Training/notumor/Tr-no_0889.jpg,no_tumor,2,train,8f85a0730682aebe82ff797d85464138c78658b14162af112d2bd1766a8ac674,963c69e36496a68e
Training/notumor/Tr-no_0890.jpg,no_tumor,2,train,340bb824c80100591dbc46f68d03ad0b6221755c284e48134f81567859398713,93d06bcb693d3c0c
Training/notumor/Tr-no_0893.jpg,no_tumor,2,train,06933fc03dbb1b87ccbb6a08bb09c6800fb4d42ea6860226ca30eba3a73f1f46,85e47a636bc1e1d8
Training/notumor/Tr-no_0894.jpg,no_tumor,2,train,75f20818f15cb0111551aef534fbec25fe5bd18af3547016751424d9ea2d50bd,95336a6235c570dd
Training/notumor/Tr-no_0895.jpg,no_tumor,2,train,b8701f6710c958deca02079ff0480aac6e0cbee161e8195a5eb10620501cd21c,c49c3b6e636324b6
Training/notumor/Tr-no_0896.jpg,no_tumor,2,train,cc8030aa62859249647aadad71103fb8954c1d2d62dcb2c16718dae5b144f33b,d0e40b475f1e1c3d
Training/notumor/Tr-no_0897.jpg,no_tumor,2,train,cfb01eb53af61f6784a5424e0f2651a67644dc34107692c5ba87c839f6ed3f4b,d0e40b4f4f5e1c35
Training/notumor/Tr-no_0898.jpg,no_tumor,2,train,19896a81b15fd5fa936824d084efe082b98bdf0fa9516f05cfc5cd38e7bc8cd6,d44e63b70c493735
Training/notumor/Tr-no_0899.jpg,no_tumor,2,train,df473649cbb4a931bb0dcf640b912067c67813de99d50a91f0ebb7e06fbb8911,96e7681c65e3270d
Training/notumor/Tr-no_0900.jpg,no_tumor,2,train,4d41896a10c4b503cb45157c644495ed6846bd6d1226fafdfcef576e612147cd,d4390b725f0f6ce0
Training/notumor/Tr-no_0901.jpg,no_tumor,2,train,31b5d2e8429fc790995bfac62a6c0bff83b17ee6c844bffb807bf97ebaaa94a5,94e92b0b7adc68a5
Training/notumor/Tr-no_0902.jpg,no_tumor,2,train,e4d35bed30ea9e58696fefced6f3d370676202ed71c369cb96d3bcbc69f812f2,923c6ee169496cb3
Training/notumor/Tr-no_0903.jpg,no_tumor,2,train,53c1756c452e7c7f768655be61ff63e624c7cc8912f2c6aa68b8d58ad0058fe7,9e646d363263c9b2
Training/notumor/Tr-no_0904.jpg,no_tumor,2,train,b63057c31f50392d791a409da2166e21b2f007446f8117fa40e2c9cd85eadeef,9b3c2dc7303e31c9
Training/notumor/Tr-no_0906.jpg,no_tumor,2,train,e64f72427ae32dccdca29d5ad78f00d58c8da6b5a050ce454a0760e770acb88b,c5675ab539d2611c
Training/notumor/Tr-no_0907.jpg,no_tumor,2,train,370c6c3c49a97437f46ac8fdbe5bfa9abaafdf4782bc13e41223871728591932,92b33bf22c1f68c4
Training/notumor/Tr-no_0908.jpg,no_tumor,2,train,5cc934c2b58bd61fa42248b303ae3f39a79c9ad9d15b58b304f94b067629db5d,c5933a3e6d6434c6
Training/notumor/Tr-no_0909.jpg,no_tumor,2,train,a13fbe89d38b9b1c298d7200e0435010beefa3090371b604b260505b55016df6,d12f0bf43fd12c30
Training/notumor/Tr-no_0910.jpg,no_tumor,2,train,9cf8c5a0b1db9c99f0efdcb12c1e7ef9fe9bade449000a1e14e88e745989ddf4,805b1ffa3e952855
Training/notumor/Tr-no_0912.jpg,no_tumor,2,train,880ec0a6ab762f2aa4d817e33a4bc89912b1331727c0bb53abfedddb24a3c6c7,855e7ea12bf03c85
Training/notumor/Tr-no_0913.jpg,no_tumor,2,train,ebf239bcfa35d447bf7c059bc99b9d6148f61a2f20ee931a2d83371a9181dfbe,967a783161c66799
Training/notumor/Tr-no_0915.jpg,no_tumor,2,train,eb77f92847951f7fd14274305f2de589ffc7a2d53549be5e382d3b2a253fcae4,c64249ae2bd17bac
Training/notumor/Tr-no_0916.jpg,no_tumor,2,train,02dcf47440e5fa83dcd4842a0f92ba6d077329fee852136200a78d4a50a85476,d16b2bf43e846474
Training/notumor/Tr-no_0917.jpg,no_tumor,2,train,3d1c45b04c5f4e23768562eb2faf88f2fdd1d9f04a9985cd88066b841ba33a2e,96594dea46f8c239
Training/notumor/Tr-no_0918.jpg,no_tumor,2,train,1c833226af163e001bfed5efd88f30c4a717214e280842ce218019a587cdf353,d00b2ff47c8335e8
Training/notumor/Tr-no_0919.jpg,no_tumor,2,train,4cf19999ca2a5677e6c4faf23c50bc6f2fd659ccd2c6a7e5657c8eafc476caa6,860f19aa3ab4bbb1
Training/notumor/Tr-no_0920.jpg,no_tumor,2,train,4f54773421ebd76ddb57d8b4b75f1f1e7469bb4f7cda1ff7a4028f01dbc33d4f,936c6993649eb661
Training/notumor/Tr-no_0921.jpg,no_tumor,2,train,45a85db2741401043ec0c21cc5ce00c1c83451c145796f3ed165c41d80080d32,c76f3be43c926049
Training/notumor/Tr-no_0922.jpg,no_tumor,2,train,bf3a48d6f7fa0be3a125ce21214c500e1a6d9796c840fd73de7fb88f9bbb70b6,97387ae36136614e
Training/notumor/Tr-no_0923.jpg,no_tumor,2,train,14a222aaecb325926c56ef0dfb3cc2bec5bdfe66609fcfbd5c5e757eaf8ed136,8645447a7eaf0e74
Training/notumor/Tr-no_0924.jpg,no_tumor,2,train,a8aa54f3d4c962c7b7917d6c620f5eace2a02e1a1c0737229dfaef33c8b7f267,d26c2f6873b23538
Training/notumor/Tr-no_0925.jpg,no_tumor,2,train,8d645fecd9710cf9b85fadca834dc63008ca790edfbebafc4915244d834b19b9,c0933f3c3c7869e4
Training/notumor/Tr-no_0926.jpg,no_tumor,2,train,12da1d1f69bac90dde276a3f02da487776da2001f45034a1737f3b909162b022,9e6969967432c9c3
Training/notumor/Tr-no_0927.jpg,no_tumor,2,train,774d59f7165e26c3b6366b478705f1d889af31e2bc4ed6b700eafc7caf58951a,c3333c9634cb63c9
Training/notumor/Tr-no_0928.jpg,no_tumor,2,train,a17990405fb4c473e08ca3f489ba245b0d481c1caf1c31391c6eba989ec2b7db,c7492bb4381c3de6
Training/notumor/Tr-no_0929.jpg,no_tumor,2,train,c26e263d203680b4f0304f262d8ba8c44f11435ca2b61d43490be15346fbff60,cb1c3cc730679c96
Training/notumor/Tr-no_0931.jpg,no_tumor,2,train,ae010db1f4bd1ad0ee95cbd2f1d24ad4d52b1b33326fc739e76014fa36847689,94cc6a9d353b7072
Training/notumor/Tr-no_0932.jpg,no_tumor,2,train,b961a7465bda255a33b17e81009366845c8320661c15651b78db588b03274995,c3263fe03ccb609d
Training/notumor/Tr-no_0933.jpg,no_tumor,2,train,be4cf8584cb7273a26ccdacf9a8f68588b96f93a46bb1b39962f4d1951930922,c7633f90739c7418
Training/notumor/Tr-no_0934.jpg,no_tumor,2,train,89b856ff9ef2195e851d467685af0f90dd3a056693a88c0ec15d87860ff32580,d11b1bf819911cde
Training/notumor/Tr-no_0935.jpg,no_tumor,2,train,5bbeb1e3cdc17607b61de4c6b36a596b1d0d1eb926b1818f701511b836360cb3,c20b2fb23ccd62a7
Training/notumor/Tr-no_0936.jpg,no_tumor,2,train,affc62c6ce928c00af999fec553587025b7de1b84a87e29c29659a49cd187452,d01f0bf01fb11cda
Training/notumor/Tr-no_0937.jpg,no_tumor,2,train,d66007a50ce88d99edf0b4ffb8185396d20c75b373e822a17ffd1a26b03d4308,95166af82f023cde
Training/notumor/Tr-no_0938.jpg,no_tumor,2,train,4830c8a987f960415bdf7597f31c90ed0b03f549e490c59bfaa6b1c992c37450,c7e1391f3cb46443
Training/notumor/Tr-no_0939.jpg,no_tumor,2,train,98309ad3d491b88c1987c8205d1edda55bb5981788ba67a01ffd31b59005eba4,874a7aa53936709e
Training/notumor/Tr-no_0941.jpg,no_tumor,2,train,de83b95b6d6f5449f592d5353b11daeba5a3bb8dca95e41eaf20e97fbfbee703,844e5bbb297178c9
Training/notumor/Tr-no_0942.jpg,no_tumor,2,train,ce93b7edd5e87f573ad8308f30694720f4ac6ccabc826915a45efba12c8ff482,d3633ab5698e25c8
Training/notumor/Tr-no_0943.jpg,no_tumor,2,train,6a3d35edd6368f30f40f339a9f66a983c5fb9bf35266f4e9667cf963c7fdeeb1,9ecb69b461329663
Training/notumor/Tr-no_0944.jpg,no_tumor,2,train,9444a7706bfa5c728700b100db892acd4b5142dd17dae0f76d1fa266dc5e5353,c39c3dc13467633a
Training/notumor/Tr-no_0945.jpg,no_tumor,2,train,d9bc365b1865f7bb53f865c238e20c6059ddc8fb0d03cdc34d9a877831af461f,c26c6fc86d663433
Training/notumor/Tr-no_0946.jpg,no_tumor,2,train,4c3269a6ea1811b54d2ba74e2edb522b37214211f5671a0a96f22e8b8933dfad,80ce5f952a9a7c4b
Training/notumor/Tr-no_0947.jpg,no_tumor,2,train,e93091569212ea4228a2e8bf186216e49c40a995980e185a7ca829c2146a92e3,c5693bb43c9c21e6
Training/notumor/Tr-no_0948.jpg,no_tumor,2,train,276b2e5a63ba969d7074127e22ccdb604261bf16b97cb0f6adbce3961460ebb0,c639789135ce706d
Training/notumor/Tr-no_0949.jpg,no_tumor,2,train,ff61897bb0f9ddad085a9fe699cc6774027070fec912595c3e5210e1816f464b,c02d17c86fd47e8a
Training/notumor/Tr-no_0950.jpg,no_tumor,2,train,874fb24c0d6daf2575330115834388b6a151d547a37d66ab41661f91545f4fac,d2272ff02f0a7c8c
Training/notumor/Tr-no_0951.jpg,no_tumor,2,train,3e687b6c4ae7a891389a31d7ee01fac86bbe2f77cea676b3ad0372cfa01e5625,d0582fc13c69f536
Training/notumor/Tr-no_0952.jpg,no_tumor,2,train,7b4d62229e6fe8120ce4f70db53eca42fdbe889456db867c1fd389cd9081c78b,c3693be1319670d3
Training/notumor/Tr-no_0953.jpg,no_tumor,2,train,1b8daa3c560ae0dc2331274fb10b679a93d4b49482549b1ccd53de0c975684db,c62e6af03d8b38c9
Training/notumor/Tr-no_0954.jpg,no_tumor,2,train,c1d7bb79361d0e58783803d28bbe1b04f4e762c165f69a63e25da9587584ec67,973978cd69336468
Training/notumor/Tr-no_0955.jpg,no_tumor,2,train,edde354a92e796c4d68b47860144ceefcae8ccbefb098c09109eb49a8756091c,940e6af8783761cb
Training/notumor/Tr-no_0956.jpg,no_tumor,2,train,fd5129560851d499960f2a1481c54d3a412cf0fb478302e2d3e2510d5887afc3,96df68c1750c6565
Training/notumor/Tr-no_0958.jpg,no_tumor,2,train,f8fccb17e3734818f8afad0f94cec0135c53a6134ca28eda7736d2a7bc06b125,87783a716e254b63
Training/notumor/Tr-no_0959.jpg,no_tumor,2,train,1be11d7d99cb8d595d2009c584f41afa2cd2d2cadd745c46d5df30310734f503,d4c60b9d7d702c1e
Training/notumor/Tr-no_0960.jpg,no_tumor,2,train,2833a010b5e7c8a000468a744916d2acb6e1c21ee062dd7d4df6ebbc51c61375,9312193f33fa5b21
Training/notumor/Tr-no_0961.jpg,no_tumor,2,train,4ccd2cfd4f2749964e4863e0e137937f2e9e5e7956813b1bbbd875af5c951b56,c76f39b03492646d
Training/notumor/Tr-no_0963.jpg,no_tumor,2,train,165c107d6260fb5b3c0525b8eb89c5eb947552042d6665a6a3655a84976b0236,90326fa56dd2314f
Training/notumor/Tr-no_0965.jpg,no_tumor,2,train,6d897d7b605ab6062336e163aad800267594676049cba991f5a1581cb8217d13,81975ec82a75794b
Training/notumor/Tr-no_0972.jpg,no_tumor,2,train,abe377d9f9df4675638fa2937fa123756aacd26ce899267a79c0aa61bafa79cc,965b49a22e659e2d
Training/notumor/Tr-no_0973.jpg,no_tumor,2,train,c43c4244b731157f4614986e59340c19f337ce498127c2c7c1e166dc3113c7ad,923c6ee169496cb3
Training/notumor/Tr-no_0975.jpg,no_tumor,2,train,3d83e07550bf6ab75df7b7c13746c8c6d62a7dd91210f936d332f665ecc3cab6,93366cc536cb21dc
Training/notumor/Tr-no_0976.jpg,no_tumor,2,train,3bce5e7de5e88e0a7cb697db39921336ac77f0a67d9f8e04e2ecb9939d544521,c0920f776b2e3a65
Training/notumor/Tr-no_0983.jpg,no_tumor,2,train,c3b28aa6886e0688106c35eb4c1b0edf9546a86ddcb97b97665d730537742fa0,805b1fea3e952857
Training/notumor/Tr-no_0986.jpg,no_tumor,2,train,fc17e725f088a2a0083b90ad7aadb4d02b4c6e4f37592eb2fbc258ac4cbeedd3,d5441b76277138ae
Training/notumor/Tr-no_0988.jpg,no_tumor,2,train,ee867195173e33b23eaa6edcd4fbea7700551076855e8574acb4b411a7793038,854a5ea57ae44997
Training/notumor/Tr-no_0990.jpg,no_tumor,2,train,a1a29f5746dede610a8433049c1d8614f42804759793bf4d3049864371fe2f2c,c47b2e253864799e
Training/notumor/Tr-no_0991.jpg,no_tumor,2,train,1f62ac23ec33a453a991702d99cf53a9d2e4f931241e84f9b53eb4e9607df46d,c36e3e2478ec398c
Training/notumor/Tr-no_0992.jpg,no_tumor,2,train,3a4dfe030cdc384774acfd0cce029532442b046b0d61386378140f16e908a242,85c61eeb680b357c
Training/notumor/Tr-no_0993.jpg,no_tumor,2,train,675fef10bf0d91dec5f166fd4d96c0cdd2130c74eb08d854284c961441573287,c16f3fb46c9134c4
Training/notumor/Tr-no_0995.jpg,no_tumor,2,train,e6f48c683323588e7546a83b62613b1447c89c2f27f042737f2f992e7d7aecdb,c11b2eec3d25359c
Training/notumor/Tr-no_0996.jpg,no_tumor,2,train,fc7af3ee3472c5e63530da273bfaeda9846c9329770c400f26a44f7b5c1268f7,c6ce2d953cd9301e
Training/notumor/Tr-no_0997.jpg,no_tumor,2,train,58f505026436a3719e8fb631d3d2a79602dedf2fbd59ba8e6c8e881f7545c26b,d46c4b212b953dd3
Training/notumor/Tr-no_0999.jpg,no_tumor,2,train,e38c37f8cf233c77f323fe66269589aaaec8a78a8c4a2003c48608a958debc20,973978cd69336468
Training/notumor/Tr-no_1000.jpg,no_tumor,2,train,32978eb88bba12d9a0973c82767bf1a53f012a71f22a7972bbed0d1a2adff588,854a5ea53af44997
Training/notumor/Tr-no_1001.jpg,no_tumor,2,train,3daf36450d4475f7ba2d1bb5d91e92a2be2cc0eafec92bba3f3bdc3204b67492,81975ec82875794f
Training/notumor/Tr-no_1002.jpg,no_tumor,2,train,57c6ee519e5de42d92dba78a4ade1001ac1191fc92300705916b5e1ad41753c7,d5c90a637f9d2816
Training/notumor/Tr-no_1003.jpg,no_tumor,2,train,5164bf00b6d18779ef660945758ac3451f0ef6bbd17073eb7a7bc8c823c8e58b,923c6ee169c964b3
Training/notumor/Tr-no_1005.jpg,no_tumor,2,train,81131b53478050755391417abb3547f9e15ff2b08f19e5b209cd4ffe6dc84381,cf34349333cd32c3
Training/notumor/Tr-no_1006.jpg,no_tumor,2,train,36a2827aca4fc1f758acd6e1f8ac3a65d67d6dc7864b8fa43ca49120e9a649f1,84685ead3a856c9f
Training/notumor/Tr-no_1007.jpg,no_tumor,2,train,dd3ebea3ff657e0a1094c30600a0d02d145150556fc8810a5fdc673484e4084c,d16a0ba53f813a67
Training/notumor/Tr-no_1011.jpg,no_tumor,2,train,6cf9f5f08071854bc8f5646618e670f02969b686655889cadf96ab45d9080d97,87727aa56ada2958
Training/notumor/Tr-no_1012.jpg,no_tumor,2,train,eb233bd8ed99f7cbbe28f3a5d76f9896cf5694bbfd8fd554ea8490577b93b5f9,c33b6ce534c9728c
Training/notumor/Tr-no_1013.jpg,no_tumor,2,train,efb7f736ff54966704728c5206582f98f211c8b7ffb2c92f886dd1572749a831,81975ec82a75794e
Training/notumor/Tr-no_1014.jpg,no_tumor,2,train,1ebf6de5fb0136083cd29b9e2561dd582384da58acde4dc062ce3be52e2538ae,854e5f2d1b6438b5
Training/notumor/Tr-no_1015.jpg,no_tumor,2,train,27e89a1f6ae39619f037b212d0c5f9aab902b1253bf3d3c83e1ea21ded855a3e,866a3e21389769f6
Training/notumor/Tr-no_1016.jpg,no_tumor,2,train,1620665597b0e783c2ff7d63eae70ab79ad08da8f76b7b7a57293ad72e4f0bac,98cc6f3339b06533
Training/notumor/Tr-no_1017.jpg,no_tumor,2,train,683ff017f879677141a667b5a20e42d036689f6833b41c12729be32ddf355a01,d41c0beb3dbc34c2
Training/notumor/Tr-no_1018.jpg,no_tumor,2,train,a63666e44cec86c0b3919178c8df2fb4151d13c03b778fa861408b8283482427,cf087ca131f221f7
Training/notumor/Tr-no_1019.jpg,no_tumor,2,train,43a5d38b029368bcc4bd0fba63d0d7901f4af53c26c2bcb1b62577aab7570e05,c04b3fbd2d62649c
Training/notumor/Tr-no_1020.jpg,no_tumor,2,train,294fb4548d18c5dba751fc43f23cbf62678830a1e86a431f66911c33feff5758,c3cb3ddc34d93034
Training/notumor/Tr-no_1022.jpg,no_tumor,2,train,bb1203842eb3b8d8f60088f3fbdbc76b7338ffb861b24246c187891a640b7524,977a78a53cc06137
Training/notumor/Tr-no_1023.jpg,no_tumor,2,train,163c4a1e82be012f1f8819f1661786250c4ad4b648df73c2a13a7d29e35f5eba,cb25386367369cc3
Training/notumor/Tr-no_1024.jpg,no_tumor,2,train,19606f9bfe7709fc2256e75e978b020db8e3ce2d38df5af6125aac182d910637,ce6c38b2255b669c
Training/notumor/Tr-no_1025.jpg,no_tumor,2,train,6d47b7cfaa25d32c91b0518040ed9af5af00758f4d28e378d111b1645835da50,c3433eb07a17784b
Training/notumor/Tr-no_1026.jpg,no_tumor,2,train,d45cc8145f8a0881e006720ef2beb2b895dab2149203564a58cf1acf87048f5d,9e6969967432c9c3
Training/notumor/Tr-no_1028.jpg,no_tumor,2,train,913f8f2c3e993aafa80abefcde7071a046dd00c774189b4242fec551a506dd80,c35d2cf3381cb2c3
Training/notumor/Tr-no_1029.jpg,no_tumor,2,train,79141cf8b39663bfdbf60be11384bf0bd62202e2b4b8a7ded23eded4f25e4424,94ca36ae4b966a4b
Training/notumor/Tr-no_1030.jpg,no_tumor,2,train,5eef1a03e2443e95f35c7297d2d76b02ee3c6f80096c18fc63f9d88a83114c3e,c23f2df034b33c43
Training/notumor/Tr-no_1031.jpg,no_tumor,2,train,9ac78cb8a9a646e741daf30b808fdadedde26ffbd357b83fca85d37ec58aa073,90322fe56dd2644f
Training/notumor/Tr-no_1032.jpg,no_tumor,2,train,9c752b713d1c003073e15b740f7294f6740f56e1d784a100cdd6a36beccc6f05,936c6dc4609b353b
Training/notumor/Tr-no_1033.jpg,no_tumor,2,train,c52fc2c73490a7eb9fca7a6c448b1232b562127209172aa495ff4ee3843ea3b8,cf6430f2339ac798
Training/notumor/Tr-no_1034.jpg,no_tumor,2,train,488a315b14b517246934a9cf8dd6ecce4e87245d85fa803e4ddeafb1b16a6680,874a7aa5393670d6
Training/notumor/Tr-no_1035.jpg,no_tumor,2,train,9a8eb4104bd621cd3196df082401e4650a1bb27ee969e6c841d8697d73483300,d0582fc13c69f536
Training/notumor/Tr-no_1036.jpg,no_tumor,2,train,cef1a81eb0e5efdf087986f2bae504f6c4d20d7508fa8ea2ff385d6b10a6af8b,90993fc0606f6577
Training/notumor/Tr-no_1038.jpg,no_tumor,2,train,e77d63b36e58d38d94304c4b2b3d770a1f09721c8b11938b4c5358dc18b3c4de,d00b2fb46eb12bf0
Training/notumor/Tr-no_1040.jpg,no_tumor,2,train,df22e00e681352418fa781d0842e79aa87d279f98fafe601bfeb74edced785f7,90326fe56d92314f
Training/notumor/Tr-no_1042.jpg,no_tumor,2,train,f3990ead6f702d677b99246ef9933eba2906378f8be8d1c7e59d794be05c6654,93366cc176c965cc
Training/notumor/Tr-no_1043.jpg,no_tumor,2,train,2ca21bebe84b9fefba17100dc8700abd5b4b076359c595438a856e361d41682e,ce6c38b2255b669c
Training/notumor/Tr-no_1044.jpg,no_tumor,2,train,61c5f42bcf0c6aea33b2427bcc505939d0b9abc6c3d6f47ebaf010937d45aeac,854a5ea57ae44997
Training/notumor/Tr-no_1048.jpg,no_tumor,2,train,8c6c60667d8ac8820f28ab252363ca81723cad61d2fd2552a1d35c2c08168060,81975ec82a75794e
Training/notumor/Tr-no_1049.jpg,no_tumor,2,train,dfbc1844918ce4fce294a24ebdf9388029ce35a13ef40b1f0190c21524635492,96121d3f32f35b21
Training/notumor/Tr-no_1051.jpg,no_tumor,2,train,8742c96acb9e98ad10dc6d12b16855328f605f049738fc41898acd54dec74bdc,c33f2d70349399cc
Training/notumor/Tr-no_1053.jpg,no_tumor,2,train,b43645cf58408b6e3cbd88bcc0419b7806617ea63ba8a7799a2a80f0ddd9fb8a,c3433eb87a17714a
Training/notumor/Tr-no_1054.jpg,no_tumor,2,train,b1fe7b6520c6c4c697a380dc358184d5e9ed64c820aeba52df5f631c1c8f8fda,c36f6cb434d2629c
Training/notumor/Tr-no_1061.jpg,no_tumor,2,train,3db7b0f807948484a6044f0f2234880014132e54ca3bd9f48ce2ba8c4dbbe3a3,85874a223e7b6f70
Training/notumor/Tr-no_1062.jpg,no_tumor,2,train,d299e2a174c34473ef90e5f5f0ff6f2bc3d077ba899963636ba20a3be1a30a58,c04b1fa87e9568d6
Training/notumor/Tr-no_1074.jpg,no_tumor,2,train,f4e7171f27dccddf51778f99eb41ef5ec9449193cff9c50e6f7bfc27e2729b84,85c61eab681b357c
Training/notumor/Tr-no_1075.jpg,no_tumor,2,train,f4999b030e87700db08ece20eba61e71503a4fd7108b929c5791d1addb9d4842,863e7aa16ad13d23
Training/notumor/Tr-no_1076.jpg,no_tumor,2,train,b44fdcc8f1858472a05dfca375005c1c480b133f2bde0b0f6f670b1eb745dc7b,926a3fa568ca2d8d
Training/notumor/Tr-no_1085.jpg,no_tumor,2,train,f9f5a913479946d13e897af5030f65c6a99463389379f7d112117ceadf10456f,d70828bf02adc77c
Training/notumor/Tr-no_1086.jpg,no_tumor,2,train,bf2b6155b02445029ce65ae7e4a40de05c4d3087ae27886e1232bf218543b463,c4c61eab684b397c
Training/notumor/Tr-no_1087.jpg,no_tumor,2,train,101759649c7bb1ee13ec89290f8b95758372028cfada482800faecb51d7678c2,d16a1aa53f813a67
Training/notumor/Tr-no_1097.jpg,no_tumor,2,train,ea2c29404bffe2b6ff52379cbbd75ae07e138c52ef58918e83c5674be313e49f,875e7aa128d6619d
Training/notumor/Tr-no_1098.jpg,no_tumor,2,train,bff51b42ff98125945b4ade2d6b6e8da3dc5997293bc396c6d4144de7031f90c,cb25386367369cc3
Training/notumor/Tr-no_1099.jpg,no_tumor,2,train,459e850a969798b741e4c9bb70b303498b61739665a34436bb4b1baff72c266e,c16f3fb07c8134c6
Training/notumor/Tr-no_1105.jpg,no_tumor,2,train,c17dcdc47b50f4a9ab04af7e7fef57572efe1d2cc623244a75519ec546324fc5,d15a48ec4ee16ee4
Training/notumor/Tr-no_1112.jpg,no_tumor,2,train,8048bf591929142ad4000b052a5ff53f1fff9fc843f8cd65535062405932d98a,c0332f0d6fc3cd32
Training/notumor/Tr-no_1120.jpg,no_tumor,2,train,7fc7ebc3a3b5b2e4f30ba178904fc9bd6f9e600995d61de5c630a740c74674d3,c43f5ae02e663dc8
Training/notumor/Tr-no_1121.jpg,no_tumor,2,train,704ee5cbabdc7ea4ce1295e692ec078c25d3b5b224a03948ed321ee68f39271b,c1bc3e436ae878b4
Training/notumor/Tr-no_1132.jpg,no_tumor,2,train,6f574f2a1ca315d945539a744e90ebc3c7e15f16898ad8f9fe57bdb47fc364cc,944e7bb9697160c9
Training/notumor/Tr-no_1134.jpg,no_tumor,2,train,4b92970c67b7ca82b74d32abf458bd8b80479ed37c1c7120f2f4bd880986fd9d,ce393cc631cbe330
Training/notumor/Tr-no_1143.jpg,no_tumor,2,train,b82cf5ac85b92b77b69288ae69299803d53f3c4755021541c9b162d9498be6a2,939b78c1699c654b
Training/notumor/Tr-no_1145.jpg,no_tumor,2,train,528ec74321ea3ff2a68a32f3d78e0706be2b40b330b98edce912696ce9804334,c22d2fb2346334bb
Training/notumor/Tr-no_1154.jpg,no_tumor,2,train,8937559db2e1ad7aecb18e5bc25db1f82d40f9815e772e41202492a15eb77c51,d50e4aaf6bc07d03
Training/notumor/Tr-no_1160.jpg,no_tumor,2,train,a18635a53b1b4e4819befc8264cd5e2a4212695650f685e3ab0955ed38786879,c36f3be03c926469
Training/notumor/Tr-no_1165.jpg,no_tumor,2,train,de820ab90140c094c713061ddf1f07855d197fe04157f6259b0e491cb66a9889,96736ae1691e35c8
Training/notumor/Tr-no_1167.jpg,no_tumor,2,train,ae9bafcb804ae20de6a83011bcd6fb78ed98ccad4ab7da9b6bde0a024c750857,97387aad26e36027
Training/notumor/Tr-no_1172.jpg,no_tumor,2,train,e007ab094e0a626cf6efd5813488a1df981ec219687cc4de9581f4f81305e477,9ecb69b461329663
Training/notumor/Tr-no_1175.jpg,no_tumor,2,train,f3c6da8ffdb57150bca2d65dc041ad0c5fa551a9166a929425efebc7b3a399aa,9d5a6a6569343c33
Training/notumor/Tr-no_1176.jpg,no_tumor,2,train,48cf5c3da43124bfb712951eb44bc69e9660e4ead4773962c97b4a364f7ae408,cb9c3ce13465c336
Training/notumor/Tr-no_1180.jpg,no_tumor,2,train,ee6fd988ce0fd809119e2156d0cf703a343f416daedd3749da92adca5baf09cc,9e3c69c36496a68e
Training/notumor/Tr-no_1185.jpg,no_tumor,2,train,3e8e1c5b6f932e3a1b41d2ad7bab6d03d94e9076f4d0988fa255c8f8bc5b277e,973978cd69336468
Training/notumor/Tr-no_1187.jpg,no_tumor,2,train,ab4062730cccea79a648f4f1d855ee59000b717a280143e625f6b86a576eecad,c26c6d983ce6313d
Training/notumor/Tr-no_1188.jpg,no_tumor,2,train,5e0579c8d4d66ea8aaaf43d810ed38853a1ddbea3539221a9596a8e3ff3b6266,923c6ee169c964b3
Training/notumor/Tr-no_1189.jpg,no_tumor,2,train,907d726f620a908c54e5f2c1d5a915f36d91566c4537a240927dbf44e647ec51,9e6969967132c9c3
Training/notumor/Tr-no_1190.jpg,no_tumor,2,train,6531f84b6de8d2dba633122277bc3dd9b35646d0602da3abcc59c0b5d104b874,ce6c38b26553669c
Training/notumor/Tr-no_1192.jpg,no_tumor,2,train,98dfa37d46572a44af14906184d4717d4134f1fdbb09cadbc8ef3085bbddec7e,84685e8d3a856cdf
Training/notumor/Tr-no_1193.jpg,no_tumor,2,train,dc108901a9b6c0489614e70a3e08b822ecc1fe611de9daa96294e6c8e3759ae0,926a3fa568ca2d8d
Training/notumor/Tr-no_1194.jpg,no_tumor,2,train,1d3611887c2c33f8b1f393b763fd84db3d4d5c7353fa30e9c993be6ad7bdf1ae,963c6ba564c325c7
Training/notumor/Tr-no_1197.jpg,no_tumor,2,train,572f4d05b69a11788d1a044c1a687da1d469691d601cc9e15fda693dab2ea9a4,c04b3fbd2d62649c
Training/notumor/Tr-no_1198.jpg,no_tumor,2,train,8f4e6071e23c199a8a39f70d7ec2ce939d30ec05bd4b821f0e10c93efffaf4b5,96336aa1699f35c8
Training/notumor/Tr-no_1199.jpg,no_tumor,2,train,9115954dbd08733801e1169d29c64ad3095cbcb1b53d8fe4a3a632f01515bd08,c3cb3ddc34d93034
Training/notumor/Tr-no_1201.jpg,no_tumor,2,train,ec30fe2c871170e1f1b5a8f8cbab49869f1fd015eab8971951356d67b4a6fc55,81975ec82875794f
Training/notumor/Tr-no_1202.jpg,no_tumor,2,train,f75e86bd499c2ce586a535642b8dcfaf8d737c087a9c1d1bae421e500a61615f,c9da388c67d99c1c
Training/notumor/Tr-no_1203.jpg,no_tumor,2,train,5030c24cbf9900245c2d8ad48a4654ad854c99e7dd93136fae9cb94ee061b124,93e81e167a6b2d16
Training/notumor/Tr-no_1204.jpg,no_tumor,2,train,258e8f02255f30ca47e028222c8fa395910586fc2f03ad98d22deedfa3202a34,86c17ade6a2e295c
Training/notumor/Tr-no_1205.jpg,no_tumor,2,train,6cbc9d754ce8df5d3609edfeeeceb01319cff93971ff671cdb7777c084dbd763,cec63c39303ce3c3
Training/notumor/Tr-no_1206.jpg,no_tumor,2,train,367969a436f6f7f8e1807044568a785836887de611fcf1c82a0465d5e496295d,c3d22f4d34dc34e4
Training/notumor/Tr-no_1207.jpg,no_tumor,2,train,31011fb748830a40c81532466a2edb835603b4827ed698d3c5f87712c1591e6e,93ed19c033055bde
Training/notumor/Tr-no_1208.jpg,no_tumor,2,train,bd22c18a9c9ba7c569164cc19fba3cb3622dc4a041c43e786ea7180688ac109d,c7677a9038c7611d
Training/notumor/Tr-no_1209.jpg,no_tumor,2,train,8045ee91ab0912e53d1937b8fbe0dfc26a59f4ac963c8755befc9cc5e26282ab,809c5fbe2ac87d46
Training/notumor/Tr-no_1212.jpg,no_tumor,2,train,7f05844048290d303e1a0074b843ba8764fa75d7d9f067f4b6c62ed0f4f2ee0e,92c36e1e6dbc344c
Training/notumor/Tr-no_1214.jpg,no_tumor,2,train,357e151b822d89a62102d596023a4900a67c1f792968f9223cd37b9ad180c333,86953e5e78686969
Training/notumor/Tr-no_1215.jpg,no_tumor,2,train,048c603d4381e861318bd81d0ea8ee2dd090d53359366ed3750cacb3696af3f3,c3903b5b3c6d6496
Training/notumor/Tr-no_1216.jpg,no_tumor,2,train,18745dd3b7c8768ed1ab421a5856e611753f58acf55adab4d3f80ab284dd1793,93c96c3e34b461e3
Training/notumor/Tr-no_1217.jpg,no_tumor,2,train,297ac56a39fc813a6afcf7de822cdc21d1528e95e0db52f783d26848588fe92c,85b55e5a7a1b4968
Training/notumor/Tr-no_1218.jpg,no_tumor,2,train,b03197274f9775f46c9ad950c0e328488544689ec7b1b3a3bdeafa8c38da4e2a,97c3781c6563272d
Training/notumor/Tr-no_1219.jpg,no_tumor,2,train,ce1f0832c010edfdaa42b490dcf98cf9cee93df7b0c53c461bd6b3b5eb538b4c,87b55e5a7a0b4968
Training/notumor/Tr-no_1220.jpg,no_tumor,2,train,a0eea605ce0c87c34b74607cdd60c34634f7da259cfb511bf58f180335644fd7,ce6c78b22553669c
Training/notumor/Tr-no_1221.jpg,no_tumor,2,train,c58649ce4b5b5da271e9240be8765253ad049b7ce9931d6b0d58b0bc7881b258,c757486a67a60e74
Training/notumor/Tr-no_1222.jpg,no_tumor,2,train,8819e2047507badfc3f2fc225fdeee33d416d69fb80a441ae090f3f6f16deb82,81685e372ada79b1
Training/notumor/Tr-no_1224.jpg,no_tumor,2,train,f4479fc8608602adae489dfd0ea0c4e3b7de447b6cafcdc876070e95bebdd585,c23f2df034b33c46
Training/notumor/Tr-no_1225.jpg,no_tumor,2,train,4e9ecb5d56ec7f0d193ca5546f4d747273de5364bfaabcdbc2ca00cc6fdcf14f,92322fe56dd2641d
Training/notumor/Tr-no_1226.jpg,no_tumor,2,train,4d1953a5d1fae8854887aaa8a24c87cd668c04b349bb5537ad96eefc428c9285,863e7a216ad13da3
Training/notumor/Tr-no_1227.jpg,no_tumor,2,train,fe2166e630b1305cea6a2674ff368afdaae4829b260161df15d52631f755d461,874e7aa129d6619d
Training/notumor/Tr-no_1228.jpg,no_tumor,2,train,aaa03fe88795c8bfca09e0b69e86cbafc5685dcd973787a9d067b51ee22d1896,ce392cc631c3e33c
Training/notumor/Tr-no_1230.jpg,no_tumor,2,train,ef3a45c4c101b68d0652367b1b63e84374750174c8a45db806eb95188d442b2f,93121d3f33f25b21
Training/notumor/Tr-no_1231.jpg,no_tumor,2,train,96aa6c309ed8056db4d2ea06e935e9e6d392e1df614fb14fe9e7793170f4e7b4,9b386de6308e33c9
Training/notumor/Tr-no_1232.jpg,no_tumor,2,train,81278ecf29b4e4f9bc123927f25fd05cb0a2161d9a4cb5fb9bc0778b8f38e4f5,c1e42e173cdb3463
Training/notumor/Tr-no_1233.jpg,no_tumor,2,train,fc173d0e27be4e2e75f3ef50171f553447762f374e8ad7f6dd3f6da1f12bb28c,973878b526e36127
Training/notumor/Tr-no_1234.jpg,no_tumor,2,train,e048bcb4dca953d704074ae2d4403be874ceb803c3b385da3f211618ea6e9011,c7673ad039876519
Training/notumor/Tr-no_1236.jpg,no_tumor,2,train,258d9650b72d35b0b9c17f737d8c6820d7e16f3e907aeedb1d98fc3b10ce1984,90726fa56dd2344d
Training/notumor/Tr-no_1237.jpg,no_tumor,2,train,408b0d039ab1ae58c3bbf853fda404890880c2e81b1cfe5293a3d7b7af28741d,93366cc5745b615c
Training/notumor/Tr-no_1238.jpg,no_tumor,2,train,2b7c396df11a74e05a9bb02d71eb3f1275b22c123cc3ab60cd296d6b494d980d,854a5ea57ae44997
Training/notumor/Tr-no_1239.jpg,no_tumor,2,train,ca144de564967d4d7afb5de891535095c48bbf8b9ceacd0752c239b44e4c21ee,854a5ea53af44997
Training/notumor/Tr-no_1241.jpg,no_tumor,2,train,6743351c490f69ce98fc7c0427d1c172d04f30fef8268945d54e27da9615f1d2,c3433eb86a17784b
Training/notumor/Tr-no_1243.jpg,no_tumor,2,train,aa009bf0177b3a8d09f448419e360d37001e0ca20e0082a8dc4122e643a019f3,963a39e1618737c9
Training/notumor/Tr-no_1244.jpg,no_tumor,2,train,86d23a503e5379ed7de713825f6b01066a79e8c31bae7c978ca852d99078772c,d11b2eee3d24259c
Training/notumor/Tr-no_1245.jpg,no_tumor,2,train,21edec6842896bd967a3a7e7e8f51d6b81c646f15416fa77a329b9610d87ba1d,d40e4bb70d493f34
Training/notumor/Tr-no_1246.jpg,no_tumor,2,train,fce6b0c190470ac24bb28b456f17dc707c49ecfba4575ce31ad8969e5a068453,92326fc56dd6304d
Training/notumor/Tr-no_1247.jpg,no_tumor,2,train,f61e2723beba544f0a4f9f2445c3d11771b9701a8c20ba694604ad70bc9407d3,963e6de13099314f
Training/notumor/Tr-no_1248.jpg,no_tumor,2,train,317bca39de2c281b56fdfc6e759ca4994e5f9c5838e27d8278117200e44826e3,805b1fe87e9528d6
Training/notumor/Tr-no_1249.jpg,no_tumor,2,train,9a88a15fc61701cdc2216a6bc63a1001aeb84036a1f986bab43bfd30a100efff,c36f3bf03c926069
Training/notumor/Tr-no_1250.jpg,no_tumor,2,train,7aae9a67705411321487bd146c871d11d9d1a961691362d1680d479a67fcad4f,c73e3ee0384b609d
Training/notumor/Tr-no_1251.jpg,no_tumor,2,train,08a3287877e40b6e560fd9a417c074aca82dd80de92ad4a39dff86c88905cd6b,9ecb69b463329661
Training/notumor/Tr-no_1252.jpg,no_tumor,2,train,dc053b3a22dc0c0bb390bf021c2af76e550637c1a42295718a648f68ac973baa,973978d978876560
Training/notumor/Tr-no_1255.jpg,no_tumor,2,train,e6943efe352a301febd91ca3d20c77c207511b2672b08fdb54a97cad233358fc,ce6c38b62553669c
Training/notumor/Tr-no_1256.jpg,no_tumor,2,train,1668e6431079dabe8c1aeadb7dfa156fa28831d5b699a3b7c15ba81bb835a340,927b3ca568da658c
Training/notumor/Tr-no_1257.jpg,no_tumor,2,train,3b3fafe7c36f94e09dd6b39154a521bb506b3544abe4543b738d324a25f8c3ff,87727aa568da2959
Training/notumor/Tr-no_1258.jpg,no_tumor,2,train,b67911d5c1a3bff014efb3a6a38625ec86f5bebf186d90d1f15df9d5c81d3bb0,923c6de164c327ce
Training/notumor/Tr-no_1259.jpg,no_tumor,2,train,f262ca02d116a61c86b64d58d4c6cc3a8d287d86c82460748c2e26d6644ce4b6,c76b3994711eb449
Training/notumor/Tr-no_1260.jpg,no_tumor,2,train,8863404f5ad2cb720dc2644c2503f79b10c866f29af50481acdb1671976bc455,cf087ca031f621f7
Training/notumor/Tr-no_1261.jpg,no_tumor,2,train,8ccfa202323dd2ee0c127fa80a991bf4f0ace018c5de4cdc9493f05995b4d1ff,c24b2fb53c627496
Training/notumor/Tr-no_1262.jpg,no_tumor,2,train,cee9d54817c1b503104ccbda9ba9ee9603a103096ea1e5876c86c3f3c8ffed04,c3cb3ddc34d93034
Training/notumor/Tr-no_1263.jpg,no_tumor,2,train,6fc4458a7234891a5fc323c98a8518e9fba8b0d6cd78f4610f774eb8d4258f6d,c23d2f343b703c36
Training/notumor/Tr-no_1264.jpg,no_tumor,2,train,2fae0e2763dfbc0d9adff72fe35e35908f790cd9475dcc571dbbb1031d6e2266,819f5ec82a65794e
Training/notumor/Tr-no_1265.jpg,no_tumor,2,train,d957822bb5b7558445677cb9613978d28b94786d6574177a125a7262146834f5,c62e6af03d8b38d8
Training/notumor/Tr-no_1266.jpg,no_tumor,2,train,3da9d5cbff97980bea2b36c3fec82455dbdd7e78aaa2246ff6d9f946ea3e0bb7,9c8b6dd9329cc949
Training/notumor/Tr-no_1268.jpg,no_tumor,2,train,462241a7bc3301f437e75583ba5039ddb111cfbc5fb419b0cc0bb3a7d880d0a4,d2e02f0b7c3c3437
Training/notumor/Tr-no_1269.jpg,no_tumor,2,train,3e76c00a8aa4bafe3fb73c5770c77317e194e0213884c3b41cc66906bf230443,c6bc4c9567584e8b
Training/notumor/Tr-no_1271.jpg,no_tumor,2,train,96b344060f6afc1c53ada850d422f1714ae2082b59f9781663667bd39f9cf4ce,d21f1bf06da11cd2
Training/notumor/Tr-no_1272.jpg,no_tumor,2,train,feadbf4955f4a77633b533623328ba242c6dc9031a5c8feba479efe4594e1b7e,c8f02f4b2c9e7919
Training/notumor/Tr-no_1273.jpg,no_tumor,2,train,cbcfdae3b8520e90d4687b310b046740e45cb414c1abc992085846916b23e8f1,c7963b4b38e96119
Training/notumor/Tr-no_1274.jpg,no_tumor,2,train,450173f48e10a5019119ca09433f3fd3e228d5d78c68f1fa84f0ab5419058aae,cbc73c3c26989c69
Training/notumor/Tr-no_1275.jpg,no_tumor,2,train,6c719e99c4617c6fb5bbc18628d838a96bfc71a8c64eb964d13f85d53cc01e46,c7983a4f383865e5
Training/notumor/Tr-no_1276.jpg,no_tumor,2,train,c9c4fbe2a1c78799ba8a23f38e9e521d48df972f47831f76ee982b580801ca62,923a6ee169c7253c
Training/notumor/Tr-no_1277.jpg,no_tumor,2,train,93db502b54b57591aa201fa6864c9e7a5465d0017876937db3f53bfd43ef0c9b,c69c396f61e134a6
Training/notumor/Tr-no_1278.jpg,no_tumor,2,train,d387ae8154980654a77c095824ec1e68e7f3b890df68c1ab21851af9d3141922,d0e40b0f2f5e1c3d
Training/notumor/Tr-no_1280.jpg,no_tumor,2,train,baf53d0cb5e2a87ee3b3f970c4d2d810f7f9032d642c5d31c1c59dccc613bebe,d43d0b627d8f2ce0
Training/notumor/Tr-no_1281.jpg,no_tumor,2,train,f0e20ab9acdd5a91b00c348473212d1a2a8a4b7205008045698a3c73aac54878,94e96b1a2fbd24a1
Training/notumor/Tr-no_1282.jpg,no_tumor,2,train,c619e56841b046ab5bf0e63bfe356b00b65225cf61817db3a4093b192b1c8ca3,9e706d263263c9b6
Training/notumor/Tr-no_1285.jpg,no_tumor,2,train,195c565189a56100fe3225e10e992d8bededa24f48afba72e3f552b1e9c84555,976a78a561e66913
Training/notumor/Tr-no_1287.jpg,no_tumor,2,train,514eee29781c1c8715b6781dc18a5da9a52bc6241d4b7448ab1cf275b50423ed,843f4af22ad46f32
Training/notumor/Tr-no_1288.jpg,no_tumor,2,train,970a768351f959e66023d30caae705bf819e8016e23179af0c22478d1956bed6,d26b2f343e8468f4
Training/notumor/Tr-no_1290.jpg,no_tumor,2,train,429a5fe62a4997c69b889220e461b0cd62393b6b6b3de48050fb797b4e7ed515,973878e761366166
Training/notumor/Tr-no_1291.jpg,no_tumor,2,train,8de186651c46fe623f38006d08ceea7815243d66df6cc5381f8bb3f397a35f8d,c6434c6a66af4e74
Training/notumor/Tr-no_1292.jpg,no_tumor,2,train,36ffbd7275b77142f3b7703449b9b7712337309e6ffe646d4d214e4a2320fb37,c26d2de073b63472
Training/notumor/Tr-no_1293.jpg,no_tumor,2,train,aa964faf9f0d3de7dab039761d0ad12e71b1507cbcfb44e20e28935952995dd5,c80f3fb03c617966
Training/notumor/Tr-no_1294.jpg,no_tumor,2,train,1f66d2feb9fceccca40b08ba32889437987525f2678701cd3eb8b633ce771bc4,cb613c9630cbe399
Training/notumor/Tr-no_1295.jpg,no_tumor,2,train,44ed34ae185b10d5de8e3c33251cecd803efa2140e7481df317bad10bfa10a7d,d21f0bf06da11cda
Training/notumor/Tr-no_1296.jpg,no_tumor,2,train,45add1bf10b01cd4288f9534a8fbc2f9fd0704e9c6489972acab4e81d9521f3f,c7693bb4381e61a6
Training/notumor/Tr-no_1297.jpg,no_tumor,2,train,78bc7caab48ab21c670421e1528ecc613150e7ed97267ecbc3c7bbc3c74c2761,c33f6b342dc23c83
Training/notumor/Tr-no_1298.jpg,no_tumor,2,train,73919bfb8f099557ac6b936a22f6c3e262b5f4a9a345a1518c12c06ca5dcd40a,c36f3fb03c926419
Training/notumor/Tr-no_1299.jpg,no_tumor,2,train,468a74dfdfb564e2af6e211447d3cd84b8003bd4be8e253876f8d84be658238a,cb383cc326679c96
Training/notumor/Tr-no_1300.jpg,no_tumor,2,train,78bd8dd0c395ed1b984681d78f1e6a0efd1da30d8e7b78c904ed57b0b7fe003c,c7673994711e3459
Training/notumor/Tr-no_1301.jpg,no_tumor,2,train,8a02dc9d3bc3df95104690448c4dcd310573028ea2c721659a1cba252b2c8016,d01f0bf02fb11dd2
Training/notumor/Tr-no_1302.jpg,no_tumor,2,train,795dcb1f86dc36e92d234f6fccdfab7c4141fd4582c9611da995f8aea1f5aa69,c26d3db630c97287
Training/notumor/Tr-no_1303.jpg,no_tumor,2,train,35f7e270834f8cfa617631834919aff7a7c1aa3d322364af1eabcc443053b922,d21f0bf06fa11cca
Training/notumor/Tr-no_1304.jpg,no_tumor,2,train,ab58d2d656d8649d5b0d6adf99050a71af943c4e05ebdaed13ae13ecfb8c793e,d4c20b9d7f702c1b
Training/notumor/Tr-no_1305.jpg,no_tumor,2,train,63d2b9c544be2ceff6c8a610d81e15a605733553d4b13ff7da1be45fb97721c8,96166be52f422d1e
Training/notumor/Tr-no_1306.jpg,no_tumor,2,train,1240b11dddf6ef9dd267da0ee785369591475e3d5ae5dc0aa54668f3f410bd77,91936ba72d5c642d
Training/notumor/Tr-no_1307.jpg,no_tumor,2,train,a120a7e10731883da70c40dcc5a8cc54cc4a1bd20ed3b3f47500f00c9e4067c3,c7bc489567590e8b
Training/notumor/Tr-no_1308.jpg,no_tumor,2,train,7a3f9892e79eadb52a429a546433fc694af40b53b01da0776f7192f08e22c37a,944e7bb9687161c9
Training/notumor/Tr-no_1309.jpg,no_tumor,2,train,f53b1d8b962a242f3c06b4e189959033982da9aa01fce467033bb6de2338cccc,cb31383367960ce7
Training/notumor/Tr-no_1310.jpg,no_tumor,2,train,caaa91301d2fc3ebb0ec8587b49129b3af5aeef141a8f0c8345b869d815301b5,d40e4aed2bd07d83
Training/notumor/Tr-no_1311.jpg,no_tumor,2,train,0d472ec6cd8c5a4805251ee011847be1a30d5ca78e046e9aa37a46b24badb1fb,963a6aa569c7255c
Training/notumor/Tr-no_1312.jpg,no_tumor,2,train,518f996ebdb3afbb8a5aad992ffa85c4bd64d87ea1114f898430ee435050058b,d2636ba5691e35c8
Training/notumor/Tr-no_1314.jpg,no_tumor,2,train,4f72c958cf43ce765e8080ec2c97fa4f8f5b1cc628dd3fdd74318db19b9b8319,c26c2dc43dd6343d
Training/notumor/Tr-no_1315.jpg,no_tumor,2,train,de1852b0d54a51e91f3e3ae341a161c4d0e7c4b981c79911026b99d6cc628588,81965f9c2aca7c63
Training/notumor/Tr-no_1316.jpg,no_tumor,2,train,aab70c8ccb1654f792373adaa602e111c16464cb6252fefd729ac9773af0c25d,c7693bb4381661e6
Training/notumor/Tr-no_1317.jpg,no_tumor,2,train,fb72be8e0c182dbfba02695ecf36c877f08690a93bf9c9920e88bcdbebb17ddc,cb383cc626679c96
Training/notumor/Tr-no_1318.jpg,no_tumor,2,train,178d762df4cf443ee7ec51eb6b5d48cce1a0850b228e778fb3e55406e085ba62,c639789135ce706e
Training/notumor/Tr-no_1319.jpg,no_tumor,2,train,1da1048a026e16b70467dedc7884f1ba57f0d705a2e8cdcda17eec0785d96813,c7993a2f307861e6
Training/notumor/Tr-no_1320.jpg,no_tumor,2,train,1bbd4c87e8f1b81fd6d5fb16b26d684ee6b921bf5c9e14676d177dde6f8fd9de,c23b2db079b33c26
Training/notumor/Tr-no_1321.jpg,no_tumor,2,train,ab3c59bf00600e97526ee180dbc29fae38bbba1cf3e1de2ef2dd25e180fb09e1,9b386de3708633c9
Training/notumor/Tr-no_1322.jpg,no_tumor,2,train,1423692f675cc0028f7fe8d8fb194b02d691065eb684cc1886d66406b014f33f,963a39e1618737c9
Training/notumor/Tr-no_1323.jpg,no_tumor,2,train,b528dcf5ea7068fe287f6a3f26b85047f1faccb9a8ca2c297f348e5bd93ddb20,d0370bc86fd13b8a
Training/notumor/Tr-no_1324.jpg,no_tumor,2,train,06b407774563eae1d0b26ef238823ce45fc97ee7067d65072a1860ed975bbd27,c72e68f03d8f30d8
Training/notumor/Tr-no_1325.jpg,no_tumor,2,train,e671002ac51fe2f1d3f04c07f0a875e35554ad17405c1d00948b2d8f161ab6ff,d2272ff03d8d780c
Training/notumor/Tr-no_1326.jpg,no_tumor,2,train,7df99669d7cdeb7af9169709e2a78088b8e73368d96c76ec1997f95201041b7c,c76938f43196709b
Training/notumor/Tr-no_1327.jpg,no_tumor,2,train,5e8875faaab063f1a0ce90919fb8740d9ab00c9cfd5ec3e36c5180c765d2f62c,c72e68f03c8f30d9
Training/notumor/Tr-no_1328.jpg,no_tumor,2,train,7cc79642094f52d44f2615bf8bcc34044bab4a4fdbe6afdf56c7a8d81fc9847c,8a7d29f524a374aa
Training/notumor/Tr-no_1329.jpg,no_tumor,2,train,b9c1ce1f2289b8e9224c435286a9b34c30004aab57c2422c47a4559c3a116291,971e7ae0693721c3
Training/notumor/Tr-no_1330.jpg,no_tumor,2,train,149e86fe19750bf06d5a0b9e0e0a535be1d105f55dad96590e1fc1031264b40d,96de78c9619c6561
Training/notumor/Tr-no_1331.jpg,no_tumor,2,train,d7684755d4f01a4269a6062007f18d6c0748c3cb5ab1ccfaa6d714eb01e0fe94,90364fe568b7354a
Training/notumor/Tr-no_1332.jpg,no_tumor,2,train,41da1f9197b1c7ee9723d75a82243f253589f7a2d56398f9c6bc2c3194acba04,d2e00f0f6d5e1c2d
Training/notumor/Tr-no_1333.jpg,no_tumor,2,train,244eb81689128efa8d384e64b672071b2b51d8c2f1d9e23822cef1ab592c0eb0,97687a616e256963
Training/notumor/Tr-no_1334.jpg,no_tumor,2,train,48a08b2527cdca9b8f38df6b24302d3863c38da6337ba72160c178b92d3428da,d4c20b9d7d702c1f
Training/notumor/Tr-no_1335.jpg,no_tumor,2,train,54cc3a70837fd6a5bfaf258801ef6c7c26c6b80692c4760946ae1bdbedeed4ff,94f17b44698f7036
Training/notumor/Tr-no_1336.jpg,no_tumor,2,train,7e69804a226170382d5f9a9172680d02b5d1bfca74f1b5e147a674a3a37c2834,96c56e4e693831e3
Training/notumor/Tr-no_1337.jpg,no_tumor,2,train,86fbccb096aeaf8ebb1a66e96b119bcd91a8298233baf1d7cdec666d0a5f0af5,929c6b4a69e13537
Training/notumor/Tr-no_1338.jpg,no_tumor,2,train,6710b7e751364d49083fb8dc86915025f3cf9c6a5d8a7e1f930da1617e329730,c2932d7b3d3930ca
Training/notumor/Tr-no_1339.jpg,no_tumor,2,train,a9bf0cc48564aa774c7cfe2131550588aadafe063332ef5402e6ca790ccf547a,80695f632a357c9d
Training/notumor/Tr-no_1341.jpg,no_tumor,2,train,e712c1adc3f18f2a82df7ce09e4a77e6beb2014baea23a3aebf18ca86aace989,c7c6786e35317099
Training/notumor/Tr-no_1342.jpg,no_tumor,2,train,225180714a257a80bce8e0f2b19563ebd62874bf51fbaff1f533752b06aaf6ff,c34f2cf3381cb2c3
Training/notumor/Tr-no_1343.jpg,no_tumor,2,train,dbd949698be5c9ddbbf03779f26180eb99c957cf370b29c7ecea29db6ed59a87,d4f363480cb637ca
Training/notumor/Tr-no_1344.jpg,no_tumor,2,train,a79a7911e8c3397a580668742aa7d78358f992aa7b181a43baa7ab9f0cfe0fea,c3b23d4d30b67278
Training/notumor/Tr-no_1345.jpg,no_tumor,2,train,466c57eecdab274fcb698948c89cf129e0a6a62f500caa70603057039ad2fd47,d0c80b676f2e3875
Training/notumor/Tr-no_1346.jpg,no_tumor,2,train,c579b920bc3992dd62a2b1985ee829cd79adaa1a5b51aa3614c3649e0430260f,c7d1690f3d703427
Training/notumor/Tr-no_1347.jpg,no_tumor,2,train,519a911bcb684a3f4fa1d1e3c819f88581070e373ecdfe29a6e09e903ca069e1,c160671c1e3e3fe1
Training/notumor/Tr-no_1349.jpg,no_tumor,2,train,16be3fee791d39f62c720ad5e75e1fb1aff404b900de2c6dea77a48824f6f072,c5987a4f387831e5
Training/notumor/Tr-no_1351.jpg,no_tumor,2,train,e4c4e272598821fb4604816a5df71162999cbbfae33031bf2cf74d159db7bf16,86725ba16acc7965
Training/notumor/Tr-no_1352.jpg,no_tumor,2,train,897d75d9926cf14d06535ef591a803a5cb53f81f2dc03e133674e1343255472e,d3d40e033f4c2ccf
Training/notumor/Tr-no_1353.jpg,no_tumor,2,train,a65b27439b1a8ba2b8ba7e88577a34088a69bc040a7453748064362c64dfbf84,c2f11c1c7b4fca07
Training/notumor/Tr-no_1354.jpg,no_tumor,2,train,2fb570aecc29d1eeae6abf1f408b35b1de89a1ebb726cd50de10be26d5e11815,85a17a167b1b3c5a
Training/notumor/Tr-no_1355.jpg,no_tumor,2,train,d074a6295c72a311cb2f6bebdca5043b6e321052e72031af165e2ef38107bffe,969578da6139cc66
Training/notumor/Tr-no_1356.jpg,no_tumor,2,train,97be7197449f20eb4869b603605af7a8856bd438e413a77d0290e815aaa49793,86bd49412f3e7853
Training/notumor/Tr-no_1357.jpg,no_tumor,2,train,1c2ea38b753b0b04779d988638804ea6cc46136de755135718857c24a91be5c0,82a27d15574796d6
Training/notumor/Tr-no_1358.jpg,no_tumor,2,train,645abfd650553feb3dcf2f8f615f286baadf2c6e7723cd614eb8b985f37f71dd,d2e02f0b7c7c3427
Training/notumor/Tr-no_1360.jpg,no_tumor,2,train,91df9745e23cf81e803a9e2f6a2c7f5eac6996de2d90cbffffc59e8d91ab4f1c,92171ceb3e842cf9
Training/notumor/Tr-no_1362.jpg,no_tumor,2,train,f618a9fc1606a63849423143194ea4f45ac8a80e1d21782eda0e9f775e8bf566,9b93696c6461b69a
Training/notumor/Tr-no_1364.jpg,no_tumor,2,train,6a11f71c050e1e943703583b85e937de758bb4488a268e1c22acdad01f0e1b94,97877a1869c965b1
Training/notumor/Tr-no_1365.jpg,no_tumor,2,train,79a5382000d51ec6f90594f8a48f7edbc357e221b3c37b5edd4d6336a9a0afd0,c6ba4c9566585e8b
Training/notumor/Tr-no_1366.jpg,no_tumor,2,train,69c589b754bc05b9f2a30338ffae3d1b845a0d190b4b1ea756af6bcd33247d1e,c2d22f177349358d
Training/notumor/Tr-no_1368.jpg,no_tumor,2,train,85c9caf3bd78a553f33249871a0e5e52f03276f0a5018bbea9a4ad1c90945355,853e7ea96ad125a1
Training/notumor/Tr-no_1370.jpg,no_tumor,2,train,0fa62cd82837d12ffe089694d818ac15cc0a18d66d2aca1cd5eabb0a300947be,d3c06b8b2d3d3c4c
Training/notumor/Tr-no_1371.jpg,no_tumor,2,train,c357a63951fb6d999a83b619268573ea413cae1b77764ddf5e6a8f7ff0a2dd49,d2e02f0f6cdc2574
Training/notumor/Tr-no_1372.jpg,no_tumor,2,train,51f3a92b95ea7be57a7ee59cee790809eb65823de2e7e6c706050a9d43c2dd96,85f27a6b69c3a09c
Training/notumor/Tr-no_1373.jpg,no_tumor,2,train,8c5f1979687dd3b2a9fa8c513b84a04b8ded6167725e6944774eadcd425af1d3,96b46d4a65e13517
Training/notumor/Tr-no_1374.jpg,no_tumor,2,train,bd2a93740ae622b6a04e9ceff3712bbb93b3cf15dc7441b9787ea30fda8e991f,c5983a4f387865e5
Training/notumor/Tr-no_1376.jpg,no_tumor,2,train,f1866efd863bf13871cebcf697e8fc8db64cb02fac61e5e3f72e6f163ebd7792,d0e00b0f3f5e1c3d
Training/notumor/Tr-no_1377.jpg,no_tumor,2,train,f48cdfc03614ae81808825c4561fda1e7317234ca82e2f1e9a46a5e7e245ec72,85567aa139d671a5
Training/notumor/Tr-no_1378.jpg,no_tumor,2,train,f0f4e84bee18fe516c8869c38b21de4f5ebba8b0e3e733bf5fceec5b59a528f8,d43d0b627d8f2ce0
Training/notumor/Tr-no_1380.jpg,no_tumor,2,train,1e4767bf51ab4a18182838f79e60ee3fd54c4259cdcbbd8917ae280e979be56f,9e706d363263c996
Training/notumor/Tr-no_1381.jpg,no_tumor,2,train,4cb9a42a15e8b877ca8cfe4726083d72d0e19f569237304d65f6e5d1c62fb027,961879a66d496796
Training/notumor/Tr-no_1382.jpg,no_tumor,2,train,4946f44e9b8ef58a6db063abda3e0245c11bbaae73d6fd0dc8b66ec609f03860,c0d20f376b2e3a65
Training/notumor/Tr-no_1383.jpg,no_tumor,2,train,5882d6f079d65b4ce50826f523831f6f9f631a6961c42db0a7a528868eac66e6,c19b63e31ec12e1e
Training/notumor/Tr-no_1384.jpg,no_tumor,2,train,cf717b0d48accced8ea0ac19d5cc9cc298433313fa757968f283d70d658fd4d9,c5677ab038c77518
Training/notumor/Tr-no_1385.jpg,no_tumor,2,train,f87a396742c0b63cbc7429dee0876b3bc8f08d612426cb46d1d3657ad842507a,c22d2fb224eb709b
Training/notumor/Tr-no_1386.jpg,no_tumor,2,train,a3e731664b12307a66ed579c60132e18ba4d5428934145fbfc76fef345e58f55,82b17bf22c1d69e4
Training/notumor/Tr-no_1387.jpg,no_tumor,2,train,e778fd0b51ff9fb6b949ab7101f4bee34a331fbbe03b00921d647bd0c22da401,cd993a666ce53066
Training/notumor/Tr-no_1388.jpg,no_tumor,2,train,d5d71d0c3f9148e3c6b2fca0043253cb8fbce7507099cca7ef4c2c2ad7cbf991,c20e1ce37bb0caf8
Training/notumor/Tr-no_1389.jpg,no_tumor,2,train,5240304ad5bf34ee3188425e8bc4dfa54c16a50aad06340432339855b56022ba,855e7aa13be03ca5
Training/notumor/Tr-no_1390.jpg,no_tumor,2,train,42c33d1bdcde52ca617e7629f6d4e0034eda459b55b450a5c665b510f659147a,977a782561c64cd9
Training/notumor/Tr-no_1391.jpg,no_tumor,2,train,d791531bfb49b786d06e2de82a3004de89a06bfa1141b72052d05028536e6e24,96933a9e6ed8609c
Training/notumor/Tr-no_1392.jpg,no_tumor,2,train,a16e9d2aa03a08882f1b8d57452bdbc6e18932fc5e139908f5a5430cb1e71a79,d26b2f743e846874
Training/notumor/Tr-no_1393.jpg,no_tumor,2,train,704e5f80ef63ee86b797a3a6ebc90d6d00e8df617c2227c25da58f0206160f9e,825d7dea57b88229
Training/notumor/Tr-no_1394.jpg,no_tumor,2,train,1c5667f74318db2998a4dae3f60552a70c78b4c0f0f5731e0a94b7c5b1b8c155,d310103f3bfa5b25
Training/notumor/Tr-no_1395.jpg,no_tumor,2,train,e9642659582fdf9aabf5b462f95fa724fb71c2bfb9d41603f4fb191ef8dce8b3,95666a583e969867
Training/notumor/Tr-no_1396.jpg,no_tumor,2,train,6e0818957199d4d021346e78a68b8da5e0fbdb362d2b2859d570d0561991e850,90154e6373344dfb
Training/notumor/Tr-no_1397.jpg,no_tumor,2,train,3b2a9ddb9cfb7cb49e8565e1bda942dddba24f5f5276b903ca6067ce32924a1c,860f1daa1bb43bb1
Training/notumor/Tr-no_1398.jpg,no_tumor,2,train,99645bfc39db477811ce36c9dba8e143b4a9965377cb097880f8a9511d9cf022,977878e761366146
Training/notumor/Tr-no_1399.jpg,no_tumor,2,train,35117faff9fd30e4c0ace10c9fd24d0260ba9be4d57528426954fe440912e89d,86474c6a66af4e74
Training/notumor/Tr-no_1400.jpg,no_tumor,2,train,6b3bacd1c7b1640de8f523c0d4e0e8b7bc2818e74e1c43dc9997f20178a45e42,c26d2fe073b63452
Training/notumor/Tr-no_1401.jpg,no_tumor,2,train,1892fa8f255c532608a29e55c2741c457de3fe6b041b3bf845f9ff9e08e6a85d,c80f3fb03c617966
Training/notumor/Tr-no_1403.jpg,no_tumor,2,train,15328ebcb7f5a8d28707ff899155299f7bdc659847b609839c7f9db9b7f45e00,cb693cb630c2e2cb
Training/notumor/Tr-no_1404.jpg,no_tumor,2,train,f432204fc210c5bad6742bf72f97ba03255e509efe2f4ba184d943431a9f10ea,c7493bb43c1c31e6
Training/notumor/Tr-no_1407.jpg,no_tumor,2,train,425dd693be447d809e42af175068f018b1b0daedd7c1349da6f54b6df5c6c4e6,850d7e946b3ca4e3
Training/notumor/Tr-no_1408.jpg,no_tumor,2,train,7c125a9585281c5e504248cd16b48a8cbcca0103e9ac3e611855672694f0cb84,c5677af03887741a
Training/notumor/Tr-no_1409.jpg,no_tumor,2,train,c4a1ea0fb4131ffee081ff67e49ed723a059c2447429a22c8fae02db17a2363a,c6633994739c7499
Training/notumor/Tr-no_1413.jpg,no_tumor,2,train,bb8652c3a33a800dac9be4428e58038154b60acf6674f2a4cbdd7bb938b7e867,d4c20b9d7d702c1f
Training/notumor/Tr-no_1414.jpg,no_tumor,2,train,25418c5a38940529446dfeca492734102fe44b819e275a0480fe3aaaf2cbd6c4,96166be92f422d1e
Training/notumor/Tr-no_1415.jpg,no_tumor,2,train,e0e80527fef07b953746ccffeb4754e3514e06018f1261d27fab2d90e3034407,91934bbe3d1e6829
Training/notumor/Tr-no_1416.jpg,no_tumor,2,train,57c040f9ef20dfc58d635a4f10cca89739e375fbbd2b3d1227f94f48cc9714da,943e6ae539d46193
Training/notumor/Tr-no_1417.jpg,no_tumor,2,train,356d0b906e24d82e99a0b7bcb0f6ee26b6e2b653a90e0f65c5389d4049b6bc61,944e7bb9697160c9
Training/notumor/Tr-no_1418.jpg,no_tumor,2,train,bce839328dd6aab29fb90d0d8a8b06da44ebe0bb8ac7fa1ecba468287f199ff2,c1391f747ec06996
Training/notumor/Tr-no_1419.jpg,no_tumor,2,train,84d10aaec6accc8466c95aeb32bbd05afb9c9e11dd018f27d45719a93666fbbd,921c6ee1694b70b7
Training/notumor/Tr-no_1420.jpg,no_tumor,2,train,50cf331c4f08f485400f5973dcb7e61e0e1183edb9b5bd32e683a59d909cbb94,961a6ce563c7313c
Training/notumor/Tr-no_1421.jpg,no_tumor,2,train,bbd94459c20115d2092a0bf15fcf00b643f610a8242989ed7f566899453d211a,963a6ab569c7251c
Training/notumor/Tr-no_1422.jpg,no_tumor,2,train,b12605a4f3c7a2aea4b31e706760994f9c15083a9004eb7a601d0f8b73c3667c,c26c6dd83c66313d
Training/notumor/Tr-no_1423.jpg,no_tumor,2,train,1f779a9c1e8c1e711a58b5d9616acbdef8c90e86ee0bca1f6ae05944eebbf038,809c5fbe2ac87d43
Training/notumor/Tr-no_1426.jpg,no_tumor,2,train,476c9868891355ea685baceb73ad557aebd6bba5609fdddca28a18e9d4cabfe4,d03d0bf86fd0398a
Training/notumor/Tr-no_1427.jpg,no_tumor,2,train,6d2ad384bb982ab719409034fbac8487a637d5bd1b6a4faeb37dce1c1ee3d27c,c62e6af03d8b38d8
Training/notumor/Tr-no_1428.jpg,no_tumor,2,train,bcc2dba1fabaa8713566539649b94f74e5397a5416ad162346ac4b9f8e11e43d,81431fea3f8d3835
Training/notumor/Tr-no_1429.jpg,no_tumor,2,train,b6af31a13a2e19d7a24a90548c85c7001badf824816d0c2c40820d910ce8369e,81b41f057e6a68eb
Training/notumor/Tr-no_1430.jpg,no_tumor,2,train,7b473addaba258fadb85a7af2ddf1e618267b35958e1efd903c92297fd71c42e,d64b6da5611e31e8
Training/notumor/Tr-no_1432.jpg,no_tumor,2,train,bfd00ee5603798163e4872b3bcc5bdc55aa7ad6874ffbbc69b2e7618537b714d,9a7d29f424a774a2
Training/notumor/Tr-no_1433.jpg,no_tumor,2,train,d86fbf0e703abbe64f4aff5c4fb63b47c05ad759be09d2d31ab5c0061dfe3916,96df78c9618c6561
Training/notumor/Tr-no_1434.jpg,no_tumor,2,train,d5133c8cd3fee001e1ba1a1cdaeb15064a93b424d087017b7135f32f8c622514,97687a616e254b63
Training/notumor/Tr-no_1435.jpg,no_tumor,2,train,2fd01da70c51e9fed72d29c3dbeff9a51c1c8196138062091f42fc774e419f9b,d4c20b9d7d702c1f
Training/notumor/Tr-no_1436.jpg,no_tumor,2,train,1b9c826e72636c83b489259d22ed550b74a7360bda6ca9283151e3c08e72a17a,d16c4b413df168d6
Training/notumor/Tr-no_1437.jpg,no_tumor,2,train,4f1a24e03972a6639ca1db1c3f15bf47c4968dc0cf285029659b5406bc3f9d07,94ca36ae4b966a4b
Training/notumor/Tr-no_1438.jpg,no_tumor,2,train,e90d623c9ee7032d7fc7c2bc44bfd1fcef2cbcd7986976c42a7b8032e85eb88e,94c56a1a393f616e
Training/notumor/Tr-no_1440.jpg,no_tumor,2,train,88e822ecd91d14b3af73fc70a92d5b433c859265dadbfdda162ea993875a27fe,81a6361d59e3629f
Training/notumor/Tr-no_1442.jpg,no_tumor,2,train,84a54dbe2d0994755aa278ea79d8a416f71a3d8dbf7fb07fe257f925ed0582b6,81c61e8b7a3f6869
Training/notumor/Tr-no_1443.jpg,no_tumor,2,train,837ae27b464b9926b60015ac452d048efdd47bbd2631e8e636041e5368e21384,969c6a0f69613537
Training/notumor/Tr-no_1444.jpg,no_tumor,2,train,619214d7adcfbdda549fb06cbc848c1d2f07cf4c6190d0ffef2ee1fb06a6c2f5,cb633c1e3698c3c9
Training/notumor/Tr-no_1445.jpg,no_tumor,2,train,c3006e76882b1fefe83c1a7d00ec71f129a2955d4ba599a1fb0f4fe756eaf552,c2d36d673c9931c2
Training/notumor/Tr-no_1446.jpg,no_tumor,2,train,eb7b6b565f4a2626c6bf21a97802f03ba5f3912f9c7444991516d1f4b5422483,974a7aa739367092
Training/notumor/Tr-no_1448.jpg,no_tumor,2,train,928fa9e98960be00c403ab70f3638f44f46d882b91fd4d57deb4743c972fd5b9,cbc33c3c65989c69
Training/notumor/Tr-no_1449.jpg,no_tumor,2,train,35efabffc61479613d846f4394caaedd75fa7e2b28f904f655b540d7dc058424,923a6ce565c7313c
Training/notumor/Tr-no_1450.jpg,no_tumor,2,train,ecbff636fcb38712dc751a7788000cccfb1671d8c3638444beae87657543578c,9bc76d1930713336
Training/notumor/Tr-no_1451.jpg,no_tumor,2,train,29a4f1cd84499ae98db70984ae96dd9a531be2b264091652e1eb7a8fcc541369,96c5391e61783736
Training/notumor/Tr-no_1452.jpg,no_tumor,2,train,e83537e6b51051a30cdf9f8eb66a776139631681bdf59db8ae5aa196ad6c1267,d1c20b076f2f3875
Training/notumor/Tr-no_1453.jpg,no_tumor,2,train,6f29a706cfcb0f928b30d82fc2a82bc7dae660a6fa928006ae7acceddf5ac449,c5391e5568f43d83
Training/notumor/Tr-no_1454.jpg,no_tumor,2,train,cd960858eb528dd55ef50db1481a44eb8c3d0c4ea181693724657966936bfc35,d0720fa56df2704d
Training/notumor/Tr-no_1456.jpg,no_tumor,2,train,3ea8e90e832d25850e7994ebb36b692e7884dbcff49055bcf3b13a6dcd8d4c11,c1903b4f6c7e3439
Training/notumor/Tr-no_1457.jpg,no_tumor,2,train,47f8aeb4e1391d8bf6e426acc6a52d31c6dc92836a1e485949e334bac374a703,d4f363480cb637ca
Training/notumor/Tr-no_1458.jpg,no_tumor,2,train,18b1fdb268b21bc54332bb9b42b083ef44a79604548940fb3587f4c79f3c117d,874a5ea538f44997
Training/notumor/Tr-no_1459.jpg,no_tumor,2,train,464c4db02e7bd6f35cba936a2ca376345f95a9689a588e15393678ce551f8301,c3b62c4c38f3b23c
Training/notumor/Tr-no_1460.jpg,no_tumor,2,train,e6d70cbf6f8e61021941d318497c557babe16c95016740bf0d09a7ba103056bf,d4934ade2b6a3c2c
Training/notumor/Tr-no_1461.jpg,no_tumor,2,train,0aa54258347bef3ec8ddbda54c444c94666b2e8f1aa8b3238e2bbe71c5d52519,c3903b1b3c6d70d6
Training/notumor/Tr-no_1462.jpg,no_tumor,2,train,5f6bb94ecce0f122bc2cb88d4b76b8128bf4e9295ac6aa2acf291e23ee458c23,9e34694b61cd969c
Training/notumor/Tr-no_1463.jpg,no_tumor,2,train,0d6baa9228dd683c177ea5696e3638b1f9bdbc33a2ff9caf0dc999a84c7bdaaa,c76b38b4659e644a
Training/notumor/Tr-no_1464.jpg,no_tumor,2,train,6d04d2b1402400f8ee00f91a7b0bce2f396953dda3ba36d831063516d091c5eb,d5360a9c7f6228e9
Training/notumor/Tr-no_1465.jpg,no_tumor,2,train,402ceb4bc1ad0cbefa009f12671b67980933f4931f66e87ce87fd32aa1f94333,92e36e1e69b6644c
Training/notumor/Tr-no_1466.jpg,no_tumor,2,train,6c7e96fdba0b132b14620f5713283cade0374ec7f33e256e7653cfd800bc134f,9e96696930cdc93c
Training/notumor/Tr-no_1467.jpg,no_tumor,2,train,9d7945cb8135488cee150e3ca748d99ed5b9d7683d05201f22a1ada7cb6aa06c,ce93384d65ac6663
Training/notumor/Tr-no_1468.jpg,no_tumor,2,train,64007662f9bfe303d7c208a3ec423016df480f6593fb0c0ba48f56c6ad7643dc,943536554b696af4
Training/notumor/Tr-no_1469.jpg,no_tumor,2,train,662b90b0ffba2baceb4a1eedb8a40e6cbfb9afae11196d6f6da58b1d8fbc2409,d3907d4b342d6663
Training/notumor/Tr-no_1470.jpg,no_tumor,2,train,7f9a77d5d601dead426bfd516a8830ac39aa30e4e905413a4671d720efadc16a,92953f5a68256d72
Training/notumor/Tr-no_1471.jpg,no_tumor,2,train,6c49545a203c37f85a5ba5e444f20f190e8c12db5e8e2a4dd32530e644f3d3c2,c36f3be03c366449
Training/notumor/Tr-no_1472.jpg,no_tumor,2,train,009e5449edbc7612e32574aa30e1ffa47067271edb2a9dfafda2e84894ff6751,878d7a5a6a3429a7
Training/notumor/Tr-no_1473.jpg,no_tumor,2,train,214411fafa8ea33c1c1f5c17ad4e48dd8ae0fd756f776a930a7e85e83ee33647,96c36f5e643c2538
Training/notumor/Tr-no_1474.jpg,no_tumor,2,train,ca5f5ea4a5f63bfedb177e7aea126aa96e1c9bb9a8de07f1310e6e8a5daab5ba,dff77d1a71083108
Training/notumor/Tr-no_1477.jpg,no_tumor,2,train,0bbba191d9ca26756337784b0da739e42f12f78a21a5d0f360d76dc5edfbd969,c2c02d0f7c4cbcbd
Training/notumor/Tr-no_1478.jpg,no_tumor,2,train,992167916af00635e1487d1b0fde3b9b6ab6b5119f1b7623799caf81e44da2be,81685e3728da79b5
Training/notumor/Tr-no_1479.jpg,no_tumor,2,train,977b919a76cd67666183735003de05bff8009a7765f2cbcab08635754da9988d,c925387367269ce3
Training/notumor/Tr-no_1480.jpg,no_tumor,2,train,b7360a36172b9beeb666b8f1c08ad26f4f9a20e3a8eff4cc4a443a81aef915fd,93366ec536d9215c
Training/notumor/Tr-no_1482.jpg,no_tumor,2,train,141fdab56766a8a82e4e1fd09604ab714bece35cb133483b695cb9ec9f54cf35,973868e3659c27d2
Training/notumor/Tr-no_1483.jpg,no_tumor,2,train,b629057b5719a1703c4d9558e79f201a2b27cc6d50341999be75226704f4d3fe,854a5ea53af44997
Training/notumor/Tr-no_1484.jpg,no_tumor,2,train,74df102684748be80ee1c2f90f1abc68f5f259424db1a2d6f401bb93dd217e62,c3433eb87a17714a
Training/notumor/Tr-no_1485.jpg,no_tumor,2,train,f005492dc0a7b1494202cdc4bdc8191705301f121031906658a1973edfc4f3ac,93ed19c033055bde
Training/notumor/Tr-no_1486.jpg,no_tumor,2,train,becec3f97782d177fb926475fdfd36bd824b8b704cd9cf7460a02554e3d8fc8b,85b55e5a7a1b4968
Training/notumor/Tr-no_1487.jpg,no_tumor,2,train,f9c290a4f08c9d5bc9ae4fa16655a3fafe3f167b51a1e687fc05833a3b474b5a,c3903b1f3c6d60d6
Training/notumor/Tr-no_1488.jpg,no_tumor,2,train,18bab4e7855733923b95a87c9c9b376cacfacc7d05700bd69c849edf531763cb,970c7ae769982732
Training/notumor/Tr-no_1489.jpg,no_tumor,2,train,7ec35a7a91341945dc8918ce74623916ac537d1fa4c00906c2704b4f4996b066,c7c93e1f3cb46062
Training/notumor/Tr-no_1490.jpg,no_tumor,2,train,8df4eb91d9b0fb6d96b357c05365cd48420cade1659606066a22107aae610511,9e92696863cdc93c
Training/notumor/Tr-no_1491.jpg,no_tumor,2,train,ee7893acbe31d1962ef2617b8a7f3aa4fe04c3aa68fb0081a34c147b706bb4fc,859d5e723a7a6c60
Training/notumor/Tr-no_1492.jpg,no_tumor,2,train,61f186cb0533313106f3d4ca6490ce46f150650e738e061e3719da6a79c40585,dff77c1e71092108
Training/notumor/Tr-no_1493.jpg,no_tumor,2,train,e0fffec66b3fc960b8147a5606481f6b70ee02fb636883e7e0d6c80d8ef19723,c2822fcb3b8e3cc9
Training/notumor/Tr-no_1494.jpg,no_tumor,2,train,4a9f04ad522ccd0e1164439e794aa32260e81924f137a90ae6ec002854372eed,9c746d263263c9b6
Training/notumor/Tr-no_1495.jpg,no_tumor,2,train,c48ee258faf1a9773d7bc20a6d4355612ad606a87b72226d3d2dc5762ffb23b1,c7677ab038c73158
Training/notumor/Tr-no_1497.jpg,no_tumor,2,train,0dee16c8d58ed6d078eb588208dba7bc3a77f401161c6415e280d0b61ac79965,854e5ea51ee4498f
Training/notumor/Tr-no_1498.jpg,no_tumor,2,train,282e0e977a438babe9278c6617963a0880af6cbfd62d7fa56f84d6828216d5ee,c26c2df073b63472
Training/notumor/Tr-no_1499.jpg,no_tumor,2,train,876948ad780a757b009dc1feac1319f1b53ad42ba4dbc31ac2229e641fc2e55c,c80f3fb03c617966
Training/notumor/Tr-no_1500.jpg,no_tumor,2,train,c6e03fe736e955d1968ba293fc6a02cc1ad4a1231c430c8cff217fe3e71c8762,cb383cc326679c96
Training/notumor/Tr-no_1501.jpg,no_tumor,2,train,afb8fa0e81214c3964d9b56da23e928b6095136af921fa3408272c555528ef70,923e6de170cb310f
Training/notumor/Tr-no_1502.jpg,no_tumor,2,train,3ddeeaedcfb599d95b4959a84619066c7991d178ea78a55b4b068a320c267f45,c7633994715e3459
Training/notumor/Tr-no_1503.jpg,no_tumor,2,train,6648fc77a33079929a24746fcbd411a38d7fad4685723cb44998e16351bfe7bb,d01f0bf03fb11cd2
Training/notumor/Tr-no_1504.jpg,no_tumor,2,train,a01165165436e59c6be1fd5366486e57167ff5435e8eabf5ae5a184f89f3b947,d21f0bf02fb11cca
Training/notumor/Tr-no_1505.jpg,no_tumor,2,train,ad9c5dccd4260bd7c7cdbbfeb68e76d6318f2208a7b1de7dfed112a2e70e94f0,c1433ea96b37298b
Training/notumor/Tr-no_1506.jpg,no_tumor,2,train,78b068024f3990decc9f0817378452dfc684974f767279e11a406967a69d4edb,98336fcc394f614c
Training/notumor/Tr-no_1507.jpg,no_tumor,2,train,a523b10aa54d0fea4011b12a66447344e5e74443a5ca96b02b53d089add73c0b,96166be53f422c1e
Training/notumor/Tr-no_1508.jpg,no_tumor,2,train,00138afa15602b5e8f8efc93ae4f77a7f8778dc7cf9d1ed22ea73b94e5ebfc77,c7987a4f383831a7
Training/notumor/Tr-no_1509.jpg,no_tumor,2,train,bf5eed81901db32cc6040ae46c107bffa000ab6f5d5be7719e5280ef16c9669c,c6bc4c9567514e8b
Training/notumor/Tr-no_1510.jpg,no_tumor,2,train,579981453b411bb9db26564a5ee44fe2d7e28b65c3509dea69b9f245510a0bc6,c2923d1f7349358d
Training/notumor/Tr-no_1511.jpg,no_tumor,2,train,64a258162e31f558efe0c2ed4d372140a8c5e6d70d51dbcae030666fff3625f3,c69c396b71e134a6
Training/notumor/Tr-no_1512.jpg,no_tumor,2,train,59983bd9047d426b12bee46f505800d78820bc20fda0f4f20488d7def9d2dae9,d0e00b0f2f5e1d3d
Training/notumor/Tr-no_1513.jpg,no_tumor,2,train,b4372a1c011aeb6652773cbc7421ae7a85b94b44924579c381c482e8e61de541,c3963d4d34367278
Training/notumor/Tr-no_1515.jpg,no_tumor,2,train,be8eeca791b2e91bc1aaa3f5c42632f3fc1b246d89d553a69f5bfd153a1d8994,94934bde2b6a3c2c
Training/notumor/Tr-no_1516.jpg,no_tumor,2,train,e11fb0c72fa93bcf32f8da67a1bc71691c5da1ce1a928edeab60df3adb2302e8,86895a666a9b799a
Training/notumor/Tr-no_1517.jpg,no_tumor,2,train,602ab4dcd3376763349ef8ecd7bc547d6f9add6e0e0a698db697211b1f538727,d42d0b627f8e2ce4
Training/notumor/Tr-no_1518.jpg,no_tumor,2,train,75a5e8c87e8da56d8e516f094e95376caf1fa09e9e7cbc98df530b5ca7216dc4,96e96a122fbd2ce0
Training/notumor/Tr-no_1519.jpg,no_tumor,2,train,5fe8985084e676e518cb9e4a3a08d5b7787727119d38e734007cb93d1de8c242,929c6b4a69e13537
Training/notumor/Tr-no_1520.jpg,no_tumor,2,train,3360cf328db8cb55f62a7045178f3814823d471d2750f5bbadeabd5eaa1691cf,cbc73c3926989c69
Training/notumor/Tr-no_1521.jpg,no_tumor,2,train,8cdbdae9d082da9369e23c2838cce572ff6f126800c714362a2daefb5c730092,c7c6786e35317099
Training/notumor/Tr-no_1522.jpg,no_tumor,2,train,5a4ad54eaee4f19efc32a475027c4093cfeee06c6a1f97dd88afcee54b3e6b23,d2c82f0f3d307ce2
Training/notumor/Tr-no_1523.jpg,no_tumor,2,train,7c535163a0849a206c8e54c8e716449ea4fdc2dfff3d8b2820e5871b10921bbe,ce96386c6596646b
Training/notumor/Tr-no_1524.jpg,no_tumor,2,train,36eaea8537b8f8a2933bf688fc1786cfee72364877d8f848feee2a2a70c5944b,c7963c1f31697264
Training/notumor/Tr-no_1525.jpg,no_tumor,2,train,27e9cf68071125abdfcf3a982e7c33cbaf6656f195349d76e257916fc60e9db5,c2d02d0f6d6b349d
Training/notumor/Tr-no_1526.jpg,no_tumor,2,train,0f3287b232700ad9d31f19fe24e4ab804e92f712accad5ce847e841c39b31928,96873a9e6eda6888
Training/notumor/Tr-no_1527.jpg,no_tumor,2,train,8ea261843c7bb88fb53a5da509059469184825bb3ab087457a8b796b037048f2,d43d0b627d8f2ce0
Training/notumor/Tr-no_1528.jpg,no_tumor,2,train,671543bad56a647a548b1ff9677427a711a0ac7d94fdfbf5e766e7a816e19e04,91936ba72d58742d
Training/notumor/Tr-no_1529.jpg,no_tumor,2,train,a330f57d8f25496b7c6ce5406833ec11a14f0b08bb2936a09e1833da508537ce,815f1ee2593d6a61
Training/notumor/Tr-no_1530.jpg,no_tumor,2,train,682963a5c7833fb574b5601b9a869caf0b5151606d5fe050ca1ac5042b72eb69,963a6ef169c7211c
Training/notumor/Tr-no_1532.jpg,no_tumor,2,train,e67f5728aea6ce374fc78f12b3488554c262c2902538f9519f4c3e214fbe3d9a,c23f2df034b33c43
Training/notumor/Tr-no_1534.jpg,no_tumor,2,train,9e0711334c4f49411d7e34e60fe44d759ceba7ae5a5b05eaebaf9866b80936da,d4c20b9d7f702c1b
Training/notumor/Tr-no_1535.jpg,no_tumor,2,train,149f35a36c0a93d9a671deeefea34d2a159206847501211d5267d1b132af7605,d0f42b4b2e4e2b0f
Training/notumor/Tr-no_1536.jpg,no_tumor,2,train,c09ff217b494844c3bde55d794a49263650e7e8e0d834544ffb3076c2b7c28c1,81965f9c2aca7c63
Training/notumor/Tr-no_1537.jpg,no_tumor,2,train,5f44175527ed6d18e1780f9e7eb7c97b23d7f9db3ea4b827fe3d8c6072db6ffb,c7693bb4381661e6
Training/notumor/Tr-no_1538.jpg,no_tumor,2,train,bd10170d631e2efdb077b0fcedde048625743026c2e86d023ba2c0d49927de7d,cb383cc626679c96
Training/notumor/Tr-no_1540.jpg,no_tumor,2,train,ad16f6766d317791d1cf3f7701048a120bdb4be8e857c26c6954459b0e0a9fe7,953532555b692bd4
Training/notumor/Tr-no_1541.jpg,no_tumor,2,train,b07bc7961d54ab71eeceac03109a3f30ec245fdf88562d399ef9f8f1e5ad2fb8,d1370b986fd1398a
Training/notumor/Tr-no_1542.jpg,no_tumor,2,train,1886404b70de065e152fc91ee63834e53f06ceb32afa149b1d83d5a5e4960c5f,c72e68f03d8f30d8
Training/notumor/Tr-no_1543.jpg,no_tumor,2,train,bb3eab0f4d56740eafea263edc3e6a0385ce27b05316dc5bf643d518c2cab294,9e646d363263c996
Training/notumor/Tr-no_1544.jpg,no_tumor,2,train,36449c554d2cec3f71636b514105f1c047cfc4b0cc531de06a65da096f736c9e,c3d02d8f346c9973
Training/notumor/Tr-no_1545.jpg,no_tumor,2,train,9ce2f0c1629e63c8781550a1f59af903b235c12b283265465b7f4f31ef58c361,960879a66d49e796
Training/notumor/Tr-no_1546.jpg,no_tumor,2,train,19d5d12d9c57b8e9976fbe427bfee2d8ed7553c98baeb0f3895f61b61d8d2111,976a78a561e66916
Training/notumor/Tr-no_1547.jpg,no_tumor,2,train,59da0d9e0a92a97245a207fab2f2146bd1a153bd5222d92aaab676e1fc86173f,c5677ab038c7315a
Training/notumor/Tr-no_1548.jpg,no_tumor,2,train,e57f97b8c634813daccda79cd7f8cb366fdacc61dd1296de634cd323da4aacb4,82b13bf22c1f69e4
Training/notumor/Tr-no_1549.jpg,no_tumor,2,train,f1b557a63453103a9c2bc775930398ce4c3400400f126911d4fa842eacc062f0,c2c42d0f79cc3cd9
Training/notumor/Tr-no_1550.jpg,no_tumor,2,train,03d3cab23bc6a8d89c859d607990a679a10182d30b53887b890d76d39935f33c,d3230fdc3f332c30
Training/notumor/Tr-no_1551.jpg,no_tumor,2,train,ec4a30dbb1df169d00bde23540fa408fcb403629acc7bc8dd92d4843b23000d6,c30e1ce37bb0ca78
Training/notumor/Tr-no_1552.jpg,no_tumor,2,train,0fbc5994dc4e3af2a1935c334b814fb3b4b335552d6fe38c18aac24f542dddc9,855e7aa13b643ca5
Training/notumor/Tr-no_1553.jpg,no_tumor,2,train,1c3c35be82162d4ddd7945f6f8d5aa7d011bf6bf7bd9bafd7792de5daf9f8275,971878e3651c27f2
Training/notumor/Tr-no_1554.jpg,no_tumor,2,train,ebbac835eb9a5d30a11430197f11d7f40da666f4fb1662d60cdc001156452cad,d3e81d167a6b2d06
Training/notumor/Tr-no_1555.jpg,no_tumor,2,train,4e645e701ab68a71462d109bfc24e06c187740e2be88632818e4be77f25b31dd,c74249be2fc178ac
Training/notumor/Tr-no_1556.jpg,no_tumor,2,train,7e8d6c1136211f5cb0a75cfe98c13b4547c106d74392f35d21ab04bd59720254,825d7dea57b88229
Training/notumor/Tr-no_1557.jpg,no_tumor,2,train,211e0455ef36c13257857b66aa8bb18e8f5712bceba0613577d73bdd449237b5,d0cd0f1f6c3c34b4
Training/notumor/Tr-no_1558.jpg,no_tumor,2,train,0d38663bb99fb0cb88c7becf73fc0d02c6fe53c83c1fde10274e393e9137f64c,d20b2ff47d8334c8
Training/notumor/Tr-no_1559.jpg,no_tumor,2,train,8a9a50021f33dc1d71956f574dc91f44123fcceddc50c601f23a370749c982ea,860f1dab1bb03bb1
Training/notumor/Tr-no_1560.jpg,no_tumor,2,train,72975215f2d342c7bb4572a546e712f84ded7d8defcedfcdfee1d75763b02909,c6454c6a66af4e74
Training/notumor/Tr-no_1561.jpg,no_tumor,2,train,bb2441a9789bd5a549d842fb888c41200f040e1f00ca1aebc78d60ee1098a19c,c22c2fe873b63472
Training/notumor/Tr-no_1562.jpg,no_tumor,2,train,4effdb14b313559239ac28d68e08755b2c899e502c1a2e9708ccb287aeba6543,c80f3fb03c617966
Training/notumor/Tr-no_1563.jpg,no_tumor,2,train,21f2370132939a0d6f06a61a6581ae5b5f04783569c1ac41a5492586f112d451,86c17a5e6a2e29dc
Training/notumor/Tr-no_1564.jpg,no_tumor,2,train,13bcc428e1d874d8e37960e5c643330ccad1b8fefe2cc131b8b45b5844d5d381,c7493bb43c1c31e6
Training/notumor/Tr-no_1565.jpg,no_tumor,2,train,d688ea1bee093c36045c467124d93b845e0240c069615905b88e8ae218fe7934,d33f2b642dc23c83
Training/notumor/Tr-no_1566.jpg,no_tumor,2,train,52b7016324f08def334f7898a149371ef416c44574262538d65d865194cfae2e,c39b6e4839b43c66
Training/notumor/Tr-no_1567.jpg,no_tumor,2,train,e0c55ab215cc16a2c419fba5a47b6dc3f0a5fe3a309499f7cd3828a50661d560,d21f2ff06c272583
Training/notumor/Tr-no_1568.jpg,no_tumor,2,train,ff37f1928b6d338f0956bdb02ba7a46e5f0550460509af9cf3a49d7d789023be,923e6de130cb311f
Training/notumor/Tr-no_1570.jpg,no_tumor,2,train,2a73be9d5b9932784010b3d6fbf367a8ea1501d98001dd158a9403da2a38d832,c2693db630c972a7
Training/notumor/Tr-no_1571.jpg,no_tumor,2,train,b4de604ae86d5db4629817bde0b0a98a620f433ccd2518bc5335cea8d1f03d3d,d01f0bf06fa11cda
Training/notumor/Tr-no_1572.jpg,no_tumor,2,train,04f2abc4c07406443bac641c5dfc898b0ce9756cfc7d1beee420bd040538e594,96166be53f422c1e
Training/notumor/Tr-no_1573.jpg,no_tumor,2,train,ccd63508e77543bc454dbd621a3333a104c78ddc105ad8f4124403b84e130247,90396f943ccf616c
Training/notumor/Tr-no_1574.jpg,no_tumor,2,train,8de06fc9a39f95124ed852729b55d02fe65667e670955438f8462b943f558b54,85704add3e846b8f
Training/notumor/Tr-no_1575.jpg,no_tumor,2,train,b8f459d51ddf5989a2f01207dee3e7fd08105413c8852fb4846d6441b41f6508,c76f39f03092646d
Training/notumor/Tr-no_1576.jpg,no_tumor,2,train,cd6a1f050b43e3d14f994b971a57400488588fb33cdc0ed7ed8163ce694f5545,9795785a291969e9
Training/notumor/Tr-no_1577.jpg,no_tumor,2,train,956f9145ebf743aa1f412d10d1ddd46c987f73c05aad103a034dd853deb996a4,c5987a4f383831e7
Training/notumor/Tr-no_1578.jpg,no_tumor,2,train,f1d9746b7d9f48884af45dc0e4ab68512e4597ef15ba400599e32b8cd4fa0526,cd663a996c9a3499
Training/notumor/Tr-no_1579.jpg,no_tumor,2,train,e4aac3390707ba5588f99227cb413492b726118c86c199da5d73a394d6ca21d4,87b57a5e29a96162
Training/notumor/Tr-no_1580.jpg,no_tumor,2,train,373ebaa769316551bb34c3fef5f304f8067d940fcd9cdcc5e8653ed527194036,868d5b466a53799a
Training/notumor/Tr-no_1583.jpg,no_tumor,2,train,364c031cd5bfb81cbfb5fae1a29850bf32d1a6e05bcd0e3e235532b7e905c7b3,92a27d15570796d6
Training/notumor/Tr-no_1584.jpg,no_tumor,2,train,5cad7878ae0600f1dd68bed6c51fb9339a4563c5aef9bb8f71d3d258f4e5d58c,d2e02f0b7c7c3427
Training/notumor/Tr-no_1585.jpg,no_tumor,2,train,0272fc4c0f13ca1e276fd09c5c162e747671e11b46df1d31dd06c0e8c5e40a96,95997aa73a699898
Training/notumor/Tr-no_1586.jpg,no_tumor,2,train,6c6aed1797cf23593f78957636542cc2698a53939a6ca7983385ddcc73f08438,85ac49dd2f1a1eca
Training/notumor/Tr-no_1587.jpg,no_tumor,2,train,f47bb7260ce2361b4c5bb631c9402bd0cb72e8a209f30fb58655630f2b2fb8dc,c0cc2fd26b3c4dc9
Training/notumor/Tr-no_1588.jpg,no_tumor,2,train,485e82f1e0e11ab5e6aaddc53c616ed8b3bd5ce8ba6cc220281b8267ea4ab88b,9b93696c6461b69a
Training/notumor/Tr-no_1589.jpg,no_tumor,2,train,b9b202b47a365e7f95086a600736c1ad447708addbb06792874d67751784484b,c6be4c9566505e8b
Training/notumor/Tr-no_1590.jpg,no_tumor,2,train,12684b9ff54d0fd0311b3059ca96eaf253520a6192c6807e28e9b076df1b18c0,c8f03f4b2c8e6999
Training/notumor/Tr-no_1591.jpg,no_tumor,2,train,704ca12d92edc9f6b845c5d21be2d46b29f217b54c2bfa22a302fb55deca4125,c7963b4b3ce32119
Training/notumor/Tr-no_1594.jpg,no_tumor,2,train,0e6aa809611e4f4ce0c857ce3ae66f8e20a0e9057edff04152aa092891ede148,c3903b1b3c6d70d6
Training/pituitary/Tr-piTr_0000.jpg,pituitary,3,train,5204517661f05640b83dbb5dc7b8665b40bdae80c0d28bbb4b3186b46368ab36,95633a3d68a525c7
Training/pituitary/Tr-piTr_0001.jpg,pituitary,3,train,9e94653e797042dd8a11f35579ae143648df8b7751cb3f6c46f77ffdfec7f388,84a60e1e7879696f
Training/pituitary/Tr-piTr_0002.jpg,pituitary,3,train,ca2d6e656e92cb3579fbac1da2950a553dabcfa9dfbc68fc22b9da44462ec3e5,c03a2f382f7c7c34
Training/pituitary/Tr-piTr_0003.jpg,pituitary,3,train,4be5ab71a2292e9d868fe524e1044e30a0a80cf1f2b75b7161a8e119681bfe30,d00f2a2f696b3de0
Training/pituitary/Tr-piTr_0004.jpg,pituitary,3,train,86270c6f4a8ed175ee383232e8cf30431194cbc58696f4fed1fdcca7745a336d,d00f1a3d696978e9
Training/pituitary/Tr-piTr_0005.jpg,pituitary,3,train,dee369cba6fcd243b69460963c6767c3190e8609094d4b5c5876fc1add999c66,851e7a6169796665
Training/pituitary/Tr-piTr_0006.jpg,pituitary,3,train,83edcc8e14e01cd9ca355399752bd5c964eba5513eed44f350b765085a3611ff,851e7a386d317665
Training/pituitary/Tr-piTr_0007.jpg,pituitary,3,train,cae419bc2d44aca33c395c692da002036d8af1f633261eb10f421840d308e7f0,851f7a7869317465
Training/pituitary/Tr-piTr_0008.jpg,pituitary,3,train,23030d3905d81cb031cf9296f11a89c04c2641fec978972f760f08f4452ec22f,851f7a7839617471
Training/pituitary/Tr-pi_0010.jpg,pituitary,3,train,6193c3e40eff6ac5ae5d670238046f9fc0709a93b695566245241fe73888bc80,c41f6a2d39b57035
Training/pituitary/Tr-pi_0011.jpg,pituitary,3,train,9c5de5c5a555112e16cfc7c74ceade0e199d4c454b86200f0be825ea19e02594,c06b2f2f78376429
Training/pituitary/Tr-pi_0012.jpg,pituitary,3,train,66bd25e18e24d6c0c375fdfbbf40c557d1ce68ed7b7c1fbcab21b9bcabb4b3b7,94b61e9e68696969
Training/pituitary/Tr-pi_0013.jpg,pituitary,3,train,83b8322e3076a2a5386c993ab787a50a03d6df9bbee9e2c378a4d9bd5cfd6d10,c06b7a2d2c377c2c
Training/pituitary/Tr-pi_0014.jpg,pituitary,3,train,e938443e95a87629817d4eaa743d29f818e57f17dcb7341e825f21e87f003678,c06b6e392d273d4c
Training/pituitary/Tr-pi_0015.jpg,pituitary,3,train,902d693dd2c3f36c909c402e8c5e3f85bbe977fca3d658bc4d78c8692f6a33c3,c44e4a3b6c332d6d
Training/pituitary/Tr-pi_0017.jpg,pituitary,3,train,8c36e895405161676ed9a0630e0786dbaffb21b996d536d4809003944dee2a03,d44a2b2d6c7d3634
Training/pituitary/Tr-pi_0019.jpg,pituitary,3,train,c943d6c31e05c2988ff8714e01d96536d3cea7da0fdde6b3d274e8984483bc48,808b57781c7e6a7a
Training/pituitary/Tr-pi_0020.jpg,pituitary,3,train,95058a82c7318b0ad16aae578d37325c378ee783ddbd0938d073b6909e03c4c4,800f57781c7e7a5a
Training/pituitary/Tr-pi_0022.jpg,pituitary,3,train,f67f15c999bb6c316eac296f1ea2e3e0fa50e0b04c064237e334dae0bc5c5204,950b566f1e79282d
Training/pituitary/Tr-pi_0023.jpg,pituitary,3,train,b5d802dce9ae28a009ba433824a46a235db4578cc01c90b68fc456ee5fb41a10,84b61e9678793969
Training/pituitary/Tr-pi_0024.jpg,pituitary,3,train,2e860c9d12ee0db6c78b3db22283bba223ed95715a870b207bc37ad37db7f657,950b56790e7c686d
Training/pituitary/Tr-pi_0025.jpg,pituitary,3,train,096d861d3bbca67636958cc8293ce0840745a4a44d37526cefd02f4b7355edb1,950a577b1e796825
Training/pituitary/Tr-pi_0026.jpg,pituitary,3,train,71f2c2f45c6a963fc37349bceff894b789c2a683a911aafe4ef3ab5b29dc2be7,954a571b3ee8683c
Training/pituitary/Tr-pi_0027.jpg,pituitary,3,train,82d5c4985a8a9265d2d70740bf30fae5c6c798630d0ee1c25af0b29362ffbeaa,951a573a3ee8386c
Training/pituitary/Tr-pi_0028.jpg,pituitary,3,train,c690ff2fe0214f971dbb4463473c4a1d67cf9a8b34d50ab0c6cbcb20abc8b1e7,c10d72b548f3356b
Training/pituitary/Tr-pi_0029.jpg,pituitary,3,train,9d85f2b0d7b2f9a02fc32d3f38952cbea8b4f150a15b6c447c32689cad595bea,ca55025d2afe7da0
Training/pituitary/Tr-pi_0030.jpg,pituitary,3,train,309d302ae5af0068a5b592013f794fbc5329af4be74c1ca7a811f153376aefda,d54562a30de8573b
Training/pituitary/Tr-pi_0032.jpg,pituitary,3,train,48170c3d1a470c93978dd1dc6c27f33d1dd8588fdd09d10459842d5ef0c107ef,dc0573ea8cf322c5
Training/pituitary/Tr-pi_0033.jpg,pituitary,3,train,679ccc0d92f75c3e6815902bf8befa1b0b83d34c371c18c777118fb982657861,958b55150be721d7
Training/pituitary/Tr-pi_0034.jpg,pituitary,3,train,9f7219c002438001b042ff50db32691826fde48fd4413138d51a170170366056,c02d4b7c3b303d37
Training/pituitary/Tr-pi_0035.jpg,pituitary,3,train,ffeee59fe1bebcff650c37739276a1273357ea06ef25108a21726e653f6e87a2,913d5a706b4a65e5
Training/pituitary/Tr-pi_0036.jpg,pituitary,3,train,7c94aa4a8c7d585deeda78ad0774816a3c328a0cda8c793e0a574e61fc79b87d,c4cc0b3f3f3434c3
Training/pituitary/Tr-pi_0037.jpg,pituitary,3,train,99d15296b07c78b77bbd628670ebf1a4cb7d859a68c13cdeb368ff62a5fe1756,c21473dd5df71481
Training/pituitary/Tr-pi_0038.jpg,pituitary,3,train,29fbd885ffbaa61c844b8f5889acbcfe5c6950d4dd0137dd8535c0865745441e,a85556225d7322fd
Training/pituitary/Tr-pi_0040.jpg,pituitary,3,train,22bac5183f5b0085e1d5ac22bcdcd2de23006a95a1e44d01e63f0847127625ea,990166fa0977a6d5
Training/pituitary/Tr-pi_0041.jpg,pituitary,3,train,b3af9d0bdaf517ba67a83a400d2a0b701bf7a03ce6cad114fe594b7e7370efeb,81c22fab4aaf4abc
Training/pituitary/Tr-pi_0043.jpg,pituitary,3,train,5b3ae1a33b95e7db39ed31b2869b9202bfa54000a3035c962e38b7570a4f971a,91a63e2b6899659e
Training/pituitary/Tr-pi_0044.jpg,pituitary,3,train,831564686f80164ab342c8e19437860e9b130e85ead6fc6aa8acd164684e8dc8,959f1e78695a7418
Training/pituitary/Tr-pi_0045.jpg,pituitary,3,train,9fdaa93176724bcf56966d62e14a024bbd9a09f6c5a5e948defe4e5572b87ed4,c06d0b783b343db6
Training/pituitary/Tr-pi_0046.jpg,pituitary,3,train,f9c0451b5dd703746cdaa196a052ec6fd900f6a5c2018d523a71e7a92055d0ef,9087573c0ade4afa
Training/pituitary/Tr-pi_0047.jpg,pituitary,3,train,3ec190500c1bb24eb7d2b7a15a1318c40b18bcc9258cbea471c6c2517750d67b,950a563b2ef338b4
Training/pituitary/Tr-pi_0048.jpg,pituitary,3,train,53a828ec3e5a046e0a98d7ce37de7f7ad34ae3b50669a3ab7d95338ede07d74d,950a5e392a7b297c
Training/pituitary/Tr-pi_0050.jpg,pituitary,3,train,ff8044c4294b2b9c7cb713550a6cb0287d1dfde82478fd30b63e6ed614f46309,950a5e790e6f383c
Training/pituitary/Tr-pi_0051.jpg,pituitary,3,train,d557a57f839bdb7c4714281b39cf1bc6aebc84d5289004d1d3f9b0d7e421c575,950a177a0efd7a48
Training/pituitary/Tr-pi_0052.jpg,pituitary,3,train,ab9e04f44ddef8008d064965763627e941c88e31f2fe80fef67d61f8c8cc01db,950b155a0e7b786e
Training/pituitary/Tr-pi_0053.jpg,pituitary,3,train,40e24b1dbf5c72ddf68dbd14e55d7924088376141aab5dc7883654a743074055,950b155a0e7d7a5a
Training/pituitary/Tr-pi_0054.jpg,pituitary,3,train,2dd425a694a8e605914d31532c03b67d87f8fb21e54d80553445312de61e8ab4,940b157e0e7c7a5a
Training/pituitary/Tr-pi_0055.jpg,pituitary,3,train,44b218568c2e467501bdcbacd02b0f0e24cb73461b00aa0007087a56ae960be9,940b157e0efc7a4a
Training/pituitary/Tr-pi_0056.jpg,pituitary,3,train,f16419cf2ee3df28552a2a76db26f7b346d9bde053dcc589f60fc1ad0ab0abc2,c1281a7c3f243bf6
Training/pituitary/Tr-pi_0057.jpg,pituitary,3,train,b15999f1f5a485dae685c41ffa247f04298de67bc6b833460944b13088cb86dd,950a157e0efc7a4a
Training/pituitary/Tr-pi_0058.jpg,pituitary,3,train,b3c153af4fd59ca24c4259125b0df012f999c40060815f2ddbd53f372cf7774b,9502177e1afd784a
Training/pituitary/Tr-pi_0059.jpg,pituitary,3,train,01b264b240f6926993412639c6ae3758a509962d73bcdf8c32394431e586ab38,d08c4f9e5e9e1ac8
Training/pituitary/Tr-pi_0060.jpg,pituitary,3,train,adfff1fd46a5c7153af9b54951f0c473533c3b728c2d57712371881c9267a9a4,d0805f9e4e9f1aca
Training/pituitary/Tr-pi_0061.jpg,pituitary,3,train,632dc7ad245cf8664d81ec36be62bf8eab42be30958ca545e3c65855b5b9bf7c,808c57de4e1f1ecc
Training/pituitary/Tr-pi_0062.jpg,pituitary,3,train,2c132f126a201b7be1d6b6c69c9a434e5267f0e1ba4f9c38f079a4b358b8e2d5,908c179f4f1e1ada
Training/pituitary/Tr-pi_0063.jpg,pituitary,3,train,6664c648d3f2ce107626d697eb760f806536d1e188df85ec59c8fe65294c36c3,c088579e5e5f1ad2
Training/pituitary/Tr-pi_0065.jpg,pituitary,3,train,dfd34d4440374ca3d621dc683710bca1e7b05269f44e6e52114bd07ade96311d,c08c59df1e9c58da
Training/pituitary/Tr-pi_0066.jpg,pituitary,3,train,bdc98be1fe2d1515d9cf4d5ad5a0adc3474e8930ae985ed5b1f40f01ba6408fa,900f577c2a6e7961
Training/pituitary/Tr-pi_0067.jpg,pituitary,3,train,5ada0cfc3dfe29ec3871f4047bc327ab393d8df0dd3cd41d624daaf4b5b27568,913a5a6c2b246fe6
Training/pituitary/Tr-pi_0068.jpg,pituitary,3,train,04626a19ea9d63e6a9707309c3585112331ca2515dec64185435d466585c80cf,800b577d2a6c79e3
Training/pituitary/Tr-pi_0069.jpg,pituitary,3,train,0578c04b883a03853e28829c90c40ba436be0b0e145bd922487f7df8ae14235e,810b577d2a783ae3
Training/pituitary/Tr-pi_0070.jpg,pituitary,3,train,fcd00b230f4a3ecfd6f62d4dbdf29fa8c8d03f26f4e022f03b0c60fda43db5f0,810a5f7d2a7869e3
Training/pituitary/Tr-pi_0071.jpg,pituitary,3,train,e17ef6cb9f017aebe23680c1dfa19fb48887fdc2887a55f0c75beb11f6d3c453,840b577c3a7879e1
Training/pituitary/Tr-pi_0073.jpg,pituitary,3,train,d955fdd02c0c6495240331959c380507df5fe4eca1cd70ab4dbbff4e1f2978c2,800f5f7c3a7b6861
Training/pituitary/Tr-pi_0074.jpg,pituitary,3,train,a76a3c1d861fe1a6e7e1ea4f93c793a31b1480b1d8f16b87b7585ecd48eca664,940b575d1aff025a
Training/pituitary/Tr-pi_0075.jpg,pituitary,3,train,2343583d763cf47d4529ccd6965bae01f8df1a0cdd0cea8eb99d0a1754935b54,940b57dd1bd6701a
Training/pituitary/Tr-pi_0076.jpg,pituitary,3,train,3946b45eeeb33f9613dd806d8225ab86b0c465412eaaae2cb8da5c983cb55f15,950b57d11a9639da
Training/pituitary/Tr-pi_0078.jpg,pituitary,3,train,71bf4fff2ee9fb44e11e9d70559b1e148279331fd7926b3d3cbeae97fa295c96,c1370f7878753466
Training/pituitary/Tr-pi_0079.jpg,pituitary,3,train,be5aaeb80501a3a7eb03385806fef22fb5aed52d2c2b2ddfba149e35822d3fd6,950b57d90e1f18da
Training/pituitary/Tr-pi_0080.jpg,pituitary,3,train,809f38269c58d316dad471cf7dfe39d06d301851808970cb2fc766b49914137e,950b57d10e1f387a
Training/pituitary/Tr-pi_0081.jpg,pituitary,3,train,ee363a7e8ec80d4d931a454097726e500925e2b14d6b17c4298902aa20015681,950a7e3a6e7029e5
Training/pituitary/Tr-pi_0082.jpg,pituitary,3,train,5241008e4a6307840a3c384c830a052faa58ff1eea515e9da17ee8b4e57cf3d4,950a7e386e782967
Training/pituitary/Tr-pi_0083.jpg,pituitary,3,train,ea84f8e8573371d1b175c4b1c99f2a4f4691360e353434bfc8a14950393bfa54,950a7e7a4e782867
Training/pituitary/Tr-pi_0084.jpg,pituitary,3,train,183b5a2b7ef8eb12023294a9a2397a19604416989c5c7a9a71ec2ec7dea41988,950a7e786e782965
Training/pituitary/Tr-pi_0085.jpg,pituitary,3,train,006376a9f91896cee531becc3ce1503f25905efe2a0547d5ce9b1d57f04d365a,950e7a786e7828e5
Training/pituitary/Tr-pi_0086.jpg,pituitary,3,train,e31004376fbaad50666f158c8d8b8361c8d1c9ea7a307734d642aca4dc58f13e,d50f5a7e4a782169
Training/pituitary/Tr-pi_0087.jpg,pituitary,3,train,a524662a57ca172d52601286d71bb8c92fcec06e0e0412f74e30200a5fe00198,d50f5a7e483b2169
Training/pituitary/Tr-pi_0088.jpg,pituitary,3,train,2c1b3adef73f070219d548e461e696de8eb3b308d0b2cbf2aba19f734ed3f12c,808d17f71c165776
Training/pituitary/Tr-pi_0089.jpg,pituitary,3,train,e9be7d54d29dcd09b31b126b6625509654b8dcce52236d53ac758be830ba26cc,c13c0f687c7425f6
Training/pituitary/Tr-pi_0090.jpg,pituitary,3,train,401bef000097630de6d60c8e7eaf3a1edaa149f25f40a87140ddcbed37a226c8,808f57d41d175756
Training/pituitary/Tr-pi_0091.jpg,pituitary,3,train,1bc5819c0439b602f16aa7b257f12842507108b8a393a659911873cd8946763a,808717f41f574d56
Training/pituitary/Tr-pi_0092.jpg,pituitary,3,train,3a099985d7e979f2a19a3498c2f84df1baeea6d7be7f1e7a35d173b93984fd8c,808a17f453175f57
Training/pituitary/Tr-pi_0093.jpg,pituitary,3,train,bb104287747b05aa928c49221e2bca94c81fd7de93b719ef423d60b7cddf4865,808b17b455571f57
Training/pituitary/Tr-pi_0094.jpg,pituitary,3,train,456dea9229a813571407cf7c9ef79f46885400781c99859505a75b693eb6e7e4,95cb1f591a3a781a
Training/pituitary/Tr-pi_0095.jpg,pituitary,3,train,04b0165d170a85e41d6f5849cb9032cfc6c12ff6e1c44766cc1fd1c11dbe44da,95c81f595a1a791e
Training/pituitary/Tr-pi_0096.jpg,pituitary,3,train,544d569985679a649ea9733c31f7bac6325968f7ecb2b203799ecad540babd48,95ca1fd95a1e7818
Training/pituitary/Tr-pi_0098.jpg,pituitary,3,train,176e48f15fb6dec8353f3001573eca769d642580148725d1ec34157f57f7dd33,954a1f791a9f7818
Training/pituitary/Tr-pi_0099.jpg,pituitary,3,train,e396ed9c7398c8ee2715e060dc931076f9b8fafa574e25dc306d2a1df7276930,95481f793a8f7838
Training/pituitary/Tr-pi_0100.jpg,pituitary,3,train,b0fdccb7f89e692d4e0d8a42237470a03d801014df319d182ae1fbcb05150c1c,817a5b2d6c742da3
Training/pituitary/Tr-pi_0101.jpg,pituitary,3,train,0e68428e1a715db93d9017e653d47cf336d44494cdd8dcb30c5113f56df23ab6,95421f5b3a9b7838
Training/pituitary/Tr-pi_0102.jpg,pituitary,3,train,34140c0f43c20b654c25f54ba2f57d2af7fee34060ebcc6758bf12bee778bca3,851b5f7a3ae13861
Training/pituitary/Tr-pi_0104.jpg,pituitary,3,train,43aa5f106d6379371d81e5b0fe5ae78cbc2b9ddb97af3bf6f0472c3cc9e76305,951b5f383ae138e1
Training/pituitary/Tr-pi_0105.jpg,pituitary,3,train,f7801552e50f664bf1c38ed649a54d7a68551ba16c96f6b1b74633bcfd99c01e,910f57387e786839
Training/pituitary/Tr-pi_0106.jpg,pituitary,3,train,6f3368ab9924d77382e16be2df1f66406bf0fad17469d3d834c26312512d997f,950b57783b7a6870
Training/pituitary/Tr-pi_0107.jpg,pituitary,3,train,024175eea25f7f59cc77c2fd269ad95979e4f6d37893ce26997837d9302be34a,950a57783f7c6831
Training/pituitary/Tr-pi_0110.jpg,pituitary,3,train,5e061f1148c89a0d774d35a31c505470977d264a64643292e8aed946787de368,85da5d753acc6c05
Training/pituitary/Tr-pi_0111.jpg,pituitary,3,train,f28d6894203fff7e030c7c956e5a984f7e6e3567ce376febc23b89de32c5e6ca,94613f1a78e7681e
Training/pituitary/Tr-pi_0112.jpg,pituitary,3,train,c81aa75946aecdb195912249a9090c708ac80c1d7f2e11da7d3dbcc2983c6f87,c0362f733c6c30f3
Training/pituitary/Tr-pi_0114.jpg,pituitary,3,train,edff7b518f23231e856df5467c4b6a1365c8b6b7677f3529e288bf79f9215bfc,950b1f796ae16865
Training/pituitary/Tr-pi_0115.jpg,pituitary,3,train,20174b6a8488adfe68d130b7681a68d0c22923583fc7f5404e6b4c96ed7cf804,950a7f786af14865
Training/pituitary/Tr-pi_0116.jpg,pituitary,3,train,2ec70f068fab7dbd3eea9cd65da29129c9b537c8ed2ad3fd4799f57013114687,940b7f786a784965
Training/pituitary/Tr-pi_0117.jpg,pituitary,3,train,d8e51f0f533025ca507ea06b44bde5256054eb380c736f305d9e5ac850df4b05,950a7f782afc4235
Training/pituitary/Tr-pi_0119.jpg,pituitary,3,train,1c0afa89ab4a808c1c041d4f4b5736f917226c94a2585a00d9e6f2276c3b69b2,950a5f786af14a35
Training/pituitary/Tr-pi_0120.jpg,pituitary,3,train,94b848ff7014b3c19ed1e4d3f4e13e4f1d0540ad546b22ccb74c7e87e023d127,809f57381ed6721e
Training/pituitary/Tr-pi_0121.jpg,pituitary,3,train,c9a58e719eac1adc6d607c8bd68283c39440073a861b61a6c2cee9164c14ace4,809f57391ed6721a
Training/pituitary/Tr-pi_0122.jpg,pituitary,3,train,15f7fd00d522e58a9bd17653443434e6374461eaa8f1f1a7ef33742b91056484,808f57f01a967b9a
Training/pituitary/Tr-pi_0123.jpg,pituitary,3,train,acc1b26ed6ab607905b22bda93eaf6b10a1404a7afdc1e93a05a2605680f52b4,c4262f733cc434f3
Training/pituitary/Tr-pi_0124.jpg,pituitary,3,train,9798211f092207b0958e9cc13f0556366138fd1bb6c407981f7fc577238bd2fa,809f57f91a147a9a
Training/pituitary/Tr-pi_0125.jpg,pituitary,3,train,9bc956a3bf6c4a77f3d44a54522ed525654d2d9a45e448c4eb4f6610f326f80d,809f57791a947a9a
Training/pituitary/Tr-pi_0126.jpg,pituitary,3,train,eda87fa44f763023377c5abe5dabe1f5b0658f16617c419db3648eb732ea32c4,809f5f391ed4721a
Training/pituitary/Tr-pi_0127.jpg,pituitary,3,train,da0bcb6c1f133dc0251b0eb42dd86f22cb754b5c0bf2208ce6cd104b918c26b5,819f5eb85e1d50d1
Training/pituitary/Tr-pi_0129.jpg,pituitary,3,train,8126d34732586c8ec25a0572224036621180c01d10be54b8ec1a5a2153a17c41,811f5cb873de5851
Training/pituitary/Tr-pi_0130.jpg,pituitary,3,train,69ad49eca6ca4e8a0118ba284765e0e2dc41d16139117889d4208f61b7bac6f7,851b5f7a3ee12065
Training/pituitary/Tr-pi_0131.jpg,pituitary,3,train,08958fd2c86374059f25560866aecb9d56f291ec4d4bbd16a712707131fae6e3,951e7f7a2e612065
Training/pituitary/Tr-pi_0132.jpg,pituitary,3,train,55b20ce9237457dd98228a56aebaa0c048cf3e23dd6e2b783dc05f2ede50f6bb,911e7f7a2e612067
Training/pituitary/Tr-pi_0133.jpg,pituitary,3,train,38f897be68f464d3806b677247c183436dd9c1776569ac60cf34e71f4fa568fa,951a7f6a3e612067
Training/pituitary/Tr-pi_0134.jpg,pituitary,3,train,54dea040e0771d1c40a8681fdaf9dfa35218db284b63016e9dfd8108438eb021,c03e2f732cb470b3
Training/pituitary/Tr-pi_0135.jpg,pituitary,3,train,fea3b017d6e9e6849f9e8798237b76a160083697d4e1837fc9d57aeccd4867d5,910e7f6a3e71206d
Training/pituitary/Tr-pi_0136.jpg,pituitary,3,train,4326bd4331c5beb91f406005293be6db2cec2583bcd7c918dad2a07b3647ca9e,950b5b383fe124e5
Training/pituitary/Tr-pi_0137.jpg,pituitary,3,train,7b06b72990bb489a942280bb4d69adf13c6dd7950e3d9f474001ff7324c379d7,954a5e396ef124e4
Training/pituitary/Tr-pi_0138.jpg,pituitary,3,train,a1f66f6bf77f7fb963c47a8969703d7a71d549bc3fb3d4f8515f074c39df411b,954a5e392e7560e5
Training/pituitary/Tr-pi_0139.jpg,pituitary,3,train,3de70fde7be8b604626918a3fec1406a2b1028b620545e47d4c8b0860d0c6288,950a5f782ef52067
Training/pituitary/Tr-pi_0141.jpg,pituitary,3,train,561aef9ea405c6511ea3d223a4f440ab700f88033ffd680504952ed2b2544a61,944b5e386f7061e6
Training/pituitary/Tr-pi_0142.jpg,pituitary,3,train,396e87bfdb8a7f37faf51a404c9a2c79f93c723ccb006d6d3c0620dd64a34813,947b1e7873386361
Training/pituitary/Tr-pi_0143.jpg,pituitary,3,train,50548a746cbda08a9c9539b8ebb525fc5b05df18d994d3fc0e8e6850714fd5b0,943b1e687a6c63e1
Training/pituitary/Tr-pi_0144.jpg,pituitary,3,train,059514241a5294f1e35708754f55a1878a100156f20b702efc10f09e00a54081,943b5b787a607a61
Training/pituitary/Tr-pi_0145.jpg,pituitary,3,train,29cc07fb1e5463c7468de0bfb4cfe52c9c9dd786a55b3fd48e80a90cd3bd2f43,d0343e7a6991616f
Training/pituitary/Tr-pi_0146.jpg,pituitary,3,train,e37f5e38886418982054444c0eda9e7a23f56e962b2abeb3007d9861d3d091e7,943a1f6a7a686963
Training/pituitary/Tr-pi_0147.jpg,pituitary,3,train,e7458c8161354557e1942b37d9aee5c1f60a2ca3ce53eaa0d24759186285764f,941a3f7a7a612963
Training/pituitary/Tr-pi_0148.jpg,pituitary,3,train,16c063d29f6487e4e7e410cfa4d82e873c8d05151e9c7d27ef292dd490f3aff6,951a3f7a7a6308a5
Training/pituitary/Tr-pi_0149.jpg,pituitary,3,train,a8b63e91cd8129a3ac6649dae03fccbbd4a8b6d4799a1b1e0abdd91d56ea78fe,951a3f786a714ae1
Training/pituitary/Tr-pi_0150.jpg,pituitary,3,train,001cd5c8835f82bd3bca144772bf9f420f7a7a4b9aa0b1f919e09f51b07f6206,851a3f7a3e714a61
Training/pituitary/Tr-pi_0151.jpg,pituitary,3,train,77c2a9a05bdb0f38d65aaf9412777f42b7649843ce5b5a7356f7678ae7513e9d,955a1f7a6e794061
Training/pituitary/Tr-pi_0152.jpg,pituitary,3,train,f0f3ecfce184585fb4bee63e5c7580f03933af25bdf340597b1c39190ddda48b,955a5f3a6a7168e0
Training/pituitary/Tr-pi_0155.jpg,pituitary,3,train,3030ebac9f2ebdc8f7fde0df216c4aaa858e5c881731973603896c3a0181cc94,840b5f7c55763a68
Training/pituitary/Tr-pi_0156.jpg,pituitary,3,train,c1c864d86eeb92449822faa97780aa7de35a3c9347ea6749e3b39f3a96a41425,d1343e6269a525e7
Training/pituitary/Tr-pi_0158.jpg,pituitary,3,train,bd277ee3528cbf91830841e22603916e40512d9df735b3c389724cc178128dfc,c54a0b2d2c7d277c
Training/pituitary/Tr-pi_0159.jpg,pituitary,3,train,68e891f0c27f5aa224f7f076a11a1cc06ee75d09aad19cbb8650f6287cf60d5b,d4422f6d3c7d28b4
Training/pituitary/Tr-pi_0161.jpg,pituitary,3,train,c61bc669588b2e3e40b719efe623163d612dd557fc392ec31b00336e60ddf50d,c15a2f7a69376164
Training/pituitary/Tr-pi_0162.jpg,pituitary,3,train,38fb58b037a44164f7c6eeb29a08d11b09c994a3280b10b3dbc39e623a49ea5e,d44a2b4d2deb781c
Training/pituitary/Tr-pi_0163.jpg,pituitary,3,train,244e8f99f523083221e2ddc01fd7bd615b4a38175c4517a4b6df911fab4b89ba,c11e3f7a69376064
Training/pituitary/Tr-pi_0165.jpg,pituitary,3,train,e7a3c639cead930f203d858f9348c0047c2b5ac12409ca14d9295e887b07be65,852f7a782f217874
Training/pituitary/Tr-pi_0166.jpg,pituitary,3,train,80cdf8d92bb81f8371ef7a4339383653aa2acb4d350f210e7d53af068a431c20,c43f6f386a293964
Training/pituitary/Tr-pi_0167.jpg,pituitary,3,train,d9ccc94098b3b751a51fa1f94cefdb68dd0d9ac8312bc950a8be850d06f25e6e,95343b6269e525c7
Training/pituitary/Tr-pi_0171.jpg,pituitary,3,train,3d039a66fdeea9a19c4c5daee104977e85a773621f1fe26cd68589563c66d110,908c5f085e2f2aef
Training/pituitary/Tr-pi_0172.jpg,pituitary,3,train,683d756fa36898ec4f6cc2264b36f858a0ca7c73325f687f338300d2bee3f488,908c570e526e1bef
Training/pituitary/Tr-pi_0173.jpg,pituitary,3,train,bb4882f731bbf91de30bdbe9dec55548b9bbde2a5f34aee8db49ad9e2ef398ef,9503575e1ede5a18
Training/pituitary/Tr-pi_0174.jpg,pituitary,3,train,3da1e91185ba02375ddf2f1aa4ccd834815f5bcf02d93dfb2801939e4c75a969,9503571e1ed71a1e
Training/pituitary/Tr-pi_0175.jpg,pituitary,3,train,2075ed85aa3623a6c61f2c0b88e2837f00eecd6f9f84c8340b05ce7491829999,9502575e1ed71a1e
Training/pituitary/Tr-pi_0176.jpg,pituitary,3,train,bb043080da690116e5fcbb36241ef5418debbc807d799a5ae7cbd213f1476488,950357d81edf1a98
Training/pituitary/Tr-pi_0177.jpg,pituitary,3,train,fb690c7331e9b7e5a716c63c386302d3897192a47e396afcf5e6aa15a17a96ba,8513575c1ade5ad8
Training/pituitary/Tr-pi_0179.jpg,pituitary,3,train,05d47893e6ecd86e3eb70a3bf12b60e073696c32aa66beb7d6d01bcc55f50a0a,9503571c1fde1a9a
Training/pituitary/Tr-pi_0180.jpg,pituitary,3,train,9e3ea5f62a50d32effe699b4752aec742232dfec85f425ba3b6b386a2ebddc65,9503571c1efe1a9a
Training/pituitary/Tr-pi_0181.jpg,pituitary,3,train,11bdcd39a7a0793cf383e3cb5b02ee862743898c34ad1b910aaeb47093c42e83,950a5f3e6af02965
Training/pituitary/Tr-pi_0182.jpg,pituitary,3,train,990c708367ca4aa9c109cbcc89a47f35cacd0e9c91b1e95fe2eabeebbf8c7aca,950a777e2a786925
Training/pituitary/Tr-pi_0183.jpg,pituitary,3,train,ec28a8412f3078ea5d229c1429fd7e9846418315c3a1c77649bf43b0f91d9a71,951a5f683a786965
Training/pituitary/Tr-pi_0185.jpg,pituitary,3,train,86f6dfe5e55d571673ba61f0e611db0abf0e05ea9a932c1dd549ed862af47b9e,d48d4fdc1a5af80a
Training/pituitary/Tr-pi_0187.jpg,pituitary,3,train,670c350badb9da53d3c6fcf1bb98761f3307045fbe108a3497a20cee31b5861c,d49f0f9c1a5a5a8a
Training/pituitary/Tr-pi_0188.jpg,pituitary,3,train,b3b519370eb3af83534104cfb6d41ee9b42bd1bdd9b509e95c0bae10b3d70471,d49d4f9c1fda500a
Training/pituitary/Tr-pi_0189.jpg,pituitary,3,train,722c91c9dc120fb28bcb26a19379bf2080a3784742a78ede6aba9743246ecfef,c05d172a3e7c3e25
Training/pituitary/Tr-pi_0190.jpg,pituitary,3,train,b8ea8349d291eee02a1d74b3c9dc5b99a7fe5b413d8fb7a9af4016ac0065d77e,910f5e386ae9396c
Training/pituitary/Tr-pi_0191.jpg,pituitary,3,train,a197b466087ff96a618f84379b0d858a9a3193d096336f369ed7085bf7454cbb,810f5e786e793869
Training/pituitary/Tr-pi_0193.jpg,pituitary,3,train,66d673f1326f245ed82b6ee7ac386d419e4f0fc0d15a1dadee1d79e76dcc2419,811f7e786ae1286d
Training/pituitary/Tr-pi_0194.jpg,pituitary,3,train,25056d5aad63112b49ce8db4658c6a8471bc9cf3ce07095e5ea9419e44e47740,851f7e386ae1286d
Training/pituitary/Tr-pi_0197.jpg,pituitary,3,train,df6303a601675cf86b859348066ed08ba77ff3a6fecf9ce4635197e83b37ffa0,81970f153ddc3c65
Training/pituitary/Tr-pi_0198.jpg,pituitary,3,train,fd75a39cd2ce4cf8eaaf4f048370f49a11125583ba9aacfa654afa03e2a5f178,81974f951ec53936
Training/pituitary/Tr-pi_0199.jpg,pituitary,3,train,ec9681cdd59c5fa7c956b426a285a7c1f51af7b93e49f74b679e92e6a28b3e32,81974f1d1ec7391c
Training/pituitary/Tr-pi_0201.jpg,pituitary,3,train,a25edc77b04ff3a61f11b255a87667c3f08146087885b92b182193f5c6fff17b,81974f1d18c73f19
Training/pituitary/Tr-pi_0202.jpg,pituitary,3,train,a25ba6de8ad9154e15b96e2c95b3e06277dd82ba3ac814c93f95ad22a7d77eb1,81871f1d1acf3f18
Training/pituitary/Tr-pi_0203.jpg,pituitary,3,train,fd0362dd5d86d5faafb623e59407d796da5d1a80617882678d5ec04d6fdb4673,85871f1c52ce3ed2
Training/pituitary/Tr-pi_0204.jpg,pituitary,3,train,40fe79d822fac568edeb41f7649fb2a28c6e5acb12ba270b93a1263c5a99c9a5,951a0e3b6ee1396c
Training/pituitary/Tr-pi_0206.jpg,pituitary,3,train,4d4cce44cd25bd3cf5958cb77c717880cd328f1a83c672b5c362146d69db4fb9,808d577c17574aea
Training/pituitary/Tr-pi_0207.jpg,pituitary,3,train,f744f484a6c64224b460cf86e2d1913ea91ae778a5e125f9a5ef322299f3723f,908e57fd1ad618d2
Training/pituitary/Tr-pi_0208.jpg,pituitary,3,train,ccee6354a31b48b722564127d0c60ce2c5976575ec8c4ce463e31b35c0bb2e76,808e57fd1ad61ad2
Training/pituitary/Tr-pi_0210.jpg,pituitary,3,train,143144f366f7dced319b96628182433c15e59778084a3c0766ceb2947924ec88,809f57f41ad658d2
Training/pituitary/Tr-pi_0212.jpg,pituitary,3,train,7a2ac13bb70e827e75b986a887d6282fc765f7ad3d7d5552ad51348a76a70d73,809f57d41a975ad2
Training/pituitary/Tr-pi_0213.jpg,pituitary,3,train,2110ff09c2c2bfed3d08bbbc5043aedaf575b9f94d0c1e40db5faa2a5068b71f,809b57dd189f4ad8
Training/pituitary/Tr-pi_0214.jpg,pituitary,3,train,c2c6575924ead8d605a8d929805f31ca43bb633c8dd64c23c12d09411e546f90,809757dc1ad75a1a
Training/pituitary/Tr-pi_0217.jpg,pituitary,3,train,725ed09972bca11a20f6b195dace0ea79fab26357661b539d66f6bb3abf8f291,95c217c51a17cade
Training/pituitary/Tr-pi_0219.jpg,pituitary,3,train,7438be85f49f22d08aa80309efade2b23ae936db93c0f2abf9602d2323c4c33f,958a16c50e712fde
Training/pituitary/Tr-pi_0220.jpg,pituitary,3,train,aa4bb5cc7d8ab775c6d40f17a0a3664921f4b59907f90970af74c31d8748b466,95ca17c40ee13d5e
Training/pituitary/Tr-pi_0222.jpg,pituitary,3,train,bec56a01a2150b8a85db0d37e75ade995194c37bf738e3c59a42fbeea0435e86,81e11e1a78e7393e
Training/pituitary/Tr-pi_0223.jpg,pituitary,3,train,59e5314e79306196c98717b85853df679895291611ca87f3700eda9bb59a40e6,c4647a3d3cf03563
Training/pituitary/Tr-pi_0224.jpg,pituitary,3,train,70d125414e384ae2d47adf9185ab590e894b33eb646a224c14f76d031119d947,94c317061ec33e7e
Training/pituitary/Tr-pi_0225.jpg,pituitary,3,train,a11ac2b3d6a8ac4d2fec26873a98205ff6e9240a6fc2d0a2368402cdbc833bf4,d00b5b3d2ff12c34
Training/pituitary/Tr-pi_0226.jpg,pituitary,3,train,bcff2ab82878c0614c592e0f664abee6c6bc3b186310fccf49ce8f40c5a5c9c5,d50b5b3d0a3d683c
Training/pituitary/Tr-pi_0228.jpg,pituitary,3,train,46a20de78e2cb22cc1dd2359e64542c245ef628867ba9aa450b9fa763cbdf8c6,d50b5a6d0b7d0c3c
Training/pituitary/Tr-pi_0229.jpg,pituitary,3,train,7716ae4b0a85accd5ee8111502f22d3cef730fb9d68e07d65e120c95284df153,d50b5b692f3d6830
Training/pituitary/Tr-pi_0230.jpg,pituitary,3,train,f40600dda0df3ba62154a7d01c58961447f7b56dc00a253ddc5b69a43c2f6f21,d50b5a2d2f3d6834
Training/pituitary/Tr-pi_0231.jpg,pituitary,3,train,4900681257ae359f962cf1001b671fa5928108128b43df4cba8143e82ce7bce8,940b5a2d2ff5683c
Training/pituitary/Tr-pi_0232.jpg,pituitary,3,train,239904dc8c303fa92f6f8a1ca0b0e9e4f1a8602c50fd166e4cedf22dda348cab,950a5a2d2fed683c
Training/pituitary/Tr-pi_0233.jpg,pituitary,3,train,c0b7b9b235ba521fa9d9c648d3cbdce80b920c41594e53c52fa134d9cc4f5cff,940a5a2b3fe568b9
Training/pituitary/Tr-pi_0234.jpg,pituitary,3,train,b59a8fb9f88f37004d3009bbfae4e7785730420fedf9fe3ef3da5da78c6f26c8,c4606b3d39f07c33
Training/pituitary/Tr-pi_0235.jpg,pituitary,3,train,c81078ecc817853ffa928edeb9909e99a143939284b725b9dd77021d490c869a,d00a575c1aff5a1a
Training/pituitary/Tr-pi_0236.jpg,pituitary,3,train,91ba70d26260946c26012cacdb57dba136b122ba571da633df274c54d9019e40,900a575d1abe4b9e
Training/pituitary/Tr-pi_0237.jpg,pituitary,3,train,0ab47be3332ad46b576167dbea487aee0a36e455bcc5d47d142fdcac219bcf63,900a57191efe5a9e
Training/pituitary/Tr-pi_0238.jpg,pituitary,3,train,75b59a83b384b9251f64fd7c55b03f8a0f61dd834a19fa246ac7daf22f66f0cb,944a0e3a6b7f38e8
Training/pituitary/Tr-pi_0239.jpg,pituitary,3,train,b1983fdb81a679e2f1ffbfac44589161953f2a78f8afd4fce9e9e8046c451bcc,954a0e2a6e3f78ac
Training/pituitary/Tr-pi_0240.jpg,pituitary,3,train,4c9e006e0c47985b7e79aaf31f1309dc7120b1452c105638c2580ba89e464a45,954a172a6e7d4c3c
Training/pituitary/Tr-pi_0241.jpg,pituitary,3,train,dd73cedd3ef843e08d45e4b78f0c74b3764872c739711932c81d2e574c8d6bac,955a072e2e7f4c38
Training/pituitary/Tr-pi_0242.jpg,pituitary,3,train,01e70a9267c29f5a05bef7922f3c362a59683e753a5a4e7aeff517d4d4d75845,945a072e6a773cb8
Training/pituitary/Tr-pi_0243.jpg,pituitary,3,train,0e8f4b08781eb1d17d011fb246f347696f5232ba06f689002c5537c25c039da2,d09b571d0ab25a5e
Training/pituitary/Tr-pi_0244.jpg,pituitary,3,train,d35aa0c96a068f018e13df298dadf0f4bd15f594ef336ce46d899f5c6fd1b507,d099571d0afb585a
Training/pituitary/Tr-pi_0245.jpg,pituitary,3,train,43e590afb947cfa785ee798b62e8171a2b7664551768296a4dc12993df967a4e,94626b3d3db07833
Training/pituitary/Tr-pi_0246.jpg,pituitary,3,train,76fb1cca23991747a275d008f4246ddc4af579e17fbeacb92469ee5c3c2b182f,d089577d0adf5858
Training/pituitary/Tr-pi_0247.jpg,pituitary,3,train,f8b938f7b11bf1c501f0c63bff13b8afa4597242356c65f6b2405715256e1e55,d09b571d0afa585a
Training/pituitary/Tr-pi_0248.jpg,pituitary,3,train,d7a3b9b0ad10b75141a7b99e4e3b69d39e31686214e52e80170e2164233c8e6d,d09b571d0afa585a
Training/pituitary/Tr-pi_0250.jpg,pituitary,3,train,7c9db8cbe2487389977276ac7eeaeaf68f2147b46e97ee7b5e75049ce8617dfa,948d573c1af60aba
Training/pituitary/Tr-pi_0251.jpg,pituitary,3,train,eca4d8cd661c894803ceb89e38685366ffbd54acf641eeee03d2353cd184b6b2,948f573d0ade0a9a
Training/pituitary/Tr-pi_0252.jpg,pituitary,3,train,1ba810d5cd094eddb635ad3f36a0bd01eb1f496dd7ff4bf734795c712d3db31e,d00f5a3f6c316d64
Training/pituitary/Tr-pi_0253.jpg,pituitary,3,train,f73eb41c6872bb49cd8d7a3ed5a9af9c5912c92ecd565d3dcc7adfb7d33d8384,d02f2f782f787824
Training/pituitary/Tr-pi_0254.jpg,pituitary,3,train,3616b33f1d97335c84bcda54224294d40ac8831408bac3c139020842dd286e70,d01b2f2f2f6c6c24
Training/pituitary/Tr-pi_0255.jpg,pituitary,3,train,dca224ea0fb4e12755986cacab3f971d1f2dbd4a9391411300e3e44e32a10d19,d01d0f6b78782769
Training/pituitary/Tr-pi_0256.jpg,pituitary,3,train,7507abf7d47c7aeb5e310b722135c708650c1ffa2c0b247d01c6ba89895fecff,855a5e2f78696625
Training/pituitary/Tr-pi_0257.jpg,pituitary,3,train,b30b9b24d450c09eff6454d0697635053956caee2c9af3f9da65acf67b43fdc7,c44b1b6f782c6758
Training/pituitary/Tr-pi_0259.jpg,pituitary,3,train,a6d7b67b04f2a5b53558579033c6a8f51d9773ced8e0cc332b23ae8038b6e355,c0cd0b5a3cbf3c68
Training/pituitary/Tr-pi_0260.jpg,pituitary,3,train,cbad6af298767c7f295ffb71435169ed5442431e9658742ba574e0c4daf9fefe,c09d1f4a3c2f4d78
Training/pituitary/Tr-pi_0261.jpg,pituitary,3,train,22958e2d4055ab71af28d0e7da6d09d0331d2198da37cd11f3ae31f76ce1f8a9,c48d5aca398dd978
Training/pituitary/Tr-pi_0262.jpg,pituitary,3,train,ee37eaebd01ce0e606a3a71d19092278592aaa38e5a2f27a6ad50e8127cfe9d7,d00f7a2d3c793525
Training/pituitary/Tr-pi_0263.jpg,pituitary,3,train,d7ad8f808d7c5069f3d9a8cb2e4793d99e1622746fcfe26ebb2286e5976cc62e,d00f7a2d3cf13525
Training/pituitary/Tr-pi_0264.jpg,pituitary,3,train,f802eab46e151af46ebeb80b17f5396a7de5df1ed5e0c1f51a430b3c6e2dffeb,d00f7a2d3c706d35
Training/pituitary/Tr-pi_0265.jpg,pituitary,3,train,a818112d3fc3ba28e37bd618bd745c6723a7f2c1453fd7cc4a978c857696e2cd,c01f4a3b2cf97869
Training/pituitary/Tr-pi_0267.jpg,pituitary,3,train,a0b3918ae570acd5d7c029473a9088ba6238828e5638ee2d1eb8bc8f2f70fac9,855e7e3978683625
Training/pituitary/Tr-pi_0268.jpg,pituitary,3,train,fd8c25b34667a7f530f356bfd31f816947a2d4caebb5693549ddb99a7b07af6d,c01f7e70693227e9
Training/pituitary/Tr-pi_0269.jpg,pituitary,3,train,97471fe177e9c7cf83daddc82b6615c8cfcd41668fdd3235701ccce502e44feb,c11e7e78683363e4
Training/pituitary/Tr-pi_0270.jpg,pituitary,3,train,6046976ec74459a956f6127e0e9a62c6c41d6d66c20a68be3537000bc0a2eafb,c01e3f7c68326d35
Training/pituitary/Tr-pi_0271.jpg,pituitary,3,train,97760d4cf0d56e085e8c52cf2d712be7b37bd468618fe30585f0a7f75d66ac0e,d00f7f7839e02d91
Training/pituitary/Tr-pi_0272.jpg,pituitary,3,train,86638437a2792f0e9055f6c8763b213d4c89ce84578d1cbb79245031bc33921d,c00f7f7839e23cc1
Training/pituitary/Tr-pi_0273.jpg,pituitary,3,train,9caf423721d92913b334383821c85315ae2da3bfbf2acf4dfe990c156dae45b7,c10e5a7d18d96e99
Training/pituitary/Tr-pi_0274.jpg,pituitary,3,train,547d44c2369b7a17cc0099a310e286286ca07232684a8f326265f9daaf017918,d44b6f352d6063b8
Training/pituitary/Tr-pi_0277.jpg,pituitary,3,train,767b8f0b36705756e737f626eabf47e9e0a7daeb6a7a7e5418e0fc270f245f7c,944f6e3d2d6426f0
Training/pituitary/Tr-pi_0278.jpg,pituitary,3,train,ce01c2f57f964f0eda9a8dd6f38bdb3d9d9d5e3836157516f604103e556ae804,855e7e6968396625
Training/pituitary/Tr-pi_0279.jpg,pituitary,3,train,fd621d9c706a25ceb85158ff0c0e56d0c574427a9a63e50dea5d3201ca094ea2,c00f6f3c68ec3c65
Training/pituitary/Tr-pi_0280.jpg,pituitary,3,train,00e75b0d519d2cf9b7e4efa8a882187dc2019a2ecfc04fe39e6c7be57f0b83cc,c04b2f3d6966296d
Training/pituitary/Tr-pi_0281.jpg,pituitary,3,train,15bc36cc13387222f08dc96945530a061c63897e769e87efec9121bf4edd75e4,c00b2f396de639cc
Training/pituitary/Tr-pi_0282.jpg,pituitary,3,train,b1a6b334b444449083b6246913c286f840bee53b6e3213cfb33e71ca8a589373,c15a4a3d2d6c66b9
Training/pituitary/Tr-pi_0284.jpg,pituitary,3,train,ddee3327bd0a5b5fdff8acc257a99edf43b7ed512ef4a063d9f34d887d6846ba,c14b4e3d291d74f8
Training/pituitary/Tr-pi_0285.jpg,pituitary,3,train,9f2d346e8b33a4aea8e6d71c857072986adc1ab09319c125cd869ae68e5289c5,c1ca4a2f3d4d6c39
Training/pituitary/Tr-pi_0286.jpg,pituitary,3,train,227e557e3d4353cc1a21bd8ab2d10bcb68b5673c89d2393e47d5f290230d56c8,c14e0f8f58ce6ad8
Training/pituitary/Tr-pi_0288.jpg,pituitary,3,train,a610fd56b1e8bff6015637c29d472710f49fa42d387ea037fb62cec0db72428d,819f0f9e589e4ac9
Training/pituitary/Tr-pi_0289.jpg,pituitary,3,train,2f1613f0f0056d56fd74928801b0a3de2b28c60b234d8348ad86c39e4823d08c,815f7e69783b6025
Training/pituitary/Tr-pi_0290.jpg,pituitary,3,train,777c748ecba8bdab50d123235cd65de8cc418649fd6695a8f168657227879d7d,81471b8f0eab4eda
Training/pituitary/Tr-pi_0291.jpg,pituitary,3,train,ae82494f53af1d8f0d5dc6ab487d5f0872ed46c32eabec7e24c4467f9b01b2ef,801f7a6d1f706995
Training/pituitary/Tr-pi_0292.jpg,pituitary,3,train,34318c42367daa887ca83a319d2c96b6494eea0020b43f5b1f5cf8bc3a4da08e,d0cf0b9d2d49ad1c
Training/pituitary/Tr-pi_0295.jpg,pituitary,3,train,4883f457e3c43c8d3b57c6c64f20afa2f4930297d78e9f7979dcc810d45b4c18,c08d0bcf4cdc2f3c
Training/pituitary/Tr-pi_0296.jpg,pituitary,3,train,95663a2dddde3b40197c4d65c3d88b8a7369514fff91c1cb4f70c20f61095ed6,d08f0b9b2ccb3f48
Training/pituitary/Tr-pi_0297.jpg,pituitary,3,train,c59cb8094821e586cf86fae2817a72c28e9290dbc87fc561e27e6f76f35c95f2,c18b3ad93c6d3964
Training/pituitary/Tr-pi_0298.jpg,pituitary,3,train,ddd0ad4ab9b273cb2d9a24f86327d0240d732cc65bef1a9a04e965cef9860401,c49f3acf38686a61
Training/pituitary/Tr-pi_0299.jpg,pituitary,3,train,ccd27566e1e4657351bbf6ad2831067654d38ef8bfe261180cdc60e2e35945c5,c08f5edb38c93a70
Training/pituitary/Tr-pi_0300.jpg,pituitary,3,train,f60f4cdd9bbe613c3c3d0e9e1b0f8b60c50160472ff04f3a9c68c5394f77f8fb,855b5e6d78b86234
Training/pituitary/Tr-pi_0301.jpg,pituitary,3,train,ce3cd3ab6bcb719a4caa075f0d62faf8af4f71771bd6b5c71e0842dac4b03df0,c18b1edb388c3f70
Training/pituitary/Tr-pi_0302.jpg,pituitary,3,train,53674dae951da4b605b17a5cc76bb6111c2e6a6f532935b393199cd0c908b134,908f1eda788d1e78
Training/pituitary/Tr-pi_0303.jpg,pituitary,3,train,222c5a5956daf8100bf90e988b4dd0574f56a4e289c04268a2d3fbb79bcae94e,d48f0eda688d1b78
Training/pituitary/Tr-pi_0304.jpg,pituitary,3,train,dd9d3cf810837c78115983cb295c138f1e9c8c7ddc99d1ab5eef7746df8b384f,c08f4ada5e9e0bd8
Training/pituitary/Tr-pi_0305.jpg,pituitary,3,train,f42bbbc97169b69829e70d7f911fa0cfa007488206871a7102cb670a48443059,c05e0b2c7df97431
Training/pituitary/Tr-pi_0306.jpg,pituitary,3,train,54106da5f2c3993cab6ee77216df04180d8b144b8c371ddd283537f8c81fdb25,c45a0b2e6dbd7470
Training/pituitary/Tr-pi_0307.jpg,pituitary,3,train,ec48aa8384403db974bdf000442c23777ef75effa7707e2383285d72d16d597e,c45b0a2e2f376e70
Training/pituitary/Tr-pi_0308.jpg,pituitary,3,train,bbf7d66d52e4eabaf9b83373b8208065c87a515f207d7d15979ee9877c6c3ed5,c55b0a2e2f2d3c74
Training/pituitary/Tr-pi_0309.jpg,pituitary,3,train,59c956d3b6590ae531a07021b8ed0b4afccb4bf7b37ee7545d55d365b9b2f750,c15b0a2e2fbd3c64
Training/pituitary/Tr-pi_0311.jpg,pituitary,3,train,8990ba4779e36ba60e338e618591e57218c605562f3e425a510101a4510c3071,855a5e3d78ac6561
Training/pituitary/Tr-pi_0312.jpg,pituitary,3,train,af24ea43b1e607754d5475a723db088850064a2dd40333aac1f23596de00806f,c55b4a092fe33ce4
Training/pituitary/Tr-pi_0313.jpg,pituitary,3,train,107958b30504f869c516b52afdc9278b54bad05be47d79a42f9f33abe6458344,c04b2f6c3f353c70
Training/pituitary/Tr-pi_0315.jpg,pituitary,3,train,75632493a48fa023c4697b57bbc8d910296ccc3e03d1fb2f179364a3433d8989,d04b2f6c3f356c30
Training/pituitary/Tr-pi_0316.jpg,pituitary,3,train,9a3895ce7ee2fffcdfcfae4d0da4e00c351ee84f1c1418db57a796d9e8653e68,c05e2b2c7f712d34
Training/pituitary/Tr-pi_0318.jpg,pituitary,3,train,fe044e5c12fe48046bd3e9feccb2620f5cd05f01d1d2f6fc98ccb3fa9f64e70c,c5d84a637e851f61
Training/pituitary/Tr-pi_0319.jpg,pituitary,3,train,a396194996a60fb660551e429028f36c837a88cb260b7fc4610e1aff710d0341,c14b7a352db76470
Training/pituitary/Tr-pi_0320.jpg,pituitary,3,train,4001f54364f87d710ce757931c25070df50a51006458d415c100e086409e645f,c56e6a693db12c70
Training/pituitary/Tr-pi_0322.jpg,pituitary,3,train,020a585a429d4f5e7ba2715130e99fee00fab4bc07c568f978f36fcd4c297504,815a5e3d78a63965
Training/pituitary/Tr-pi_0323.jpg,pituitary,3,train,99502d0ea343c024533b506b790960771164401235c6053e913dc77e5ed05c30,d01a2f2d7af02d35
Training/pituitary/Tr-pi_0324.jpg,pituitary,3,train,93eeca10016c0adad97f3aac9ee435440f13974e4b873cfc6d5d04d8c2723fdc,855a1f6678b96631
Training/pituitary/Tr-pi_0325.jpg,pituitary,3,train,6d6a60070934bdd6a153ba9f64538d33cb179720278707c4e9a5aff7ca157e3a,845a1b2c7939766d
Training/pituitary/Tr-pi_0326.jpg,pituitary,3,train,1f8f06e3ae5a1ccd9932cc6483b64e17b85a2bde26fafe6469e4a9f07f0da49d,844b1f6c7919663d
Training/pituitary/Tr-pi_0328.jpg,pituitary,3,train,ed7bfc4affa2392e4e0c5e2a0d7dbb357ea8d8e444e5d775f1f2468774542111,c45a1f097a8f786c
Training/pituitary/Tr-pi_0329.jpg,pituitary,3,train,632fb81a550da57644bb43ff74f78fd7604207e5d9d980f045b1bbd258ce8696,c4c94b8b6d4d9e29
Training/pituitary/Tr-pi_0330.jpg,pituitary,3,train,b8fbe74b7ff3ad907a6a5065983c0a4868f5b8f76b52d5bc07b080cf6f6f398f,c4c94b896b4f8e39
Training/pituitary/Tr-pi_0331.jpg,pituitary,3,train,4303d09486819f673c9fe46cca3b25660ea726a2bc7e9bcd48f332d1c197a9ec,c5d94b8d2b472719
Training/pituitary/Tr-pi_0332.jpg,pituitary,3,train,8789858259a2107d0568b64e80d6b310db465b3cdc5552a88489826de716c5a2,d00f4e3d6c377560
Training/pituitary/Tr-pi_0333.jpg,pituitary,3,train,9a4c0e37d603cfd9b899659706b59839dfc49c15849a070b82d2117abce0cedf,c4631f1a78363937
Training/pituitary/Tr-pi_0334.jpg,pituitary,3,train,0045ef95353115566f3198260043722e55fc2f3a2877fbf2e54a0bed9d7df344,c01f1e5d3e586c99
Training/pituitary/Tr-pi_0335.jpg,pituitary,3,train,56dbcfcb984c6cbf0a85f7e014ca6ac3068bce2797ef241cc15366403f21af14,d00f5a3d6c3f2564
Training/pituitary/Tr-pi_0337.jpg,pituitary,3,train,e306e1283dcf222a9a2be41c52949fd99a2ba2be322e016f9e4f6a57d5735590,a08357991f7e2a3a
Training/pituitary/Tr-pi_0338.jpg,pituitary,3,train,15f660c17e8aece3bc8bb748325f350ae41a1ee70a9cd02b3b71c294a70aef69,a08357901f7f3a3a
Training/pituitary/Tr-pi_0339.jpg,pituitary,3,train,44b6ab7ba9c73d2f04fac444a42d9ed420be9a5faa33552154045a76d02624e4,84895ff9181f58da
Training/pituitary/Tr-pi_0340.jpg,pituitary,3,train,54c25135b0de23676aa76256f0d54783ef00f81d82340fd332f93322c7e7742d,808957dd5cd5599a
Training/pituitary/Tr-pi_0341.jpg,pituitary,3,train,b08a6de29006e762662ec823bfa7c796698a107076391eead183c6ffd814ab81,849957d51b5558da
Training/pituitary/Tr-pi_0342.jpg,pituitary,3,train,8b62f8fd248bc87b56db68275e8da027ad6903c31ded1c9930553a6f1f186f4c,809b5fdc195558ba
Training/pituitary/Tr-pi_0346.jpg,pituitary,3,train,ed4070b6c7251ffcd661108fdd694e73d600793c84cf57b38d197a1c2f833414,950a7f386e61786c
Training/pituitary/Tr-pi_0347.jpg,pituitary,3,train,9664ff07ead333052f8a1cd3e141bd4e1150452be1d0f206f9ca8fa15698d471,950a7f382e79486d
Training/pituitary/Tr-pi_0349.jpg,pituitary,3,train,8106f2937601f7d2239a23a976ab29122991915daaec1417de6643adaa2fe472,950b5f383a717a4c
Training/pituitary/Tr-pi_0350.jpg,pituitary,3,train,311e448d3b5082929fef12023be8c696cf724aa608e5c027735419ff66e4ea83,951b5f782a63702d
Training/pituitary/Tr-pi_0351.jpg,pituitary,3,train,230b91521ec87836d7508781979a5bbedbe55d31e3a46152bd46ee7070eb60e7,8092571d5e7c3ace
Training/pituitary/Tr-pi_0352.jpg,pituitary,3,train,9429bcf0c0838fc518f0c84e40738dd81a1e8dcf0d32598d22dfbd7e57a02c86,8096579d5e7c2aca
Training/pituitary/Tr-pi_0353.jpg,pituitary,3,train,4f415c2fc382919fc9cd811ea247fc3ea8062b41adb3cfed1965cdb1e9c5df75,8092579f1e7cea4a
Training/pituitary/Tr-pi_0354.jpg,pituitary,3,train,f6b8e294e20a92700d7c02a5de6c3a04b74959248d44904b119c3d0689941f5d,809a579d5e7c6a4a
Training/pituitary/Tr-pi_0355.jpg,pituitary,3,train,c2d448bb69d61426f40d1b946daad440ecf1c6d3eea054a9c141df1d6e1e87db,808b5fd5399ed05a
Training/pituitary/Tr-pi_0356.jpg,pituitary,3,train,03a3d4e283c0390c736dac0f8a12add648f33f85477394ea99abe8a34877c79e,859f5ad8685a2d3c
Training/pituitary/Tr-pi_0357.jpg,pituitary,3,train,1a0681c6a50d6a4d6b3b6558a9d7329672663fd0a0d5d600f139820e426e0f0d,808b5fd51b96785a
Training/pituitary/Tr-pi_0358.jpg,pituitary,3,train,d0052aa3ca20245f95b7e34c26d306c0f03b54887fc9d1fcdc71422cd62ae186,808b5fd51b1e5cd8
Training/pituitary/Tr-pi_0359.jpg,pituitary,3,train,e095c81aadc002093b01a887e83a975875c68c9c851552e19b6ec2ead2faee90,808b5fd51b1e58da
Training/pituitary/Tr-pi_0360.jpg,pituitary,3,train,b9a26490a0d053c1a6dd2efea63595f089a72f5033392e40e6ba4ae7f360f3d9,808f57d51a1ef0da
Training/pituitary/Tr-pi_0361.jpg,pituitary,3,train,c5e3cdb9b6a01d4a2e90b3de19643c6e19666bda099481200ccffc87107f9202,81176e113f543a7e
Training/pituitary/Tr-pi_0362.jpg,pituitary,3,train,bc69ab42609aaa00cc45668f3348143211c79db8ef16c76c14997a5920d73c56,81163e511e5f787a
Training/pituitary/Tr-pi_0363.jpg,pituitary,3,train,7fc8d01fb8b362111188c1bdebae8cb6b556ed5549cccdc62f1465eca80514a1,81163e511e5f5c7a
Training/pituitary/Tr-pi_0364.jpg,pituitary,3,train,802d04505a4e986694d8a3a85caa5616e512bb26bc86164322f00fb8e01ab41e,81167e1d5e1d1cf2
Training/pituitary/Tr-pi_0365.jpg,pituitary,3,train,6cc118ff438c1628914f9f12fb281f8851509bc5b76cd7f5017fbb0a1ed54ffa,81165e191e5f5a7c
Training/pituitary/Tr-pi_0366.jpg,pituitary,3,train,4bcdcdce014eaa97edd5edab99be5789c52c894193c02474d0dd10680c626017,950a5f3a3ae95929
Training/pituitary/Tr-pi_0368.jpg,pituitary,3,train,9f2b5504c628b2349a15951cfde48421bd06ef5061b47c75e14f91fb2ef6bde3,940b57382f79586d
Training/pituitary/Tr-pi_0369.jpg,pituitary,3,train,d51501c1c3af32a531f920c8cffc82880f79e90bf97ca60dbc4d030fa1a57ff5,940b57396f796861
Training/pituitary/Tr-pi_0370.jpg,pituitary,3,train,dbfb468d62d737041a51e1a52fd079cb80d5a57439adb4baf9dba8fa2cbde959,950a573b2f7d6821
Training/pituitary/Tr-pi_0371.jpg,pituitary,3,train,84b17e58d40e33e15b390020fd0e82b9a661669d851ecb7e86aea91dd1fc6251,950a573a6a7d68e1
Training/pituitary/Tr-pi_0372.jpg,pituitary,3,train,b5a985906790a96145d41b6fc4d8d71c4d5f5b55c0b879f4354b4724fa1fc69b,950b573a6a7929e4
Training/pituitary/Tr-pi_0373.jpg,pituitary,3,train,a7938d10d812bd50a43fda574413bad881269f037d38bdabd0728942e6d83067,808d57ed1d1d07f4
Training/pituitary/Tr-pi_0374.jpg,pituitary,3,train,47e392c2dc156c7b2184672bcf8ab43d02e3991742bef2a71dc5ee701598a32b,808c57ed1fd505d6
Training/pituitary/Tr-pi_0376.jpg,pituitary,3,train,b36eb30cfa1512854765d3a9d888b11181729dd6a2036f8a63bd6692646df5d7,8083575d1e6f2aea
Training/pituitary/Tr-pi_0377.jpg,pituitary,3,train,10ec820c126db11a2b25e842b584d562e2f5de630c908aa356124ad915583504,808957dd1f571aca
Training/pituitary/Tr-pi_0378.jpg,pituitary,3,train,09ce1c22315789169b89a92efa9fd37bceaa82b92760aad4270dc6618a6e7389,849c1e9f185adad9
Training/pituitary/Tr-pi_0379.jpg,pituitary,3,train,9080647f02f3ac28f7f1c1fe09e2ec366ff0c9202367ba69776c75b818ca9dd8,808957dd1f5f1a8a
Training/pituitary/Tr-pi_0380.jpg,pituitary,3,train,168ef256d00939a57f2e9079b755a46ec03455ccdc756195c460878dc113c4b3,80871fc71f95c7c4
Training/pituitary/Tr-pi_0382.jpg,pituitary,3,train,ced6bce32c9ed98a7d87b3b52577162cb0d5b2d07b0862971edd1fd1d38aea9a,808e1fc51ed57754
Training/pituitary/Tr-pi_0383.jpg,pituitary,3,train,d1ec8580df5cefacc786a7229da48b359406f63e9ef13504eb8b584b56bf3f07,859a1e571a9c7a9a
Training/pituitary/Tr-pi_0384.jpg,pituitary,3,train,17e7558a9c626e740e4c00d17ec637abd4cc61737f180e3e6d5f25756d202d9f,859a1fd71a9cd81a
Training/pituitary/Tr-pi_0385.jpg,pituitary,3,train,8523981a9e9d331dd01663efc4c3e37642ad59780b8b4389ef221eeeafb5aa87,859a1e571aded298
Training/pituitary/Tr-pi_0386.jpg,pituitary,3,train,641299c908ef3c5112f002ad65282f7ada600efd05f5e5b3da3925715c66ff4e,859a1f571a9cf21a
Training/pituitary/Tr-pi_0387.jpg,pituitary,3,train,202aa5cee676e319d04412d8a425039c2184170f6a062ea6790daa73a3207a8c,8006157f5efc0ade
Training/pituitary/Tr-pi_0388.jpg,pituitary,3,train,8b79c11514a0d71cd3183b236c5741ef12018404efac9bdad5c43aa17e579d5a,8016175f54ff08de
Training/pituitary/Tr-pi_0389.jpg,pituitary,3,train,21c954d8a491d41c0f2b7a31793b5be18a1efbbdae02c521032aa99c8711b22c,c0972bc23f1a27e3
Training/pituitary/Tr-pi_0391.jpg,pituitary,3,train,cd18c0887f4fe5cea59916bfd035ffcd1abd7295b74d59b89d2f0ce0119151c4,808b57f41ed65ad8
Training/pituitary/Tr-pi_0392.jpg,pituitary,3,train,4cd651d8dab1f5124aa720017af694a950d9d1438140d56ebbc45a8da223e297,849f47943ed6e60a
Training/pituitary/Tr-pi_0394.jpg,pituitary,3,train,5e04829011b9a684f5aec4e4043245351af4680cf2e2ef3872dab4809f1311c2,d49f46140ade7b8a
Training/pituitary/Tr-pi_0395.jpg,pituitary,3,train,db741c67821e9e024b007c88ba517acc0cfb3767566d507a877bc2e6749ea8dc,d49f46950a5efa0a
Training/pituitary/Tr-pi_0398.jpg,pituitary,3,train,52f44b971394c6cfefb473a5dc3a980bc8ed05cc1de7d8c605ced353261d6187,800a57fd4a3c78fa
Training/pituitary/Tr-pi_0399.jpg,pituitary,3,train,e7e76e7ac32afe2b045c18cc09fc09d48e508dc74b40aba5c566e26f34ea9e2a,800f5ffc5a1e68e8
Training/pituitary/Tr-pi_0400.jpg,pituitary,3,train,1b164bce07ec31ff76daaab1825179b97c29f5ace3c3d6ab3c80ef7c42ff97b2,c0930bc63f1b2767
Training/pituitary/Tr-pi_0401.jpg,pituitary,3,train,8c61297e61df46770ecf355b894341f5e92fddfe3e848c0df6df1692fa28a391,c49d5af6285a0dcb
Training/pituitary/Tr-pi_0402.jpg,pituitary,3,train,079a23c16ae2390beaa66c90a62b65b1aa4b842e07b09618df1e4ae5ec3581b1,c49d5efc2a1a096b
Training/pituitary/Tr-pi_0403.jpg,pituitary,3,train,7e5ec17af70dfc724938126d4df4d8acea1ebe4a5ea8fee0cd60092352325cc4,c18d5bf42a5a196b
Training/pituitary/Tr-pi_0404.jpg,pituitary,3,train,f36f3c759f59e9143fee73365e8c2c8ea1825c5362b270c6fca9a9580a393070,c58d5afc2a5a017b
Training/pituitary/Tr-pi_0405.jpg,pituitary,3,train,44e5e9bd75ac346a552f36938f0829d84ec8c5a90721f7da82de44abffddf8a0,c49d5bf6283a0d4b
Training/pituitary/Tr-pi_0406.jpg,pituitary,3,train,c6b312b7fbff0dfd9bb34ecc31bff30620347c5cfd4d0a5380b03924a98dafab,819f5fd538d27190
Training/pituitary/Tr-pi_0407.jpg,pituitary,3,train,87ee7a03fcbe1ab4589cc0bd290f0d15d54c8f033521afa127fac5302750bf9c,819f5ed51a92f852
Training/pituitary/Tr-pi_0408.jpg,pituitary,3,train,4f8dfeae0abdacd6716bb5b40abe8a4812d4bfc2413f5106804983d8a4703542,819f57d51ad25952
Training/pituitary/Tr-pi_0409.jpg,pituitary,3,train,2ac99dba1e4a9129ffe5e567d5dbbb8a0f159dc4635da1061dcf5dcaa9f782f2,819f56d518f65398
Training/pituitary/Tr-pi_0411.jpg,pituitary,3,train,0af5c9ebff427ae3a3b2e2fbe3906584f472953b67fbcb2d405aa46528886a98,c0854bd26f52374f
Training/pituitary/Tr-pi_0412.jpg,pituitary,3,train,13e38a354b4581ca77181051896ab9ac7ba9e70f715f574ac8df1a1c4e268005,c09d1bdc38da383d
Training/pituitary/Tr-pi_0414.jpg,pituitary,3,train,9a90985c59de698514a79a18438163bc64c15c4863fac7d6e2d4fb03f9c6da8b,d54a0b7a3c2576e8
Training/pituitary/Tr-pi_0415.jpg,pituitary,3,train,f06dd495f1df8313e9b02fe359ea6bca89740054eb2379070a4195009da54ebf,d54a0b2c6c3737b8
Training/pituitary/Tr-pi_0416.jpg,pituitary,3,train,feab550cc546c954b85d7250e96a8dc8ac09ccbf9a9d64850800f017b5c557a5,d45a0b0c4d3f373c
Training/pituitary/Tr-pi_0417.jpg,pituitary,3,train,d80654274a6e673d0a3c2e6d17ea3e5602e2182bffc8e799f9642e5b5452513a,c05b0a094e3f2ffc
Training/pituitary/Tr-pi_0418.jpg,pituitary,3,train,67413c4516fa3c360eb4a5898ba99fa0cb76697f419afedaf850c9966ccf1d1c,d55b0a096ea339ec
Training/pituitary/Tr-pi_0419.jpg,pituitary,3,train,f0ad57da365ab9eebdc54b9c4580ed0d9bec584ce95234ee641aacfffea89a18,c1994b5a3d0f3e58
Training/pituitary/Tr-pi_0420.jpg,pituitary,3,train,96d1a8e54b8f105d3d1e1bbb90aadf19c55a56d6a00fea9c4bc631c0c3e32810,c09c5f4a2d8f7968
Training/pituitary/Tr-pi_0421.jpg,pituitary,3,train,9e32b979e4dc7c3b01dfab3749c2b0393ac59a3990a97f147ce0b10b6b33ac18,c19d5aca1d8fda48
Training/pituitary/Tr-pi_0422.jpg,pituitary,3,train,09357c75c5e5470de1a9bf9ecc18ba7a406bf161f5f955da41ad72e9e07477d9,c0954bd62f47374a
Training/pituitary/Tr-pi_0423.jpg,pituitary,3,train,d350921ec6dc7d424cbd50d165958a62b010d785fd79c482193520a374d81c64,d1c84f9d794c34c9
Training/pituitary/Tr-pi_0424.jpg,pituitary,3,train,c7c45bffd1dc70cf8f32363d94b1dfa4b785131e17a24dc900f875c5c9bb2c48,d0c90b895d3d3d9c
Training/pituitary/Tr-pi_0425.jpg,pituitary,3,train,268d8265c092fb6310742a93ffc8208a45edae779837acdd8f476d63ed837ca5,c0c80fd94d2f6d4d
Training/pituitary/Tr-pi_0428.jpg,pituitary,3,train,a885e9f4a0d2020071e52dbc3857a00d8a87eb0844e425fb5a81691bd187c3a9,85c94e9e691e2cad
Training/pituitary/Tr-pi_0429.jpg,pituitary,3,train,03a3f5b88816a7588cd1ec6789a137390ec7c61d0381a77b4503d5231f3b00c8,84995e9e694e8d39
Training/pituitary/Tr-pi_0430.jpg,pituitary,3,train,92c69b38746e81cb25c704b34f38efb48143350470cdb128b10df7effd748857,95997e98390e2b59
Training/pituitary/Tr-pi_0432.jpg,pituitary,3,train,e952174dede667ec17f300000c3c69097b3146c35490d6f0cce392a9adbbf559,845b1f2f682c7aac
Training/pituitary/Tr-pi_0433.jpg,pituitary,3,train,373328e3a435254dcf09731fd9d7a98bb377cb9088758dc0a0155af93928213c,d04a2b2f782d3bac
Training/pituitary/Tr-pi_0435.jpg,pituitary,3,train,13ff0aeb64527c57e3ea21458aea4909b71f79b843183cda6dccd9d5be0c0a35,c05a1f3b5aa82df4
Training/pituitary/Tr-pi_0436.jpg,pituitary,3,train,eb33a96c543f065744353fefb14e3b91d609a21684ae43f61c23d8786fce1d78,855a3f396ab869e0
Training/pituitary/Tr-pi_0437.jpg,pituitary,3,train,48a2d5e41ac7c1496731131b82b8d97b460ce2b692d7fe26cdac4499ce7265e4,841e7a2d69e726f0
Training/pituitary/Tr-pi_0438.jpg,pituitary,3,train,db15416140a9ce595ff874ea8517867c3459d25c28fa7b3e8d5944635da7bd05,c11b7a2d79f064f0
Training/pituitary/Tr-pi_0440.jpg,pituitary,3,train,8c98899e4efceb2a5c5992a443bf3a363c384e588dcda23b8d45e6fb12b10b85,c41b7b2c7825b4f1
Training/pituitary/Tr-pi_0441.jpg,pituitary,3,train,00669a02653f1af47fc70ac9faf1425f0fc97beb898075f8af8a02627bfb6406,c44f7a2d783135f0
Training/pituitary/Tr-pi_0443.jpg,pituitary,3,train,bea086dbcc912fe0745f0d7c32b6099944f65ea4cca75ad30dfdb073bdbce453,d08d0bda7e9e834c
Training/pituitary/Tr-pi_0444.jpg,pituitary,3,train,a8c3e760709cdeff97a029d1b934d4ec49b2e877414fc17170cd8cd8e01b63b7,85631e2b78b4383f
Training/pituitary/Tr-pi_0445.jpg,pituitary,3,train,b9d3cf4dfe31c50fb0b0d84151b0462bdfd777b4d00aba6531dc8fc0fe1d713c,d03b2b6d7825792c
Training/pituitary/Tr-pi_0446.jpg,pituitary,3,train,fa1a0106b6bb6a9115ea53f182624f443344bd2728452e13e2320072f86d0c66,d08f1bd66e920f4c
Training/pituitary/Tr-pi_0447.jpg,pituitary,3,train,39488519b5ba2326c90346bb23ca8a06e33f2789b324306e33a06562f5301a14,c08f0edb7d0c33d8
Training/pituitary/Tr-pi_0448.jpg,pituitary,3,train,76aefc49a3713b84e08fbef1dba20478ea75df64fb5a3ec86b1f45322a5a596a,d0864b9a6d4b33dc
Training/pituitary/Tr-pi_0450.jpg,pituitary,3,train,3e7ffb052d2b3695c7230a01ba02ff34c308ba881e72f8ea3a4db25ed31962cd,d0870bd27ade039b
Training/pituitary/Tr-pi_0451.jpg,pituitary,3,train,239a1baa8bb7e6d84da82fe1ae6b064a5da83188622daee6891437e284863b97,d08d0ad67a5e0bcb
Training/pituitary/Tr-pi_0452.jpg,pituitary,3,train,8e92d139e4fb8339d9d7f4e549370a5ea2f45f8a587ac3c776300e5564b7db84,d0870bd27a1e334f
Training/pituitary/Tr-pi_0453.jpg,pituitary,3,train,6f781a8d07f27997dedf1458915c0d0abf49c3862daeaee00292505156b027e6,d08d0bd27e1b1b4e
Training/pituitary/Tr-pi_0454.jpg,pituitary,3,train,6c624e39d6ba3d61954d5de58b22297cfcd14df5614184ac5e0256398332367f,81da4e916ec91f3c
Training/pituitary/Tr-pi_0455.jpg,pituitary,3,train,853a04001972c7c825ca7e14ed558cfe6f84327a148441369c1d34e25523d5e1,809c1fda3ecd1f18
Training/pituitary/Tr-pi_0456.jpg,pituitary,3,train,c926a611d842d2e71b0a8364b418bfb0353d44fb8d570b2d560b3c0991e85079,d44b3b3c6cf1342c
Training/pituitary/Tr-pi_0459.jpg,pituitary,3,train,93bcb1491fb3726416885e41c6a65a239e335830eb2316f344f397939430b14c,c1c81f1e5b5e9a49
Training/pituitary/Tr-pi_0460.jpg,pituitary,3,train,81041577c5c4812e0fcce018ec282b2e12d87a65b37b9068202dfa15f2310566,c0d81e877a52de4b
Training/pituitary/Tr-pi_0461.jpg,pituitary,3,train,7afd5c88586f0c39985c28267ce426208e97117c1be3f5cc2c034eb835a22137,c4da1e873b524e1b
Training/pituitary/Tr-pi_0462.jpg,pituitary,3,train,bcf76b57509a9c6588403adf681d573ba44c5483e8da2e7d47e7d05f28425990,c1d20b817b0f73d9
Training/pituitary/Tr-pi_0463.jpg,pituitary,3,train,f45af7e851439a0ef896c7c52960a4474eb54c3f85942c4ddc25cf02f3bf28e2,c1d24a833b1767d9
Training/pituitary/Tr-pi_0464.jpg,pituitary,3,train,30263e7174f2d32effeef5d99230e73ab13c0e9f29b478f5b138e38cae38ab09,c1d25b817a330f9b
Training/pituitary/Tr-pi_0465.jpg,pituitary,3,train,38f81f179efa8b4c19536b89d3984f68d2c41b6b9ee4cb1da08b2d40b6ea94b4,c1d25a813fd27639
Training/pituitary/Tr-pi_0466.jpg,pituitary,3,train,01040272ea694346b33a4cb34693822f43f6fe3c253c1d9ce40ba5278e172837,81d25a817eb35b1b
Training/pituitary/Tr-pi_0467.jpg,pituitary,3,train,2dfa7e28612a8ae08000935f9309b3efdaca763850f8e3e22a2058d2a8f74a64,d44a2b6c79f12c35
Training/pituitary/Tr-pi_0468.jpg,pituitary,3,train,e7d898b7458a143196ed7d68bf2e1a8d33024420e66839925b20e13cdbf8ea60,915a3fb968712665
Training/pituitary/Tr-pi_0469.jpg,pituitary,3,train,8adf053a731ccee9d639310420707c46e09205232a5caead4b3f6b44ee2a02b9,855b5ee869766129
Training/pituitary/Tr-pi_0471.jpg,pituitary,3,train,962abb0fd735829a0c51d3ae154731e38e05286ee1efd1ca0ebfb32fdf051acb,85595e9939c67839
Training/pituitary/Tr-pi_0472.jpg,pituitary,3,train,fa89995a5d28c28a5d606802e75b9fe795df013732daafbe6c6a25b96f60b828,855a5eb8394e7869
Training/pituitary/Tr-pi_0473.jpg,pituitary,3,train,f0702632b101c22775177219764dc2d663104fd4f1372e4b9203c37c97f0450c,859a5f583bcc5869
Training/pituitary/Tr-pi_0474.jpg,pituitary,3,train,4d0e79a94d4fef6648a01e7ec589e2663e00c26fa6e6953797e60e655c351003,849f1fd86a581b8e
Training/pituitary/Tr-pi_0475.jpg,pituitary,3,train,fae2332cda7d6ed9ccd41605377ae07924cd130380a60c578b3afd7d6c0a5069,c0960fd57b4c3b8c
Training/pituitary/Tr-pi_0476.jpg,pituitary,3,train,9a3a5c11f179d9aac06f2ca5291cc16d1f04862c6eb2030054afd5d2b9644520,81961edd5b4e32d8
Training/pituitary/Tr-pi_0478.jpg,pituitary,3,train,8ca7a59996a5265b3bb7ecbfdbac860914ea4101102e0ff9afa8a303393f60d0,855b0e6d39667172
Training/pituitary/Tr-pi_0479.jpg,pituitary,3,train,30a8d3e8051ebb1e596f9daa661600ebea54eda259aeea3294e95993a8d9946f,c0854b9d5b4aa7dc
Training/pituitary/Tr-pi_0480.jpg,pituitary,3,train,6c671702799ed3d2903afc71e155071f82faae2c25541322e1626d288db9c207,81851f955b7ab2c9
Training/pituitary/Tr-pi_0481.jpg,pituitary,3,train,fec160b44489c058fbf62aa2567e02bbf5e23cc8a64867725c6c6e51cec5ae0b,d04e3bed6c717124
Training/pituitary/Tr-pi_0482.jpg,pituitary,3,train,12c60a489b4f651754ac1ca2a2685031750bdb8ad38da9ba625548e65742628c,d14e2b7d3c343564
Training/pituitary/Tr-pi_0484.jpg,pituitary,3,train,1891fa149989fad7635b4b78c9446376aa905301eda6284ac3c03984c8fc6e5d,876d7e3434317166
Training/pituitary/Tr-pi_0485.jpg,pituitary,3,train,4e6369403700741ea3447e6bb10a53bc4700bafd563bc5d2cf3fd60a4dea92ba,93683e313c6d63c6
Training/pituitary/Tr-pi_0486.jpg,pituitary,3,train,92b4d38dcd4f4d1671495c38d909c4090296cc4f1a99b9a475d3a66896d30a5e,96793a6d69696425
Training/pituitary/Tr-pi_0487.jpg,pituitary,3,train,64d8fc395711dc3a7c55e5bd205b5a0886af6ae7711d87b50e38146e0e8bd3db,c7193e49693c3627
Training/pituitary/Tr-pi_0488.jpg,pituitary,3,train,9041c63cc0b3b58bd532a0a8881ef0acc3fb039731cfd7aba12a1f5ecd464a2f,c7193e4d68796634
Training/pituitary/Tr-pi_0489.jpg,pituitary,3,train,fe9870982b5d9d1cff10af2a8b76a0ced2921d29cfdcb583c16598b69b67f8c7,855b3a6d39647073
Training/pituitary/Tr-pi_0490.jpg,pituitary,3,train,128a20fdb53035eadebc56ec6f0cad145e2cd505d7c8be10150ba3a05629e58c,85895e9a780d3eda
Training/pituitary/Tr-pi_0491.jpg,pituitary,3,train,3bf327583ff1bc9cef792195dac7cdcdfde64fd196ce60fe5d79d0a3dcd803a3,91955e9b794d0ac9
Training/pituitary/Tr-pi_0492.jpg,pituitary,3,train,7ff50724f415b10aaa10c689729353caf4061b9d98a76bb71d0ab4e4be3576dd,85945eda794a3a99
Training/pituitary/Tr-pi_0493.jpg,pituitary,3,train,509e026cc46e43e94fca2dfa98a52c64c932c4c86910c02cce151ed4933e2e69,d0331b787a243db6
Training/pituitary/Tr-pi_0496.jpg,pituitary,3,train,9647331ac214c7ad2fe5b68d36861ccb24b0e92fd988c45688e327247f689e8d,c626391b79c127c7
Training/pituitary/Tr-pi_0497.jpg,pituitary,3,train,f5ae591c11313ef0af11bb6ade1d2082e2910065e1d01805aa8cbff96417f2d2,c2363c70696d35ce
Training/pituitary/Tr-pi_0498.jpg,pituitary,3,train,821345c542b13c37db7869dfe52e4b273e7d36ecadc2bdfb257e84b49eea4deb,c1661e6e78b5311b
Training/pituitary/Tr-pi_0499.jpg,pituitary,3,train,5c7ea446e6e95e3e4551e2aaee7fc5d87bd98e8c025db44a2586831ddbe07f22,c4643e6b78b53187
Training/pituitary/Tr-pi_0500.jpg,pituitary,3,train,a1779aae947b7631460b537b935e3d1c897044a1d8a66bdfba86a906d7e8fa2c,855b2a6e79247d34
Training/pituitary/Tr-pi_0501.jpg,pituitary,3,train,ff3b5b466cb4c15239a7e16b99354996d1265535694b5360ca9f2f814b470cec,84343e6b78b53197
Training/pituitary/Tr-pi_0503.jpg,pituitary,3,train,8034a0b66c17d248f9dd8f613e7cbd0dc3c7ba3a794523cb60a2f71944578377,90731f696ce56196
Training/pituitary/Tr-pi_0504.jpg,pituitary,3,train,b8dff842bddbcc759002a73030aaba67ceba23983cf3bbd95381908cef974148,c0e32f1e3ccc743a
Training/pituitary/Tr-pi_0505.jpg,pituitary,3,train,d054fc4c057d4eac952c772d7800eb14f2cb4ddd152fe0e6243317bd01a617b8,c0c33f3c3c4c70be
Training/pituitary/Tr-pi_0507.jpg,pituitary,3,train,fc63e059a03d31c7dfc64d2e03d216bec9df53e985c745fd329c22ac3186080b,d2622b3d3d363436
Training/pituitary/Tr-pi_0508.jpg,pituitary,3,train,a774f88bf1e8a919e352b7e3587b4183216ea8afdfaa2b34ba23cf30d140a675,c2626b2b3d743437
Training/pituitary/Tr-pi_0509.jpg,pituitary,3,train,a2fab33973ef1ca6ee98083298f04a05c41368255c5f896c193fb158a55c14a6,c2722b253d6474b7
Training/pituitary/Tr-pi_0512.jpg,pituitary,3,train,6c55fcfd7fdb3213431d8ea6442cf6ce75160fb04ff601bcd5c32ef41bb327a9,85671e7869357866
Training/pituitary/Tr-pi_0513.jpg,pituitary,3,train,8df6188e747bfdb0df0a9a4b9be577dfd8546a6ddc478e2f69573d4f13d20cab,c3271e6879356c72
Training/pituitary/Tr-pi_0514.jpg,pituitary,3,train,18d12270e93b3b453b70b15b6f8b666ba9fe23962d91547388d8add176bc196d,c0670f3879307de6
Training/pituitary/Tr-pi_0519.jpg,pituitary,3,train,3f2e8adbf28ca9baa0d18bb49839364ec788077a89990896677b10e3bbbd41c4,d0c95a9c2f9ec94c
Training/pituitary/Tr-pi_0520.jpg,pituitary,3,train,eb5946b95890d04bc456c0d4a42262b3fbf80a2e64fd961c167e3b8aba7b2fa0,c03d2ff03d613366
Training/pituitary/Tr-pi_0521.jpg,pituitary,3,train,31394936756bc1910b1e528e7d913bac69db7dc6cc00f63624ce3e28752f654f,c5a507c35a531b37
Training/pituitary/Tr-pi_0522.jpg,pituitary,3,train,07952c87b56ed175683cd8a66aaa50d8607b8b5e5a4399615c5b2bbe13c4c718,85e507075a767a33
Training/pituitary/Tr-pi_0523.jpg,pituitary,3,train,93e5b476753f247146fd2857c04b19a6c3e9de796bba7d98d9fa0cf4683c7d2f,849b57d80a975b9a
Training/pituitary/Tr-pi_0524.jpg,pituitary,3,train,154827750909d9ebbcb252c2a844892fb414234ddbc73c7cfa7a33817b988ed2,859a57511ad75b1a
Training/pituitary/Tr-pi_0525.jpg,pituitary,3,train,f5d92440d7dab29d1b0aae1db2682695f2e151cee021a3ae9e9dc3ba494eb0d1,958a57511adf591a
Training/pituitary/Tr-pi_0531.jpg,pituitary,3,train,7d3f2d29c2b574dbfd51db1819dfeeee94067a3a6812cf15814bf8d9aea165b7,d40b52283fff283c
Training/pituitary/Tr-pi_0533.jpg,pituitary,3,train,5f63cab26722abc3faf63434020a043a84d5eaf57dc0020637ce47de11aa45f7,950a7e3b28f121e7
Training/pituitary/Tr-pi_0534.jpg,pituitary,3,train,3de7fc155559cfda07a08ca74133f56008a9c4215d4372d4bee172926d5c181c,950a7e396cf121c7
Training/pituitary/Tr-pi_0535.jpg,pituitary,3,train,9d50a73d70556b0e8232deaa4ebba223c6471da881292f27303f1fcd3702c8db,808d57d50fd76546
Training/pituitary/Tr-pi_0537.jpg,pituitary,3,train,cecb0bc7a182990413910f436d5e84d19ce8ad685208d44d8a8730e48d4a6394,808f57752e067a5e
Training/pituitary/Tr-pi_0538.jpg,pituitary,3,train,023c608c8a4a72f35f303324c64012b224dbeec33decb4c1b48e99f6c02b7001,808f57551a9e1fd8
Training/pituitary/Tr-pi_0539.jpg,pituitary,3,train,4da527e628af80810c3c711e2997bb9073ab3197d46ef2330fe2cc7f316457db,811e577a6a7139e8
Training/pituitary/Tr-pi_0540.jpg,pituitary,3,train,b8a82cf276c270f32d6962316642af62fecbadda9e30465fadde0f0bea6b668c,811e5f7a6e7109e8
Training/pituitary/Tr-pi_0541.jpg,pituitary,3,train,858f291e99a462454c897de5adfc98016429a0347b8e5d06d47bc1d60881ee02,950b577c3a7a6a60
Training/pituitary/Tr-pi_0542.jpg,pituitary,3,train,0209072b6f1294e3bee47508f0eee45ed05d17f233e2df1a773325b244cca4b8,850b57693a7e6368
Training/pituitary/Tr-pi_0543.jpg,pituitary,3,train,dbc6baa83dec44a3bb3a53f4b4ce5ebb8a8599704e8a552b3c927219205c91af,c0627a2d3d786d27
Training/pituitary/Tr-pi_0544.jpg,pituitary,3,train,6285491393fc1b3b607435809b61feb7a19ce1d6c6279e1da75fd314322ccb31,c0713f6a2ca6359b
Training/pituitary/Tr-pi_0545.jpg,pituitary,3,train,33fa8f1cf43618302874224cc1d77fb2c8e622d14d71d045ef61f06760d36d9f,84954f5a7e626c2b
Training/pituitary/Tr-pi_0546.jpg,pituitary,3,train,b976d064b0cfb6d06334a16e65828900b884fecc45cf6a2e64f28d0279a75108,869c3e5a686b7a68
Training/pituitary/Tr-pi_0549.jpg,pituitary,3,train,00998c8c8fa617b29b9d945c3d220cbba3cf7228448e5cf5b4c4b0f2edbbd192,c0c47f1f3871613e
Training/pituitary/Tr-pi_0550.jpg,pituitary,3,train,14b223a39caeda591f3c40f0145b74179de8136ca64412b6148d27a847f85f8b,84c17f8f3870653e
Training/pituitary/Tr-pi_0551.jpg,pituitary,3,train,dd8643b28f8af795f729244bce7ba8688cc203c16be65ba0fac8ea5a2745f0e7,c1371ff8682431d7
Training/pituitary/Tr-pi_0552.jpg,pituitary,3,train,ca8c4cad2f418bb11ebfb34dada0bb6d83fa3d5ab1b1b65c6b32fb4e3e6ab296,c1275bf879253496
Training/pituitary/Tr-pi_0553.jpg,pituitary,3,train,139a59f6cba0edef93ecc38dd3e53ae9ab2947869e5e093e978ff729f47fc08c,d0f12f8e6ccd3618
Training/pituitary/Tr-pi_0554.jpg,pituitary,3,train,14646ec79d4706c4738227ca0b9e2d532ec7b7fb4278fee9c01a08060296363b,979c3e9a384bb229
Training/pituitary/Tr-pi_0555.jpg,pituitary,3,train,7560a8f7246dc6316c729cb8f8a99b9b4f0cf236cbf5d2e5f209dc6d4077dd4d,d0d13b9e6c4d343a
Training/pituitary/Tr-pi_0556.jpg,pituitary,3,train,9b7584b17eff7d9c8311ca2c052d2f91cbd446719a8b07d294e85c5a7fe90215,d0d13f8f2d0e343c
Training/pituitary/Tr-pi_0557.jpg,pituitary,3,train,626bb41615f35b9301257eea000f532a9ed30f4baf126bae044dcff14677f8a4,d0d12f8f6d1e341c
Training/pituitary/Tr-pi_0558.jpg,pituitary,3,train,5a41d683d37db1c376418057d8653034633b0ff91515d597b8b467e933fb8b40,d4720b2b2d3c3e35
Training/pituitary/Tr-pi_0559.jpg,pituitary,3,train,b9539a4193e03299024fa641ad6e87aed4224300700420999c2a167fa88f2a07,d1740b2b2d7c3e31
Training/pituitary/Tr-pi_0560.jpg,pituitary,3,train,81685546917f77c6a5ccbe6b4dd1b481df75d6ffc22aae33cef8a1d027bf77a0,d1710b2c2c7c2fb5
Training/pituitary/Tr-pi_0561.jpg,pituitary,3,train,a79e5825dc4be860ff462bd54397e3fb84c8647bbe32667645665abd9b82b9b8,84b61f1a78686d67
Training/pituitary/Tr-pi_0562.jpg,pituitary,3,train,3ceae397191c8436c48def0e651f6606443f947258ff4dce8e5e7c55f0f69308,85361f38786465e7
Training/pituitary/Tr-pi_0563.jpg,pituitary,3,train,64d0185af251a3be997bfaad54474cd9649349bc9303db8d4dba921f276abe23,d44e2b257c72353c
Training/pituitary/Tr-pi_0564.jpg,pituitary,3,train,7fb5103338bc58aa47d3af14943f2f5e8c9636270080b1a70d06750c0526d6bc,913c5f66686165c7
Training/pituitary/Tr-pi_0565.jpg,pituitary,3,train,71b56ed430c83d143d21d1cccd7004c7f2a954a5287319eba153efd09219d59b,91721b2678656dd3
Training/pituitary/Tr-pi_0566.jpg,pituitary,3,train,278f41b4232d47eda32c569ce4119c94746ff2a82fd17962348fcb80dab321e0,d0607b9d3d4e6472
Training/pituitary/Tr-pi_0567.jpg,pituitary,3,train,95b2484505b14634ffb77c4176cef5c7ec10cba4698b007cac61280ee4b3075c,91627a8d3d4e64e6
Training/pituitary/Tr-pi_0568.jpg,pituitary,3,train,5fbd6de3b8fad308c91ed08151ef5e9b2d66f46e2f828acf385ee626d580904a,d3633a272c3d6c62
Training/pituitary/Tr-pi_0569.jpg,pituitary,3,train,ca0f0ef7ef1ffffde0443c9892629ef5fe2b840a784c9c32e58744f0de7714b5,c3e36b872d1c3c58
Training/pituitary/Tr-pi_0571.jpg,pituitary,3,train,ed3ac7f5ff7389410a138f58ff8bdd7a8fa4251a1880c183be6d347390c3058f,c04a2b2d7c7235ed
Training/pituitary/Tr-pi_0573.jpg,pituitary,3,train,e8aeb7125a31c6da849a8ac3e691a6fd65091819ac26dd6f4692d480be2c9b2e,c3722e9f384925ad
Training/pituitary/Tr-pi_0575.jpg,pituitary,3,train,d0cff0445154100f90cfcafb4550f3a98d9ce9a012410d17cd95131ca0a18924,d0360f0c7e6c69e3
Training/pituitary/Tr-pi_0576.jpg,pituitary,3,train,0455715078927da63b7806a5d55dcabb19c970747c530852c1bf9a32f24c9818,d1371b2c2a6c69e3
Training/pituitary/Tr-pi_0578.jpg,pituitary,3,train,a89de8e7672d7791f25f7dbaa216cb5a7547ec91e238d03ae6640bab3604b797,c2c33f3e683c34c3
Training/pituitary/Tr-pi_0579.jpg,pituitary,3,train,b46ccc58787d3a14400aaf13344dab0e5e29a6e92a73ae7efff4427dd2fc730f,d0633f97783c644c
Training/pituitary/Tr-pi_0581.jpg,pituitary,3,train,74079b18051aef7a8b58675fec26e477e77aaba8b3023a488142dfb5349e679b,c0c93f8d691e643d
Training/pituitary/Tr-pi_0582.jpg,pituitary,3,train,220ad8adb16d62e08459e48dbbe4e93f20319e4405bcf8e383bce7fa81e99517,d0b50f1e6d603c6b
Training/pituitary/Tr-pi_0583.jpg,pituitary,3,train,4fd8c0bebb29a8209d3d7e348ab12365fb0eedf905313ac826db1cc7e0e9cc96,c0b40f5a3e686ccf
Training/pituitary/Tr-pi_0584.jpg,pituitary,3,train,bf3314d00a92d356b0a493d55abab58240418be7996540fb9f1e7b8702b21c30,d0b41f5b39686c0f
Training/pituitary/Tr-pi_0585.jpg,pituitary,3,train,03d53710c2aa45949e1de05778bf0da8d6cbdc8de459aee7ed6243952ba7f04f,c0910f1b397879e7
Training/pituitary/Tr-pi_0586.jpg,pituitary,3,train,3fbfb7318a538fbafd4274ab6863c7fffda55789fb63effb07f799886eb9bc7e,d0930f5b2d786873
Training/pituitary/Tr-pi_0587.jpg,pituitary,3,train,96bb6ac4f89646f5fcfec97a08148736f87b5f7629ba7659a63d47661ee8c0af,d0971fd32d496863
Training/pituitary/Tr-pi_0588.jpg,pituitary,3,train,855f7bcde969ea33242a738e05265d53ce610760aaeb8e5d59fe591716997e3d,d04b0b2f6d7225ec
Training/pituitary/Tr-pi_0589.jpg,pituitary,3,train,6f16aefd2086891f48051953f56c23cab57660bd2a45fc6e670e73e613cec191,90b31f9e3a4e6938
Training/pituitary/Tr-pi_0590.jpg,pituitary,3,train,e66ff2240472c27986ff8c531ac9db02dd1cbba9db19ec2f5aadf829208d3e18,d0b21fce680d6ccb
Training/pituitary/Tr-pi_0591.jpg,pituitary,3,train,f9e41cc0b017a813336563634f02431bc914b3f7a1a1926036e7f09aed6e74eb,d1961f9668486ccf
Training/pituitary/Tr-pi_0594.jpg,pituitary,3,train,2911dc78d87e72fac7c7d89b5241f6c61bd3e50d6a9921dd612dbe0fb572c7ba,c1253ef23d1a74b1
Training/pituitary/Tr-pi_0595.jpg,pituitary,3,train,95d08956d8452b6f22fa9d4fdb5c13c2fbaf9d83c06502998fe840a8062fb150,81c56f1e3871693b
Training/pituitary/Tr-pi_0596.jpg,pituitary,3,train,50ea4a59d86a20544981e33bc6cd5a97631a14d22e69f1659c6b2a8596bbd050,85847a3f3c696936
Training/pituitary/Tr-pi_0598.jpg,pituitary,3,train,ff2bf6ad03f473664a60036db1d49c69da805235c530bdd042cf538f26d159ff,85967eb629496963
Training/pituitary/Tr-pi_0599.jpg,pituitary,3,train,c26886124877d37553f78189149074a7850454519dfbbdb57dd6e3d4293ca568,85873ee668c869cb
Training/pituitary/Tr-pi_0600.jpg,pituitary,3,train,ca1a7c8e2fb439e291586bd2a4c6d1c15e5fff2a5e5a75bac06dbc398ae7395a,85963ee478d929ca
Training/pituitary/Tr-pi_0601.jpg,pituitary,3,train,1c86669d8cafef3f40009f72d37fb8411517f7dcf8af86e5ca5dc8174b3bb03f,c4e41eca3b117b63
Training/pituitary/Tr-pi_0602.jpg,pituitary,3,train,0f624c06e05b659764c602aafcf84106439d5d8d5dc17b7b629060865ae7e265,c5e45e2b3b796860
Training/pituitary/Tr-pi_0603.jpg,pituitary,3,train,0cf014128c20a28a4803e990ef4f3cefd67b162cde0c59d46d2156b61126274d,d0264e662f6d7871
Training/pituitary/Tr-pi_0604.jpg,pituitary,3,train,ee6a12632b445475c887ebb08bc503966e391bfbd75a7539535dd73252284133,91901fce6e506cf3
Training/pituitary/Tr-pi_0605.jpg,pituitary,3,train,26796bbb5b6c5bd90fabd40b17cfbaaa3fe5e70e6831fac0b1a36c74e61750e3,814e2e397c6798f1
Training/pituitary/Tr-pi_0607.jpg,pituitary,3,train,2a1df178cf2f77946f7bbab8d7d00dcfad8bbf5c83aa8376f1e684f7617e03d2,d0c22f3f78342573
Training/pituitary/Tr-pi_0608.jpg,pituitary,3,train,9db459db8543d14007b81e0528365f7f29f12c68dbba13aab436ea29cf77ca6f,d0c23f3778706563
Training/pituitary/Tr-pi_0609.jpg,pituitary,3,train,616e02a32f2198e57d619c0311a1ce270a3b6f4c03233810cce743439c97dd5c,c0e21f9d387c6467
Training/pituitary/Tr-pi_0610.jpg,pituitary,3,train,b06b682f067680e297eddc0d8ca6b39dcce8f4f25d0da0a8a2f45d09e3ada21c,85367e1979e12197
Training/pituitary/Tr-pi_0611.jpg,pituitary,3,train,e0b3c1b059118f3f6f0d0363a75875c1948831255f7cf8c768bdfa6ec9b73c09,85667a1939e16997
Training/pituitary/Tr-pi_0612.jpg,pituitary,3,train,f27dc5db9d378a80b849decd5cb56a128961a21194983d0b0bcf7f83484999f6,d0383f6169d634cb
Training/pituitary/Tr-pi_0613.jpg,pituitary,3,train,c815a33551aa21e9920c86aeaaec0e7956a76f299f5dafa72a45c2dd2946cf85,d26c2f332d926693
Training/pituitary/Tr-pi_0614.jpg,pituitary,3,train,d22a539533dfea55ddb348c884b9908e7328d73ab7891200468be6a217dcbc34,855b2b287db46db0
Training/pituitary/Tr-pi_0615.jpg,pituitary,3,train,5ae0cca6e32c87c4c08b0405f6f134459fa3d06a97543fd8e942d33e2bfefde7,d02a0b7f2c3c7c74
Training/pituitary/Tr-pi_0616.jpg,pituitary,3,train,35ca964e0a78babe6a9210fc1e59443a4b40bae4b0c1c5578a6a16492d38250f,c4b43e8f78587135
Training/pituitary/Tr-pi_0617.jpg,pituitary,3,train,85f2afb27e82ec44e57e6a7381e27a9c4c28b04529fd67e02da7e4344beaebaa,95b43e4b7859612d
Training/pituitary/Tr-pi_0618.jpg,pituitary,3,train,c5ba14f9af7f1dd8083f83765122b6119015936c691a7eb717c54e22c786b7b1,95967a9a3869616d
Training/pituitary/Tr-pi_0619.jpg,pituitary,3,train,563550871712f63ac0fe0521f29120b4293f40a3e61f85bd1fc694341e34211c,c5933b9b386c614d
Training/pituitary/Tr-pi_0620.jpg,pituitary,3,train,7da53b9c5d7e68575cfa4ccf92340c70c5e449ef85d953772fe45e1fe5caf83c,c5973bd23878606d
Training/pituitary/Tr-pi_0621.jpg,pituitary,3,train,987370aa80a587673df286a02fa1a097d985828f18b8797c8b655edffe4bea83,95977b9239486c6c
Training/pituitary/Tr-pi_0622.jpg,pituitary,3,train,7569191f4cf09bb86eacbbcb9a763b2bdc877daff452a62165b472f340399c78,c45b2e297db439b0
Training/pituitary/Tr-pi_0623.jpg,pituitary,3,train,42fbde189e81de01fa8a35e846718da97cda84e697e77b9c40678848a67d7f9f,d0642f0b68e7359b
Training/pituitary/Tr-pi_0624.jpg,pituitary,3,train,82b62412dfaf3fc817687599df8192876131835e50001df3e3f4e87cb831b2df,d0603f0e7867358f
Training/pituitary/Tr-pi_0625.jpg,pituitary,3,train,085824b1e714cc0853c1c0216f04ac99d1795bc5ca65bb6f2f9d476a7e14130d,c0733f18786c35c7
Training/pituitary/Tr-pi_0626.jpg,pituitary,3,train,5c2d1dbdafb570e0e5f2bae7a1ac58a48398765fa2c396083f6f40b240641f62,d0633bda2c2d6c4e
Training/pituitary/Tr-pi_0627.jpg,pituitary,3,train,eec36c4ecf88cdd83231e8de6967310a0679d4de794d2897b2dc9c05101ca719,c0323f2d6c7235b3
Training/pituitary/Tr-pi_0628.jpg,pituitary,3,train,d0a37fd30f4e7d2308f731bb7cc95f5d52f461af39f8e1a348b5b2f4ed0b035c,c0762f2d69723437
Training/pituitary/Tr-pi_0629.jpg,pituitary,3,train,a608985cb0613ab020447fa64e8ee8008cc419809cb9c896d67902a713a0cccd,90c76f1a7861253f
Training/pituitary/Tr-pi_0630.jpg,pituitary,3,train,313e3adafd67032d75c3de85c1f57d7de88b8f8150839e6f54570dac5ee95162,d0623b3c2db3629b
Training/pituitary/Tr-pi_0631.jpg,pituitary,3,train,3585c0fdc1c6031599e7270fbe8ce175d91509ec1e43d4fb0713bb32c536c715,c1854f523f686c3b
Training/pituitary/Tr-pi_0632.jpg,pituitary,3,train,cddcf8773f738812325cda5fe53601cc07fc285fe5f47a9e6d85be714357aa9a,c45b2f386ba439e4
Training/pituitary/Tr-pi_0633.jpg,pituitary,3,train,a1ce24eae36b451dccd09063153da2d9ddb8ab931b9e391efb743037e4666ce3,d0622f3c3cb761d2
Training/pituitary/Tr-pi_0634.jpg,pituitary,3,train,9382e3b3f5e90c38bf14a776f9d40cb207fe3a471c88c81197018e95566bcec3,c0370f4a7d713c33
Training/pituitary/Tr-pi_0635.jpg,pituitary,3,train,8814a9dc44e0e06e62dfbad88bdcec61bc3ae180e75a9e27d37b52fb13169dd2,c1350f6a7c343d33
Training/pituitary/Tr-pi_0636.jpg,pituitary,3,train,29ab927d7fbb585e0793c856cfd37cf94974819f727419cf04ef58eec25e0b0b,d1350f6e7c242de2
Training/pituitary/Tr-pi_0637.jpg,pituitary,3,train,7599036ab3ea08b0c328ea1fdd50ec12081f9a7a7657f904784d8b87a13dd865,c0670f727d3439b2
Training/pituitary/Tr-pi_0638.jpg,pituitary,3,train,58693cd27c75a20a71892170165ca0babd46d8feea34f5de51769b1d18f4b018,c0670b72393c7da6
Training/pituitary/Tr-pi_0640.jpg,pituitary,3,train,75a3da6213a1e773f00a155f465ccd1dc2e87c285992a6cbeb740aeea991701b,808757981f5f3a3a
Training/pituitary/Tr-pi_0641.jpg,pituitary,3,train,5b25f6dc0891138eff4cdff83cf19f40d412f77d8239eaa18510a94c90819603,c1660f3d783534e3
Training/pituitary/Tr-pi_0642.jpg,pituitary,3,train,68bdab9eef2f69cf2f3edd17f97434f46a6d3678869e58c0a76643e94bd06c60,c1621f3d3c3578e2
Training/pituitary/Tr-pi_0643.jpg,pituitary,3,train,852656cb754c9100c39fa8cc9e854517ae38c1faf7f058223a9eb491571ccecc,d0f03b8f3c5a6427
Training/pituitary/Tr-pi_0644.jpg,pituitary,3,train,d8cd94792ec8470fb383f23de6154fb7ecea18b70e83f73c570fc84c20e44295,c4c42b93795a3537
Training/pituitary/Tr-pi_0645.jpg,pituitary,3,train,bd8c6136eb70446909854bd57dcc94c27edcae268f1675ae21f56dd4f60010ec,c0c62f9b79593919
Training/pituitary/Tr-pi_0646.jpg,pituitary,3,train,6599a86af975eaedac82a8b76643d0e867750ccf6a7f644c20aa53b48df99dbc,c4c62f9778993919
Training/pituitary/Tr-pi_0647.jpg,pituitary,3,train,4cd9741cd2c571bcbb2c6ba423bc44de1a41064aef94e44bd589bc6a695b55f9,85667a7839e32596
Training/pituitary/Tr-pi_0648.jpg,pituitary,3,train,ef21d07c875014303eb3caea72626b4dcb65e62fe382a4db3012159ac4f5f891,85267af0796725c6
Training/pituitary/Tr-pi_0649.jpg,pituitary,3,train,6292ccb1934fbfe16de93ebe21b70402d6a2bc2ec1f264bbdac323909559fb10,808757985f7c2a3e
Training/pituitary/Tr-pi_0650.jpg,pituitary,3,train,a8a13c34e1a411b25c5dbf24a301683f3033d77d4a3a9ba28df6aa3327d37bea,85267ee8793531d2
Training/pituitary/Tr-pi_0651.jpg,pituitary,3,train,8b417ec87ed06c1d8c3307347024480fe6acd57eb449dd285aee0a71d7e4791e,c0643b6b3c97e14b
Training/pituitary/Tr-pi_0652.jpg,pituitary,3,train,9e2512f83ade0f06cec96690fc1b8f302430923dfc4e656739517965d4613596,d4662b3d3cc5253a
Training/pituitary/Tr-pi_0653.jpg,pituitary,3,train,04f648b40ad4e238519e140f86be542fe4c4314419859bbec21db93eb94f391c,c4c62f8d7c783136
Training/pituitary/Tr-pi_0654.jpg,pituitary,3,train,3ac6f0bead760d4cb52d852fe19dead0648d652d1a3198ee530468c8798a2456,c04e2f976d1c7433
Training/pituitary/Tr-pi_0655.jpg,pituitary,3,train,fb7dd0c12a8a2b53910e94ef808284e874558e509e1c9dc2c1bb6bdeb2539a4a,c16e3eb529d834a3
Training/pituitary/Tr-pi_0656.jpg,pituitary,3,train,e42b76f72fab35702fe770761aad942d660a44777c9939784056cb5307b1a3ce,d46a0f2b3e747c24
Training/pituitary/Tr-pi_0657.jpg,pituitary,3,train,247b506744137fe39ad16d340c445dc21076f1801dbdc56c276e62e01412de7c,b08415995e7e2a7e
Training/pituitary/Tr-pi_0658.jpg,pituitary,3,train,7ff5e96cfaac94f34452cf3223f0e2ee057ccb27ceb67831b0c6eb81283da960,c46b0f292e743eb1
Training/pituitary/Tr-pi_0659.jpg,pituitary,3,train,8bf0d39d0f023ade2917f7cd2f457a537de8ebd4597d93214e8aa45ab1a68378,c06b0f393e3c3eb0
Training/pituitary/Tr-pi_0660.jpg,pituitary,3,train,7655c16a42a8037ee622579f5952c74e9624fea28abfc18033e658e581bb3be2,c06b0f393e3c3eb0
Training/pituitary/Tr-pi_0661.jpg,pituitary,3,train,e6e3b48151188aff47c6a1cfb0010895579212272c3e0c174edd884168a29b86,84653f3878d625c7
Training/pituitary/Tr-pi_0662.jpg,pituitary,3,train,bc3b87f606259ed83ea112f0da95ca19270b75d68c5401b1c6372658e92a53f4,84673f3879c33487
Training/pituitary/Tr-pi_0663.jpg,pituitary,3,train,b0bca541321d97e6c2f443d8d21e3745709ea78956390e2df9c6f600cade213a,c4673f7868a434c7
Training/pituitary/Tr-pi_0665.jpg,pituitary,3,train,f40cbb0420bae489e52e65f72e56ffb89c55acfeba354157cde819c53d5b8980,91273fc86c9c6c87
Training/pituitary/Tr-pi_0666.jpg,pituitary,3,train,441b870eaf7307b78efb39d00a5a7f34ee0a43af8cb0f2614c8115b5262ebc4b,908d55d9561f2a7a
Training/pituitary/Tr-pi_0667.jpg,pituitary,3,train,11c2f476ec2764a32d80d08c875b6fcafb312e815a8689535faff63cf0d0baee,90363ef868cd6dc4
Training/pituitary/Tr-pi_0669.jpg,pituitary,3,train,6e5d386801286b8807c84da336180fa4a72cf19a725700254ffba0a8376f3a95,c00b1bbb2ee92cf8
Training/pituitary/Tr-pi_0670.jpg,pituitary,3,train,bcc7fe086c7d71bfe9bb10e3bf1bd2ad98153d8de9f241b352c256acfb45f972,c41f1bc87ab82de4
Training/pituitary/Tr-pi_0671.jpg,pituitary,3,train,bb8910739b9a0272a31af9365549703403d0a937d679d1f58828dc1f48cf80e9,c01b5ec81eef186d
Training/pituitary/Tr-pi_0673.jpg,pituitary,3,train,eb37023561e24836a0262a73f9eb4f2dc69f36d2a065b082bc254e44dfaa3fac,c4964bbc2ecb3a43
Training/pituitary/Tr-pi_0675.jpg,pituitary,3,train,d09bc4520864f050b54b17345d96c6cd8b48b7caf7149688a25f5971e76806ac,c0964a7a3e9c336e
Training/pituitary/Tr-pi_0676.jpg,pituitary,3,train,e99205d8c16f1acb279297f87571074f621442ef688f14bbdfe1dbaeb5c1ba98,c51a3f6d3ea16134
Training/pituitary/Tr-pi_0678.jpg,pituitary,3,train,c35650b9c50a9275525566d3ca7321a176c218f594d788bb7bba46c86e9640c5,c0c11fde3b0f1ec8
Training/pituitary/Tr-pi_0679.jpg,pituitary,3,train,15bab6834a23d008241ef4d8c2ea57aec79f899e9478f4c2e981e6cb0ab8ad39,c18c1edb681f9bc8
Training/pituitary/Tr-pi_0680.jpg,pituitary,3,train,729fce8607d8c5e6bd2fe99e0b8c7eafc7f08c6e97535d504585094c88a5f8f3,c0861ed65a0f2fda
Training/pituitary/Tr-pi_0681.jpg,pituitary,3,train,b02fe476d906841f62beae66293f1207b5a510d6df8fab91488a97ac00b9503f,c1977e5a2f0c3368
Training/pituitary/Tr-pi_0682.jpg,pituitary,3,train,96c87b242a966053a1e56aafb337ec99f65d3349df119e0f8068b69655e1c131,c1867e4b2f0e334d
Training/pituitary/Tr-pi_0683.jpg,pituitary,3,train,43ef1489786b4b2ac7b1ce7f207b4e7285a94d9e9e1f9afe933e93a6d751e77a,d0ca4a8d6dde0d1d
Training/pituitary/Tr-pi_0684.jpg,pituitary,3,train,b4b4b010cc2ae5d450588c6fa55e82e87be49097289dfec38c35dbc20d7864da,915a1f7c6cb56125
Training/pituitary/Tr-pi_0685.jpg,pituitary,3,train,391e0408d8a937fea84f3ede3bf9e93d0e51c2439d727d29e8e6fb066a8ef52c,855a6b3d68353c65
Training/pituitary/Tr-pi_0686.jpg,pituitary,3,train,d533b59539314eaace970fda1d82831fa6c3c5bca7911161c5eab4c25356ba59,d0cf0a72cfb31307
Training/pituitary/Tr-pi_0687.jpg,pituitary,3,train,bf11698a85386a5b787819a13aef25633a189095722ce1429393eba9e3020896,d0df0a724f331b52
Training/pituitary/Tr-pi_0689.jpg,pituitary,3,train,ca4c769b34e7f50b6025c8c152ca28b0bcd6edbdf497b4b02828a29f55aac347,d00a0b6f693d0dfc
Training/pituitary/Tr-pi_0690.jpg,pituitary,3,train,4561f4bb069f26ae2d4477c696a770b6ccd550f922eb915509bffccf4fb1c4d5,d0941f8e3e587873
Training/pituitary/Tr-pi_0691.jpg,pituitary,3,train,e7b02340a76d24c7e12fcc6fed8836d6ee651a720e9df489119c86f158217548,80ca0ba76e196f9e
Training/pituitary/Tr-pi_0692.jpg,pituitary,3,train,82616d0d84d8297d19709e92f3520a5cd8cb77e333d9c947098c6c253cda5573,946e0e267b3969a5
Training/pituitary/Tr-pi_0693.jpg,pituitary,3,train,2993f38bfb33a92fd37fb16977442a5e1e2cea05f417b36ca3d519a61d3fe90c,946e5a3139306bb7
Training/pituitary/Tr-pi_0696.jpg,pituitary,3,train,1f485b3a72756f53d0443a44ff36774ca2bf918c8267d8702b6f9e507a864243,85a50f135a727877
Training/pituitary/Tr-pi_0697.jpg,pituitary,3,train,70cc42663306d49551251a5ad66cd503986595a960d05cd6d8e73dc014aba02c,85b14eb30f5c6d26
Training/pituitary/Tr-pi_0698.jpg,pituitary,3,train,aa729d956d0fec2c43a13ac92c9b39cbbc6541e5aeb6127ca943b516e73e3883,90a74fb40b7c6d2a
Training/pituitary/Tr-pi_0699.jpg,pituitary,3,train,58411d1f3a5321c298ff556248635cf1f33a3307b245bba795ac157510a885f6,944b5e1b7a8a38d9
Training/pituitary/Tr-pi_0700.jpg,pituitary,3,train,4e129fccadb841029dbf0de21dd1ec94e9aa603d3031c0305c9bfa4ba62592f0,c1da0ac34e994fda
Training/pituitary/Tr-pi_0702.jpg,pituitary,3,train,0493128abbaefbc70b1d29d077a0ff8cce198590cc5eca9d477033a7ac20bfb1,90975bb00b587d6b
Training/pituitary/Tr-pi_0703.jpg,pituitary,3,train,4209bedc4c6ae640152391ebf867611e803334cc68553ea0a7cda91a1c1bb3c6,85974ab60bda3d62
Training/pituitary/Tr-pi_0704.jpg,pituitary,3,train,a4a52c3cea6295e9ae2e51c0c0d5206bda5d696699569bc8f7574d093bc71560,85974eb44bda3d22
Training/pituitary/Tr-pi_0705.jpg,pituitary,3,train,dbbb8e284fd3aeca1dbea79dc524ee76571193f80a5c7168d7d15d4a0b2328f0,95365a7a792d6960
Training/pituitary/Tr-pi_0706.jpg,pituitary,3,train,9c6d33488bcc1b2505a59a8dbdfadc8696b7ce57608dc059f1ea68f74eb279d8,81371f7a78686965
Training/pituitary/Tr-pi_0707.jpg,pituitary,3,train,bce49cbbd78b84f1db18439aaf78f1d78096a0781bfe4a2d7df174e5e3e44c7a,857b1e78787069a5
Training/pituitary/Tr-pi_0708.jpg,pituitary,3,train,8e27e89dec31b3c6c6d8c467b8ef1479fba8a83870703581fd9e86a7cb3038d8,90cb1b8f0b99ce9a
Training/pituitary/Tr-pi_0709.jpg,pituitary,3,train,eca865132c77cff8cb46aee23faddfe9fc16a7b8cc63c59adb2d2c198c58dce5,813f1f7c6e6063a1
Training/pituitary/Tr-pi_0710.jpg,pituitary,3,train,5f4c82c5d3ce21faa7482cad279b5f559d596f899ccdad51f9dc4dc8f2ea6f24,d0603b2f2d5a71b3
Training/pituitary/Tr-pi_0711.jpg,pituitary,3,train,ddae038ecab1c0704578f145f97e9f048b1323010a579715bf5a15d48d0dab3b,d0643b1b2d7271b3
Training/pituitary/Tr-pi_0712.jpg,pituitary,3,train,26a1a56df2cf96a09ffd636eaaf0c1985f677b7e737a48581403b11e5755b488,c0633b3f3c1c34e3
Training/pituitary/Tr-pi_0713.jpg,pituitary,3,train,729294d7599d7d3255b706cd6009fed4b4ab90dd886102f7e0fc2bada203f837,c0633fa73d1c6436
Training/pituitary/Tr-pi_0714.jpg,pituitary,3,train,63277c9e67c0103ce03578ece83d0cfbf997c7fa0a53eb2f100640e4819c34c6,c0693ba72ddc64a6
Training/pituitary/Tr-pi_0718.jpg,pituitary,3,train,6d2b0914e82fd93859c977ffd9f5383ea6f8b3d0267fb6fb0af5946a3cad0cfc,c0cb1ac70f59a61f
Training/pituitary/Tr-pi_0719.jpg,pituitary,3,train,a519dbf5844e1a99b8a591f44e8786e5000c5892d59c068a69c52a11950f800c,c5745a6279272cf2
Training/pituitary/Tr-pi_0720.jpg,pituitary,3,train,6dead782fc4585f54279d0f31dd2a24e4ca0218a1eaa7c514e8885f069dd1965,85374a63693368f6
Training/pituitary/Tr-pi_0721.jpg,pituitary,3,train,eafbb52268108ac1225bd0fe8c604bec06ffb4bc123fb80a80155eb613d9c438,85335b626d277872
Training/pituitary/Tr-pi_0723.jpg,pituitary,3,train,f0a4ea3735635f8af54f4496c95dae745d5ba4ee81aaff1d02c1134e97db1b34,853c5e697a713835
Training/pituitary/Tr-pi_0724.jpg,pituitary,3,train,52167c09de66d43a0ba56d8a8754fd784f4f09491e869c4d03371b24f06d8bf1,85391f6a7a613da1
Training/pituitary/Tr-pi_0725.jpg,pituitary,3,train,7cdb83cc94297173862dd23ae7de94cc10f62d5f2e2167f275ec62924a704299,94f01e1e78256d6e
Training/pituitary/Tr-pi_0726.jpg,pituitary,3,train,ae45962a39fbc653100fbaa53e4ea24bf808b81fb6cd6d6bd1382b972e875ac9,d1c21a830f4fb74b
Training/pituitary/Tr-pi_0727.jpg,pituitary,3,train,5143b0055cc644c0a48e49f34d9c860e2ec325c7d70a1d0d95fb48953058652b,94631f7c38377186
Training/pituitary/Tr-pi_0728.jpg,pituitary,3,train,612383a643f2e1c663b29f698f08e91e641d2ddca1eb96a4c788474c394f07ef,84655e6b28757197
Training/pituitary/Tr-pi_0730.jpg,pituitary,3,train,04a780ddd4be0d9ef5068e7c31b0ee9e099e4be68f418676b45a88df98210915,c4864a7d79393933
Training/pituitary/Tr-pi_0732.jpg,pituitary,3,train,f80b85b59887961b2b04c20feeb8496708f20a609fffa791b2c297bfc4c5cd54,c4263f6879332cb6
Training/pituitary/Tr-pi_0733.jpg,pituitary,3,train,778ec7364b68cf3dcf96444ab24ff589c1aecc00d0d7f420e30bb2dac76ec395,c4262eee786969b1
Training/pituitary/Tr-pi_0734.jpg,pituitary,3,train,a265da40c2563c3908e52314feea50f554d9eb68ff3d2e2b32cd19236b16195a,817e1e28787d6b25
Training/pituitary/Tr-pi_0735.jpg,pituitary,3,train,613b5791955a1cbfe1cfc0ea4419f15f7885a4607c19d4073f2617554221a86f,91ca2b926e3d4a37
Training/pituitary/Tr-pi_0736.jpg,pituitary,3,train,236c5b880dd6857485b6b63732e419c6e4031cfb4b1c85bd61a4190cd378087f,857e1f287a753823
Training/pituitary/Tr-pi_0737.jpg,pituitary,3,train,4b73931ba5b33fd8d530e5b2b558da59182fdcc0401138d7cef2641c66b9f42e,913b1b387a6569a3
Training/pituitary/Tr-pi_0738.jpg,pituitary,3,train,f01941f70c84bcab16054bdbfca4c3ba7ee61eeacf0c6e352004387c7fdec258,d0d20f1e2c7c3d27
Training/pituitary/Tr-pi_0739.jpg,pituitary,3,train,1f6388a850212972f925ca292d4d51b1bd0ed8c905c696450adba6d9e412a46c,d0720f3e2c3c3c37
Training/pituitary/Tr-pi_0741.jpg,pituitary,3,train,d59c09a442137504a32eb794ee63eda0f55aaeb3206e60bf57c85da03d450bbe,c17a0f3c2c646db3
Training/pituitary/Tr-pi_0743.jpg,pituitary,3,train,da544b4a182a865c8b99f63f81d82e17fead8a2174597e50c9fbde2b9020072c,95ca2e934e38629f
Training/pituitary/Tr-pi_0745.jpg,pituitary,3,train,d59bb126bbbac4d9282886b122baec2ea6f7a26f57d90eb9acbd5ce64cec6651,d1c23bc3483a678f
Training/pituitary/Tr-pi_0746.jpg,pituitary,3,train,eb1818dee2170cc3a518e7e0d10066d448107a1bae32eafbf020569c6a6e07dc,95ca3ec25817661f
Training/pituitary/Tr-pi_0747.jpg,pituitary,3,train,48470d52a098bdafeecb2bf7ad72fc64b2b12e0ccb873c6350d20f5a9dfe3d47,94c73fc658934b32
Training/pituitary/Tr-pi_0748.jpg,pituitary,3,train,3b4f86f4c858fb431dd151b2c222805879429c0316d486621eff85d8dc654a30,d0ce3fd41c13633c
Training/pituitary/Tr-pi_0749.jpg,pituitary,3,train,297740359b4a748b0cc26d26a3feb35bd4b0b209f17e5036afcf020a762e30f5,94b50f5b78796126
Training/pituitary/Tr-pi_0750.jpg,pituitary,3,train,a170c6ec64953ada0eb0ffe24651ef44990b4bff6c4fefebaf58f0f59d67c33e,c13e7a693c237c25
Training/pituitary/Tr-pi_0751.jpg,pituitary,3,train,bb01a3168bcfbd02b7b7696491e25472d41510dcfd1f035cb7aaa8d26e07d00a,952f7a692c33d825
Training/pituitary/Tr-pi_0752.jpg,pituitary,3,train,45d5dab1ae18f31b5711d79fc528b2fbe3e4e2cf113eb6b115aab93aed376866,912e7a782d737825
Training/pituitary/Tr-pi_0753.jpg,pituitary,3,train,20478bf296522cf2a1060e887fd0e92b0f226a5684e7850c42e7f028ee98790d,c12e7e782f6168b1
Training/pituitary/Tr-pi_0754.jpg,pituitary,3,train,a1f95176a45a9b96c334efcb1545610a6fa7ef4b62813f93509a4d91410f3735,c03f7e782b6168b1
Training/pituitary/Tr-pi_0755.jpg,pituitary,3,train,afcf5dba2f6390ebb59dac66643429a3ca87380694ad170da20f9e5f1ff72aeb,908f5a5c0fbb3a58
Training/pituitary/Tr-pi_0756.jpg,pituitary,3,train,b69ff76093ebc4f276dcb8b644061b9a8b771cac951dd84085566d5aaf3cdfcb,908f5adc1bca2f4c
Training/pituitary/Tr-pi_0757.jpg,pituitary,3,train,89c173fff0f874e35d0448ad577a7ad40825e02c9603134bd37d21f57944e74c,809d5a5c2b9e3f1c
Training/pituitary/Tr-pi_0758.jpg,pituitary,3,train,871b7ce91b5152dd32762282045f40192543096519c2b4ffa9df629b312d2676,c02b2f7c3d6d702c
Training/pituitary/Tr-pi_0759.jpg,pituitary,3,train,16293e052696eb229235e79c85d26b13106a4c39894ecfa5b56aefe24d2c8eb2,d02b2f782f3c7c24
Training/pituitary/Tr-pi_0760.jpg,pituitary,3,train,9f2b91230f3949965acf5dcc2ffe42d5b99e66ff0b288bdfb62a246a0d655d16,85cb5ece1c0e3678
Training/pituitary/Tr-pi_0761.jpg,pituitary,3,train,e86d5fbba05de92ff09663edb8a5831418d9c9b298e1596873562aedf2082539,85d35a8f3c9a7268
Training/pituitary/Tr-pi_0762.jpg,pituitary,3,train,79517ef36ae11f33f4814cacb0db2074dc202c445efb268a2fc01bf27f9be1f7,85c26e8f2d4e7269
Training/pituitary/Tr-pi_0763.jpg,pituitary,3,train,23d3a81f7d6410bdac825b954ad666cf45290c389c961a249c5795b5cff0f457,85d05e872e9b5a8e
Training/pituitary/Tr-pi_0764.jpg,pituitary,3,train,a6eaa6166574263a5f09b887143fe6dad2aa99ad9b0ec45c1b8ed33328ebcb9f,85d05e872f8b568e
Training/pituitary/Tr-pi_0765.jpg,pituitary,3,train,1b9d067586b11256c7425e4d563ea5e71201bb298e5d9cb1e3c15dbe828e0025,85d05f832f0b569e
Training/pituitary/Tr-pi_0766.jpg,pituitary,3,train,5656e836ba74100cb2f003e723cdd20b10ad6b2b73bbfbe24c7c79428c4e1336,97373e7e68216162
Training/pituitary/Tr-pi_0768.jpg,pituitary,3,train,5bc8e715c4c04d0da0bfdf4e6c171e6067413114380f21a36eecbc4888c016fd,85d85e873b4a0e3b
Training/pituitary/Tr-pi_0770.jpg,pituitary,3,train,b2882b82a40e460076e5f16867624c8e19fc2f7843f84e9b98f07abf4bc4c857,d4cd1acd4ece898c
Training/pituitary/Tr-pi_0771.jpg,pituitary,3,train,18173d0d41db1b6ae7248e62b29eb21879ff42f8f537142761a97bbd557edda6,848d1ace4e9bcd9c
Training/pituitary/Tr-pi_0772.jpg,pituitary,3,train,602b352c855077288496b4d53b049fb57989ece220a0637a6fd514bfe1faad6b,949d4a4b4e8bcf1c
Training/pituitary/Tr-pi_0773.jpg,pituitary,3,train,b01ebe0a0a5d45cead15df243fd76e83b54cae51911d82d194854c3e977801d2,97377e70683121e3
Training/pituitary/Tr-pi_0774.jpg,pituitary,3,train,2c9093eaa76bdbfa4ed70fa54298f2141784e668f3727a3f5052148422b5c40e,918f4bd26a871b4e
Training/pituitary/Tr-pi_0777.jpg,pituitary,3,train,3aa23cdb996664a39a1ea4c363a1f4ac731c153f4d0f5452f32dec6b601d69c0,d4870fd46b07374c
Training/pituitary/Tr-pi_0778.jpg,pituitary,3,train,42df76e24189d147305b5a90e102940b5328918f66b52081cafa78931e9f0e38,d4870fd47bc60746
Training/pituitary/Tr-pi_0780.jpg,pituitary,3,train,44115f68450a7c91d01be99c63a61767c385f58d887e54b16c0bf34749befa96,d10d0acd3d336c7c
Training/pituitary/Tr-pi_0781.jpg,pituitary,3,train,e139ed8a6e3f35145ae33ae507af966cfc66ece93a09dbec0b214b0e8e3cd765,d00d0bcd7cb32d6c
Training/pituitary/Tr-pi_0782.jpg,pituitary,3,train,a2d722376c6185ba390f8d1bc8b8da08499492e80b85582315b0ccdae4008b66,d00f1b4d7c1b2d3c
Training/pituitary/Tr-pi_0784.jpg,pituitary,3,train,d1a70e2d29c2bd0bce30ffc145b84b28ba3e7b8f68b3e3d7f700bd33df701bf7,95c35a802f1b6ed9
Training/pituitary/Tr-pi_0785.jpg,pituitary,3,train,61a1066a18f9e50cb969d92ee398d6632ea13c724b9711dc43057de8fb7ee478,d4c35b890e1b678d
Training/pituitary/Tr-pi_0786.jpg,pituitary,3,train,66c2d572fec84d167727cb59595db19b3db84d6a31b4635d025895bb03122256,95d11ec80e1f73c9
Training/pituitary/Tr-pi_0787.jpg,pituitary,3,train,4301084663d11ce6ebb9327b00d8492d743c82507dafc0846be47a171b688f3e,d4d04ac01e2ff79c
Training/pituitary/Tr-pi_0788.jpg,pituitary,3,train,f1d10a7702142b02cb37bee8a5a655693e5619c6b91e9af28efc9f6762b31335,815f5a383d6c3671
Training/pituitary/Tr-pi_0789.jpg,pituitary,3,train,a5657b08b8b25f710ca4e3ca35b3ae4f022e09bb9cdff72976f6da959fe00f8b,851b7e7969696071
Training/pituitary/Tr-pi_0790.jpg,pituitary,3,train,e3e51a6c63d2f14a09092de1f4bcf11b7cc7c1954096ab5460f2a9fce65d74f0,851a7e2d78656179
Training/pituitary/Tr-pi_0791.jpg,pituitary,3,train,991deb2f8419f2aba0e84fedb4399270e2c93015bbe2ca8bd18afba8f8d2a0cb,855a5e3d78653c61
Training/pituitary/Tr-pi_0792.jpg,pituitary,3,train,632650040bda839803c9c75876baec2c2a79b1b9ae82f432c39c1f429f31f707,c63d6b24693836d3
Training/pituitary/Tr-pi_0793.jpg,pituitary,3,train,971a18b0ced2f28c49909dbf9070316a6f58ffe6daf162468b281e5fed77fd1e,c36c6f3c3c3c3170
Training/pituitary/Tr-pi_0795.jpg,pituitary,3,train,c568ca72c1161e3f786f5eceb57c21a0fdc81e4866b7260342978553e88c9e1b,d1734b2d3c606d33
Training/pituitary/Tr-pi_0796.jpg,pituitary,3,train,691e5f5df7de3fb3ce837e0d53d4a79f3f39dee8e9c49334d52f32eaf9ae0494,d09c0bcf2c586b8f
Training/pituitary/Tr-pi_0797.jpg,pituitary,3,train,d653ebbf5af30ff84210ede82e21ecc2566508baccd759c5cd5a3dd99d6cf8a8,c4d00bcf2c187f9e
Training/pituitary/Tr-pi_0798.jpg,pituitary,3,train,631b1005433af6f5efe645602c4322bf2eed5dd0d831ff9e4b4f1da6bb5ff178,d0c30b8f2c1f6bcc
Training/pituitary/Tr-pi_0799.jpg,pituitary,3,train,e0acfe98a48f42f68cc41132a41d6881f2c571d944090627cfa3a076093d7979,d0cc1bce4d0f8f49
Training/pituitary/Tr-pi_0800.jpg,pituitary,3,train,6fa5d0506a97eef1112c8dceccbd4ab487cd083e5ad183f5c989bdf57adf17f8,d1cd4bca4d0f8f0c
Training/pituitary/Tr-pi_0802.jpg,pituitary,3,train,845f23eb063203ce72578afeb11e8ff3afb372dce14d821362a4a8e6e56e9985,92734b3d3c606d36
Training/pituitary/Tr-pi_0803.jpg,pituitary,3,train,66f508748c561e27bce88b1a5094400847f6b7aad8a93abddc77b47446a5c159,95d01e877b07627a
Training/pituitary/Tr-pi_0804.jpg,pituitary,3,train,2fa25ad9213ca746d8952d19ea2bd043a2b0109975d6eac7dd44b5e5d500efe1,95c05ec37a56621f
Training/pituitary/Tr-pi_0805.jpg,pituitary,3,train,afc0932736dda9eb3fa5a1237eb3ff422e27ff0334d68b0165c3aa7fd8c9309c,851e7e682d786aa9
Training/pituitary/Tr-pi_0806.jpg,pituitary,3,train,42c52b388884d5729779cccc17b9e50cd96503e4812dc465e8af6f03bd1347a7,811e7e7939a46179
Training/pituitary/Tr-pi_0807.jpg,pituitary,3,train,5cdd15cb69f30eabb9086d8c9d5f91ef02b68fffcf77113e91cbcdeaa5d3c137,811f7e392cb47961
Training/pituitary/Tr-pi_0808.jpg,pituitary,3,train,eacee7b065a7b20c1a61002fa564f205359ced397f831555a73e15e654fde29c,d10f5b386c336467
Training/pituitary/Tr-pi_0809.jpg,pituitary,3,train,42c0e9c4cdb12a4d712c7baa91697f63c057e74925ff10696682afade1303f77,d10e7f396c712c61
Training/pituitary/Tr-pi_0810.jpg,pituitary,3,train,0b0cf460eb4ccfc2591863929b99922c4000a19e23853a2dee9675a9850b873e,96724b3d6c603937
Training/pituitary/Tr-pi_0811.jpg,pituitary,3,train,6f5fd7f3f7fe4f7ab03f7b328d467c4e2bdea5bbd2125decceb851dc749788f3,959c1bcc384b9f19
Training/pituitary/Tr-pi_0812.jpg,pituitary,3,train,ae87c44d2f8d0a1d999b33a389123675fc09390f05fd9ba72b16a0ff831912c8,859c1fc978cb9c19
Training/pituitary/Tr-pi_0813.jpg,pituitary,3,train,02c02a28b6c0c51d9611c3894434c2bcabedaeae2602a71f26c0206012af57ca,d2c80b1f6d78634d
Training/pituitary/Tr-pi_0814.jpg,pituitary,3,train,feca1fe26f5f8b49d11fb738ea4ad9afc5ceb09f6b5b6c8f1079caf4221a2001,d2c96b0f2d3a271c
Training/pituitary/Tr-pi_0815.jpg,pituitary,3,train,a4a2ddf7c832f90d2df6cbb5098cadfc677ef6f05b642ed1e1bc2b8b854e0dbe,c2c92b8e2d1ea778
Training/pituitary/Tr-pi_0816.jpg,pituitary,3,train,3a2f2d39613d208eb677ca65671f51366d1642a2ba1afb94af53f1d121fc0955,951f7e78292760b1
Training/pituitary/Tr-pi_0817.jpg,pituitary,3,train,9ae19f1a97f1d14273b14ddc4e0cc96d443ffe16d0ef855d69a61ab900e64e6b,851f5e7a382760b9
Training/pituitary/Tr-pi_0818.jpg,pituitary,3,train,70ecebbc03bea0f65b4525f335f13afd48ab6e175a2e738a5860377b61765505,851e5e7a382770b9
Training/pituitary/Tr-pi_0819.jpg,pituitary,3,train,0242db736e87cfb549361fe02653e6a9f7fe8815eb9a32616fafb93f57be4f51,d41b7b6c29314de4
Training/pituitary/Tr-pi_0820.jpg,pituitary,3,train,90a3ac33453952fa763077dd97bce3859fd88a8c2cbc5e9ecb4e93a0c73a0062,d00e7e7d28e158e5
Training/pituitary/Tr-pi_0821.jpg,pituitary,3,train,d1512067ec17d94228d9365ec8b157af80bc3942732d49e4891c996f323a8994,910e7b7c28e16ce5
Training/pituitary/Tr-pi_0822.jpg,pituitary,3,train,83dabf32930d11f2bcaf0213408bffa782e3edfa6d71aa5e4347d54be46d6027,d55802760bbf0f2d
Training/pituitary/Tr-pi_0823.jpg,pituitary,3,train,01f6612b5abd90f50a5b4aefda8ff8bcbe97f0dfabe86a6385cfcc8d10a5cb60,d558001d4bbf2f69
Training/pituitary/Tr-pi_0824.jpg,pituitary,3,train,70b6d0dc6d2816d56af6d0a8e2a0565bd160b7473c8f8f6310a51336cfaab66e,d5d8020d4a3b3f3b
Training/pituitary/Tr-pi_0825.jpg,pituitary,3,train,55ea3a8ac95f65fc5f02132f8947df55af3f25eb857f59ac7cabdc43459f71b9,85664e2d2f7168e3
Training/pituitary/Tr-pi_0826.jpg,pituitary,3,train,9b2ca8e02b90d6394363068993331cd19b07ed97f988c3d674b6df4ed7e3b477,d5d202cd0a2b6f6b
Training/pituitary/Tr-pi_0827.jpg,pituitary,3,train,c0f50dcc2f38d2d72e36ca7d1abb9516cff583dcd8a17e91b2ec41b21fd1a022,e5db00cc0a2b7f2b
Training/pituitary/Tr-pi_0828.jpg,pituitary,3,train,0b16bb3d1e70a76e5d1ecc30ebb33182932ea602fa4771174861c5c4f6d5f806,d5d900cc434a7f2f
Training/pituitary/Tr-pi_0829.jpg,pituitary,3,train,c342dc44512fdf69e1d11f5797cc84b5eec85bdd48936ce0ebf5531d30e3b22a,e5d202cc4a2a6f6f
Training/pituitary/Tr-pi_0830.jpg,pituitary,3,train,5971cfa04d0c464359dbcbbcca230d61ac3b00854fb49c8a596dac3f5be93512,f5d602c44a2a2f6f
Training/pituitary/Tr-pi_0831.jpg,pituitary,3,train,a00849e72ca8672ccb6d3852e3e2e0cec3f743b7fbf79d6ce9bf6847288cb86e,d5dc0aa84d4a8daf
Training/pituitary/Tr-pi_0832.jpg,pituitary,3,train,bac363f0cb389ec46ac211c0fd4b045fc7a43a8d8449ec0a75b0ee34b25a4fc1,d5dc0a8d4f804dcf
Training/pituitary/Tr-pi_0833.jpg,pituitary,3,train,5b35beb1f98d0ad81c5e52ee15b7d9d2e4125661b8eb2e8713e329be4730aeff,95625a2d2d756137
Training/pituitary/Tr-pi_0834.jpg,pituitary,3,train,2c85bfe51089d8523d85c48b4326104aae687664810dfd8d472cc1baf0323df5,d5dd428f4f004d8f
Training/pituitary/Tr-pi_0835.jpg,pituitary,3,train,9dbbd938d74b7fc3fabb610834fe4599675cd845bc62413023db2bb7d233989f,d5de0a894cc04def
Training/pituitary/Tr-pi_0836.jpg,pituitary,3,train,8f34e20e7af92529f63c66f52447416876f50a0bf798f07b6e6108b730003351,c15f2a3d2f2835b4
Training/pituitary/Tr-pi_0837.jpg,pituitary,3,train,3faf239d61879aa907d99d02880318784730c74d133a304fd981e11d2666f07e,c15e2a2d6f342579
Training/pituitary/Tr-pi_0838.jpg,pituitary,3,train,b300fe178190d6a2ca58e27accf2144e28d3288e66c778a8a18ab23512042c90,c05f2a6d3b342d39
Training/pituitary/Tr-pi_0839.jpg,pituitary,3,train,58063b912ba3237150500fb88358c902092b629d64b42d9dd7c3153a473d88d6,c05f0a2d7b2c2db3
Training/pituitary/Tr-pi_0840.jpg,pituitary,3,train,6083a11b693d990733fc781e11e3989c725ee2487d722967d5ffcc25c850c970,c05e0a6d7f242f39
Training/pituitary/Tr-pi_0843.jpg,pituitary,3,train,be95600de4209f1339775bcf6c4043e2d2fee35d0ae043ec790dfca78d18bced,d5c702481b297f1f
Training/pituitary/Tr-pi_0844.jpg,pituitary,3,train,259a9d7f32b91d65cc734de1ad79cd16634f4f5c02df369c7242292297429ee1,d5c702c80b297f1f
Training/pituitary/Tr-pi_0845.jpg,pituitary,3,train,c78fb12259895140fc9fb8444b088734a05a1df11876ff79e81d2ad0652810cb,d5c702c80b29bf1f
Training/pituitary/Tr-pi_0846.jpg,pituitary,3,train,5c083c4761ba27c91d086e13406b99c389aff8f8c76208e7a59d9b6518f8b19b,d5df02890b024fdf
Training/pituitary/Tr-pi_0848.jpg,pituitary,3,train,c63ec967ac83e1fad85f9a2d73300dfb8f7945ab120c1a554d875468e4a4058f,d5db0a805a0a4fdf
Training/pituitary/Tr-pi_0849.jpg,pituitary,3,train,d88e9dccbd0321d06cf57064cfff398d5c052a40d51248edd8f3989cabdbda58,d5de0a806ecba50f
Training/pituitary/Tr-pi_0850.jpg,pituitary,3,train,f43026f73045f680fd5ee109c608dcfdb5fa632c8dd8c51f84abd43f78f99ffc,d5de0a805ec32d8f
Training/pituitary/Tr-pi_0851.jpg,pituitary,3,train,b7b6efdd6f8fbea2bd8141720c4aa2a0287cd66db2c710ccebb6d7c197540efd,d5de0a805e4b4d9d
Training/pituitary/Tr-pi_0853.jpg,pituitary,3,train,d14e327ff974b4ac01f0ed7f63ee9608a74c5d2a9808cfe13ecc26e97f20e8b9,d5427b446b016f3b
Training/pituitary/Tr-pi_0854.jpg,pituitary,3,train,db448756961351ba8e8a51c1b6e33625e09a718570f682bb29f5f9d2ff1374d8,d4437b844b0a2f6f
Training/pituitary/Tr-pi_0855.jpg,pituitary,3,train,5e17ff44093058f252d517266641f3d237d1a81acacc7fb7f3e8a06d5a0d406a,95637a6669396586
Training/pituitary/Tr-pi_0857.jpg,pituitary,3,train,dbbdeb14659f2a11e13471e06d5abe148c432cfbea386ec646a4fe7b7f5668cf,d4432b4c4b3a6f2b
Training/pituitary/Tr-pi_0858.jpg,pituitary,3,train,862384bbb0db45951e3825037d2d7ea81b36dd60371e1f6114993fa964366329,c05f026f6f3c0c7c
Training/pituitary/Tr-pi_0859.jpg,pituitary,3,train,9748388cd51d324a6e776cca2326d9f086ce1a3e8d75302cb0c5ea966ab9cb93,c15f026d3a3c3d35
Training/pituitary/Tr-pi_0861.jpg,pituitary,3,train,0b3199f79b278bb6371eb8ec5afa8417e9da1f00d9459663688e51e07e3085b8,c05f026f3f283db4
Training/pituitary/Tr-pi_0863.jpg,pituitary,3,train,c258b4a2155854d844acab5a88a8f2b2159dff73a458024e3ec07e521f7df3dc,d5df02f848ca57a1
Training/pituitary/Tr-pi_0864.jpg,pituitary,3,train,da5c38485f230ba4d150ab2f57111b55f377f1a56d6f5ebc487a94acbedd82ff,d5d902f84ac25f93
Training/pituitary/Tr-pi_0865.jpg,pituitary,3,train,ab784f9fbbcab8bc135406e57a8abf18a1c046e99aec011852c54f8f5e7ef6a2,d5dd02b85ac2d98b
Training/pituitary/Tr-pi_0866.jpg,pituitary,3,train,c48ec8c93f887d41e22bb1087343ee996099277bb3092de6187bff895001947d,d5df02c94ac37583
Training/pituitary/Tr-pi_0868.jpg,pituitary,3,train,2a8be66c610b9ff876952661141327157b38347cfc9666e9958e798a3dd8e138,d5dd12884a0a5f9f
Training/pituitary/Tr-pi_0869.jpg,pituitary,3,train,dd8b9546e3102edfd863ea57d5c88322f8de0168a092e270a606fca5b2c42e69,d5de4a964ac83693
Training/pituitary/Tr-pi_0870.jpg,pituitary,3,train,9e2dbdb0a009b85396720f7879d4ff11204e80ed8c1a1458357c7b69fd2f742c,d5df4a924ac8b299
Training/pituitary/Tr-pi_0871.jpg,pituitary,3,train,001a60b7397955cc69c04444dcb170c9def7d86d5af043ea807b5d8b535f1e49,d5db4a924b90b2d9
Training/pituitary/Tr-pi_0872.jpg,pituitary,3,train,012bbdb2509bcc39abd6e6f31cc052e3cba6bb82a2181dd77d19bac285f3a4d6,d0cf4a024f892fcf
Training/pituitary/Tr-pi_0873.jpg,pituitary,3,train,16fc94c3d2b5b9bd28e4fc6d094545fbf96a6c167e067929d0bdd483b984b48b,d0cf4a824f8b8d4f
Training/pituitary/Tr-pi_0874.jpg,pituitary,3,train,f6e4860a5095b12a30e6c0c9b7afba1c76e54cb2deea9a87c5b39105b8735ad1,d0cf4b024f8b87cd
Training/pituitary/Tr-pi_0875.jpg,pituitary,3,train,eed5e24e7100f37b31699e71eda8d30793b2cd26f519501bb1c6c097e3a4eaab,d44b484a49a15fef
Training/pituitary/Tr-pi_0876.jpg,pituitary,3,train,62c30b27bb69a6239ef4545b35c31ec730a331d9ebd5943823e918199775877f,d553402e43a95fcb
Training/pituitary/Tr-pi_0877.jpg,pituitary,3,train,50a071578ac4cd030d340c2fe288c26eca2e110f17fa975ed0ce58ccb16b0594,95717a2679e125c6
Training/pituitary/Tr-pi_0878.jpg,pituitary,3,train,705b8cefd00420757652da901b3e0d4952d48366bd8b2d28a071ed97a72cac3b,d557420e01ab5fcb
Training/pituitary/Tr-pi_0881.jpg,pituitary,3,train,5c7a7d90730b01423a52f77e6017eb58262bbddbf5e24e23bfe16f4b28c7cc53,d5de02c84b874d8f
Training/pituitary/Tr-pi_0882.jpg,pituitary,3,train,04a4ba40f480f9cbe19d27059db486ca1a43010586fc6b8b28a7827d2322b314,d1ca13c16b83b34f
Training/pituitary/Tr-pi_0883.jpg,pituitary,3,train,1e388e09c3172f2fd70cda5f6867a27c642a45b33a75946d4e1cf4eb05072897,c5ca13c04b83eadf
Training/pituitary/Tr-pi_0884.jpg,pituitary,3,train,0401f69579ddbe4899e763cb922a15adbc83fe370923dc59fd912aa7c081c37a,81ca13415f8baadf
Training/pituitary/Tr-pi_0886.jpg,pituitary,3,train,9c5f7914ac14661a2f58d0af878e74369ece0eec9b753cbc133f26ccf479c64d,d55d02a81f2f2d95
Training/pituitary/Tr-pi_0887.jpg,pituitary,3,train,81696468bd0f1a141a25b576ae55001cfa4b2429573e6e2ef6d68af33d394459,d55f02a00f692daf
Training/pituitary/Tr-pi_0888.jpg,pituitary,3,train,3032cd6eb4f00b866d8c7118c655e8c2d44116fb70462c6f1852a96b820be9ae,94f452d60f464f66
Training/pituitary/Tr-pi_0889.jpg,pituitary,3,train,6df36930f5fbc6fe29297b2c6602e559ad20044bb322ab6f0e31fda8d4e5abee,d0b052534f672f66
Training/pituitary/Tr-pi_0890.jpg,pituitary,3,train,a17bdb033bc786ca10da8fda40c8c2abd845e7d4af739f9dfea84943ad4f03bf,d0f05a560f276d66
Training/pituitary/Tr-pi_0891.jpg,pituitary,3,train,625ed177414a90a2911377457232bbc1417b6c3ee7d673e9fe007cf037c2dcfa,95e61ae75a293833
Training/pituitary/Tr-pi_0892.jpg,pituitary,3,train,f9626d50753d1c5f592a99c015e8f225330303ae7bf927be33e27fef82116961,c5f21ae15e29283f
Training/pituitary/Tr-pi_0894.jpg,pituitary,3,train,bd8a242d7726b31ee1a7b2a6aa203cbd1b84362b022d31c7deabdf6654e70e0c,90c80bab7f0f4c3e
Training/pituitary/Tr-pi_0895.jpg,pituitary,3,train,01ce8efc1108054c7ae691b8cac3341c7fab281ec19d57cefabcf27edb3021b6,84d80aa97f0f6c3e
Training/pituitary/Tr-pi_0896.jpg,pituitary,3,train,88c74c3e5bf81527935d8a125086ba48ae70546a957a37e473274ac7c95398ce,85616b373cf071b2
Training/pituitary/Tr-pi_0897.jpg,pituitary,3,train,041c0028c7424b216fac1bfd3e37613f396b1b8347531d3be7c68b322bc58c1d,91ca0ea37d2f682e
Training/pituitary/Tr-pi_0898.jpg,pituitary,3,train,6e1446cc3267f5565822dd98f1bd0d1c43166c0c3b764c3d882e61a212de6117,d4cb0aa06dc72ec7
Training/pituitary/Tr-pi_0900.jpg,pituitary,3,train,b902fa2dd8704ed743bfdd588e44af051c195de9183483f0aed0cd946005e3fd,d4cf0b806da70ecd
Training/pituitary/Tr-pi_0901.jpg,pituitary,3,train,de89275521be03d6b28418fc1f700e4b9e2b69f9b165cd11ec14bc7d28d162cc,d4cb0a806da7a74f
Training/pituitary/Tr-pi_0902.jpg,pituitary,3,train,dc745dd29facc8a305311ca19e4aee244708134a0ecbf83a42ff42ed8c07b14f,d0cf024d4f824fcf
Training/pituitary/Tr-pi_0903.jpg,pituitary,3,train,736cb388f37db650b854af30724d16e18446bbcde29e06ab84c90be00fdf5d1a,c0df028c5f8a8ecf
Training/pituitary/Tr-pi_0906.jpg,pituitary,3,train,ee7e4dd44886b1ee5de28693afd89b424f24b9d7a7975477ea785f6414779df0,c1cf020d4f934f4f
Training/pituitary/Tr-pi_0908.jpg,pituitary,3,train,ad52de7e71c478ccbabd291ccf12d39a4869c9d5f934fe893ccdeb086c78f65f,805e076d6a6a7d69
Training/pituitary/Tr-pi_0909.jpg,pituitary,3,train,df6f38a2d69ae7b714f7b05495304319996e2849f7ea07902595aa62c63d4143,815e036d6a6a7d71
Training/pituitary/Tr-pi_0910.jpg,pituitary,3,train,d78926e9384aa7877c655f80d1f3632125fdc391d664816a567478a54b2c8319,c54a4b8f2ddd0d2c
Training/pituitary/Tr-pi_0912.jpg,pituitary,3,train,fc8153ceb4278b419c9426a1128a1e8c8cdf575383df538d3de21d5750cc6663,d14e034e2edb6d1c
Training/pituitary/Tr-pi_0913.jpg,pituitary,3,train,e684b220dd0f60a9b7121aab8770e2319305b37900c90f7d79274da9b86bb24c,c5d20ee55e0d287e
Training/pituitary/Tr-pi_0914.jpg,pituitary,3,train,7904b75f883813645b62746ac333186b62250990fd98227865d6ef27a7da9295,c05f2b6e79b47092
Training/pituitary/Tr-pi_0915.jpg,pituitary,3,train,39f4709e614478a9eda7e11ceaf90b5ed6f1354e4d4343f956cbf998ce46fbca,d0c21be35e8f2837
Training/pituitary/Tr-pi_0916.jpg,pituitary,3,train,88f74a7b4f0b12e71d3f4c12739115e4f54ce4dcf65b63a8399d4b104443122c,d0c21ba51e8f6877
Training/pituitary/Tr-pi_0917.jpg,pituitary,3,train,50f4bcdfeb103be0b1d48d264674b9497e108488647119c36f404ff2a13e1262,d4601b3f3d2d6970
Training/pituitary/Tr-pi_0919.jpg,pituitary,3,train,f7b6c2b9c7c8efcfbc5e277a71de0743ac071f191e928a2e79052aa3a4be696f,d03e4b2d2d353cf0
Training/pituitary/Tr-pi_0920.jpg,pituitary,3,train,010ee61eab4f8e8965c558d1b0eb51b1f66e28b00093341efa68c88db5637c68,d06e4e2d3b313cf0
Training/pituitary/Tr-pi_0921.jpg,pituitary,3,train,8f75ba322a525b01177d6f854e73625804ca4ed1b5020af141405e3eb4d25e4a,c05f2b6c79b474a2
Training/pituitary/Tr-pi_0922.jpg,pituitary,3,train,f5000eb3ebfdf5206f177ded62ac1c47ed6aa422257f75fd453022cf151c4b76,c46a4a392d3d37f0
Training/pituitary/Tr-pi_0923.jpg,pituitary,3,train,e90f1bb52214bea637ecc42c56fe352339bb1f5555a314d271f43c3a3aaea625,85356e7a780f24e6
Training/pituitary/Tr-pi_0924.jpg,pituitary,3,train,c1e8e97ccb488c3f44f85dd8818a866bfdafbd191f071aa6685de041227f4596,85317e4e782724f6
Training/pituitary/Tr-pi_0925.jpg,pituitary,3,train,7282ba10b5653242643f43a5c58bc38c32ed3a89df67d062ff6e7a994837d873,95366e62694961b7
Training/pituitary/Tr-pi_0926.jpg,pituitary,3,train,61cd14d43687f0e780f6e840896a41837b92258669cfca762b6630dccbb5d7c3,95366ed278593163
Training/pituitary/Tr-pi_0927.jpg,pituitary,3,train,561cc1eed72df9fdb9acdae42c66f9ecf0a1bba560ec7804f297e668bd55b92a,853c6ef2788931e3
Training/pituitary/Tr-pi_0928.jpg,pituitary,3,train,860b32cc3b38bf5fc004fa243737d53bbe04d59a9c4b369ee0cf57d3bb52e3e3,91a54a6e3df16133
Training/pituitary/Tr-pi_0929.jpg,pituitary,3,train,af1e396fc1c4f962a4b6b48c4a387bec7bee5d0933a9f964d86e4b992d681b70,c05f2b6c7da47492
Training/pituitary/Tr-pi_0930.jpg,pituitary,3,train,10cc1d5148b482c48978ce969e98b69b23c031020c7c2ed270960659299e7105,c4616f373db260d2
Training/pituitary/Tr-pi_0931.jpg,pituitary,3,train,e8e044137deb637e60e100db7d1bfe95752975b6c1a0c43befab2a62087c6f5b,91645a362df169b3
Training/pituitary/Tr-pi_0932.jpg,pituitary,3,train,4234adacbfb716bb33b04d7b84874786581f33161af556e4c5bd538a48446f54,90610f373c7279a7
Training/pituitary/Tr-pi_0934.jpg,pituitary,3,train,fdc6082cc8c1ce9e6ed3d5ab13bb0c2ca6813f1d4f8739f13498bd1418db821a,d0661e3778722d27
Training/pituitary/Tr-pi_0935.jpg,pituitary,3,train,a3ccced1de422a8f4e9fcd0bd225089516828b3f93e11c05d5172633e41faa91,d03c1b2d2d346d76
Training/pituitary/Tr-pi_0936.jpg,pituitary,3,train,785e44b994793b7ccd6be13b0555653643719e1dfd5ba2ddd1e145bbf9647c9e,d0790b3d2f346d64
Training/pituitary/Tr-pi_0937.jpg,pituitary,3,train,dd00e9cb9b7c0799781523a2e2e2693b5efa54995433671a106f8ea0f738cec9,d06c4a3f2f3468f4
Training/pituitary/Tr-pi_0938.jpg,pituitary,3,train,1bc2728bd73dcdbc2f885a0a08aab0e806f5c64ef74f6e2a491730bd2779dc18,c1a54b4b2d70787b
Training/pituitary/Tr-pi_0939.jpg,pituitary,3,train,442a499971eaac3763ade8934e2b08133fd08d327b29f0c0ce193d7931772dd3,d1364b3d7d6024d3
Training/pituitary/Tr-pi_0940.jpg,pituitary,3,train,c27982be90b8c55c86b4a72f9a9fea885b561685fa0d1a5927b344eccff0c5fa,d1314b3e7d6534c2
Training/pituitary/Tr-pi_0942.jpg,pituitary,3,train,b0501a499aea9446e1ef8262ed8d3292caf634a988d3cf64026a93d23af4312e,91d35f292c6c6c66
Training/pituitary/Tr-pi_0943.jpg,pituitary,3,train,779b726d0acd97f873a7a31e6f7680d4b5ef26bdb12d6404d68d99b22eb327c9,91d35f2c2c6c6c66
Training/pituitary/Tr-pi_0944.jpg,pituitary,3,train,8756eefed856c438b173558187895bfbdaa75582330cd025798be147b26fee40,95736e9c6c613133
Training/pituitary/Tr-pi_0945.jpg,pituitary,3,train,fd28c40b5cfecba33c78c18788d7ee6407ca7d82735199a404bc316ccc5d4061,91337a2d2d6c3ca6
Training/pituitary/Tr-pi_0946.jpg,pituitary,3,train,321db4e7d8ef26f2bf8224d0ed64090ebe10100a62d190e2ad6cac8e819efc15,91337a3b2d3c3ca4
Training/pituitary/Tr-pi_0947.jpg,pituitary,3,train,4b9f82194394da79b7a0255efa253ef340233980b41d88f9d41dfc664aead1a6,d42b4b7d2d283e70
Training/pituitary/Tr-pi_0948.jpg,pituitary,3,train,c74f46b5f1228bd05b091fddbe4279da5f0e826af6950598de9838044e99894b,c46e4a3d3f2038f6
Training/pituitary/Tr-pi_0949.jpg,pituitary,3,train,147b10b260292d191be965e2d62b4c1abe6f3aa51c6a6f182c2d76e49c6550fb,c42e4e6d2f3038f6
Training/pituitary/Tr-pi_0950.jpg,pituitary,3,train,e74bdef4962cc66044f4dffe476e83f84c569554ee250756cb03719c3c62edea,85875a4b79696972
Training/pituitary/Tr-pi_0951.jpg,pituitary,3,train,51bd9e0f93dc2c0ec8f9205f6daee5d5f7cb5f6dac69662b1ebc11624c7e4c28,85675a6b79692926
Training/pituitary/Tr-pi_0952.jpg,pituitary,3,train,881b8b576fc0ed76d8244dc941898d1ea8ebbe673ad9fd52056a8aedcf426373,d5de02807ee27a93
Training/pituitary/Tr-pi_0953.jpg,pituitary,3,train,12e44217d6e2796479c9da4fd5a8d374cfae15be5b1c02f5279b9274d442cc14,85275a6b79392972
Training/pituitary/Tr-pi_0955.jpg,pituitary,3,train,9ceee8cf69852e4eeb24861752c292923ed9e3dfcfd5a51bee5a40cb322f164c,97976aca3c597124
Training/pituitary/Tr-pi_0956.jpg,pituitary,3,train,6a03665effcc230072c97da57cc49b33c17d6a00fe74ddba227e605d11c9feea,c7876fca780d3078
Training/pituitary/Tr-pi_0957.jpg,pituitary,3,train,1f4bdb2e80157fb5e57da26923356586a8a808ce53ba44d1ae7a42e2c449f140,c0326e782de371cb
Training/pituitary/Tr-pi_0958.jpg,pituitary,3,train,b5e13f8ea748ded7057a5202d480dadfee441d2551ddeea41f81d685e7f63a76,c1346a4f2db23d4b
Training/pituitary/Tr-pi_0959.jpg,pituitary,3,train,b6df4143b3413e893fe86ecc2ddb6ddce7bf692a6ff491f8a5b8467c100670c3,94b44a4f2db26c6b
Training/pituitary/Tr-pi_0960.jpg,pituitary,3,train,dede442ef447bed199f92b443ca280f04398ea91633afa90d69061998269e893,d5de02c07ac2be93
Training/pituitary/Tr-pi_0961.jpg,pituitary,3,train,efe454a974d79123746f0da57b53d3a13ba6d2415e0498920fac482faa5f9514,91364a6f2de36c62
Training/pituitary/Tr-pi_0962.jpg,pituitary,3,train,32b04fcd99fbe408ea83689c8778ff921d25ec9076934cfcab9a42eeecb4221d,c4e05e07399e397a
Training/pituitary/Tr-pi_0963.jpg,pituitary,3,train,33aed10cef7d57fc9a605ee310ce8ae47b73caad4c6358759523b6a31944f10c,d1c01e076b1f395e
Training/pituitary/Tr-pi_0964.jpg,pituitary,3,train,2ec530025b96f5b1c0637524d3b2f4ac290fe0304915427ea5ee65f4cea0ff8c,d1c01a0f29373d7e
Training/pituitary/Tr-pi_0965.jpg,pituitary,3,train,c6a3e2e8b13760d63b6e14015f7dbe1074aab43ebb772ee609ae1fb27bb9570c,94f05a277a0d2dce
Training/pituitary/Tr-pi_0966.jpg,pituitary,3,train,a2b8255eeaf25ed31fdd7a4ad4bcc1980eae8b0687884a215e69a3c23d272bb4,94e05a237b2739ce
Training/pituitary/Tr-pi_0967.jpg,pituitary,3,train,7122b3aee74b4e2d3a4dd7784e17ce9d4090e185ddf032ae2659ecff5d500b41,c5f05a4e6d2c3473
Training/pituitary/Tr-pi_0968.jpg,pituitary,3,train,b77b491cab244b7d4da8b3f252808e315a4c5e8a49cf5cbda27479c811591b01,d5da12807f92b273
Training/pituitary/Tr-pi_0969.jpg,pituitary,3,train,883a99d7940c36373184fa6d3805a0c1ba67a64ba1d99aa23cd518d797b6c9f5,c1e34b4b2d3c3c3c
Training/pituitary/Tr-pi_0970.jpg,pituitary,3,train,91791e4a748107723c8de175314a240892961d198a511c50e25b8a6a2e548b3b,d1e34bc32d2c6c3c
Training/pituitary/Tr-pi_0971.jpg,pituitary,3,train,110f7a673a23a8bd99a3207bbed84672004d19873b4260a588e3142106eb4ed1,95785e297e656862
Training/pituitary/Tr-pi_0972.jpg,pituitary,3,train,121e134b222773f93c47b432c84b21447f14eeb938357612278409d92746e0a1,947d4f296a606ea3
Training/pituitary/Tr-pi_0973.jpg,pituitary,3,train,b5a93f9fb9b694138d904875cfcb489f21b47eaeb51256862051dad147459c1b,846b0f387e703ab3
Training/pituitary/Tr-pi_0974.jpg,pituitary,3,train,75926c74e4d43b9cdc8605c6f1eb1e5c5c000a0ffa44f458867f3be37cda0bf0,90e32f3c3c696666
Training/pituitary/Tr-pi_0975.jpg,pituitary,3,train,5265d4e016ce254d6c4bd6391380e61e4a93ee5ce23b00668cf458403d6e84c8,93736c4e6d947292
Training/pituitary/Tr-pi_0976.jpg,pituitary,3,train,60af3c360cf523bf04607b7f6a2210c1e6a953dbd50297974b525497a3fa161d,97636b273c38609b
Training/pituitary/Tr-pi_0977.jpg,pituitary,3,train,cdc630e8ae2a6f0b85d4e0e80c65bf0b7dc9bfb91480615e4f4ab83933dca9cc,94374b3b2de4644e
Training/pituitary/Tr-pi_0978.jpg,pituitary,3,train,568b25d5ca097f5a0175630ea197e13fe426bddfcc3ce42b870ad294b8c70926,d5da02207bdb2f0b
Training/pituitary/Tr-pi_0980.jpg,pituitary,3,train,4c2be444596f7a086b7a4f43e11b8a30ac3ba2ca0e889fa6bd2759945198c5a4,d44b022f3f246cbd
Training/pituitary/Tr-pi_0981.jpg,pituitary,3,train,d59994c1001c0a5c4385f1e32d0555aa23cc87b56eca600fd475f608b23d7f8a,d44b0a2f3b247cbc
Training/pituitary/Tr-pi_0982.jpg,pituitary,3,train,3e9e7f6080c5d68e96c91a871a8a7398c6b8d64efd723695d4faba13bfd890c1,c05e002d7f2f3735
Training/pituitary/Tr-pi_0983.jpg,pituitary,3,train,2580573dd028db1b4834da9de50afb49ef5ec3f381b02e3b01687243a10c8b09,d05e003d7f2d3535
Training/pituitary/Tr-pi_0984.jpg,pituitary,3,train,9b96e26c3c85d14bde80e4d4f0520b6f4f9210c918cac521a4a3e36bd7758692,d05e022d5f2f3569
Training/pituitary/Tr-pi_0985.jpg,pituitary,3,train,33482e6589a6c9cffb55e102df607339932e4562d02b36481e3ec07c23eb939a,c4372f7878313966
Training/pituitary/Tr-pi_0986.jpg,pituitary,3,train,58fd477218d12b22dc9c78b5a776824ef96aafaf2a60d7c78f63c50534ebaaa4,95372f78682d3872
Training/pituitary/Tr-pi_0987.jpg,pituitary,3,train,bbf0ad666ddfca7abd077c7b169ee502b1c09168b938f74fe15ec58dc29017f1,94256f5a6db170ca
Training/pituitary/Tr-pi_0988.jpg,pituitary,3,train,60a0b702a5f95f018364f2310fa0b8966f48d3780d56e663cee095c01784bb9f,9508527f6b297b70
Training/pituitary/Tr-pi_0989.jpg,pituitary,3,train,e438daf0f114dc29dc4df6d960e5b94f8f07a961d89f8f1b563782bff3a36b0f,91336e6c6d3170da
Training/pituitary/Tr-pi_0990.jpg,pituitary,3,train,7731932c2b5357d3fb7386c08bb27765a1feba968e78929ab6602ec76baf4e32,91336f6a6d30389b
Training/pituitary/Tr-pi_0991.jpg,pituitary,3,train,5d0ceb7abedb847e690b0615db70fd46ffd00e5132ac6384b3cf42ca30342944,d1952ada7d25306b
Training/pituitary/Tr-pi_0992.jpg,pituitary,3,train,d4cbdf5fdb9e9cc33a98004d287be712a44e91495e439b5fb806d549de89bf3d,d1970bda7d2120f3
Training/pituitary/Tr-pi_0994.jpg,pituitary,3,train,fdf389d6cbe0858f4aa1a52453736db282e9473f28a799eb44ea52c52a51d1da,94721ead6c7161e3
Training/pituitary/Tr-pi_0995.jpg,pituitary,3,train,69b4280c1bdc1c86964dd358cabae4d4e4e371e47de7ffdb8c69947da2027759,85a47acb3998634f
Training/pituitary/Tr-pi_0996.jpg,pituitary,3,train,95f60f3747b3505b8adb332dc4f9241063e3e849cf5020450931671df468f42e,942b5a7f6b2c6264
Training/pituitary/Tr-pi_0997.jpg,pituitary,3,train,5388dab6d1e862d2b09a796c6cac06f88f6b8ef0948a722ccd958cf77772685e,85a47adb3998616e
Training/pituitary/Tr-pi_0998.jpg,pituitary,3,train,bc33cfc11628e8364f9b9555776651c23c476fce738d17e4811a72156c17d02e,85846adb795b6169
Training/pituitary/Tr-pi_0999.jpg,pituitary,3,train,1c4343a37626677ad6b8d4385fc310c561a24fb340c0aaa6b80320addc900bf3,85947ada794b6169
Training/pituitary/Tr-pi_1000.jpg,pituitary,3,train,5878e591bd826c4c6052fbfa7331f3532eae82e9d1bacfd3e9bb7d4f6af3d777,85947ada785b3169
Training/pituitary/Tr-pi_1001.jpg,pituitary,3,train,80286bae7da2fa4941faf50feda4a06b368d25c790a330cc85367fde7821b068,85255e7e78296b64
Training/pituitary/Tr-pi_1002.jpg,pituitary,3,train,cff5a0d0d6714d26258b9e2ec303b7758fdc5e76d8c938375972816bc37536f6,84245f7d79297ae0
Training/pituitary/Tr-pi_1003.jpg,pituitary,3,train,6c57fe84553abd5bc66faa88b61c3c5ffde1ab42c109a69dbf5493236045fcaf,900b5a7f6b296af0
Training/pituitary/Tr-pi_1004.jpg,pituitary,3,train,2661adb2c05042c3a418f4490898d415f3082c3e935b305273404b0d414889d7,c5e34a492d3d3c72
Training/pituitary/Tr-pi_1005.jpg,pituitary,3,train,06954ed5d96b6962a773eb387dbda2f6080b54addacd504309115544fa9363fa,d4634a7d2d3139b2
Training/pituitary/Tr-pi_1006.jpg,pituitary,3,train,99698e66e31c3519f1a19a0ec639134182d7eee1d20e490b8d72272ef508047d,c56f4a3b3d3430d2
Training/pituitary/Tr-pi_1007.jpg,pituitary,3,train,a666ce2f0315be849abcded99e2b1c82464f8c2cf9dbba799fe3604c2aeee8a9,c4674a7b6d3438d2
Training/pituitary/Tr-pi_1008.jpg,pituitary,3,train,cf869f66c383f803be936942d7eed64b31d61a15a87648a87abf688329ca9e27,c5353ec8681b7167
Training/pituitary/Tr-pi_1011.jpg,pituitary,3,train,8a62387b92138b585d47284b114194d353fd3dbcedbab2752b8489953889e2a9,96b63ed27849690d
Training/pituitary/Tr-pi_1012.jpg,pituitary,3,train,376853add462b381bd92e313dfb9ae7f637c747740987ca751270b2f3eed968c,96b66ed26c48694d
Training/pituitary/Tr-pi_1013.jpg,pituitary,3,train,4069ff9cfb80d23ffb39199e86a3145bcf0af978733cb415b5aa034996029f84,97b63ad269c8690d
Training/pituitary/Tr-pi_1014.jpg,pituitary,3,train,e2da09b292d756b18d45a090c33f924a3c9f597db0dc233268256e4e93bfcdd1,93b33b7a6c1c61c2
Training/pituitary/Tr-pi_1015.jpg,pituitary,3,train,c5d976bf5631604a8a9ff879c362de68d0a7cdf9e7227514b4416e7725524bf6,92277bca6d1c70b8
Training/pituitary/Tr-pi_1017.jpg,pituitary,3,train,00d9bb2c55268a23eab7fd4e0e85f686c4129147bc3f2483daa08388a0dd0539,d0322fc369cf6c8c
Training/pituitary/Tr-pi_1018.jpg,pituitary,3,train,2f27ee62768da9b1431029380f22c60a17cab411cfce6a03940feb1c46b01acf,85635a592b393cb6
Training/pituitary/Tr-pi_1019.jpg,pituitary,3,train,0bca3cf37309c0301c477fb812033accf3ed2dfceb780818f212841da66dadc5,84624e796f293cb6
Training/pituitary/Tr-pi_1020.jpg,pituitary,3,train,92cb1f9ff4ff1a1267323f4ccf30f3304233ae45cab0519b4596394d70d4ae51,95b67ac93d6130c6
Training/pituitary/Tr-pi_1021.jpg,pituitary,3,train,199eb075c49dd8bec075885bec96279582ae8150268fec7440aa23ef7a3af88c,97966a683d696196
Training/pituitary/Tr-pi_1022.jpg,pituitary,3,train,f3efe3b5111026b41f4f97a972f8fa9086f7bf976a5d22affbddbf43269554a4,95376ac63d693119
Training/pituitary/Tr-pi_1024.jpg,pituitary,3,train,6a0cae003601b919c9af335c8033ccb13831ae885eed2c1ac7fe786cb2be9977,95256e7879b16526
Training/pituitary/Tr-pi_1025.jpg,pituitary,3,train,e765ec643119a102e5a98552f34c79b009f85e38729ce105bbef45dee4fc2f35,95e05a4b3c35693e
Training/pituitary/Tr-pi_1026.jpg,pituitary,3,train,52e0e5fdded2760515e979d2844e7bf9de2c4e7506f6fac5c8935bf029778aa0,95e15a0f6a39399a
Training/pituitary/Tr-pi_1027.jpg,pituitary,3,train,b88e6839f31aae95645853d40700483dce22ad010f67ffabd8b3b6d4e477e0e2,85e54a4f2931799e
Training/pituitary/Tr-pi_1028.jpg,pituitary,3,train,0616aa9370b9f985df54e383bd5c78fe64da630c98c40e0e313ddc8cfbc6b33f,95c55a4e6c2d2cb6
Training/pituitary/Tr-pi_1029.jpg,pituitary,3,train,c76cebd066e7bbd6de745ea15579933f98324e8ae6a79f3eab5e0ef4a46456e3,85c65a1f782d3d26
Training/pituitary/Tr-pi_1030.jpg,pituitary,3,train,ff14fb618b2b9d67665fadea54e16d7149ceeca76d64fcb177ffdc62fb80f677,85c65e8768cd2d0f
Training/pituitary/Tr-pi_1032.jpg,pituitary,3,train,fe42f06c58bf9a02c1e70cc18ee21c66253df4b08b7cf874b10f0c2415ffb2e2,91313f6a6db56036
Training/pituitary/Tr-pi_1033.jpg,pituitary,3,train,b597fc8c73abd1f75d1a3dab3af72fd966b99175464efd11d8ad2e1cb81b8bb4,c1e64aca6f1b3c68
Training/pituitary/Tr-pi_1034.jpg,pituitary,3,train,fe073a775d35598bfcde9ae293c6bf00264fdf56f54a3644e646a562c99bb7f2,d1e30ada79092df8
Training/pituitary/Tr-pi_1036.jpg,pituitary,3,train,54a7669f8e87055e4ec87cc1ed560a6aae36db596195d9a5a402bab2d3dacd96,85e34a9b3d58398e
Training/pituitary/Tr-pi_1037.jpg,pituitary,3,train,3ff8d38c5ce71527abb08aa67a4e0e9bcc3d3c1cedf9441342822d2d03830c90,c4c70ec27f4d3919
Training/pituitary/Tr-pi_1038.jpg,pituitary,3,train,8a3e3a183a121d392f939bcbeacaae0dc68d93827c3bebfd425b7a3e5e2d4977,94e62ad22f8d7998
Training/pituitary/Tr-pi_1039.jpg,pituitary,3,train,95500617fedec0c1a65337966b8dac2f54bad04f6ac341305e16961ead808c54,91337a8d6c6c60ee
Training/pituitary/Tr-pi_1040.jpg,pituitary,3,train,eb5eed5833edb3bbca7adcf01b8f5c905984d5e858e55921b6069baf93064f4d,91373e686ca56966
Training/pituitary/Tr-pi_1042.jpg,pituitary,3,train,0675f367ef2785aa6b86e8f98cdc2fdb2ff693b721862c3010d3f329643b21e6,94726aa76a6f21e4
Training/pituitary/Tr-pi_1043.jpg,pituitary,3,train,c9689c49c12cb999f7802ffa2dd97894fd2e08c331c7b8afa33260def73a96ea,94c04ade3997395b
Training/pituitary/Tr-pi_1045.jpg,pituitary,3,train,b676821b45b3fa603c50dc95c254b06dbcaa251fe7cc462af7b0ae0c5e36d1b3,d0d12f6a693c3c63
Training/pituitary/Tr-pi_1046.jpg,pituitary,3,train,4fc2b4718ce5e727c561e338f752c12b536dd701e004f38460b55985dcbe9491,d0c32bf36c1c3c36
Training/pituitary/Tr-pi_1047.jpg,pituitary,3,train,d1eaba9e555423494cb3a8787e4f6eda32ec505f6a6507454691f3906d8d9a12,d0c26bb33d8c2c9e
Training/pituitary/Tr-pi_1048.jpg,pituitary,3,train,e789b3a7a52c11d8c81551a89f4230a483f41b548de987439b43e55c6fec2248,d1616b3e3de064c3
Training/pituitary/Tr-pi_1049.jpg,pituitary,3,train,d597f5f62e71b5ea572ce31dcc333f67bf7401639851474c34a5f997dba7a067,d0c26bb32d8c2c9f
Training/pituitary/Tr-pi_1050.jpg,pituitary,3,train,8f832812623a385b79d22558f6ba29ad40f8133582ea8711d1c8e88208f490a8,95b10f726e064e2f
Training/pituitary/Tr-pi_1051.jpg,pituitary,3,train,a402b648c2b843c23c0dde00aea75c9121407f44a8654a87782868f79f4ecf67,91b15b1f6a6c2d25
Training/pituitary/Tr-pi_1053.jpg,pituitary,3,train,5694ab0c74791d69c2a13e853f3d1c898fd23146d42a9373bbc6f8766f7bcdfc,85731b337a3c2d34
Training/pituitary/Tr-pi_1054.jpg,pituitary,3,train,e14c6aad1865146fdc7997301bd409a377cebfce3b5efafab6d818a571b2aad9,c13b5b732e642cf0
Training/pituitary/Tr-pi_1055.jpg,pituitary,3,train,2181c3bcb4d0201820379eeda2cbbd41d1ae0f5234067321c476fc848e214d12,c13b0f646c652ef2
Training/pituitary/Tr-pi_1056.jpg,pituitary,3,train,89e0929a6871ae9174d8d8ee2c11558b975983b8c5051611d6bec7d6fdc330eb,c54e034e6fcd1d2c
Training/pituitary/Tr-pi_1057.jpg,pituitary,3,train,d38ac8fc08b99d83870c668592d472fbd2e34ccd1485cfe7874ad05283733cd9,913e1b3479616ee2
Training/pituitary/Tr-pi_1058.jpg,pituitary,3,train,65d50b010eef7b96567bae36b345f0a9d495ff9517bbe470950a296a43368c28,85c14adb7b0d2d27
Training/pituitary/Tr-pi_1059.jpg,pituitary,3,train,81ca28397d24d163b748b69aae54971d073d775fb172abf8f0ba69ab90e88989,c4c54adb7b0539a6
Training/pituitary/Tr-pi_1060.jpg,pituitary,3,train,a37b58385ae0f59d8145e28741f5ac274f2cff9dee978916b5a8fcf0ca44aa4d,84c14beb6f552996
Training/pituitary/Tr-pi_1061.jpg,pituitary,3,train,f765785a304d80f5eb8a2b2e503b741d438c02172e571797a7ee9286b26285ed,85977a6a2d657027
Training/pituitary/Tr-pi_1063.jpg,pituitary,3,train,366f3b344912d42648156c4c1e92198105c0ddfc33ba17a50d17ec6640325559,95b76a6a692531b2
Training/pituitary/Tr-pi_1064.jpg,pituitary,3,train,7c6f5a0b3cf023d3d9509f708e5243af2b718b4262a9516dd57f4dae27e6c66f,d40f0b7a2d3d3370
Training/pituitary/Tr-pi_1065.jpg,pituitary,3,train,f7afba1916cef2716c989ea6c2ce859c90ccb2a1813e6912024d3596847a73b6,d0632b4c6db47cc3
Training/pituitary/Tr-pi_1066.jpg,pituitary,3,train,8dacd588df19dcc29b894d0f649539a33f76c77f0a35089757569bd32832d7b4,d0732f4c6db43cc2
Training/pituitary/Tr-pi_1067.jpg,pituitary,3,train,d0703a142cbdd4f2e6554aeaff72f17b96b133f9fcf24664b88f6485601e976a,95676a6538c3e19a
Training/pituitary/Tr-pi_1068.jpg,pituitary,3,train,7ff4ee9223316fd22608f038b18b3b60606b7480b08cf77bfcfc70c00bcf3e0d,87317a6678c731c6
Training/pituitary/Tr-pi_1070.jpg,pituitary,3,train,f7470ecc1483fa00bb978c43ec9db5045c500a9a4ef7240b805d9345f18b955f,853f5e7869696861
Training/pituitary/Tr-pi_1071.jpg,pituitary,3,train,3632d161fdc52dba0e15455c81f3e183f3ebb0d5b73fa752a3948bd1d98d4aa1,d00f2b6c2d3d6770
Training/pituitary/Tr-pi_1072.jpg,pituitary,3,train,9bd5c2db1bd95b463124513c787129905395352b6574ecbfec3557fa013512bc,91e16bda2d1d7470
Training/pituitary/Tr-pi_1074.jpg,pituitary,3,train,90427b478681ba9748ce7f46eefb933faf82ff0205bf77a381c6ed45540a4406,c0c36fcf693c3438
Training/pituitary/Tr-pi_1075.jpg,pituitary,3,train,fc3a2f2d7deb368d4d86239147021b64a8a30d5e62ec523b1fc3a32e1f54f1ca,d0c66ecf6d393418
Training/pituitary/Tr-pi_1076.jpg,pituitary,3,train,017d53e079ad6c7223cc79b7f79fcfcdd27978f6c424bfe1f67e8d7b478e3ec5,90c26ec76d6d3519
Training/pituitary/Tr-pi_1077.jpg,pituitary,3,train,7213fda35330903191d0afb5d0176953149a36fb7f1dac9eeeffc7148cf58dbb,c0c22fc76c5d3939
Training/pituitary/Tr-pi_1079.jpg,pituitary,3,train,4f04745f96191af5c9e3860d201e91125b769764de7fedf638bf54518244426d,c1336e4e3db1605e
Training/pituitary/Tr-pi_1080.jpg,pituitary,3,train,696ea8c1713d7141a0c54c396d10b777bc76d26acccc9a9e0acb33ea05150488,85276e4c3db3615a
Training/pituitary/Tr-pi_1081.jpg,pituitary,3,train,f42e3163abfe09c0130faec73d76434ee4be9f90fdf6ce3ec08505e5bbf26fb8,85317a5e3db260ce
Training/pituitary/Tr-pi_1082.jpg,pituitary,3,train,665fff8637e79fd94000d65de7649d4cfb374da49d57729885445449607792df,85357a5f2d3260da
Training/pituitary/Tr-pi_1083.jpg,pituitary,3,train,f79294ec143004810738999a02b07c421f4b7a5177184473031ae38e432bbf5f,95366a4d6d797092
Training/pituitary/Tr-pi_1084.jpg,pituitary,3,train,f614ec20cd522f225c65ecce60b45dc9a5395fdba3d9580f30590b247cf86217,85366e0f7978390b
Training/pituitary/Tr-pi_1085.jpg,pituitary,3,train,69cbc376a66af1c841e67f2a3c7bf96f45a8dda6ede0045a400a8b43aa037b06,d40b2b3c2d6e3574
Training/pituitary/Tr-pi_1086.jpg,pituitary,3,train,9e0151b649dec4ab5403968731df8156db2193e0a0e088793ee138c5c005e232,d5356fd36c48380d
Training/pituitary/Tr-pi_1088.jpg,pituitary,3,train,349a5e2a0e5d67752a19942270042b9eb7d5b791e9c0dfaeb8ef338dcb872ba0,95637a783c27616a
Training/pituitary/Tr-pi_1089.jpg,pituitary,3,train,de815c995dfc873826e33c685e4a2921da500d30c09c566afecf5e086746d3bd,97233e78782764e2
Training/pituitary/Tr-pi_1090.jpg,pituitary,3,train,a5b10f2f90abdc78ee4f586df60fcbe0277638fb7c1252223e87d67319e2162c,c4963a4b3d357368
Training/pituitary/Tr-pi_1091.jpg,pituitary,3,train,eacbd72083dad864ce63b2578dfba860577026e0b92cc5676614cbf3da9db9fa,85336e6868e6378e
Training/pituitary/Tr-pi_1092.jpg,pituitary,3,train,bf706aa52ffb65fa4d69009603adcbc7c26e3dbbaaa1665044f5baae56fcb95a,85377a6969e23487
Training/pituitary/Tr-pi_1093.jpg,pituitary,3,train,c9ee8d216e5dac196f3ff5d7444221e00270f6dd4800ad76e7c3d0521a51697d,d00f0b382ded3765
Training/pituitary/Tr-pi_1094.jpg,pituitary,3,train,1cdaccb33c5447d37b2bd3ac9f4dbb87f902b77b48e05f4d4e1e7503db347568,95376a6a69613497
Training/pituitary/Tr-pi_1095.jpg,pituitary,3,train,02062b1f7c1faf1ab498fe1fb9d1a6b1a22ae66264060aab800a9caac160b25e,95635e1f68256966
Training/pituitary/Tr-pi_1096.jpg,pituitary,3,train,dc0403fd8a1505e846d7321e83a5b9e6d776cc14196a862b8826ed9af8d4f845,94605a7f296169f6
Training/pituitary/Tr-pi_1097.jpg,pituitary,3,train,2acd3ea991b0d09f0e19e08a0d7808c3e1792e38155d1b6dc116fc6d75b9d89b,84605e3b2b7178b7
Training/pituitary/Tr-pi_1098.jpg,pituitary,3,train,dbcabf4bdff8980821a8465d6562b5b3a069bb5d182be93aa01ad3e204c4b5b9,95325a3728716ce7
Training/pituitary/Tr-pi_1100.jpg,pituitary,3,train,c5322f969455fa8a2a55f09c545ebb93e8ff42c7f3e53b191167ee1bb82354f3,95725e2768606ce7
Training/pituitary/Tr-pi_1101.jpg,pituitary,3,train,faea3af36dbe7cf282a6a52672173e3e85d46363ce9aeb5fc3ed20d4c87be8de,94375e686d6161b6
Training/pituitary/Tr-pi_1102.jpg,pituitary,3,train,dc4100d888c34ca0d14bd52e371dc3940474843004239ecbc6e4dddaf9b0792c,94374a696d602db7
Training/pituitary/Tr-pi_1103.jpg,pituitary,3,train,fc689f95310f1e2de303769c0df30ee98b1770dd4ff4a21cc57b55add573afdb,85a56eda690f3172
Training/pituitary/Tr-pi_1104.jpg,pituitary,3,train,d901f6f36dde642a777576a49ec8798ee067a06f604c62e6dd142992432ab0aa,91937ec62c0f716a
Training/pituitary/Tr-pi_1105.jpg,pituitary,3,train,b3633521a754514f9982ec7fef6d43e698e18fed637c5f7d6a7521013fd89782,95937ace2c1c6c5c
Training/pituitary/Tr-pi_1106.jpg,pituitary,3,train,10068a5acf25897e8f434df48f22260a13895c54220dccc4480d34699fd8dee7,91937ac62dcc6ccc
Training/pituitary/Tr-pi_1107.jpg,pituitary,3,train,d6f64021e12bd67cf09b1c313af7a57091c5ddb69779ba73dd3e558a0c715c03,d00f0b682df975b4
Training/pituitary/Tr-pi_1108.jpg,pituitary,3,train,4e43c9662a13cd5e883a080c80f1d4a96c44bc4c5d3b4276600b6610402ebddd,d0722f2d6cb670c3
Training/pituitary/Tr-pi_1110.jpg,pituitary,3,train,b6e28163391306a878c2c17483a7b46dfa297a53e93fa44f9dcc4f2793b7736c,d0732fbd6c606487
Training/pituitary/Tr-pi_1111.jpg,pituitary,3,train,514a28e2a4fdc3e738cff075c855d35023d803cab23eede0652376b40ac81331,d0332be56d9464c7
Training/pituitary/Tr-pi_1112.jpg,pituitary,3,train,081525a740506dc39c3ad6e6ed11f8f6b7141889fa9e498bc6b36f6b75f00bd1,95316e3e69c2b41e
Training/pituitary/Tr-pi_1113.jpg,pituitary,3,train,71b9a0f41e0aad3b9447f1efc1d81b36173c0577522c01f405d40567bf7087a0,81337e7c6990706f
Training/pituitary/Tr-pi_1114.jpg,pituitary,3,train,61e0e1c62e600bcff75eb43139e2ec68822c9a1bcec5758a313a9fcb03bd1696,951a7af669492167
Training/pituitary/Tr-pi_1115.jpg,pituitary,3,train,0d0702debd3b226f6a3a0522ebe11289976780a93e75861be7c521d17449cec1,951b7ae238c925e6
Training/pituitary/Tr-pi_1117.jpg,pituitary,3,train,6617f1f413ce5836a8daa6071bedb79842c1f9757615b589345f124bdaf1cdf3,813f5a7e6b212971
Training/pituitary/Tr-pi_1118.jpg,pituitary,3,train,09934091e6471e74b9935bb21a32912f9f8a5f888cdbcfe9867230480e7d36fb,842e5a7a7b216be4
Training/pituitary/Tr-pi_1119.jpg,pituitary,3,train,f317120b8eb3a4cbf6918321f149a53f4a1f2ce21c4f47f579515582414d6659,913c5a787b216be4
Training/pituitary/Tr-pi_1120.jpg,pituitary,3,train,4046b921b3a98762f197cf43063e89a32debee67c2ac716d689a65cf86b3ab2f,953e5a68296969e5
Training/pituitary/Tr-pi_1123.jpg,pituitary,3,train,0ba310b63b23e133f29a43a412d6a9e0a20cef9d88a09dd4d2ff29158f6dacec,d45a0b096e3d69e9
Training/pituitary/Tr-pi_1126.jpg,pituitary,3,train,62c6d01e8cb74d8484703479b4f959b4deb39c690abeed543f80d9b449b353e5,94326b1d3de56196
Training/pituitary/Tr-pi_1127.jpg,pituitary,3,train,840a95c527adf78fa30513228a059966199d0ffe42d962943a4bbaecdd181892,c5636bad3d983891
Training/pituitary/Tr-pi_1130.jpg,pituitary,3,train,ef7ec68bd780639a9fd530eb510aebbe8a45e76fae6154c679eaebf03a0bd943,954a4b486f0d3ddc
Training/pituitary/Tr-pi_1131.jpg,pituitary,3,train,ee2f1be9846f681dc262e5c1965b0623eddddba4471a4fdf9640853b658a9be4,915e0aea6bac38ad
Training/pituitary/Tr-pi_1132.jpg,pituitary,3,train,472ac929f2ca13d560f0cfe3437b465bc0d607586bd7c981aea6187d99a2cdf4,914a4e992bed78b8
Training/pituitary/Tr-pi_1133.jpg,pituitary,3,train,70a9edc9512453f95f92e41f161b15e4ceda29395e4391394d9e67835351be85,911e4b994eeb3929
Training/pituitary/Tr-pi_1134.jpg,pituitary,3,train,c57136d256660074cf1e64d8498f8b56f2f8ffb2f133ef4f21711212e588f6a6,91ca1f257bda6306
Training/pituitary/Tr-pi_1138.jpg,pituitary,3,train,465a555350168e9a4c16769e6777f57efa373d863cc55ff673dbde09bdbde1e8,c54a0bc93b1f2f4c
Training/pituitary/Tr-pi_1139.jpg,pituitary,3,train,7df6ffa47312021dc2aee5a46a25d724ecae3f7598d52d7689826574b265998d,91c20e5e3ba4673b
Training/pituitary/Tr-pi_1141.jpg,pituitary,3,train,7486fe7997faee3a287a65715dee7f38b276d92fcd957788859987ca824c760c,905f6a3c6bf43461
Training/pituitary/Tr-pi_1143.jpg,pituitary,3,train,3504f31f43d091e154df70690b600d399ad4e54dddfb86245ac47b4a8471c0c8,95c25a4a6e1d2f8d
Training/pituitary/Tr-pi_1144.jpg,pituitary,3,train,f421d28c1b91f4f65c896e515ae42abe277045604cfd66b090cd20f352dc2d2c,94d14b8e1d4ace9d
Training/pituitary/Tr-pi_1145.jpg,pituitary,3,train,ba1151b5e6da15116df840d5db535543e87f92f6c6edc08c955c4f3b001e8acc,94d34b830f5a5e0f
Training/pituitary/Tr-pi_1146.jpg,pituitary,3,train,4e0adf4e6a28d1c4e663b46bc53eea9250e59d93e435b7c03e6b23cd4daf9e52,95c22a1f7a5825bd
Training/pituitary/Tr-pi_1147.jpg,pituitary,3,train,5289bc00748cce8f764fcc5fc1cca7b6d978a40e0cc2a7c85f0c23faecb8b7f2,94d30b1e7a59661d
Training/pituitary/Tr-pi_1148.jpg,pituitary,3,train,eb0476bc505df6b06669a903a3e6b6faeffb8708760575899435fa9eea3846a7,95d30b0b5a4b361f
Training/pituitary/Tr-pi_1149.jpg,pituitary,3,train,60fea1ea75412f62cd00a5af8921e4a52136f577acf7278f7004d0ab77c9bfd6,c51f4a2d3df13470
Training/pituitary/Tr-pi_1150.jpg,pituitary,3,train,c4af56e05f988c1c05801ebeb51c5cb7c313b2446a9545b3ccc509da96ed5ce8,d00f3e793d616d30
Training/pituitary/Tr-pi_1153.jpg,pituitary,3,train,7cc56d51359775f3ae06b302104adb67f2ec421d40df1e11e40a47c379f4ce63,95c84e896d8f6d68
Training/pituitary/Tr-pi_1154.jpg,pituitary,3,train,e053d2d5140749f67d289a17ce340223db5204e8dd00cce83c43486a439a0846,859b53841fd7560d
Training/pituitary/Tr-pi_1155.jpg,pituitary,3,train,c4723283a73dec248c6ed13ebf25e72da2eb5b50f89a608db41455ddc4419475,d04b6b2e2d8c78f4
Training/pituitary/Tr-pi_1156.jpg,pituitary,3,train,fdcf2392cbd2b67e4a040ff0cc731a27e5e6dad24a44e5e07fb1e303c9375874,914b6b362d2c7cf0
Training/pituitary/Tr-pi_1157.jpg,pituitary,3,train,8161d7699b6d1d9141170dcdba25acfe1829cdab1238463b61a5aea8c70c2c29,851f5e3a396c1ca9
Training/pituitary/Tr-pi_1158.jpg,pituitary,3,train,5fbceaf14d734772c7bcd0f901fdd245817c5ea964d58c0e97c57290616ef8cc,801e5e7a6cee5a29
Training/pituitary/Tr-pi_1159.jpg,pituitary,3,train,39a1c66cf441a195d8d17555fa0d111c369dd19062723ca91ebd0f4ff7feabba,859f1fd838eb5848
Training/pituitary/Tr-pi_1160.jpg,pituitary,3,train,19199448534ed43ced2eeb2c2d29109a123b671aae15b2cfb01fc896f5941d52,951f5e63297862e1
Training/pituitary/Tr-pi_1161.jpg,pituitary,3,train,204d16846712d35c6763a4723d2ed690e149b4ee593ffa3d64fdb2ef4b0d5fa3,908b4f961bcc9a8f
Training/pituitary/Tr-pi_1162.jpg,pituitary,3,train,1477d567c5be8847295360e86b79f2e82853c7891c363926d226eb7b057f25ab,c19e4ada1acc9bca
Training/pituitary/Tr-pi_1163.jpg,pituitary,3,train,9f72f37655298de2c7be3abd3ae3e839bf94e52980d7624d1e5ad72f4fcbe261,95964f925a4cf34a
Training/pituitary/Tr-pi_1165.jpg,pituitary,3,train,8dd85d034c337a08a043141bc623d8e2c30a3ff9aceb79785090efdd84189a1b,c09e4ac71a683fce
Training/pituitary/Tr-pi_1167.jpg,pituitary,3,train,8fc9c7e02a1508b6e09058ec86bc9c74f554f4c20196d257cc28f4ca6c0cdf73,851e7e27687833a9
Training/pituitary/Tr-pi_1169.jpg,pituitary,3,train,ddaba310159d637d98cac1a84ffbc198d669c53900c39f81bee2d62291ada638,c0976f970d46374a
Training/pituitary/Tr-pi_1170.jpg,pituitary,3,train,4d2774bf0ae35aa9a3d434a879e0ae252b6b33e9fa4b20c1988ccfaf64fe715f,c19a6a930dc63e6e
Training/pituitary/Tr-pi_1171.jpg,pituitary,3,train,b6d4a0e24fed63b9658cd2e9db884de612003b05370321732a7b3c1d1e00748d,d46b2f3c69762170
Training/pituitary/Tr-pi_1172.jpg,pituitary,3,train,192cc4b51b911038a093f472fb6d037dfdfc5f7778006d30573336686c2dd3c8,c07a2f3c7966ad60
Training/pituitary/Tr-pi_1173.jpg,pituitary,3,train,b2d7c74321be5e6d04469525cf2dcc818ecd9c080fb5dbd068e3870a534ef3cd,c47b2f2d78262d70
Training/pituitary/Tr-pi_1174.jpg,pituitary,3,train,6b5ccc2869956cf413d20c70b45e4a842f96c7ec1af266911a38cefc99f92ef0,916a2b2d7e343ce4
Training/pituitary/Tr-pi_1175.jpg,pituitary,3,train,fbc441b880e29d0d64f4e4b54561d800b093447afb10624391278a1eaada888f,c54a0f245f6f3c0d
Training/pituitary/Tr-pi_1176.jpg,pituitary,3,train,1f794431e0c29569482ba587bfdbe0523802d6e4606ca1c5e8297b282ddeffc9,c5da0f095aee630d
Training/pituitary/Tr-pi_1177.jpg,pituitary,3,train,95e2c473a6117bad6294176a2c1e797b2cbf3b82689ae87edd2461d99c8cf56f,d5c80f095ecb6e49
Training/pituitary/Tr-pi_1178.jpg,pituitary,3,train,bd6f7cdd36c6a79522e2facc8b2d8ef843a0aac3118362068faea1543899fbcf,855f7a2d79e02561
Training/pituitary/Tr-pi_1179.jpg,pituitary,3,train,94332ab3617fd542c08d1f022baf10887cf14f04e2d55251450bc471a7c63731,953e7a2d68382579
Training/pituitary/Tr-pi_1180.jpg,pituitary,3,train,df5bd9a5d9d575a01cfffad1d9c026f43f0fc19b441349f62cd22a676ad2bd88,956e7a2d7a292961
Training/pituitary/Tr-pi_1182.jpg,pituitary,3,train,6e79de4a9750daa144b11d1d23fcd16c36462c87318355f3de7819ee6908bf68,850e7a7a7a392971
Training/pituitary/Tr-pi_1183.jpg,pituitary,3,train,5b9202d3ad3aa78f2fc8679e6836bd9710135ac21713302015d4143052a80271,85485a3e2d3d723d
Training/pituitary/Tr-pi_1184.jpg,pituitary,3,train,e51e4b8584c9a1165e2642ca9f008f0e8ee79f85fe5ac61c890d90d5ab72c130,915e4e3a2df9320d
Training/pituitary/Tr-pi_1185.jpg,pituitary,3,train,20447f117ee2331dd31a22460715dfb7d0c3dd2bbc074b79eb3938ca3b0d2644,851a5a2f39e87939
Training/pituitary/Tr-pi_1186.jpg,pituitary,3,train,13e5eb5e2567e62f12985beb137edfde5c2478b240e18630fb04278360511514,95c85e1d697a582d
Training/pituitary/Tr-pi_1187.jpg,pituitary,3,train,d206fd8490cd83c2e4ffd336ddfba8859c19f3eb9541b02b2cb4c40625d83c6b,91d80f9f6cd88c2d
Training/pituitary/Tr-pi_1188.jpg,pituitary,3,train,8a48f8a3571aea8933e9237b0a81dbabe766555589427e2cff18cd0b41f6c82e,855b2e783dcd3461
Training/pituitary/Tr-pi_1189.jpg,pituitary,3,train,7c7f003ff49508a23da99acd08c94bc3c2bd6771374e82ad9a10d291a2292e8e,801f5e79396a62e9
Training/pituitary/Tr-pi_1190.jpg,pituitary,3,train,3fcc8af75cc571659a43d865dd91c07c2e4fd3de4d78ef226ffd2ffae8581160,855a3f78696d7070
Training/pituitary/Tr-pi_1192.jpg,pituitary,3,train,96b31bd1c1ae14f51d5383a8457d2a69e2da7d56265323f5878764889e0526ab,855a2f7879253d70
Training/pituitary/Tr-pi_1193.jpg,pituitary,3,train,a3efe908db5a962952a68d0837c340e05f0b8eee86e2bdfe88b8d84016aaa913,954a1b2e7aac2d3c
Training/pituitary/Tr-pi_1194.jpg,pituitary,3,train,bd05d4ec7ce71300ee7f6e2bd16c9bbf7e85f6d6eee82d6436c7b403b8283689,855a5a2d3aad2d78
Training/pituitary/Tr-pi_1195.jpg,pituitary,3,train,f3f9caef0be40b959946adb7bc39039cbce00a44e54b041275311254f5d8da75,954a0e291e6f3d6c
Training/pituitary/Tr-pi_1196.jpg,pituitary,3,train,fb73f37fd98784a661803fa8ff7fbe1920caf94ccfe80f042ed6eca9582d9919,954a2b253c6772bc
Training/pituitary/Tr-pi_1197.jpg,pituitary,3,train,aeb919f38be92851ead6e560ebb056b64ea0a8c144dd283c0eece7a356689a6f,810f5e791a7a6a69
Training/pituitary/Tr-pi_1198.jpg,pituitary,3,train,aa071bd6457753090273e242b4f612d19b9425d0b684028bf1af8e850033a54b,c5676b3c39b034c3
Training/pituitary/Tr-pi_1199.jpg,pituitary,3,train,ce6d36be7da68fe8cf7ad61fc0d17c7ece1214899ac70ed71ae1c6a641e39eec,944b6b2d3d663631
Training/pituitary/Tr-pi_1200.jpg,pituitary,3,train,a6662f9b8c9569547aba894dc9e1fe1a4696634e17bc457a4926327203a8fe5e,955b6a293d673c60
Training/pituitary/Tr-pi_1201.jpg,pituitary,3,train,995e8c0d63bc0606f568644efff9179cb0a19bde111da200b7f4499b40b24448,955a2a2d6caf6994
Training/pituitary/Tr-pi_1202.jpg,pituitary,3,train,65439a7e9ac79cf8ff9aae83397f6fdf9f0ba0268aefdba058c93ed43f5f81da,945b0f2b4d8c3bcc
Training/pituitary/Tr-pi_1203.jpg,pituitary,3,train,7011c4c784c0ce8352e7d49934481711ec9bf9de266454508b92385e2724059a,955a0f284fac78e5
Training/pituitary/Tr-pi_1205.jpg,pituitary,3,train,285928676853d559493cb41544489d7c90634c59004af26df1c1dd417cfbfa46,c51a3e6c796162b5
Training/pituitary/Tr-pi_1206.jpg,pituitary,3,train,bda429e3f66c5fc57f023840651fda603b39360397ad475f45e06a235f7abc86,850e5f582bea6aa9
Training/pituitary/Tr-pi_1207.jpg,pituitary,3,train,17f4ba9974cf782f75f96766859fbf4654f60d1a357d141b67d636dfae5e6078,c11a3b6878717ba5
Training/pituitary/Tr-pi_1210.jpg,pituitary,3,train,9f032a3a5f5ca8479408433ee6b828d6788ef908220bb7e4fc91f63522b3f222,951f5b786c293364
Training/pituitary/Tr-pi_1211.jpg,pituitary,3,train,8252b8876240a4ae0cfa21dfb88973828eebac7d07a97f649ccd2fd3a73cc92e,941f1e6c783927a5
Training/pituitary/Tr-pi_1212.jpg,pituitary,3,train,613a059b40c14b898954ebeac1500d82ea3f363572856060c7ffa50ff4bda5c4,941e5f787c4921ad
Training/pituitary/Tr-pi_1213.jpg,pituitary,3,train,93fd7984c245ad1751d47288ae50f448e711ec740cfef32a31ab99b974e81b4f,949f1f7a6818396c
Training/pituitary/Tr-pi_1214.jpg,pituitary,3,train,6686452a55c6f2a2c78f8edf23bd5054d3c9a2b7740d607e408b5d47556e1fa4,841a4b5a2d8fbe6c
Training/pituitary/Tr-pi_1215.jpg,pituitary,3,train,c60aa6606bd7c41dbc2066c792c72f23891901971a404a0d428b38afdac8e4ea,940b5ada099b3ead
Training/pituitary/Tr-pi_1216.jpg,pituitary,3,train,3517ddb60ca632a6d227c1ff0bf2c0308c5686a4dd24a787dea1dea77d246d1f,944b5ace0d5b1e8d
Training/pituitary/Tr-pi_1217.jpg,pituitary,3,train,1085f009737621611c4d53433a538b5bc04d59133bda25e4b9c813d2167d8dfc,d4124eda5aee0b0f
Training/pituitary/Tr-pi_1218.jpg,pituitary,3,train,590a644c58e6f1d564819fe4355682e03eab9cc460728a5e19cfc4828b46a5bc,c54a2f3d5d3530b2
Training/pituitary/Tr-pi_1220.jpg,pituitary,3,train,e545a6dae47794d452aaf7e933a8f61a13d1298c6fd6edd5497bfd1816266193,95c85e1f687a6b09
Training/pituitary/Tr-pi_1222.jpg,pituitary,3,train,57a6d7007f4842693f964280833f72231cbe6155a8bb39de646e72ad04a32cd1,912c7ae13d71f125
Training/pituitary/Tr-pi_1223.jpg,pituitary,3,train,591dd11b32750dfe9078c3f0f6bf811b4104076c5fd55841d9cce67a78006a33,859a5ed8791cf849
Training/pituitary/Tr-pi_1224.jpg,pituitary,3,train,c2fb19a891ce9feed70fc14ff5b47759bb03a910df9f7cb3bbb098cffddb8082,81965ed81f19ea59
Training/pituitary/Tr-pi_1226.jpg,pituitary,3,train,e7468bb523bcdec0bfb8d0eed6d8a598a973d446b71bc8f4886ba7bcab3bf334,85ca1eca799e6a0d
Training/pituitary/Tr-pi_1227.jpg,pituitary,3,train,82bf62d359041475910f17c22ddba0a6cdbf6710161773e7e435eb921dbbf1c6,94ce6f8c69386c35
Training/pituitary/Tr-pi_1228.jpg,pituitary,3,train,a5bc86b0b5cbfa1c51dc5973e60fccf7e1aaf94a32b76dc4a954c3e3bae7e982,94cc1e0f685a6f2d
Training/pituitary/Tr-pi_1229.jpg,pituitary,3,train,b07ea26a12894c953f8197504463b350313956555e942c7fddaafc431cf6d3d0,91ca6b9a693c3f24
Training/pituitary/Tr-pi_1230.jpg,pituitary,3,train,b7512501ca8ba76600e8e0a4a31e43b4f6e4257c7431440af7e2fc8534014b17,91da0b8e6d9c2f25
Training/pituitary/Tr-pi_1232.jpg,pituitary,3,train,f74aff325b22abd5975534d9f633dbe0d3f5a7d5ac98c18c07755e235b0c8a91,81da0b8f3dd84e2d
Training/pituitary/Tr-pi_1233.jpg,pituitary,3,train,2ac2d24aaf7de2c926394129f188ac07676c9f5eb3ad8917a11d4c75989baece,94da0f8f0bc85e8d
Training/pituitary/Tr-pi_1235.jpg,pituitary,3,train,b8410d290191cf2ccab23d9163cdbd5fa88509f1cc1b5ec59ade0148ab570fe4,910f5e7b38f82165
Training/pituitary/Tr-pi_1236.jpg,pituitary,3,train,98ee6cb177d0419a02d0de106b1b688d733d796d25bf1a737489b7b3f246d270,94c90a1f78da3c3d
Training/pituitary/Tr-pi_1237.jpg,pituitary,3,train,f0f7a395349d7e19b0e25e4702d6dede7287a9ef94cdcee0277405ab0724b357,910e5f797a603b25
Training/pituitary/Tr-pi_1239.jpg,pituitary,3,train,150338e99072c48bb26040318ea77f8ec6e226ff3d307cf73a1054fca9c8de42,900e5f797ad869a1
Training/pituitary/Tr-pi_1240.jpg,pituitary,3,train,8134a68368ea3c7f18d17f3d17e7a5d92e50e68e642d45f09a5bd867ef038563,900e5f5c7ab269b1
Training/pituitary/Tr-pi_1241.jpg,pituitary,3,train,27d3c2122d2fd2d2420ed0f2d41203dc08bbf17414c01cebb8e2bcf1d544bca6,853e7e3b6a601935
Training/pituitary/Tr-pi_1243.jpg,pituitary,3,train,62b169b85c0a0c424fb19df03f037712d63dfb94f2dd32ea333ae6018385bf19,950b7e796a247865
Training/pituitary/Tr-pi_1245.jpg,pituitary,3,train,ec82d8be4b844f5635c5c916feb215e19dbdf95d3101cc20c93a8c8c5f99da52,d0851f373bd45a34
Training/pituitary/Tr-pi_1247.jpg,pituitary,3,train,a4c20885e8150938ce1ab6871d737ce8da702c65b09aa7da5a85cfad82169ec7,854b7e6c2bb47831
Training/pituitary/Tr-pi_1248.jpg,pituitary,3,train,3bc8094b3462e577ea722dda0c88bfcd40df0f716a8f830c865be2f41190c10d,854f7a782fa57860
Training/pituitary/Tr-pi_1249.jpg,pituitary,3,train,575f20fb04b457e3d3f342a0511004290220f797b4725d29dedcc209d05259e2,d00f4e3b2dec3364
Training/pituitary/Tr-pi_1251.jpg,pituitary,3,train,4782126e4515c299b9b2206014822fdcffe28ff6e9e8871484c0bdda5307a392,d11f4a392c5c337c
Training/pituitary/Tr-pi_1252.jpg,pituitary,3,train,0c8ff37ef0283fa7c288148da756c3781c7a7e48f14f10c87d9eadbc3a95572f,d08f4a3d2dd82769
Training/pituitary/Tr-pi_1253.jpg,pituitary,3,train,5475582a392dddaaaddc5cb26cf1eaa56495aa9562cb8b05ac3819804bc72432,910f4a5c2fda2d39
Training/pituitary/Tr-pi_1254.jpg,pituitary,3,train,afbe96754fb0204ca08747be1921548e4fbced32f7b01c04c4453376c1fa74b1,919c1ede3818cb7c
Training/pituitary/Tr-pi_1255.jpg,pituitary,3,train,c4974e8edd49f9e98d08ac9be362d268d1a769490683169a03a248619cf7a49e,919c1edc3e0a9b6c
Training/pituitary/Tr-pi_1256.jpg,pituitary,3,train,73a224a708db561abe52ad782416795cfc9890855578abeccee2edcd9338d1a6,908c1ed87e927b6c
Training/pituitary/Tr-pi_1257.jpg,pituitary,3,train,d3860e787b2c123ff25e8016089edb9cdbca9f35276b582aacafb02b7406a729,949d5ad82c79719c
Training/pituitary/Tr-pi_1258.jpg,pituitary,3,train,81c9ebf9a81c7837d1a168a923debaf523d27b492b13d7a0faa14784e8800bcb,855b5f6839636435
Training/pituitary/Tr-pi_1259.jpg,pituitary,3,train,d75f567e009e08c54c7e1436b83f38b17d7ac4d39be48db72975a9f41630a181,855a5f6c396a7035
Training/pituitary/Tr-pi_1260.jpg,pituitary,3,train,45777d822debeb39f06b5722b0046088dc156582600a8e868540729339b8c33d,855a4f6a39747835
Training/pituitary/Tr-pi_1261.jpg,pituitary,3,train,77ce764f157b2cdc95e6c3b77901afadaa80f2d7149e06bc4a1ed8a691b23747,855a4f683e3c2cbc
Training/pituitary/Tr-pi_1262.jpg,pituitary,3,train,592530fdcd5932696970ed8ff4d0c82012abefd2588025914f71bbb4560cbb5b,855b4f687aac39b0
Training/pituitary/Tr-pi_1263.jpg,pituitary,3,train,35566cd25f5e4c4dfe44fa05958aaad0c6615f8b989796558657891c818e6635,d04f2f343c6d3271
Training/pituitary/Tr-pi_1264.jpg,pituitary,3,train,0c81479b3e756d2ddfe5908765c6da0fddbcf9184e9d98aa30995c5475612752,d04b2f7d7c643330
Training/pituitary/Tr-pi_1265.jpg,pituitary,3,train,bde7c6079545f4409d300f464a62f1bd588da0808de66000a89747aabf5a2712,d04f2f6d3c657130
Training/pituitary/Tr-pi_1266.jpg,pituitary,3,train,5ec1aefd873ebb957b23f7f9e176161f0b22af2eae1dba5285d217a146efb2c0,d04a2f3d7c357164
Training/pituitary/Tr-pi_1267.jpg,pituitary,3,train,2a2b8ce6071112d922b758891014ff8f3c5e3b28d35997f443500d6bfeaf09d8,914e3f786ce03565
Training/pituitary/Tr-pi_1268.jpg,pituitary,3,train,900889c14ca9399772394c1bcd3ab38df4ae5453b12276b6d8cf4d8423551523,953e7a7a2d623168
Training/pituitary/Tr-pi_1270.jpg,pituitary,3,train,16f0e04efc3d84b663a4a2986853a4ee2aab1454337b30c724ef68c194f75c6a,911b1f6e39766838
Training/pituitary/Tr-pi_1271.jpg,pituitary,3,train,1cc9d169a473c1453d77f83ea9655df351d9df9d9c79bea7ef14a949a5408395,917a0e2b787639a9
Training/pituitary/Tr-pi_1272.jpg,pituitary,3,train,151ac696449f1b3124516af60f01d2a1b3be36f4124b7e83ea4829205ea680de,915f5a6869797425
Training/pituitary/Tr-pi_1273.jpg,pituitary,3,train,9e2ada3787b20a2ae55128723dbd38d31f263ac4848ab7d5506fcc757aba9ebf,959c5edc486879c9
Training/pituitary/Tr-pi_1274.jpg,pituitary,3,train,5a0eb91472650cec1c2ce432630ae92c4b994597a2ff5d1d09a6aa97b71837a4,85b67a4b6999214f
Training/pituitary/Tr-pi_1275.jpg,pituitary,3,train,5f4c06ee95e54b434fa99bda0fca3a423e52ef20f4b88a881dab765bb1be2408,905f7e7879287229
Training/pituitary/Tr-pi_1276.jpg,pituitary,3,train,6a00b420198a804008d7f5a59694e735b0427f1fbdc298549562316c5066c3d5,811f7a3869687de1
Training/pituitary/Tr-pi_1277.jpg,pituitary,3,train,e346d06287ff53217d55870d4fac4dc5d650b2f86a05003da66eeb994766c884,84177a3c792a6d39
Training/pituitary/Tr-pi_1278.jpg,pituitary,3,train,797c0ec74edfcd343ae297dc0710d6d5dc0873c9c35b1e6fa28d8ee35f97999f,940b7a6f3cbc2570
Training/pituitary/Tr-pi_1279.jpg,pituitary,3,train,5e516d2d66d1b386b9f6675cab348472178779259b550a0b833404b5dcbdac87,950f7a2f3c623471
Training/pituitary/Tr-pi_1281.jpg,pituitary,3,train,0c2fc37a013c4f92e6a75912bdbfc286e079f167fcbc74ddc12573cfe08680f6,d07a2f2d7a742d21
Training/pituitary/Tr-pi_1282.jpg,pituitary,3,train,1942b57cebeb3f5a1ac4ac31e1378a93a4ce61d644be8db0d11c56bf24501753,916a3a6d2f7c6c30
Training/pituitary/Tr-pi_1283.jpg,pituitary,3,train,6206c8d69552b6214e085b5049c80769f2b5fa8b84924ce02676cd45db5333fb,95510a5b097a7fb8
Training/pituitary/Tr-pi_1284.jpg,pituitary,3,train,62fc4c4d71d5861ed2143395eb0960924bd9c18f655b5d30fe2e0b704fc78b51,c5d90a1d097a5faa
Training/pituitary/Tr-pi_1285.jpg,pituitary,3,train,32532e94f10c9f31f3a53be505484f893a04978186feff723dc19a6abe94d64e,c5d1025b073b4fba
Training/pituitary/Tr-pi_1287.jpg,pituitary,3,train,110edbec60db5e816ba54dc5f6e333e25f01b68d334308ca8f3f4066ca609986,d057028b4b9e4f4f
Training/pituitary/Tr-pi_1289.jpg,pituitary,3,train,e12bafe189409d36202edac6f668e427f7f83f4307c1b85b51a121bca48dc304,d057028d4f8a4fcf
Training/pituitary/Tr-pi_1290.jpg,pituitary,3,train,03d7c51c082dc3f2db704000807596eed6951d273b432fd28263929654205154,d05e42c94f8b0fcd
Training/pituitary/Tr-pi_1291.jpg,pituitary,3,train,e4c58cbb5b97848fa2d37bf4e9e7bf1a3f9bb4ca339576861e1ca6d4604dea1a,c056024b5bab4fcf
Training/pituitary/Tr-pi_1292.jpg,pituitary,3,train,5c266a31fe3cf0aa75111877e90895ca08c05e3bf5e17baeed9b930f8648491f,c05f0a6b3fa57c30
Training/pituitary/Tr-pi_1293.jpg,pituitary,3,train,9c102568fbb50ed92010c92e575c8bc084f37f5079af7904f1c92bee26e50e79,c05f222b7f2d3c70
Training/pituitary/Tr-pi_1294.jpg,pituitary,3,train,33ce7dcc17895fef194dd5a007d796d2cf272e514b3bf4696833d9c5b3648e1e,c05f0a2f7fa13c68
Training/pituitary/Tr-pi_1295.jpg,pituitary,3,train,d62d2f5475e11743c3b1dd05f4b55e3f37b0b51793f027e9d6fd182e8f553c0f,81d81a894f0fad5f
Training/pituitary/Tr-pi_1296.jpg,pituitary,3,train,af10898d683c9793497e726975d019e489a3e6148ed67bffc7575caa9844cd85,95991a9b5cd85b1c
Training/pituitary/Tr-pi_1297.jpg,pituitary,3,train,51e9188768d8dc4e2513a274c91e718f18de1eeb397e49041f6c1f7bad3cd7fe,81d85ec84d0f8d5f
Training/pituitary/Tr-pi_1298.jpg,pituitary,3,train,bfe5cb241768188931f2d8c3b9885dea99d3b174b7748d447a5700812bf79abb,85c81ec94a8f2d5f
Training/pituitary/Tr-pi_1299.jpg,pituitary,3,train,eb1c941ffe751779da894b837788d36244ead36aab4eb62d44a8211fd3245b64,d45a0b6d1fb46c31
Training/pituitary/Tr-pi_1300.jpg,pituitary,3,train,7f4806b39d927f8b15f1a8f6d729b2f3d0c3a07014985dec1b70c11499ba96b3,d45a0b6d1b2c6d3c
Training/pituitary/Tr-pi_1301.jpg,pituitary,3,train,80757085c90208f845efc2fee24e3138f6f0bfbacdc54a414afaf3634d3e457c,d44a2b2d3fb47d20
Training/pituitary/Tr-pi_1302.jpg,pituitary,3,train,641447ff1824fe18b17a57c77de3af5745c12aa75b01ebd4aac75888786c8427,d04a0b6d3fb47d30
Training/pituitary/Tr-pi_1303.jpg,pituitary,3,train,14e4472e59d58bb2409e04af43fc7335e6e34a0cccef34ec168b68e0221354d4,c44a0b6d3fb47d30
Training/pituitary/Tr-pi_1304.jpg,pituitary,3,train,0f8ee9927aa9d24deef64e697c0480a31f6850644b3de248eb75042886269e0c,958b1ecc5ad80f99
Training/pituitary/Tr-pi_1305.jpg,pituitary,3,train,ea935d06183bc69756ba31311b060e7ff8a3136bfae22c6ae4290620aae5dfbc,d4c25a406bcb6bf4
Training/pituitary/Tr-pi_1306.jpg,pituitary,3,train,7b2ae9fb2f881b440d50f1dfafc186499dfbf89e35a6eccd732170eaa5596c27,d4c25ac86b926d73
Training/pituitary/Tr-pi_1307.jpg,pituitary,3,train,bf774324c19559459a8b849864dba5c861e7aee750408059516e9eff2559b8ae,d4c61a484b937d4f
Training/pituitary/Tr-pi_1308.jpg,pituitary,3,train,20a4adaaa0f3cbd8f503fcc646e430ef892cc86cd6bd29d520b71cf1496d415d,d4d24a486f9a6e4d
Training/pituitary/Tr-pi_1309.jpg,pituitary,3,train,77d10505f72215d3352cae2f443eac3ad7477032aac64ad0306fe5c888e1df5d,d0d24a4907fb6b87
Training/pituitary/Tr-pi_1311.jpg,pituitary,3,train,82ed36113104faad9b57d5efbe5a66b277d65630682ebfeebda7325f60a076d1,d5d3022b414a5faf
Training/pituitary/Tr-pi_1313.jpg,pituitary,3,train,cd6dc698a5a9d2f780608c86dd99fe70c8c362962d649e1c03f872833cdae27c,d5dd026952021fbf
Training/pituitary/Tr-pi_1314.jpg,pituitary,3,train,9e946209f74bbdebe6a35e3e083c56210ff16a078c56dbfcd967cd82ab64e899,d5db02a84f834f87
Training/pituitary/Tr-pi_1315.jpg,pituitary,3,train,0da36e6bdf966109c5540e34c555afdbe34a05ad147e467e9cace5811b1a74ba,d5da02e84f834f87
Training/pituitary/Tr-pi_1316.jpg,pituitary,3,train,3771343bd797fa0a82268b7894074a38e68028a278d6e91eb180aea6a743085a,d5da02a94f834f87
Training/pituitary/Tr-pi_1317.jpg,pituitary,3,train,87d439f2cbc8d7d61b2754925ad97aaea2fc1656e976f154838fd7255fd89700,d5ce02886dca1f8f
Training/pituitary/Tr-pi_1318.jpg,pituitary,3,train,45ba849f81ba947e92bb39d3f09b6be17ff8bbca55cdcdd9769d85062f12cfb9,d1cc2bcb3c1bc86c
Training/pituitary/Tr-pi_1319.jpg,pituitary,3,train,59bb3d0edf6a176d14858f624cbda72bea64e81edf6485097bb482e5f3945fba,d5c602c96f824f4f
Training/pituitary/Tr-pi_1321.jpg,pituitary,3,train,d45c93fe05a7a4eff9b9d6d895405ff500d2d7c64b2f8823f3cef2332dbbf38b,c097429c5f629f8b
Training/pituitary/Tr-pi_1322.jpg,pituitary,3,train,ee917740e85a12adf94e987d38b54cee2e5d7e2e86d98bcd664fe580c6f473b2,c09f42915b66be8b
Training/pituitary/Tr-pi_1324.jpg,pituitary,3,train,58b7897254901c6cec58e65eee991725b14422fcfd33fbe789f6060bc15191a8,c19f42114bb66bab
Training/pituitary/Tr-pi_1325.jpg,pituitary,3,train,79012032b5ed42fad4fb2ade877b279e652d7e2a7444735c6f8be9ac93025632,c19642574b966bab
Training/pituitary/Tr-pi_1326.jpg,pituitary,3,train,fcdfde8d5c2bd451c41421117a6aecb8a38ca3b5f8ff2661e23d9a101654b27b,c0cc2bcf2c5b3e2c
Training/pituitary/Tr-pi_1327.jpg,pituitary,3,train,788ecb8f37aa66bf1b6b8af597e51fd7145c434e1531e3f1544b732e0040ba60,855e0e6c7ea47961
Training/pituitary/Tr-pi_1329.jpg,pituitary,3,train,cf25b1e97372cfd011a273bd36ed9323988d5af4347cd1683fd51999083cd25a,c05e0e7c7a683d65
Training/pituitary/Tr-pi_1330.jpg,pituitary,3,train,af50f576407e04f17a36d76e807fa090872fba5cf34e7775d97016360d203868,c05e0f787a683d69
Training/pituitary/Tr-pi_1331.jpg,pituitary,3,train,b687eaf7ebfbb0b11140750b667a3df2f2d8e9e130b382204758a0d0976025b6,c05e0f787aa83d69
Training/pituitary/Tr-pi_1332.jpg,pituitary,3,train,74c257735e59ce6b3a043ed0064cf48e595902da1fbbae6095f94dccdd6087b2,c07a0f3e6ab82de8
Training/pituitary/Tr-pi_1333.jpg,pituitary,3,train,3e1759ae62ad5e2d6a9c1faf0bd78e6b6181225f39aa2a46cdd15a79ba0e165a,d0c92b8d7d6b1c1c
Training/pituitary/Tr-pi_1334.jpg,pituitary,3,train,125553ffc540b5df5e725312e37a670086825278bd0c0b0f48b69f725f1275be,c55f02094fab0f4f
Training/pituitary/Tr-pi_1335.jpg,pituitary,3,train,4f71edf2cb66b79178b87dd66d75168e1bde49f4cc4c989a347f278e73d35c6e,c55f024c4bab0fcb
Training/pituitary/Tr-pi_1336.jpg,pituitary,3,train,d74279f949434444cac928bd3c86ebf48a0c9fd59b7c141871bac9eb861dea9d,c15e02494fab0fcf
Training/pituitary/Tr-pi_1337.jpg,pituitary,3,train,7483a5866cc2e9a3abf1fa3397440b1005bcb0565bf682b89b255d619be775cd,c11f536d3a286db1
Training/pituitary/Tr-pi_1338.jpg,pituitary,3,train,d68374e554274a933d09681b163bec29a08946511dbeb204e29f468c415ae686,c01f437f7b281969
Training/pituitary/Tr-pi_1339.jpg,pituitary,3,train,8432ff3d16961a0488d17ce5aaf61d61961d2a0b0a444cd0fd2450af56ef3c51,c00f527b7b2a196d
Training/pituitary/Tr-pi_1340.jpg,pituitary,3,train,94eed293226e637c0b10baef5863190f1a501a6c01d003c43500001fda905a9f,c10f527b3e2269ec
Training/pituitary/Tr-pi_1341.jpg,pituitary,3,train,ad910bcb334b667a96e1b5be4773cc9607db5f77fad8c15b260d60e9a9ab4986,85dc02685fee0f0f
Training/pituitary/Tr-pi_1342.jpg,pituitary,3,train,d97a0ebecbe4baf7dcced53cbef51aa3ac72f568a6e0a8c98f600b25bc398c3b,85dc02285fea1d5f
Training/pituitary/Tr-pi_1343.jpg,pituitary,3,train,99ade356f3e20001c69b96c1a0079ec68bbcb594a1e7dbb46aab7885f3ba15f8,95ce02485fef0d0f
Training/pituitary/Tr-pi_1344.jpg,pituitary,3,train,968f457fb24d070058ee0181037552070ca0a5d0466a14b6abfedda98330cb39,c1510a2a6fb51e6f
Training/pituitary/Tr-pi_1345.jpg,pituitary,3,train,faf40b0a70fcd33119877bf9c22a6caf4acab061a4a4ee0b0f88a423b2f4cb88,c050072b6f371fad
Training/pituitary/Tr-pi_1346.jpg,pituitary,3,train,003132166a53cbd18feb3d0ca6ae2b45070ea4dd6cad5b1dd928216f469f84a6,c0d807294f331faf
Training/pituitary/Tr-pi_1347.jpg,pituitary,3,train,b559a805980e25da7d03fd16026808e18af0fc4ea61032ebcc18a772a48547f0,81da02685f8b1fcf
Training/pituitary/Tr-pi_1349.jpg,pituitary,3,train,ec0d2ae4a0e8e4d5bde17d9fa4fb432a25e8273576b02d2fc86b3ee4f8a2f088,c5d202694f8b1daf
Training/pituitary/Tr-pi_1350.jpg,pituitary,3,train,b400d3d93267389a3c23399e75026214a93a3d31e21a2b63b8f2f777733a2a24,c1d802694fb21faf
Training/pituitary/Tr-pi_1351.jpg,pituitary,3,train,889f18100a4aad389bf33b85e48de37479913294f62f1faeab820f37a9541e6b,c05f0b6c7f287c29
Training/pituitary/Tr-pi_1352.jpg,pituitary,3,train,b633ac1d9e0859a14153f43a43efdd240cfd2db4bd91ff41702d09ee730019cb,c05f0b2e7ba87c29
Training/pituitary/Tr-pi_1353.jpg,pituitary,3,train,518c6c8fcf3862d8fa0d03bb00601cd4bb4c7b4ae1a81613c9caa50d980649f6,c05f0b2c6bba6d29
Training/pituitary/Tr-pi_1354.jpg,pituitary,3,train,7f7a87320a8b3fb4d6eccaa5b1b0d179395b84aba1ae3e21647144d9b1a8c90f,c05f422f5ba82f1d
Training/pituitary/Tr-pi_1355.jpg,pituitary,3,train,e9a832e4d3a4c32127a0c516a549f4a9086774e69937ad885882ea1c16780019,c05f400f5b2e3d3b
Training/pituitary/Tr-pi_1358.jpg,pituitary,3,train,475b46998acc855cf9d25ed84ce12fd31ab38580743f4a09169c7c81ac0848f7,c15e40275ba92f1f
Training/pituitary/Tr-pi_1360.jpg,pituitary,3,train,5145221ffdda739dc5d711614c10564d2ab6e78c5cead92876325ff8e79e9414,c0574a2b4faa2f0f
Training/pituitary/Tr-pi_1362.jpg,pituitary,3,train,d62832aec5b9792efa1db5f6a87d9afeb40e51fedf845d7065c1f95683df97a1,85d10a8b1bca4f9f
Training/pituitary/Tr-pi_1363.jpg,pituitary,3,train,304467c7d6443168774ddd3b623dcf0df5a4f7d199766394c1b782528e5c3a60,d5d9028b1b4a4b9f
Training/pituitary/Tr-pi_1364.jpg,pituitary,3,train,8e456d880f67e3d42df9857831f15e0d4bcf3316138e4feff7927ac73d99e882,d00e4a7a2d792fb8
Training/pituitary/Tr-pi_1365.jpg,pituitary,3,train,139344542e5b2407f99d7d072957fcd3d6c2714a96008d8b66552638be16aed0,95dd0acb0b0a4f8f
Training/pituitary/Tr-pi_1367.jpg,pituitary,3,train,eadceca44096a081da1e5b15ef0eb2e5e770e4f2949a1e57ac1df2987a9be142,95d90e8a4bcb0d8f
Training/pituitary/Tr-pi_1368.jpg,pituitary,3,train,fcae38e5576a55aa565f868aeb9cbcbc8606ea1ad13fbd926adab001d12c9281,d55e02287f392cb6
Training/pituitary/Tr-pi_1369.jpg,pituitary,3,train,ce4eb9cd45ded6af52a6c11da51d1a13cec6ae7b5ec4076b0a71554a0d4e2e66,d45e02283f2d6eb6
Training/pituitary/Tr-pi_1370.jpg,pituitary,3,train,4f1511a307e2f4024fdb58da8387b950e08fcdafc996eab2b6de508e182cba15,d45f02287f2d3cb4
Training/pituitary/Tr-pi_1371.jpg,pituitary,3,train,95b2cd027e13f282714fbfc56727c4952d355399f23c653b6701eb0806fab203,c41f4a6a3dec38e1
Training/pituitary/Tr-pi_1372.jpg,pituitary,3,train,de6d13fd232b5e9bfc99126657f3ea4fb7994e954304a4bcb19d6648ee2d31db,d15a02297f2d3d36
Training/pituitary/Tr-pi_1373.jpg,pituitary,3,train,5ad5d00f2fff2e63a14c0a08408c296b11f3e29773de3c61ec6dab02a89d8aff,d55a0a296f2e3d34
Training/pituitary/Tr-pi_1374.jpg,pituitary,3,train,20b0d8bdb9ac24aede76d5ae819b24f1e88fcab310f6acc0d99b8b86bdf809dd,c15e02884faa7f2f
Training/pituitary/Tr-pi_1375.jpg,pituitary,3,train,a95c90366c4400e5323eb96c4bedea37566a8274118ac660d3f89596964e9f5c,c0de068c4fc36d8f
Training/pituitary/Tr-pi_1376.jpg,pituitary,3,train,581771b399bcad145b66a84097d025d077e33c2ed096db9de42af4816966f994,c4de028c4fca6e8f
Training/pituitary/Tr-pi_1377.jpg,pituitary,3,train,d0c07ffe0c835d6d61843add443ad4ee7b1a32d30dd7109265c526c1a3e2bc76,c05f028c5f6a6d8f
Training/pituitary/Tr-pi_1378.jpg,pituitary,3,train,7c5f79e3f0749e7c6aed0cb26ac1147c52bde34902f4dfe94900f062a6b6d299,c05f2b6f3a255cb0
Training/pituitary/Tr-pi_1379.jpg,pituitary,3,train,f746d324a4c5db5d94300f99cfa87121e3142ca6065ac09c5868bced40c2c2eb,c05f2b6d3b257c30
Training/pituitary/Tr-pi_1380.jpg,pituitary,3,train,f1d86556ec57cbe7aa7efb1727f01b9d812d0490c7449b4273eb101977b9c035,c05f2b2d1b2d7c32
Training/pituitary/Tr-pi_1381.jpg,pituitary,3,train,83d4f0b24d95c520f4fa6645b5d4ec7304c3a737995e790b8aaccbdc2e8cbc71,c05b2f2d1b2d7d30
Training/pituitary/Tr-pi_1382.jpg,pituitary,3,train,2b740c529b57f3f48d4b8dd684a0c85815d7cecf65fbd29a2878a7eb9e8a5a7d,805a0f2b1f2d7d3c
Training/pituitary/Tr-pi_1384.jpg,pituitary,3,train,86cf33f0b461e9e6364fcf76ff94e7dcd865f9799b4245367bd2b98115d6ca22,d5de52a14a534ba3
Training/pituitary/Tr-pi_1385.jpg,pituitary,3,train,66100d126cc556d003fddca467b15fd887674fa856db2124e44d87b82d75d641,d5df42a14a625a6b
Training/pituitary/Tr-pi_1387.jpg,pituitary,3,train,a4dc05b288749c9e4ebd123c18cf909f00e649e1fd84060617cf05d18e370e32,d5df42b14f524a43
Training/pituitary/Tr-pi_1388.jpg,pituitary,3,train,ab32c37edd4657a04d7bc84063856b249cc4ff11a8fbe3d370026162cc23c692,c09e4a0c4f6f2d4f
Training/pituitary/Tr-pi_1389.jpg,pituitary,3,train,93591821a14032c70a6a92f8667eefc823f0a2f2e6ac6f56f8f2a89da545b4b7,c09d4a8c4f4f2d4f
Training/pituitary/Tr-pi_1390.jpg,pituitary,3,train,49acad83b5a8785c30e5e984c9ee03e8d8aee2b779c34381f61407466380635b,c09f4a8c0fcf2d4d
Training/pituitary/Tr-pi_1391.jpg,pituitary,3,train,9cb4062f0b832371db985cc9f6f191b69a3af1c37ee689b6fb002d9e2293b102,c01f4a2c4fde2d4d
Training/pituitary/Tr-pi_1392.jpg,pituitary,3,train,8d8ab2a8bbfb1dbc00cb77faaf31e9f60e3e884f9552e8b4308db717aa01d4f3,c01d4a2c6fda2d6d
Training/pituitary/Tr-pi_1393.jpg,pituitary,3,train,93999ab26b22dd8a1e66476333f1116af2915b0140c7c833650ad976452ec197,c0374a0a6fce2d6d
Training/pituitary/Tr-pi_1394.jpg,pituitary,3,train,9a815e4ff14ca360a895da148b9d6223224c44ff80703a98df76fbb8c5c7db17,950a4b7c7aa538a7
Training/pituitary/Tr-pi_1395.jpg,pituitary,3,train,641c0c71a4569e44e035babb757336a2041a6b2850c1277113df3112d4978d69,d04e0a2f6fb46d34
Training/pituitary/Tr-pi_1396.jpg,pituitary,3,train,0e1a3c9f637a07c4ce0b194506f42c8de62436d13b433849024b929b57e5334a,c04b0a2f6fb87d34
Training/pituitary/Tr-pi_1399.jpg,pituitary,3,train,34259d2cc6d59486dd75246e8e78b6b5df431df6bda84716f603f31bbdf93114,c00f0a6f6fb42d3c
Training/pituitary/Tr-pi_1400.jpg,pituitary,3,train,fc556942bcf278800727d212144ac93d0416bc208be21c9e21bc14a7aae7f640,c04e0a6d6fb46db4
Training/pituitary/Tr-pi_1401.jpg,pituitary,3,train,fb592cc1f3622477beeb418cf3c967e9689ef268211e5a18b1f9fbe2057fff4b,d40e6b6e6ab128b3
Training/pituitary/Tr-pi_1403.jpg,pituitary,3,train,3d8fbcdb9fd91e04b8b369560a45035fba82ddf37889e2feb8adbab8a130ad47,c05e022d6f2f3d2d
Training/pituitary/Tr-pi_1404.jpg,pituitary,3,train,a3bc2f9d0306c92c66f29f8e794a542c98bf9764a3fc3226252cd9bfa00c7fa1,c45f022d6f293d65
Training/pituitary/Tr-pi_1405.jpg,pituitary,3,train,498778e95084dcd0d8a76752f8bbd2293286ccd1a801c2e19bc4e7207efd98f6,d0cf48206fd9795a
Training/pituitary/Tr-pi_1406.jpg,pituitary,3,train,71c3a780cbe14e48363c38016d406935525729ac6bf08fff8076323b42719843,d4cf0a206fd97949
Training/pituitary/Tr-pi_1408.jpg,pituitary,3,train,1700cf470c860556fbb1d9cc61c555cbd6c3e6628213724c6057c0fb45460cfc,c05f6a2d3fa43d30
Training/pituitary/Tr-pi_1409.jpg,pituitary,3,train,f39fcc8498d6e7e76e75e330127c1e3aa10aee7343d43c9402d00c2490af223e,c15e6a2d3f2d1c70
Training/pituitary/Tr-pi_1411.jpg,pituitary,3,train,91091918d659ca8c497a7eb6a8ca999817712716042ade272f60f252d2a0b06b,c05f2a2d3fa43f60
Training/pituitary/Tr-pi_1412.jpg,pituitary,3,train,6629d51bd87dec6ea7a6a2644de6d8b2637a57099aca1fc710a1d2cc9d4e25f5,d5ce026d4bc3274b
Training/pituitary/Tr-pi_1413.jpg,pituitary,3,train,a12991ad1567bcf1f784bf1c71cef00809f7660c361763d72b0fbe5f9662c3e3,d5ca026c4bc327cf
Training/pituitary/Tr-pi_1414.jpg,pituitary,3,train,20a7be64b3522aac4c38da178bd261daff32a819441e483b57405e7e7610b24a,d5ca02ac4b432fcf
Training/pituitary/Tr-pi_1415.jpg,pituitary,3,train,100f49f73672ba9bb110e424a85869f052f993825992e09455e9b799f51df212,d5ca022c4fc12fcf
Training/pituitary/Tr-pi_1416.jpg,pituitary,3,train,0281dfa877cb92b87f9789448958c89e1d5f4d0a851c099b56c1277a73ca6dce,d14a2f703cb273a5
Training/pituitary/Tr-pi_1417.jpg,pituitary,3,train,2f240cf9f970964fe6f226fed6882c1b192eee2ac2109ced5147258907a76337,d5ca0a6c4f81374f
Training/pituitary/Tr-pi_1418.jpg,pituitary,3,train,0f15fa3b94d4c92a9cfa429fabecd270d520e242aaa049734c282a79a0b1f673,d7ca0bee0bc944c5
Training/pituitary/Tr-pi_1419.jpg,pituitary,3,train,fb0a5c177f9d5b07d6be0fbeed5d60f65c37d605b75536d8bcd84bd0504e23ae,d4ca0bec4fcb0785
Training/pituitary/Tr-pi_1420.jpg,pituitary,3,train,2d125cd1b53af9a407cc5f7886332e89e470b9ae532e11fc2fa62d6b9f33ac33,d5ca0bed4dcb1584
Training/pituitary/Tr-pi_1421.jpg,pituitary,3,train,89a794f87e7f3a9215e8700b6ef10bdc944366b2c3fdbc8a8d581e76212a7505,d00f0a6f2b3475ba
Training/pituitary/Tr-pi_1422.jpg,pituitary,3,train,03d6dd1c3f2bfcfbcdc3cc4904ad60ac643e04aaee6d51993b411127ec4cdbe9,d04e0a2f6bb475b2
Training/pituitary/Tr-pi_1423.jpg,pituitary,3,train,931698f5e639916529737f155ef5f1103ea546c7aca10966d7ba799add12632b,c04b2a2f7bb47532
Training/pituitary/Tr-pi_1425.jpg,pituitary,3,train,045b2276968f84e074c6fb8d2476b5b813b41c60d227a33839f9622618e9e5cc,c04f2a3f6b347532
Training/pituitary/Tr-pi_1426.jpg,pituitary,3,train,2c6289da8ec38a62ab4810276494b0561107e640a5432ab0a00d32e8b46711b9,c45f2a3f6b247530
Training/pituitary/Tr-pi_1427.jpg,pituitary,3,train,7d12995cdd69220e100779d83189ee00bc1091445b1e3041386879ccf7d926a1,c04f0a3f7f347530
Training/pituitary/Tr-pi_1428.jpg,pituitary,3,train,bc66edc415e31ba7f9a1ba9bca4ee9e4749cb97c0bd3f2ac8bdb1b30426132e9,c01f0b6d7b2475b1
Training/pituitary/Tr-pi_1429.jpg,pituitary,3,train,74c4ce8b82d73a69d802974e062846a0fdb31d7e91ede60fcadd0731b85e63fc,c05f0b6c7b2175f0
Training/pituitary/Tr-pi_1430.jpg,pituitary,3,train,c06fa29dfd46d6bab2969b2e1125a24257c2e88a8f880fff0e4dee0f7bd8c691,c05f0a2d7ba175b2
Training/pituitary/Tr-pi_1432.jpg,pituitary,3,train,d275973bd8412ba68928c972262a668006343f5b6975e6c91d6567dc67bf3c8a,c12e4b3d276d3634
Training/pituitary/Tr-pi_1434.jpg,pituitary,3,train,aa8946f55276ad83c7b87b3858f97d363d22a30346e28fecc7f51b7e3b3d6b7e,c16e4a2f2f3c3c34
Training/pituitary/Tr-pi_1435.jpg,pituitary,3,train,6ac37f2a52a0d51f0e59ba2d97a26269dfd6a243473cb74b9fc683e4d1941d39,c14f4a2f2f347c34
Training/pituitary/Tr-pi_1436.jpg,pituitary,3,train,26da8fbac161dd7a9451705180384f8223c32be75a3ad55fa6d586ccbe8d4775,c04f6a2f2f363d30
Training/pituitary/Tr-pi_1437.jpg,pituitary,3,train,c1edcb5020113be80a4816c2d8e1f912105ee3d0212b0928a8877a0da4b9fb6f,d04f6a2f6b241f34
Training/pituitary/Tr-pi_1438.jpg,pituitary,3,train,9cc8e348801796c321ab74036390a633b706be20b27beb91458042bf443fdd59,955e2f79386131a5
Training/pituitary/Tr-pi_1439.jpg,pituitary,3,train,7c60b3d372a6c9a2ec38d9da274cd27036c1292a42d9ef7dfd9bd2fee394b06b,c04f6a2f3b2c1db4
Training/pituitary/Tr-pi_1440.jpg,pituitary,3,train,a3a0cc3fdface3994f1865860525dda5fa3c12552dc624b38f56f46bd233b21b,c00f0a6f3f243db5
Training/pituitary/Tr-pi_1441.jpg,pituitary,3,train,4b594c735223aa311119140132b0c8d10af9599c132c4420ca832f938d39d5ee,d54b0a2d09a9373f
Training/pituitary/Tr-pi_1442.jpg,pituitary,3,train,4532e690b2db8ae0a3b1860ab44aad6a58fc479d7fa1d51a5c05e895ff45641d,d1de0a29002b6fbf
Training/pituitary/Tr-pi_1443.jpg,pituitary,3,train,73da0c880a4d9f18eeb7d98d9230379a02b9df3fc9f6bef813364b3a1ab23588,d5de0aa8082b6f2f
Training/pituitary/Tr-pi_1444.jpg,pituitary,3,train,f85ae6ac9cae03dd5937e5aac904fef256e917f7b9ee128a667577b02dbca8ec,d55e022d492b3f0f
Training/pituitary/Tr-pi_1445.jpg,pituitary,3,train,1fde019f2a59fa1f0ab3f3ed0ab6d7b1d7348b4e11436bfc70b0bb307ac54c9e,c05e032b6fbd692c
Training/pituitary/Tr-pi_1446.jpg,pituitary,3,train,0756f138d38adc58fb952a1c8897a9cec7ba5e9bd7eb19123194b0f02b65cabe,c05f033a4bac7d78
Training/pituitary/Tr-pi_1447.jpg,pituitary,3,train,7668ef891f08b098caed39e8ad6237937ba421af17bd27dbeab987ad34214078,c05f032e4f2d3d78
Training/pituitary/Tr-pi_1448.jpg,pituitary,3,train,302219a5fe19ee209a2faeb36e691a8b42ae3f4f38a2a98cb3f53b355b495627,c00f026e6bbd3d69
Training/pituitary/Tr-pi_1449.jpg,pituitary,3,train,b4d656355179885880eaa0cc9164141ccc89fd5662bb380581854006afc0a736,c04e026e6bbd6d39
Training/pituitary/Tr-pi_1450.jpg,pituitary,3,train,e860645c5908d596b215f1567369338fffe7babf14999f45096ddfa25fb53646,951a7f782d6560a5
Training/pituitary/Tr-pi_1451.jpg,pituitary,3,train,4ee9ea49fd0c54935fef5a9448ce17cc719e5d597aea6101725796f60ca14f77,85db5eca1a094ed9
Training/pituitary/Tr-pi_1452.jpg,pituitary,3,train,bfd485c28ce17814018cb9db8e4aea545b8324fe8e6d1bf7a9a5841a7e512fd1,85cb5e882f0fda4a
Training/pituitary/Tr-pi_1453.jpg,pituitary,3,train,03f1449d96399ba11b4a60e456838ec6b6efe3116de4268abc0f3a53f91421e3,85d85e862bcbd619
Training/pituitary/Tr-pi_1454.jpg,pituitary,3,train,6eb628e1b33f21519845a831ba05983f5bb64566bf7b45c3d63fdf0ebd9a4630,85da4e833bc75a19
Training/pituitary/Tr-pi_1455.jpg,pituitary,3,train,7c532440f13be4958395275cf4aca06fa0ba9d0088017eae02eb203fd54c5497,95da1b8e6859668d
Training/pituitary/Tr-pi_1456.jpg,pituitary,3,train,73fff7430b0e63ff19c20fec26c9fb3e13600ad6254b11b742156e808a8b9012,87377e6868636163
