path,label,class_name,predicted_label,p_glioma,p_meningioma,p_no_tumor,p_pituitary
Testing/glioma/Te-glTr_0000.jpg,0,glioma,0,0.98149157,0.013225549,0.0052827145,1.8365031e-07
Testing/glioma/Te-glTr_0001.jpg,0,glioma,0,0.9970511,0.002441662,0.0005058869,1.3529973e-06
Testing/glioma/Te-glTr_0002.jpg,0,glioma,0,0.8551139,0.12295124,0.021922542,1.2252344e-05
Testing/glioma/Te-glTr_0003.jpg,0,glioma,0,0.5010751,0.48688695,0.012032876,5.1416705e-06
Testing/glioma/Te-glTr_0004.jpg,0,glioma,0,0.9803509,0.01838767,0.0012609645,3.5017038e-07
Testing/glioma/Te-glTr_0005.jpg,0,glioma,0,0.6313922,0.31355992,0.055045836,2.0888212e-06
Testing/glioma/Te-glTr_0006.jpg,0,glioma,0,0.83588105,0.1277754,0.036309566,3.3949054e-05
Testing/glioma/Te-glTr_0007.jpg,0,glioma,0,0.99535465,0.0044847266,0.00016035346,2.9207715e-07
Testing/glioma/Te-glTr_0008.jpg,0,glioma,0,0.96670055,0.02681087,0.006480641,7.972343e-06
Testing/glioma/Te-glTr_0009.jpg,0,glioma,0,0.9646217,0.034113843,0.0012640677,3.4758577e-07
Testing/glioma/Te-gl_0010.jpg,0,glioma,0,0.98814917,0.011807668,4.3088166e-05,1.9092132e-08
Testing/glioma/Te-gl_0011.jpg,0,glioma,0,0.5995952,0.3994498,0.00084034767,0.00011468781
Testing/glioma/Te-gl_0012.jpg,0,glioma,0,0.9928109,0.0068510375,0.00030959412,2.842197e-05
Testing/glioma/Te-gl_0013.jpg,0,glioma,0,0.97721046,0.02241162,0.00037758515,4.009732e-07
Testing/glioma/Te-gl_0014.jpg,0,glioma,0,0.984669,0.0149321295,0.00039870723,1.114445e-07
Testing/glioma/Te-gl_0015.jpg,0,glioma,0,0.9750317,0.019937119,0.005028737,2.5058043e-06
Testing/glioma/Te-gl_0016.jpg,0,glioma,0,0.97690713,0.013340529,0.009749813,2.4414812e-06
Testing/glioma/Te-gl_0017.jpg,0,glioma,0,0.8618697,0.13254818,0.0055746287,7.52905e-06
Testing/glioma/Te-gl_0018.jpg,0,glioma,0,0.946539,0.050448142,0.0030128902,1.8274928e-08
Testing/glioma/Te-gl_0019.jpg,0,glioma,1,0.4388471,0.5556986,0.0054535093,8.583104e-07
Testing/glioma/Te-gl_0020.jpg,0,glioma,0,0.99641705,0.0034504707,0.00013215872,2.2956104e-07
Testing/glioma/Te-gl_0021.jpg,0,glioma,0,0.99083954,0.008614902,0.0005454754,5.7544597e-08
Testing/glioma/Te-gl_0022.jpg,0,glioma,0,0.67261565,0.25728816,0.070082285,1.3946296e-05
Testing/glioma/Te-gl_0023.jpg,0,glioma,2,0.32035,0.08288452,0.5967458,1.9723055e-05
Testing/glioma/Te-gl_0024.jpg,0,glioma,2,0.06928772,0.13787314,0.7927709,6.8248104e-05
Testing/glioma/Te-gl_0025.jpg,0,glioma,0,0.9736816,0.009300978,0.017017085,3.4529893e-07
Testing/glioma/Te-gl_0026.jpg,0,glioma,0,0.9970126,0.0026260929,0.000361167,3.1234954e-08
Testing/glioma/Te-gl_0027.jpg,0,glioma,0,0.9853174,0.011282032,0.0034002052,4.310439e-07
Testing/glioma/Te-gl_0028.jpg,0,glioma,0,0.8506333,0.14339554,0.005969914,1.2564255e-06
Testing/glioma/Te-gl_0029.jpg,0,glioma,2,0.04549661,0.22009714,0.7343238,8.249824e-05
Testing/glioma/Te-gl_0030.jpg,0,glioma,2,0.13460818,0.034244806,0.8311448,2.2421586e-06
Testing/glioma/Te-gl_0031.jpg,0,glioma,0,0.974535,0.018273737,0.0071895155,1.7484739e-06
Testing/glioma/Te-gl_0032.jpg,0,glioma,0,0.99060625,0.0090004355,0.00039312043,2.2410049e-07
Testing/glioma/Te-gl_0033.jpg,0,glioma,0,0.94638455,0.05310376,0.00051115506,5.2245366e-07
Testing/glioma/Te-gl_0034.jpg,0,glioma,0,0.99419266,0.005405501,0.00039882743,2.9911753e-06
Testing/glioma/Te-gl_0035.jpg,0,glioma,0,0.9556964,0.0420731,0.002230519,7.145206e-08
Testing/glioma/Te-gl_0036.jpg,0,glioma,0,0.9934861,0.006329602,0.00018427825,9.4895725e-08
Testing/glioma/Te-gl_0037.jpg,0,glioma,0,0.5926828,0.40669474,0.0006223366,2.138724e-07
Testing/glioma/Te-gl_0038.jpg,0,glioma,0,0.9734331,0.024956174,0.001593387,1.7433294e-05
Testing/glioma/Te-gl_0039.jpg,0,glioma,0,0.7486669,0.21382897,0.03750334,8.0224135e-07
Testing/glioma/Te-gl_0040.jpg,0,glioma,0,0.9811854,0.018778898,3.516647e-05,5.5410163e-07
Testing/glioma/Te-gl_0041.jpg,0,glioma,0,0.97214746,0.025354566,0.0024972416,6.403838e-07
Testing/glioma/Te-gl_0042.jpg,0,glioma,0,0.5534545,0.4434208,0.0031232755,1.4928696e-06
Testing/glioma/Te-gl_0043.jpg,0,glioma,2,0.13215996,0.43170798,0.4361291,3.056889e-06
Testing/glioma/Te-gl_0044.jpg,0,glioma,0,0.93006575,0.06339094,0.006543155,2.0410691e-07
Testing/glioma/Te-gl_0045.jpg,0,glioma,2,0.04398179,0.04220911,0.91380364,5.3509357e-06
Testing/glioma/Te-gl_0046.jpg,0,glioma,0,0.68235767,0.31497622,0.0026516668,1.4475013e-05
Testing/glioma/Te-gl_0047.jpg,0,glioma,0,0.6234867,0.37189713,0.00456253,5.3641696e-05
Testing/glioma/Te-gl_0048.jpg,0,glioma,0,0.6270759,0.37266105,0.00026289685,7.895959e-08
Testing/glioma/Te-gl_0049.jpg,0,glioma,0,0.98730356,0.00954299,0.0031522454,1.1524124e-06
Testing/glioma/Te-gl_0050.jpg,0,glioma,0,0.97709197,0.022701334,0.00020306896,3.6943552e-06
Testing/glioma/Te-gl_0051.jpg,0,glioma,0,0.98850995,0.011128464,0.00036143704,1.9072502e-07
Testing/glioma/Te-gl_0052.jpg,0,glioma,0,0.8359959,0.11207224,0.05192934,2.5055592e-06
Testing/glioma/Te-gl_0053.jpg,0,glioma,0,0.830946,0.11865243,0.050391763,9.863487e-06
Testing/glioma/Te-gl_0054.jpg,0,glioma,0,0.73192394,0.22522326,0.04285213,7.1713964e-07
Testing/glioma/Te-gl_0055.jpg,0,glioma,0,0.46874234,0.09304894,0.43808395,0.00012481307
Testing/glioma/Te-gl_0056.jpg,0,glioma,0,0.95367986,0.040968936,0.0039059704,0.0014452228
Testing/glioma/Te-gl_0057.jpg,0,glioma,0,0.91483194,0.08385859,0.0013092624,2.4358326e-07
Testing/glioma/Te-gl_0058.jpg,0,glioma,0,0.9571194,0.042438082,0.00042323174,1.9360456e-05
Testing/glioma/Te-gl_0059.jpg,0,glioma,0,0.9672145,0.0327177,6.5690736e-05,2.08051e-06
Testing/glioma/Te-gl_0060.jpg,0,glioma,0,0.95740515,0.04237641,0.00020012539,1.8352239e-05
Testing/glioma/Te-gl_0061.jpg,0,glioma,0,0.7356585,0.26424557,9.21615e-05,3.7321422e-06
Testing/glioma/Te-gl_0062.jpg,0,glioma,0,0.9972415,0.0015180178,0.0012402711,1.7443614e-07
Testing/glioma/Te-gl_0063.jpg,0,glioma,0,0.8124766,0.18699728,0.00051988126,6.161652e-06
Testing/glioma/Te-gl_0064.jpg,0,glioma,0,0.94816273,0.051775623,6.0084254e-05,1.4714938e-06
Testing/glioma/Te-gl_0065.jpg,0,glioma,0,0.7481698,0.1320059,0.11979934,2.500325e-05
Testing/glioma/Te-gl_0066.jpg,0,glioma,0,0.5868176,0.29411036,0.11905436,1.7751958e-05
Testing/glioma/Te-gl_0067.jpg,0,glioma,0,0.93708396,0.06212444,0.00078532816,6.2236613e-06
Testing/glioma/Te-gl_0068.jpg,0,glioma,0,0.93498963,0.06395065,0.0010596646,1.3149379e-07
Testing/glioma/Te-gl_0069.jpg,0,glioma,0,0.870221,0.09719178,0.032286704,0.0003004182
Testing/glioma/Te-gl_0070.jpg,0,glioma,0,0.61763394,0.31387877,0.067365706,0.0011215322
Testing/glioma/Te-gl_0071.jpg,0,glioma,0,0.96449685,0.035305317,0.00019775395,4.0824887e-08
Testing/glioma/Te-gl_0072.jpg,0,glioma,0,0.9877984,0.010407749,0.0017939126,2.1916502e-09
Testing/glioma/Te-gl_0073.jpg,0,glioma,0,0.94268185,0.055936027,0.0012399415,0.00014218914
Testing/glioma/Te-gl_0074.jpg,0,glioma,0,0.9943299,0.005375293,0.00029469165,4.7365386e-08
Testing/glioma/Te-gl_0075.jpg,0,glioma,0,0.9906109,0.008853349,0.00053573644,2.7101228e-08
Testing/glioma/Te-gl_0076.jpg,0,glioma,0,0.96934456,0.02525226,0.0053971284,6.068487e-06
Testing/glioma/Te-gl_0077.jpg,0,glioma,0,0.92221165,0.07423987,0.003545807,2.6380922e-06
Testing/glioma/Te-gl_0078.jpg,0,glioma,0,0.989938,0.008534587,0.0015161389,1.1254008e-05
Testing/glioma/Te-gl_0079.jpg,0,glioma,0,0.80309325,0.19166104,0.005245297,3.4404957e-07
Testing/glioma/Te-gl_0080.jpg,0,glioma,0,0.9447334,0.054224845,0.001040793,8.993248e-07
Testing/glioma/Te-gl_0081.jpg,0,glioma,0,0.56407094,0.13989106,0.29596227,7.572059e-05
Testing/glioma/Te-gl_0082.jpg,0,glioma,0,0.98289365,0.0052067684,0.011899433,1.2124463e-07
Testing/glioma/Te-gl_0083.jpg,0,glioma,2,0.0003134384,0.007958471,0.9917276,5.2081685e-07
Testing/glioma/Te-gl_0084.jpg,0,glioma,0,0.95027417,0.049383577,0.00034045908,1.8699934e-06
Testing/glioma/Te-gl_0085.jpg,0,glioma,0,0.98221374,0.016478563,0.0013065916,1.1436082e-06
Testing/glioma/Te-gl_0086.jpg,0,glioma,0,0.9268977,0.0686392,0.0044527566,1.03245175e-05
Testing/glioma/Te-gl_0087.jpg,0,glioma,2,0.35384348,0.21188198,0.43427294,1.6423535e-06
Testing/glioma/Te-gl_0088.jpg,0,glioma,2,0.422306,0.13155177,0.4461306,1.1597238e-05
Testing/glioma/Te-gl_0089.jpg,0,glioma,0,0.5739376,0.42414677,0.0019146454,8.89488e-07
Testing/glioma/Te-gl_0090.jpg,0,glioma,0,0.9286917,0.044870995,0.026372077,6.528642e-05
Testing/glioma/Te-gl_0091.jpg,0,glioma,0,0.96487445,0.032790475,0.0023259746,9.111505e-06
Testing/glioma/Te-gl_0092.jpg,0,glioma,0,0.9681557,0.031783592,5.8278518e-05,2.4652952e-06
Testing/glioma/Te-gl_0093.jpg,0,glioma,0,0.9983536,0.0016033,4.2907002e-05,2.1478424e-07
Testing/glioma/Te-gl_0094.jpg,0,glioma,0,0.5751693,0.4219733,0.0028564392,8.90498e-07
Testing/glioma/Te-gl_0095.jpg,0,glioma,0,0.9621942,0.03478524,0.0030068136,1.3736308e-05
Testing/glioma/Te-gl_0096.jpg,0,glioma,0,0.9549103,0.04504309,4.6098554e-05,4.87031e-07
Testing/glioma/Te-gl_0097.jpg,0,glioma,0,0.98060304,0.018485995,0.0009107472,1.8421905e-07
Testing/glioma/Te-gl_0098.jpg,0,glioma,0,0.9250079,0.073601976,0.0013901574,8.680116e-09
Testing/glioma/Te-gl_0099.jpg,0,glioma,0,0.8868894,0.11166251,0.0013701522,7.786537e-05
Testing/glioma/Te-gl_0100.jpg,0,glioma,0,0.9854982,0.0138177145,0.00068397436,9.868602e-08
Testing/glioma/Te-gl_0101.jpg,0,glioma,0,0.9210097,0.06823903,0.010745827,5.406402e-06
Testing/glioma/Te-gl_0102.jpg,0,glioma,0,0.9570421,0.04209057,0.00086658413,7.742626e-07
Testing/glioma/Te-gl_0103.jpg,0,glioma,0,0.9960687,0.003678831,0.0002518274,6.290026e-07
Testing/glioma/Te-gl_0104.jpg,0,glioma,0,0.9831033,0.012630507,0.004266186,1.2372271e-07
Testing/glioma/Te-gl_0105.jpg,0,glioma,0,0.96252614,0.030622687,0.0068509667,1.4142447e-07
Testing/glioma/Te-gl_0106.jpg,0,glioma,2,0.14017314,0.084153734,0.77564627,2.6926136e-05
Testing/glioma/Te-gl_0107.jpg,0,glioma,1,0.2750498,0.697766,0.027168214,1.5968493e-05
Testing/glioma/Te-gl_0108.jpg,0,glioma,0,0.97351134,0.024155598,0.0023318902,1.0955703e-06
Testing/glioma/Te-gl_0109.jpg,0,glioma,0,0.982312,0.014932256,0.0027467925,8.862281e-06
Testing/glioma/Te-gl_0110.jpg,0,glioma,0,0.9875366,0.012099608,0.0003629745,8.401174e-07
Testing/glioma/Te-gl_0111.jpg,0,glioma,0,0.99421906,0.0055829487,0.00019796063,7.552085e-09
Testing/glioma/Te-gl_0112.jpg,0,glioma,0,0.9952866,0.004672761,4.060625e-05,8.621534e-10
Testing/glioma/Te-gl_0113.jpg,0,glioma,1,0.41921327,0.5625377,0.01824509,3.8430844e-06
Testing/glioma/Te-gl_0114.jpg,0,glioma,2,0.31814626,0.09014598,0.5917004,7.454792e-06
Testing/glioma/Te-gl_0115.jpg,0,glioma,0,0.99659747,0.0033953206,7.1976024e-06,2.4744176e-09
Testing/glioma/Te-gl_0116.jpg,0,glioma,0,0.99112624,0.0039852015,0.0048881103,4.077247e-07
Testing/glioma/Te-gl_0117.jpg,0,glioma,0,0.97320336,0.026038235,0.00075843243,3.510151e-08
Testing/glioma/Te-gl_0118.jpg,0,glioma,0,0.93545985,0.057050638,0.0074870405,2.4694732e-06
Testing/glioma/Te-gl_0119.jpg,0,glioma,0,0.9308064,0.06589996,0.003291477,2.2134902e-06
Testing/glioma/Te-gl_0120.jpg,0,glioma,0,0.973066,0.021547472,0.0053817728,4.855747e-06
Testing/glioma/Te-gl_0121.jpg,0,glioma,0,0.8633029,0.041489303,0.095185265,2.2536882e-05
Testing/glioma/Te-gl_0122.jpg,0,glioma,0,0.69920295,0.27133548,0.029461283,2.6522676e-07
Testing/glioma/Te-gl_0123.jpg,0,glioma,0,0.9777939,0.021837903,0.00035613144,1.2120894e-05
Testing/glioma/Te-gl_0124.jpg,0,glioma,0,0.96873367,0.03100727,0.000256181,2.948642e-06
Testing/glioma/Te-gl_0125.jpg,0,glioma,0,0.8770222,0.122960605,1.6575783e-05,5.0927696e-07
Testing/glioma/Te-gl_0126.jpg,0,glioma,0,0.8889731,0.11051458,0.0005117794,5.4637763e-07
Testing/glioma/Te-gl_0127.jpg,0,glioma,0,0.987936,0.012024337,3.952548e-05,8.882022e-08
Testing/glioma/Te-gl_0128.jpg,0,glioma,0,0.74440134,0.25383988,0.0017506314,8.0677355e-06
Testing/glioma/Te-gl_0129.jpg,0,glioma,0,0.68266636,0.31693855,0.00037561363,1.9379026e-05
Testing/glioma/Te-gl_0130.jpg,0,glioma,0,0.62565607,0.34146595,0.032623596,0.00025440738
Testing/glioma/Te-gl_0131.jpg,0,glioma,0,0.9245758,0.075266495,0.00015570174,1.9596555e-06
Testing/glioma/Te-gl_0132.jpg,0,glioma,0,0.72675693,0.27297163,0.00026903584,2.4547278e-06
Testing/glioma/Te-gl_0133.jpg,0,glioma,1,0.3386944,0.59182864,0.06935652,0.000120433324
Testing/glioma/Te-gl_0134.jpg,0,glioma,0,0.9903965,0.008533965,0.0010687985,7.1822626e-07
Testing/glioma/Te-gl_0135.jpg,0,glioma,0,0.97488457,0.025035264,8.008496e-05,1.6214704e-08
Testing/glioma/Te-gl_0136.jpg,0,glioma,0,0.95857745,0.038448054,0.002974144,3.165209e-07
Testing/glioma/Te-gl_0137.jpg,0,glioma,0,0.9464211,0.05357407,4.6163395e-06,2.580375e-07
Testing/glioma/Te-gl_0138.jpg,0,glioma,0,0.96248686,0.03736936,0.00014184396,1.979903e-06
Testing/glioma/Te-gl_0139.jpg,0,glioma,0,0.96116906,0.034985516,0.0038259411,1.9489302e-05
Testing/glioma/Te-gl_0140.jpg,0,glioma,0,0.82600313,0.16284332,0.01115328,2.3861912e-07
Testing/glioma/Te-gl_0141.jpg,0,glioma,0,0.99335104,0.0066046445,4.4336008e-05,1.9763204e-08
Testing/glioma/Te-gl_0142.jpg,0,glioma,0,0.9498584,0.048803482,0.0013358082,2.2791717e-06
Testing/glioma/Te-gl_0143.jpg,0,glioma,0,0.9786249,0.021309437,6.388025e-05,1.7294709e-06
Testing/glioma/Te-gl_0144.jpg,0,glioma,0,0.88468546,0.11508383,0.00023067667,6.418785e-08
Testing/glioma/Te-gl_0145.jpg,0,glioma,0,0.9863593,0.013624549,1.6109272e-05,4.1823757e-08
Testing/glioma/Te-gl_0146.jpg,0,glioma,0,0.87092406,0.104377374,0.024695948,2.5807624e-06
Testing/glioma/Te-gl_0147.jpg,0,glioma,0,0.81216013,0.18783917,6.6670947e-07,2.6277618e-08
Testing/glioma/Te-gl_0148.jpg,0,glioma,0,0.536483,0.4633941,0.00011993548,2.9573182e-06
Testing/glioma/Te-gl_0149.jpg,0,glioma,0,0.9600489,0.023439351,0.016510142,1.6664627e-06
Testing/glioma/Te-gl_0150.jpg,0,glioma,0,0.8626014,0.13720727,0.0001828483,8.52291e-06
Testing/glioma/Te-gl_0151.jpg,0,glioma,0,0.6208361,0.36040202,0.018744495,1.7460687e-05
Testing/glioma/Te-gl_0152.jpg,0,glioma,0,0.81186515,0.18525352,0.0028774235,3.9515116e-06
Testing/glioma/Te-gl_0153.jpg,0,glioma,0,0.80573654,0.19421731,4.5450146e-05,6.584939e-07
Testing/glioma/Te-gl_0154.jpg,0,glioma,0,0.9886453,0.011354595,1.046351e-07,8.770268e-11
Testing/glioma/Te-gl_0155.jpg,0,glioma,0,0.97510964,0.024885254,5.013799e-06,3.4961328e-08
Testing/glioma/Te-gl_0156.jpg,0,glioma,0,0.9084544,0.08838424,0.0023025752,0.000858729
Testing/glioma/Te-gl_0157.jpg,0,glioma,0,0.9498401,0.050147798,1.1892008e-05,2.126737e-07
Testing/glioma/Te-gl_0158.jpg,0,glioma,1,0.35299104,0.6469704,3.758207e-05,9.189497e-07
Testing/glioma/Te-gl_0159.jpg,0,glioma,1,0.10971376,0.6526398,0.23764428,2.1716203e-06
Testing/glioma/Te-gl_0160.jpg,0,glioma,0,0.8260673,0.16135539,0.012576875,3.8874413e-07
Testing/glioma/Te-gl_0161.jpg,0,glioma,0,0.94900703,0.05084415,0.00014869172,1.7267772e-07
Testing/glioma/Te-gl_0162.jpg,0,glioma,0,0.7474135,0.23281445,0.019766469,5.663202e-06
Testing/glioma/Te-gl_0163.jpg,0,glioma,0,0.6039896,0.39545372,0.00052563293,3.107133e-05
Testing/glioma/Te-gl_0164.jpg,0,glioma,0,0.7113031,0.28869295,2.7099998e-06,1.240196e-06
Testing/glioma/Te-gl_0165.jpg,0,glioma,0,0.60496086,0.39498392,3.7432517e-05,1.7791393e-05
Testing/glioma/Te-gl_0166.jpg,0,glioma,0,0.98699564,0.013003583,7.7141857e-07,1.2037022e-08
Testing/glioma/Te-gl_0167.jpg,0,glioma,0,0.90689635,0.09264486,0.0004545396,4.265954e-06
Testing/glioma/Te-gl_0168.jpg,0,glioma,1,0.20481761,0.79249734,0.0026848686,2.0072139e-07
Testing/glioma/Te-gl_0169.jpg,0,glioma,1,0.32782552,0.67141503,0.0007590662,4.723484e-07
Testing/glioma/Te-gl_0170.jpg,0,glioma,0,0.87192035,0.06747173,0.023188477,0.037419368
Testing/glioma/Te-gl_0171.jpg,0,glioma,0,0.7527965,0.24714476,3.264662e-05,2.6179565e-05
Testing/glioma/Te-gl_0172.jpg,0,glioma,0,0.9004714,0.099071674,0.0004510406,5.8474675e-06
Testing/glioma/Te-gl_0173.jpg,0,glioma,0,0.6735814,0.3162891,0.010126968,2.5052084e-06
Testing/glioma/Te-gl_0174.jpg,0,glioma,0,0.5103107,0.4836305,0.0060202414,3.8550585e-05
Testing/glioma/Te-gl_0175.jpg,0,glioma,0,0.90075624,0.09738913,0.0018539821,6.3963444e-07
Testing/glioma/Te-gl_0176.jpg,0,glioma,0,0.7786593,0.09806698,0.12315743,0.00011621056
Testing/glioma/Te-gl_0177.jpg,0,glioma,0,0.91298383,0.08661056,0.0004021287,3.414772e-06
Testing/glioma/Te-gl_0178.jpg,0,glioma,0,0.7246053,0.27508998,0.00030467476,6.850279e-08
Testing/glioma/Te-gl_0179.jpg,0,glioma,0,0.89862317,0.10134105,1.7095896e-05,1.8657609e-05
Testing/glioma/Te-gl_0180.jpg,0,glioma,0,0.80791485,0.19208215,2.9002897e-06,1.4421774e-07
Testing/glioma/Te-gl_0181.jpg,0,glioma,0,0.9905433,0.009456716,3.4527414e-08,3.6746581e-09
Testing/glioma/Te-gl_0182.jpg,0,glioma,0,0.7852469,0.21474488,8.2773395e-06,3.821853e-08
Testing/glioma/Te-gl_0183.jpg,0,glioma,0,0.96057034,0.036287893,0.002995042,0.00014662025
Testing/glioma/Te-gl_0184.jpg,0,glioma,0,0.92719173,0.072547756,0.00024392972,1.6486494e-05
Testing/glioma/Te-gl_0185.jpg,0,glioma,0,0.5513869,0.4381478,0.0044576675,0.0060076304
Testing/glioma/Te-gl_0186.jpg,0,glioma,0,0.85737723,0.14230634,3.9888622e-05,0.00027654358
Testing/glioma/Te-gl_0187.jpg,0,glioma,0,0.99038225,0.009617448,2.8899183e-07,3.3663365e-08
Testing/glioma/Te-gl_0188.jpg,0,glioma,0,0.9741828,0.023717122,0.0020972725,2.8847508e-06
Testing/glioma/Te-gl_0189.jpg,0,glioma,0,0.9415086,0.055995345,0.0024901212,5.941086e-06
Testing/glioma/Te-gl_0190.jpg,0,glioma,1,0.23177606,0.7644376,0.0033955467,0.00039084457
Testing/glioma/Te-gl_0191.jpg,0,glioma,0,0.74192256,0.25793245,0.00014420543,8.6560686e-07
Testing/glioma/Te-gl_0192.jpg,0,glioma,0,0.67683756,0.3199241,0.003236103,2.200281e-06
Testing/glioma/Te-gl_0193.jpg,0,glioma,0,0.9847051,0.015288106,6.109686e-06,6.9184523e-07
Testing/glioma/Te-gl_0194.jpg,0,glioma,0,0.9086439,0.09067361,0.0006736361,8.810022e-06
Testing/glioma/Te-gl_0195.jpg,0,glioma,0,0.8443445,0.15305525,0.0025994903,8.208138e-07
Testing/glioma/Te-gl_0196.jpg,0,glioma,0,0.894386,0.09686866,0.008741363,3.9320785e-06
Testing/glioma/Te-gl_0197.jpg,0,glioma,0,0.8410973,0.15220462,0.0066975565,5.9316267e-07
Testing/glioma/Te-gl_0198.jpg,0,glioma,0,0.9238192,0.076101914,7.888425e-05,4.9841255e-08
Testing/glioma/Te-gl_0199.jpg,0,glioma,0,0.868292,0.13165225,5.4160675e-05,1.6350566e-06
Testing/glioma/Te-gl_0200.jpg,0,glioma,0,0.6502929,0.3491041,0.0005839934,1.9016685e-05
Testing/glioma/Te-gl_0201.jpg,0,glioma,0,0.801646,0.19835004,4.0413574e-06,2.8165166e-09
Testing/glioma/Te-gl_0202.jpg,0,glioma,0,0.49581847,0.4937712,0.010408509,1.8417425e-06
Testing/glioma/Te-gl_0203.jpg,0,glioma,0,0.81245023,0.18375413,0.0037854388,1.0152106e-05
Testing/glioma/Te-gl_0204.jpg,0,glioma,0,0.6552166,0.343114,0.001669054,4.0221107e-07
Testing/glioma/Te-gl_0205.jpg,0,glioma,0,0.91807425,0.0818294,9.613959e-05,2.145203e-07
Testing/glioma/Te-gl_0206.jpg,0,glioma,0,0.8954224,0.10164834,0.0029183186,1.0903638e-05
Testing/glioma/Te-gl_0207.jpg,0,glioma,1,0.3502341,0.6478853,0.0017881752,9.247907e-05
Testing/glioma/Te-gl_0208.jpg,0,glioma,0,0.856076,0.14375825,0.00016477077,1.0136526e-06
Testing/glioma/Te-gl_0209.jpg,0,glioma,0,0.89244014,0.10484751,0.0023335293,0.00037886327
Testing/glioma/Te-gl_0210.jpg,0,glioma,0,0.9993056,0.00069435866,5.922159e-08,4.8009783e-09
Testing/glioma/Te-gl_0211.jpg,0,glioma,0,0.73187894,0.26348066,0.0046158973,2.4523824e-05
Testing/glioma/Te-gl_0212.jpg,0,glioma,0,0.9945228,0.0054555875,2.0555357e-05,1.1233138e-06
Testing/glioma/Te-gl_0213.jpg,0,glioma,0,0.89525706,0.10437104,0.00036071127,1.1125846e-05
Testing/glioma/Te-gl_0214.jpg,0,glioma,0,0.94468606,0.045330513,0.009713042,0.00027035846
Testing/glioma/Te-gl_0215.jpg,0,glioma,0,0.9899346,0.01000125,6.4041014e-05,5.9219364e-08
Testing/glioma/Te-gl_0216.jpg,0,glioma,0,0.92395604,0.0756838,0.0003454687,1.4581926e-05
Testing/glioma/Te-gl_0217.jpg,0,glioma,0,0.6735774,0.32637465,4.7141366e-05,8.006277e-07
Testing/glioma/Te-gl_0218.jpg,0,glioma,0,0.94053996,0.059441112,1.8741212e-05,2.7707355e-07
Testing/glioma/Te-gl_0219.jpg,0,glioma,0,0.68692225,0.30762985,0.004578053,0.000869818
Testing/glioma/Te-gl_0220.jpg,0,glioma,0,0.9635956,0.036400687,3.6669107e-06,1.8103288e-08
Testing/glioma/Te-gl_0221.jpg,0,glioma,0,0.9740534,0.025918242,4.3426567e-06,2.4149847e-05
Testing/glioma/Te-gl_0222.jpg,0,glioma,0,0.9951951,0.0047470015,5.169566e-05,6.183004e-06
Testing/glioma/Te-gl_0223.jpg,0,glioma,0,0.9442359,0.055738863,2.3021774e-05,2.183489e-06
Testing/glioma/Te-gl_0224.jpg,0,glioma,0,0.9852688,0.014632168,9.836556e-05,6.897128e-07
Testing/glioma/Te-gl_0225.jpg,0,glioma,0,0.9624937,0.037501115,5.1294983e-06,3.9332868e-08
Testing/glioma/Te-gl_0226.jpg,0,glioma,0,0.9134711,0.049569845,0.030561019,0.006397931
Testing/glioma/Te-gl_0227.jpg,0,glioma,0,0.91961604,0.08034806,3.5881512e-05,6.209488e-08
Testing/glioma/Te-gl_0228.jpg,0,glioma,0,0.9808004,0.019066466,0.00013257412,5.916372e-07
Testing/glioma/Te-gl_0229.jpg,0,glioma,2,0.30764538,0.1573845,0.53495616,1.4013335e-05
Testing/glioma/Te-gl_0230.jpg,0,glioma,0,0.7603498,0.23443432,0.0052143373,1.4866195e-06
Testing/glioma/Te-gl_0231.jpg,0,glioma,1,0.06703268,0.9217629,0.011204311,1.1220546e-07
Testing/glioma/Te-gl_0232.jpg,0,glioma,1,0.17854105,0.7077343,0.11359167,0.00013305397
Testing/glioma/Te-gl_0233.jpg,0,glioma,1,0.4036036,0.5238766,0.07198722,0.00053249317
Testing/glioma/Te-gl_0234.jpg,0,glioma,0,0.5639207,0.37245542,0.06362382,4.3061842e-08
Testing/glioma/Te-gl_0235.jpg,0,glioma,2,0.35171318,0.053809308,0.5944774,8.997177e-08
Testing/glioma/Te-gl_0236.jpg,0,glioma,2,0.21515457,0.038409602,0.7464355,3.2746058e-07
Testing/glioma/Te-gl_0237.jpg,0,glioma,0,0.49854708,0.4971654,0.0042724153,1.5077423e-05
Testing/glioma/Te-gl_0238.jpg,0,glioma,0,0.9239497,0.071132556,0.004917663,8.757293e-09
Testing/glioma/Te-gl_0239.jpg,0,glioma,0,0.5438287,0.45606688,9.622027e-05,8.185207e-06
Testing/glioma/Te-gl_0240.jpg,0,glioma,0,0.8746605,0.12523669,0.00010117848,1.7429767e-06
Testing/glioma/Te-gl_0241.jpg,0,glioma,0,0.65098,0.31945488,0.02956293,2.1072826e-06
Testing/glioma/Te-gl_0242.jpg,0,glioma,0,0.6858198,0.30030575,0.013847543,2.6911695e-05
Testing/glioma/Te-gl_0243.jpg,0,glioma,0,0.69507664,0.30490935,1.3968787e-05,4.8483933e-08
Testing/glioma/Te-gl_0244.jpg,0,glioma,0,0.9145197,0.085465185,1.5099079e-05,5.2068927e-08
Testing/glioma/Te-gl_0245.jpg,0,glioma,1,0.39587784,0.60411763,4.5698503e-06,1.5307824e-08
Testing/glioma/Te-gl_0246.jpg,0,glioma,0,0.8974956,0.090396486,0.012107325,5.7924944e-07
Testing/glioma/Te-gl_0247.jpg,0,glioma,0,0.8422275,0.1576486,0.0001232052,7.172555e-07
Testing/glioma/Te-gl_0248.jpg,0,glioma,0,0.88973665,0.0984912,0.01157435,0.0001978484
Testing/glioma/Te-gl_0249.jpg,0,glioma,0,0.6592156,0.324417,0.016326271,4.1078343e-05
Testing/glioma/Te-gl_0250.jpg,0,glioma,0,0.67434764,0.31170145,0.013924812,2.6151043e-05
Testing/glioma/Te-gl_0251.jpg,0,glioma,2,0.04939488,0.018729249,0.93187225,3.5838423e-06
Testing/glioma/Te-gl_0252.jpg,0,glioma,1,0.056564305,0.54067534,0.40276,4.06843e-07
Testing/glioma/Te-gl_0253.jpg,0,glioma,1,0.33694297,0.64097005,0.022086369,6.35558e-07
Testing/glioma/Te-gl_0254.jpg,0,glioma,1,0.3470637,0.63859326,0.014342209,8.067385e-07
Testing/glioma/Te-gl_0255.jpg,0,glioma,0,0.59887177,0.39157468,0.009552654,9.726738e-07
Testing/glioma/Te-gl_0256.jpg,0,glioma,0,0.7984951,0.19629166,0.005213124,6.307179e-08
Testing/glioma/Te-gl_0257.jpg,0,glioma,0,0.9728747,0.026716545,0.00040650062,2.260998e-06
Testing/glioma/Te-gl_0258.jpg,0,glioma,1,0.26067713,0.7056761,0.033641405,5.3909425e-06
Testing/glioma/Te-gl_0259.jpg,0,glioma,1,0.18489109,0.43524522,0.3741761,0.0056876023
Testing/glioma/Te-gl_0260.jpg,0,glioma,0,0.8655295,0.13444336,2.69201e-05,2.2931769e-07
Testing/glioma/Te-gl_0261.jpg,0,glioma,1,0.3590572,0.63946897,0.0014735371,1.9145209e-07
Testing/glioma/Te-gl_0262.jpg,0,glioma,0,0.654027,0.32958785,0.01638438,6.971719e-07
Testing/glioma/Te-gl_0263.jpg,0,glioma,0,0.54707605,0.44897047,0.003944975,8.551466e-06
Testing/glioma/Te-gl_0264.jpg,0,glioma,1,0.2039729,0.5701862,0.22583285,8.069309e-06
Testing/glioma/Te-gl_0265.jpg,0,glioma,1,0.416513,0.45559523,0.12769997,0.00019181508
Testing/glioma/Te-gl_0266.jpg,0,glioma,0,0.8027836,0.17166585,0.025541885,8.683366e-06
Testing/glioma/Te-gl_0267.jpg,0,glioma,1,0.15839197,0.76223844,0.077610485,0.0017590785
Testing/glioma/Te-gl_0268.jpg,0,glioma,1,0.33654755,0.62547994,0.037886366,8.611206e-05
Testing/glioma/Te-gl_0269.jpg,0,glioma,0,0.71927863,0.28025755,0.00044621338,1.7578799e-05
Testing/glioma/Te-gl_0270.jpg,0,glioma,0,0.9647067,0.034804575,0.00048848754,2.5791795e-07
Testing/glioma/Te-gl_0271.jpg,0,glioma,0,0.57685065,0.37891626,0.044077743,0.00015530291
Testing/glioma/Te-gl_0272.jpg,0,glioma,0,0.45792854,0.32295692,0.21436496,0.004749516
Testing/glioma/Te-gl_0273.jpg,0,glioma,0,0.4600747,0.084137544,0.45538324,0.0004045343
Testing/glioma/Te-gl_0274.jpg,0,glioma,0,0.93351847,0.06306413,0.003414326,3.1456343e-06
Testing/glioma/Te-gl_0275.jpg,0,glioma,1,0.34866107,0.64875805,0.0025782955,2.6439916e-06
Testing/glioma/Te-gl_0276.jpg,0,glioma,0,0.51150995,0.47873542,0.009580005,0.00017465987
Testing/glioma/Te-gl_0277.jpg,0,glioma,0,0.82190096,0.17405179,0.004040292,6.9521734e-06
Testing/glioma/Te-gl_0278.jpg,0,glioma,0,0.6283545,0.34261867,0.029026369,4.0718916e-07
Testing/glioma/Te-gl_0279.jpg,0,glioma,0,0.8609412,0.13899855,5.6797104e-05,3.5113442e-06
Testing/glioma/Te-gl_0280.jpg,0,glioma,0,0.7645651,0.23539853,3.4444423e-05,1.9457175e-06
Testing/glioma/Te-gl_0281.jpg,0,glioma,0,0.82754064,0.1723641,9.526567e-05,1.25227215e-08
Testing/glioma/Te-gl_0282.jpg,0,glioma,0,0.7896858,0.20807362,0.002240418,1.5051606e-07
Testing/glioma/Te-gl_0283.jpg,0,glioma,0,0.8887576,0.10930781,0.0019338143,7.9937337e-07
Testing/glioma/Te-gl_0284.jpg,0,glioma,0,0.67269117,0.1595081,0.16779658,4.17439e-06
Testing/glioma/Te-gl_0285.jpg,0,glioma,0,0.79446566,0.20223302,0.0032898402,1.1416646e-05
Testing/glioma/Te-gl_0286.jpg,0,glioma,0,0.97546434,0.019783592,0.0047499537,2.093922e-06
Testing/glioma/Te-gl_0287.jpg,0,glioma,0,0.97648627,0.023375053,0.0001385469,1.6584761e-07
Testing/glioma/Te-gl_0288.jpg,0,glioma,0,0.9690745,0.026943762,0.0039816955,9.925666e-08
Testing/glioma/Te-gl_0289.jpg,0,glioma,2,0.3852694,0.12196819,0.4927534,9.063617e-06
Testing/glioma/Te-gl_0290.jpg,0,glioma,0,0.9051024,0.08800982,0.0068874476,3.4520113e-07
Testing/glioma/Te-gl_0291.jpg,0,glioma,0,0.57492524,0.34824777,0.07682567,1.4108595e-06
Testing/glioma/Te-gl_0292.jpg,0,glioma,0,0.88354784,0.11266592,0.0037861804,6.420958e-08
Testing/glioma/Te-gl_0293.jpg,0,glioma,0,0.80082047,0.07565179,0.12352754,1.7611326e-07
Testing/glioma/Te-gl_0294.jpg,0,glioma,0,0.99601895,0.0039785295,2.4407825e-06,3.144046e-08
Testing/glioma/Te-gl_0295.jpg,0,glioma,1,0.16809763,0.47146472,0.3604248,1.2868074e-05
Testing/glioma/Te-gl_0296.jpg,0,glioma,0,0.97974247,0.019124437,0.0011329795,8.097551e-09
Testing/glioma/Te-gl_0297.jpg,0,glioma,0,0.96647906,0.031997662,0.0015232642,4.446557e-08
Testing/glioma/Te-gl_0298.jpg,0,glioma,0,0.9581638,0.017032836,0.024802534,9.2150873e-07
Testing/glioma/Te-gl_0299.jpg,0,glioma,0,0.5754256,0.2333159,0.19082439,0.00043404548
Testing/meningioma/Te-meTr_0000.jpg,1,meningioma,1,0.005996667,0.9663333,0.02766994,8.578796e-08
Testing/meningioma/Te-meTr_0001.jpg,1,meningioma,1,0.400021,0.47737873,0.12259652,3.7961684e-06
Testing/meningioma/Te-meTr_0002.jpg,1,meningioma,2,0.010020522,0.48573428,0.50424266,2.571834e-06
Testing/meningioma/Te-meTr_0003.jpg,1,meningioma,1,0.038736183,0.49474528,0.4664925,2.6071612e-05
Testing/meningioma/Te-meTr_0004.jpg,1,meningioma,2,0.010259625,0.035720397,0.95401996,2.016661e-08
Testing/meningioma/Te-meTr_0005.jpg,1,meningioma,1,0.0006163275,0.8477985,0.15158504,1.4608928e-07
Testing/meningioma/Te-meTr_0006.jpg,1,meningioma,2,0.0011150667,0.3351747,0.6637102,1.3453052e-07
Testing/meningioma/Te-meTr_0007.jpg,1,meningioma,0,0.720775,0.2639876,0.015236553,7.7860864e-07
Testing/meningioma/Te-meTr_0008.jpg,1,meningioma,1,0.0384775,0.9330264,0.028496116,1.904655e-08
Testing/meningioma/Te-meTr_0009.jpg,1,meningioma,2,0.04241698,0.09740475,0.86017805,2.2832972e-07
Testing/meningioma/Te-me_0010.jpg,1,meningioma,1,0.007245096,0.99043334,0.0023212028,3.19933e-07
Testing/meningioma/Te-me_0011.jpg,1,meningioma,1,0.20403168,0.7454519,0.05049843,1.793425e-05
Testing/meningioma/Te-me_0012.jpg,1,meningioma,1,0.0003775176,0.99948645,0.00013595734,1.4468152e-08
Testing/meningioma/Te-me_0013.jpg,1,meningioma,1,0.06975069,0.9301193,0.00011134977,1.8747853e-05
Testing/meningioma/Te-me_0014.jpg,1,meningioma,2,0.016896797,0.47373548,0.5093672,4.7892837e-07
Testing/meningioma/Te-me_0015.jpg,1,meningioma,1,0.23834926,0.6319295,0.12970543,1.570724e-05
Testing/meningioma/Te-me_0016.jpg,1,meningioma,2,0.032987285,0.14093761,0.8260743,7.439834e-07
Testing/meningioma/Te-me_0017.jpg,1,meningioma,2,0.0014677694,0.009803876,0.9887284,4.155995e-09
Testing/meningioma/Te-me_0018.jpg,1,meningioma,1,0.261239,0.7337587,0.0049190065,8.3295265e-05
Testing/meningioma/Te-me_0019.jpg,1,meningioma,1,0.022897769,0.88443226,0.09264844,2.1499754e-05
Testing/meningioma/Te-me_0020.jpg,1,meningioma,1,0.0007133008,0.9839559,0.015330488,2.696221e-07
Testing/meningioma/Te-me_0021.jpg,1,meningioma,1,0.1545287,0.806044,0.03926711,0.00016020147
Testing/meningioma/Te-me_0022.jpg,1,meningioma,1,0.12007176,0.68690765,0.1929772,4.34284e-05
Testing/meningioma/Te-me_0023.jpg,1,meningioma,1,0.0002348324,0.9995925,0.00017267124,3.336737e-10
Testing/meningioma/Te-me_0024.jpg,1,meningioma,1,0.022319777,0.66650724,0.31115904,1.4006192e-05
Testing/meningioma/Te-me_0025.jpg,1,meningioma,1,0.0011065218,0.9988926,7.297543e-07,1.2058936e-07
Testing/meningioma/Te-me_0026.jpg,1,meningioma,1,0.0084579,0.9853581,0.0061808666,3.0517322e-06
Testing/meningioma/Te-me_0027.jpg,1,meningioma,1,0.034782104,0.9591,0.0061179013,3.0820817e-09
Testing/meningioma/Te-me_0028.jpg,1,meningioma,1,0.0065194373,0.99297285,0.00050743105,1.9275387e-07
Testing/meningioma/Te-me_0029.jpg,1,meningioma,1,0.0019189043,0.80127025,0.19681083,1.9871644e-08
Testing/meningioma/Te-me_0030.jpg,1,meningioma,2,0.1774226,0.3621053,0.4604541,1.8019844e-05
Testing/meningioma/Te-me_0031.jpg,1,meningioma,1,0.0073615746,0.9912845,0.0013537129,1.9129645e-07
Testing/meningioma/Te-me_0032.jpg,1,meningioma,1,0.15477668,0.5637067,0.28150967,6.973567e-06
Testing/meningioma/Te-me_0033.jpg,1,meningioma,1,0.010823399,0.5315158,0.4576559,4.85198e-06
Testing/meningioma/Te-me_0034.jpg,1,meningioma,2,0.0036113744,0.20463184,0.7917561,7.906701e-07
Testing/meningioma/Te-me_0035.jpg,1,meningioma,1,0.012849656,0.93244624,0.054703973,7.133922e-08
Testing/meningioma/Te-me_0036.jpg,1,meningioma,1,0.009679664,0.8870658,0.10325453,2.0091242e-08
Testing/meningioma/Te-me_0037.jpg,1,meningioma,2,0.00954076,0.120887816,0.8695677,3.847157e-06
Testing/meningioma/Te-me_0038.jpg,1,meningioma,1,0.06175143,0.9112965,0.026952157,1.6820422e-08
Testing/meningioma/Te-me_0039.jpg,1,meningioma,1,0.0007675184,0.89295274,0.106279425,2.8402624e-07
Testing/meningioma/Te-me_0040.jpg,1,meningioma,1,0.040175036,0.959374,0.00045097433,2.4545566e-08
Testing/meningioma/Te-me_0041.jpg,1,meningioma,2,0.028501354,0.06817359,0.90332466,4.4234986e-07
Testing/meningioma/Te-me_0042.jpg,1,meningioma,1,0.06420155,0.9333971,0.0024010248,2.893705e-07
Testing/meningioma/Te-me_0043.jpg,1,meningioma,1,0.0005406529,0.9988393,0.0006200029,5.3063114e-09
Testing/meningioma/Te-me_0044.jpg,1,meningioma,1,0.0019613171,0.8954821,0.1025564,9.8592714e-08
Testing/meningioma/Te-me_0045.jpg,1,meningioma,1,0.0065898737,0.824975,0.16843295,2.1502342e-06
Testing/meningioma/Te-me_0046.jpg,1,meningioma,0,0.8289921,0.16425481,0.0067530335,1.7516976e-09
Testing/meningioma/Te-me_0047.jpg,1,meningioma,1,0.18644235,0.8121426,0.0014142891,7.497413e-07
Testing/meningioma/Te-me_0048.jpg,1,meningioma,1,0.12231998,0.8754136,0.0022354645,3.0976444e-05
Testing/meningioma/Te-me_0049.jpg,1,meningioma,2,0.0038378322,0.28578296,0.7103792,7.332504e-09
Testing/meningioma/Te-me_0050.jpg,1,meningioma,1,0.054062374,0.9425363,0.0032776361,0.00012369227
Testing/meningioma/Te-me_0051.jpg,1,meningioma,1,0.44082728,0.4812358,0.07792971,7.246881e-06
Testing/meningioma/Te-me_0052.jpg,1,meningioma,0,0.90337515,0.09573186,0.00087671576,1.6269038e-05
Testing/meningioma/Te-me_0053.jpg,1,meningioma,1,0.009198781,0.9897988,0.0009987449,3.6639162e-06
Testing/meningioma/Te-me_0054.jpg,1,meningioma,1,0.057254836,0.9391925,0.0035525747,5.64322e-08
Testing/meningioma/Te-me_0055.jpg,1,meningioma,1,0.0010025003,0.99469274,0.004304791,1.0254925e-08
Testing/meningioma/Te-me_0056.jpg,1,meningioma,1,0.006277068,0.92331594,0.07040633,6.481949e-07
Testing/meningioma/Te-me_0057.jpg,1,meningioma,1,0.07788035,0.48949814,0.42871022,0.0039113155
Testing/meningioma/Te-me_0058.jpg,1,meningioma,1,0.0022622491,0.97672576,0.020988714,2.3273189e-05
Testing/meningioma/Te-me_0059.jpg,1,meningioma,2,0.039644424,0.40871942,0.5516222,1.40225575e-05
Testing/meningioma/Te-me_0060.jpg,1,meningioma,2,0.022955764,0.4260766,0.55096126,6.338987e-06
Testing/meningioma/Te-me_0061.jpg,1,meningioma,1,4.3098495e-05,0.9933385,0.006618357,1.8642826e-08
Testing/meningioma/Te-me_0062.jpg,1,meningioma,1,0.0039170245,0.53058463,0.46549806,1.7529338e-07
Testing/meningioma/Te-me_0063.jpg,1,meningioma,1,0.0013856476,0.82143,0.17718403,2.7229814e-07
Testing/meningioma/Te-me_0064.jpg,1,meningioma,1,0.07462583,0.4667021,0.45866776,4.262307e-06
Testing/meningioma/Te-me_0065.jpg,1,meningioma,2,0.007951898,0.018101092,0.9739465,5.303001e-07
Testing/meningioma/Te-me_0066.jpg,1,meningioma,0,0.7606936,0.23924075,6.361453e-05,1.965758e-06
Testing/meningioma/Te-me_0067.jpg,1,meningioma,1,0.16358604,0.8310691,0.0053213933,2.350484e-05
Testing/meningioma/Te-me_0068.jpg,1,meningioma,1,0.008888889,0.99105537,5.1347983e-05,4.3785903e-06
Testing/meningioma/Te-me_0069.jpg,1,meningioma,2,0.07877722,0.16693404,0.7542876,1.1201868e-06
Testing/meningioma/Te-me_0070.jpg,1,meningioma,1,0.01971545,0.97713405,0.0031475513,2.9500836e-06
Testing/meningioma/Te-me_0071.jpg,1,meningioma,0,0.6231927,0.33151293,0.04528975,4.573752e-06
Testing/meningioma/Te-me_0072.jpg,1,meningioma,1,0.03856297,0.56272584,0.39870903,2.1703047e-06
Testing/meningioma/Te-me_0073.jpg,1,meningioma,0,0.56798,0.42328396,0.00872348,1.2497452e-05
Testing/meningioma/Te-me_0074.jpg,1,meningioma,1,0.0058547477,0.982646,0.011499244,1.3278646e-08
Testing/meningioma/Te-me_0075.jpg,1,meningioma,1,0.015355613,0.8709057,0.11373693,1.7158462e-06
Testing/meningioma/Te-me_0076.jpg,1,meningioma,1,0.0015213494,0.99845135,2.7251372e-05,4.0651905e-08
Testing/meningioma/Te-me_0077.jpg,1,meningioma,1,0.054750174,0.9405851,0.004664736,3.8176693e-09
Testing/meningioma/Te-me_0078.jpg,1,meningioma,1,0.011053775,0.9591067,0.029839175,3.5079893e-07
Testing/meningioma/Te-me_0079.jpg,1,meningioma,1,0.009544757,0.8690643,0.12139078,1.9171318e-07
Testing/meningioma/Te-me_0080.jpg,1,meningioma,2,0.20484331,0.38902545,0.40610552,2.5754001e-05
Testing/meningioma/Te-me_0081.jpg,1,meningioma,1,0.046148024,0.9502647,0.0035870988,2.2176754e-07
Testing/meningioma/Te-me_0082.jpg,1,meningioma,1,0.00016078593,0.99880946,0.0010297099,9.850825e-10
Testing/meningioma/Te-me_0083.jpg,1,meningioma,2,0.03411432,0.27880713,0.6870779,6.4913445e-07
Testing/meningioma/Te-me_0084.jpg,1,meningioma,2,0.023550596,0.22933254,0.7470256,9.128862e-05
Testing/meningioma/Te-me_0085.jpg,1,meningioma,2,0.0029697584,0.11637092,0.8806576,1.7078454e-06
Testing/meningioma/Te-me_0086.jpg,1,meningioma,1,0.03026216,0.9537515,0.01598635,1.0963025e-08
Testing/meningioma/Te-me_0087.jpg,1,meningioma,1,0.13712017,0.856534,0.0063453764,3.7767597e-07
Testing/meningioma/Te-me_0088.jpg,1,meningioma,1,9.6307056e-05,0.9988856,0.0010181549,2.2640068e-10
Testing/meningioma/Te-me_0089.jpg,1,meningioma,1,0.030662386,0.924369,0.044968583,9.29409e-09
Testing/meningioma/Te-me_0090.jpg,1,meningioma,1,0.088548325,0.9110645,0.00038714803,4.2002477e-09
Testing/meningioma/Te-me_0091.jpg,1,meningioma,1,0.00081230403,0.97359437,0.025593258,3.0175688e-08
Testing/meningioma/Te-me_0092.jpg,1,meningioma,0,0.57273406,0.42591926,0.0012927449,5.3949603e-05
Testing/meningioma/Te-me_0093.jpg,1,meningioma,1,0.0875716,0.4909422,0.42148334,2.8806699e-06
Testing/meningioma/Te-me_0094.jpg,1,meningioma,1,0.08552692,0.74367166,0.1708006,8.328725e-07
Testing/meningioma/Te-me_0095.jpg,1,meningioma,1,0.0005772755,0.9991742,0.00024852165,3.9926e-08
Testing/meningioma/Te-me_0096.jpg,1,meningioma,1,0.039985135,0.9532184,0.006788918,7.4907157e-06
Testing/meningioma/Te-me_0097.jpg,1,meningioma,1,0.01824604,0.5571297,0.42461887,5.4073853e-06
Testing/meningioma/Te-me_0098.jpg,1,meningioma,1,0.032298934,0.7982208,0.16948013,1.0449936e-07
Testing/meningioma/Te-me_0099.jpg,1,meningioma,1,0.011755711,0.7063053,0.2819372,1.7587387e-06
Testing/meningioma/Te-me_0100.jpg,1,meningioma,2,0.07561026,0.3827548,0.5416215,1.34699685e-05
Testing/meningioma/Te-me_0101.jpg,1,meningioma,1,0.0027926457,0.8395767,0.15762883,1.7915952e-06
Testing/meningioma/Te-me_0102.jpg,1,meningioma,1,0.0015119866,0.79175764,0.2067304,1.3577789e-08
Testing/meningioma/Te-me_0103.jpg,1,meningioma,1,0.04377402,0.5329423,0.4232541,2.9621315e-05
Testing/meningioma/Te-me_0104.jpg,1,meningioma,1,0.00036417352,0.999569,6.685013e-05,2.7778853e-08
Testing/meningioma/Te-me_0105.jpg,1,meningioma,2,0.0141778225,0.20026003,0.78555906,3.111343e-06
Testing/meningioma/Te-me_0106.jpg,1,meningioma,2,0.025614744,0.21788025,0.75650495,4.4530712e-11
Testing/meningioma/Te-me_0107.jpg,1,meningioma,2,0.0007184227,0.02804271,0.9712389,5.65622e-10
Testing/meningioma/Te-me_0108.jpg,1,meningioma,2,0.012704573,0.23967306,0.7476188,3.5389598e-06
Testing/meningioma/Te-me_0109.jpg,1,meningioma,1,0.007225955,0.7329927,0.259781,3.2598328e-07
Testing/meningioma/Te-me_0110.jpg,1,meningioma,2,0.067244284,0.4161675,0.5165859,2.392008e-06
Testing/meningioma/Te-me_0111.jpg,1,meningioma,2,6.298036e-05,0.001973875,0.9979632,1.3731009e-08
Testing/meningioma/Te-me_0112.jpg,1,meningioma,2,0.0016959312,0.17432006,0.82397914,4.850591e-06
Testing/meningioma/Te-me_0113.jpg,1,meningioma,2,0.00054430444,0.005526061,0.9939288,8.3314677e-07
Testing/meningioma/Te-me_0114.jpg,1,meningioma,1,0.15967895,0.8339936,0.0063272915,1.4634868e-07
Testing/meningioma/Te-me_0115.jpg,1,meningioma,1,0.37155643,0.3868905,0.2404212,0.0011318916
Testing/meningioma/Te-me_0116.jpg,1,meningioma,1,0.051869884,0.94511294,0.0030156628,1.5074468e-06
Testing/meningioma/Te-me_0117.jpg,1,meningioma,1,0.048796233,0.85567856,0.09552497,1.9928204e-07
Testing/meningioma/Te-me_0118.jpg,1,meningioma,2,0.071026586,0.25637192,0.6701122,0.0024892662
Testing/meningioma/Te-me_0119.jpg,1,meningioma,1,0.0051173083,0.982767,0.012115419,3.5024888e-07
Testing/meningioma/Te-me_0120.jpg,1,meningioma,1,0.041397512,0.51612556,0.44241965,5.727739e-05
Testing/meningioma/Te-me_0121.jpg,1,meningioma,1,0.17918949,0.75660527,0.063927606,0.00027773384
Testing/meningioma/Te-me_0122.jpg,1,meningioma,1,0.10459974,0.8851524,0.010234892,1.2938786e-05
Testing/meningioma/Te-me_0123.jpg,1,meningioma,1,0.16804673,0.64724874,0.18469898,5.4997918e-06
Testing/meningioma/Te-me_0124.jpg,1,meningioma,1,0.087102145,0.9122527,0.0006451352,8.283275e-09
Testing/meningioma/Te-me_0125.jpg,1,meningioma,1,0.014043159,0.96642226,0.019534443,6.082247e-08
Testing/meningioma/Te-me_0126.jpg,1,meningioma,1,0.0053901942,0.9912106,0.0033987425,4.567795e-07
Testing/meningioma/Te-me_0127.jpg,1,meningioma,1,0.14730462,0.76123524,0.09145236,7.776209e-06
Testing/meningioma/Te-me_0128.jpg,1,meningioma,1,0.046778377,0.95302975,0.00019022428,1.563464e-06
Testing/meningioma/Te-me_0129.jpg,1,meningioma,1,0.4310332,0.4734204,0.0955458,5.915e-07
Testing/meningioma/Te-me_0130.jpg,1,meningioma,1,0.26917464,0.6622833,0.06853638,5.684081e-06
Testing/meningioma/Te-me_0131.jpg,1,meningioma,1,0.046139363,0.91590357,0.037952356,4.673845e-06
Testing/meningioma/Te-me_0132.jpg,1,meningioma,1,0.0080346335,0.98985356,0.002094389,1.7456627e-05
Testing/meningioma/Te-me_0133.jpg,1,meningioma,1,0.042289913,0.90726966,0.05044017,1.7503501e-07
Testing/meningioma/Te-me_0134.jpg,1,meningioma,1,0.12967576,0.6782901,0.19203152,2.5805637e-06
Testing/meningioma/Te-me_0135.jpg,1,meningioma,1,0.043646798,0.6161007,0.34025145,1.0017968e-06
Testing/meningioma/Te-me_0136.jpg,1,meningioma,2,0.10435859,0.060929023,0.83465165,6.067454e-05
Testing/meningioma/Te-me_0137.jpg,1,meningioma,1,0.037098203,0.92359126,0.0393105,2.0995339e-08
Testing/meningioma/Te-me_0138.jpg,1,meningioma,1,0.14783207,0.7287847,0.123380676,2.565067e-06
Testing/meningioma/Te-me_0139.jpg,1,meningioma,1,0.007874595,0.95359486,0.038530458,1.3869963e-07
Testing/meningioma/Te-me_0140.jpg,1,meningioma,1,0.020941256,0.6023989,0.3766559,3.941939e-06
Testing/meningioma/Te-me_0141.jpg,1,meningioma,0,0.9871503,0.008060436,0.0047889906,2.7297716e-07
Testing/meningioma/Te-me_0142.jpg,1,meningioma,1,0.1424157,0.8439879,0.013589056,7.446577e-06
Testing/meningioma/Te-me_0143.jpg,1,meningioma,2,0.17208727,0.3693936,0.45851916,2.2667682e-11
Testing/meningioma/Te-me_0144.jpg,1,meningioma,1,0.014530909,0.9693327,0.016136395,6.7842705e-09
Testing/meningioma/Te-me_0145.jpg,1,meningioma,2,0.098640114,0.42275724,0.47859716,5.5175115e-06
Testing/meningioma/Te-me_0146.jpg,1,meningioma,1,0.4544269,0.4653527,0.080203876,1.6494036e-05
Testing/meningioma/Te-me_0147.jpg,1,meningioma,1,0.005271211,0.9742493,0.020479042,4.341151e-07
Testing/meningioma/Te-me_0148.jpg,1,meningioma,1,0.08535547,0.9007968,0.01181955,0.0020281954
Testing/meningioma/Te-me_0149.jpg,1,meningioma,1,0.016107308,0.8546838,0.12920791,1.0502196e-06
Testing/meningioma/Te-me_0150.jpg,1,meningioma,1,0.11813484,0.8631644,0.018700501,1.5493889e-07
Testing/meningioma/Te-me_0151.jpg,1,meningioma,1,0.026433626,0.97011787,0.003448541,6.151297e-10
Testing/meningioma/Te-me_0152.jpg,1,meningioma,1,0.23336813,0.7631483,0.0034832358,3.0319393e-07
Testing/meningioma/Te-me_0153.jpg,1,meningioma,1,0.2906168,0.6929109,0.015619376,0.00085285865
Testing/meningioma/Te-me_0154.jpg,1,meningioma,1,0.15024647,0.8145429,0.03520849,2.1699068e-06
Testing/meningioma/Te-me_0155.jpg,1,meningioma,1,0.00021644181,0.999546,0.00023743411,1.4449923e-07
Testing/meningioma/Te-me_0156.jpg,1,meningioma,1,0.30738315,0.68814695,0.003105927,0.001363892
Testing/meningioma/Te-me_0157.jpg,1,meningioma,1,0.19778502,0.80028135,0.001908134,2.5566938e-05
Testing/meningioma/Te-me_0158.jpg,1,meningioma,1,0.4416028,0.54086846,0.017250927,0.0002778053
Testing/meningioma/Te-me_0159.jpg,1,meningioma,1,0.031793054,0.8667221,0.10147401,1.0826159e-05
Testing/meningioma/Te-me_0160.jpg,1,meningioma,1,0.0120168375,0.9221568,0.065826036,2.811906e-07
Testing/meningioma/Te-me_0161.jpg,1,meningioma,0,0.73684305,0.26192972,0.0012249829,2.2771503e-06
Testing/meningioma/Te-me_0162.jpg,1,meningioma,0,0.601002,0.38232934,0.01663705,3.168326e-05
Testing/meningioma/Te-me_0163.jpg,1,meningioma,0,0.776161,0.22368848,5.920046e-05,9.122474e-05
Testing/meningioma/Te-me_0164.jpg,1,meningioma,1,0.041686885,0.95232445,0.0011106586,0.0048779375
Testing/meningioma/Te-me_0165.jpg,1,meningioma,0,0.72942555,0.26569405,0.0048797927,6.3622275e-07
Testing/meningioma/Te-me_0166.jpg,1,meningioma,1,0.39587963,0.60380846,0.00029933627,1.2566787e-05
Testing/meningioma/Te-me_0167.jpg,1,meningioma,1,0.20365226,0.78401667,0.0123286955,2.4735796e-06
Testing/meningioma/Te-me_0168.jpg,1,meningioma,2,0.03904891,0.22991563,0.73103446,9.893657e-07
Testing/meningioma/Te-me_0169.jpg,1,meningioma,1,0.15334333,0.84545827,0.0011965717,1.8617266e-06
Testing/meningioma/Te-me_0170.jpg,1,meningioma,1,0.26178324,0.62771183,0.11038651,0.00011846134
Testing/meningioma/Te-me_0171.jpg,1,meningioma,0,0.7872628,0.15209185,0.060631678,1.3731027e-05
Testing/meningioma/Te-me_0172.jpg,1,meningioma,1,0.009375475,0.86386424,0.12675537,4.9859177e-06
Testing/meningioma/Te-me_0173.jpg,1,meningioma,1,0.18512832,0.6708177,0.14403927,1.4709789e-05
Testing/meningioma/Te-me_0174.jpg,1,meningioma,1,0.06648787,0.83494455,0.098566726,8.193028e-07
Testing/meningioma/Te-me_0175.jpg,1,meningioma,1,0.01865219,0.9752353,0.0061095217,3.0344675e-06
Testing/meningioma/Te-me_0176.jpg,1,meningioma,0,0.5442348,0.22368439,0.23208012,7.3275504e-07
Testing/meningioma/Te-me_0177.jpg,1,meningioma,0,0.54603875,0.4539411,1.8903353e-05,1.2739586e-06
Testing/meningioma/Te-me_0178.jpg,1,meningioma,1,0.21901497,0.58904517,0.19192232,1.7534132e-05
Testing/meningioma/Te-me_0179.jpg,1,meningioma,0,0.5787498,0.42118153,6.822668e-05,4.3521098e-07
Testing/meningioma/Te-me_0180.jpg,1,meningioma,0,0.51089513,0.4794635,0.009640816,5.95341e-07
Testing/meningioma/Te-me_0181.jpg,1,meningioma,0,0.57863,0.3911675,0.028455224,0.0017473716
Testing/meningioma/Te-me_0182.jpg,1,meningioma,1,0.3276157,0.626357,0.046001162,2.6151532e-05
Testing/meningioma/Te-me_0183.jpg,1,meningioma,2,0.20943494,0.12150375,0.6690544,6.9781777e-06
Testing/meningioma/Te-me_0184.jpg,1,meningioma,1,0.028332183,0.97139984,0.00026796505,3.612596e-08
Testing/meningioma/Te-me_0185.jpg,1,meningioma,0,0.4205203,0.40264845,0.17680988,2.1345506e-05
Testing/meningioma/Te-me_0186.jpg,1,meningioma,1,0.013012618,0.51428103,0.4727052,1.187227e-06
Testing/meningioma/Te-me_0187.jpg,1,meningioma,1,0.14099777,0.8527737,0.0062218737,6.5951076e-06
Testing/meningioma/Te-me_0188.jpg,1,meningioma,1,0.47639152,0.5224607,0.0011333374,1.4416804e-05
Testing/meningioma/Te-me_0189.jpg,1,meningioma,2,0.17779039,0.2595395,0.56253284,0.00013723498
Testing/meningioma/Te-me_0190.jpg,1,meningioma,1,0.3433981,0.50008905,0.15632537,0.00018742707
Testing/meningioma/Te-me_0191.jpg,1,meningioma,1,0.021502549,0.9735388,0.0049488256,9.855513e-06
Testing/meningioma/Te-me_0192.jpg,1,meningioma,1,0.39606562,0.58400553,0.019926962,1.8790664e-06
Testing/meningioma/Te-me_0193.jpg,1,meningioma,1,0.039600655,0.95947987,0.00053753046,0.00038188932
Testing/meningioma/Te-me_0194.jpg,1,meningioma,1,0.0014559687,0.87756234,0.120970495,1.1231166e-05
Testing/meningioma/Te-me_0195.jpg,1,meningioma,1,0.24010211,0.719302,0.040585987,9.832061e-06
Testing/meningioma/Te-me_0196.jpg,1,meningioma,1,0.28578013,0.6144381,0.099780045,1.7700361e-06
Testing/meningioma/Te-me_0197.jpg,1,meningioma,0,0.47294152,0.23619294,0.2908228,4.26808e-05
Testing/meningioma/Te-me_0198.jpg,1,meningioma,1,0.2989639,0.68501467,0.016013151,8.22464e-06
Testing/meningioma/Te-me_0199.jpg,1,meningioma,1,0.038851295,0.7827436,0.17839229,1.2849557e-05
Testing/meningioma/Te-me_0200.jpg,1,meningioma,1,0.030079124,0.9698378,8.307747e-05,8.706776e-09
Testing/meningioma/Te-me_0201.jpg,1,meningioma,0,0.9223348,0.07375877,0.0039058854,5.622235e-07
Testing/meningioma/Te-me_0202.jpg,1,meningioma,1,0.40447152,0.5926301,0.0028912753,7.1086674e-06
Testing/meningioma/Te-me_0203.jpg,1,meningioma,1,0.22152095,0.73293656,0.04545589,8.655478e-05
Testing/meningioma/Te-me_0204.jpg,1,meningioma,1,0.07626954,0.9143038,0.009426419,3.7344907e-07
Testing/meningioma/Te-me_0205.jpg,1,meningioma,1,0.15607774,0.8349181,0.009002867,1.3433659e-06
Testing/meningioma/Te-me_0206.jpg,1,meningioma,1,0.16174251,0.83099055,0.007266704,1.537742e-07
Testing/meningioma/Te-me_0207.jpg,1,meningioma,1,0.05025853,0.9487312,0.0009694228,4.0871942e-05
Testing/meningioma/Te-me_0208.jpg,1,meningioma,1,0.08913624,0.9004984,0.010363416,1.9194017e-06
Testing/meningioma/Te-me_0209.jpg,1,meningioma,0,0.46331996,0.24480341,0.29169032,0.00018633794
Testing/meningioma/Te-me_0210.jpg,1,meningioma,1,0.24361826,0.74530774,0.011073958,1.1010604e-08
Testing/meningioma/Te-me_0211.jpg,1,meningioma,0,0.85267967,0.14703825,0.00026041555,2.1647706e-05
Testing/meningioma/Te-me_0212.jpg,1,meningioma,1,0.34355953,0.6451194,0.011320508,5.146111e-07
Testing/meningioma/Te-me_0213.jpg,1,meningioma,0,0.5836391,0.3055297,0.11081838,1.2770083e-05
Testing/meningioma/Te-me_0214.jpg,1,meningioma,0,0.79943764,0.20030732,0.00025503925,4.868212e-08
Testing/meningioma/Te-me_0215.jpg,1,meningioma,1,0.018623065,0.9813478,2.9016908e-05,1.2970816e-07
Testing/meningioma/Te-me_0216.jpg,1,meningioma,1,0.39888066,0.59905416,0.002065173,4.0600735e-08
Testing/meningioma/Te-me_0217.jpg,1,meningioma,1,0.35531116,0.64393175,0.00075317494,3.9240545e-06
Testing/meningioma/Te-me_0218.jpg,1,meningioma,1,0.37566024,0.59733635,0.027003134,2.6963698e-07
Testing/meningioma/Te-me_0219.jpg,1,meningioma,1,0.20940745,0.7881623,0.0024268944,3.387495e-06
Testing/meningioma/Te-me_0220.jpg,1,meningioma,1,0.010371926,0.9891418,0.0004467896,3.9541086e-05
Testing/meningioma/Te-me_0221.jpg,1,meningioma,1,0.19439109,0.7676827,0.03792438,1.9147462e-06
Testing/meningioma/Te-me_0222.jpg,1,meningioma,1,0.4203432,0.55058795,0.027845789,0.0012230864
Testing/meningioma/Te-me_0223.jpg,1,meningioma,1,0.40334624,0.59607375,0.0005628886,1.7104656e-05
Testing/meningioma/Te-me_0224.jpg,1,meningioma,2,0.104544714,0.3206049,0.5747099,0.00014052415
Testing/meningioma/Te-me_0225.jpg,1,meningioma,1,0.35641372,0.6151642,0.025013855,0.0034082567
Testing/meningioma/Te-me_0226.jpg,1,meningioma,0,0.5601144,0.43973714,0.00014852121,1.499641e-08
Testing/meningioma/Te-me_0227.jpg,1,meningioma,1,0.097388834,0.77451,0.12793197,0.00016924419
Testing/meningioma/Te-me_0228.jpg,1,meningioma,1,0.32352558,0.67615545,0.00030241726,1.6573438e-05
Testing/meningioma/Te-me_0229.jpg,1,meningioma,1,0.18913534,0.7164571,0.09440503,2.5394183e-06
Testing/meningioma/Te-me_0230.jpg,1,meningioma,1,0.4179575,0.53357875,0.045578074,0.002885671
Testing/meningioma/Te-me_0231.jpg,1,meningioma,1,0.17132276,0.8197797,0.0013722042,0.007525382
Testing/meningioma/Te-me_0232.jpg,1,meningioma,1,0.07273355,0.7371402,0.1901248,1.4760179e-06
Testing/meningioma/Te-me_0233.jpg,1,meningioma,1,0.4304914,0.55813545,0.01119919,0.00017403839
Testing/meningioma/Te-me_0234.jpg,1,meningioma,1,0.08561227,0.9139805,0.00040719222,4.1244035e-09
Testing/meningioma/Te-me_0235.jpg,1,meningioma,1,0.0246622,0.9747224,0.00061545294,5.705568e-09
Testing/meningioma/Te-me_0236.jpg,1,meningioma,1,0.09546049,0.89369375,0.010845224,5.36446e-07
Testing/meningioma/Te-me_0237.jpg,1,meningioma,0,0.57876587,0.41504642,0.0061869244,7.9070406e-07
Testing/meningioma/Te-me_0238.jpg,1,meningioma,1,0.019628568,0.98036593,5.342581e-06,1.4207819e-07
Testing/meningioma/Te-me_0239.jpg,1,meningioma,1,0.24952811,0.75045466,1.7096578e-05,5.7273073e-08
Testing/meningioma/Te-me_0240.jpg,1,meningioma,1,0.16827355,0.80370384,0.028007442,1.5185585e-05
Testing/meningioma/Te-me_0241.jpg,1,meningioma,2,0.033444673,0.27462193,0.69193256,7.844083e-07
Testing/meningioma/Te-me_0242.jpg,1,meningioma,1,0.1486734,0.8513265,6.663723e-08,8.064035e-10
Testing/meningioma/Te-me_0243.jpg,1,meningioma,1,0.028123721,0.9248494,0.047026817,5.4314373e-08
Testing/meningioma/Te-me_0244.jpg,1,meningioma,1,0.18510878,0.7876003,0.027218144,7.278097e-05
Testing/meningioma/Te-me_0245.jpg,1,meningioma,1,0.14124458,0.8257125,0.032914713,0.00012823739
Testing/meningioma/Te-me_0246.jpg,1,meningioma,1,0.33383253,0.6552879,0.010860293,1.9282134e-05
Testing/meningioma/Te-me_0247.jpg,1,meningioma,0,0.6307081,0.3690797,0.00021047491,1.7182869e-06
Testing/meningioma/Te-me_0248.jpg,1,meningioma,1,0.06225189,0.8322774,0.10539972,7.099372e-05
Testing/meningioma/Te-me_0249.jpg,1,meningioma,1,0.20264223,0.7777899,0.019566223,1.6956666e-06
Testing/meningioma/Te-me_0250.jpg,1,meningioma,0,0.5745795,0.4254048,1.5770838e-05,3.2496517e-10
Testing/meningioma/Te-me_0251.jpg,1,meningioma,1,0.41373885,0.5859044,0.00035417662,2.527728e-06
Testing/meningioma/Te-me_0252.jpg,1,meningioma,1,0.36346412,0.619506,0.017022463,7.4558925e-06
Testing/meningioma/Te-me_0253.jpg,1,meningioma,1,0.23437074,0.76553714,9.174528e-05,3.6139926e-07
Testing/meningioma/Te-me_0254.jpg,1,meningioma,1,0.055773776,0.8943674,0.049858157,7.961633e-07
Testing/meningioma/Te-me_0255.jpg,1,meningioma,1,0.1313114,0.86827976,0.00036188323,4.7022062e-05
Testing/meningioma/Te-me_0256.jpg,1,meningioma,1,0.40243682,0.5912727,0.00625923,3.1280928e-05
Testing/meningioma/Te-me_0257.jpg,1,meningioma,0,0.6072023,0.35213023,0.040666554,9.3436324e-07
Testing/meningioma/Te-me_0258.jpg,1,meningioma,1,0.06327439,0.93630975,0.0004157074,1.0308843e-07
Testing/meningioma/Te-me_0259.jpg,1,meningioma,0,0.7918388,0.2036853,0.004474183,1.679835e-06
Testing/meningioma/Te-me_0260.jpg,1,meningioma,1,0.097649455,0.8927361,0.008997922,0.00061649876
Testing/meningioma/Te-me_0261.jpg,1,meningioma,1,0.10727415,0.8926777,1.4369501e-05,3.3734224e-05
Testing/meningioma/Te-me_0262.jpg,1,meningioma,1,0.4068255,0.5815852,0.011414337,0.0001749031
Testing/meningioma/Te-me_0263.jpg,1,meningioma,1,0.26326966,0.7285837,0.008145171,1.4671419e-06
Testing/meningioma/Te-me_0264.jpg,1,meningioma,1,0.19339968,0.7408457,0.065754056,6.6171384e-07
Testing/meningioma/Te-me_0265.jpg,1,meningioma,1,0.16605373,0.83362246,0.0003237202,1.09187475e-07
Testing/meningioma/Te-me_0266.jpg,1,meningioma,0,0.71619266,0.28202164,0.0017853015,3.476043e-07
Testing/meningioma/Te-me_0267.jpg,1,meningioma,1,0.032606777,0.9665087,0.00088318856,1.3904945e-06
Testing/meningioma/Te-me_0268.jpg,1,meningioma,2,0.15060073,0.28998828,0.5574589,0.001952117
Testing/meningioma/Te-me_0269.jpg,1,meningioma,2,0.045906622,0.40733314,0.5465219,0.00023843367
Testing/meningioma/Te-me_0270.jpg,1,meningioma,0,0.7973493,0.19673012,0.005920544,1.4153843e-08
Testing/meningioma/Te-me_0271.jpg,1,meningioma,1,0.0643226,0.70891947,0.22658117,0.00017679944
Testing/meningioma/Te-me_0272.jpg,1,meningioma,1,0.23322211,0.67573065,0.08990406,0.001143209
Testing/meningioma/Te-me_0273.jpg,1,meningioma,1,0.1472817,0.8509847,0.0017335748,1.2833938e-08
Testing/meningioma/Te-me_0274.jpg,1,meningioma,1,0.12023036,0.8788192,0.0009504053,6.9683055e-09
Testing/meningioma/Te-me_0275.jpg,1,meningioma,1,0.23247981,0.76718825,0.00033165465,2.804926e-07
Testing/meningioma/Te-me_0276.jpg,1,meningioma,1,0.2099391,0.48560283,0.30444977,8.318734e-06
Testing/meningioma/Te-me_0277.jpg,1,meningioma,1,0.19226041,0.80038327,0.007355001,1.3802237e-06
Testing/meningioma/Te-me_0278.jpg,1,meningioma,1,0.10202583,0.8972803,0.000597659,9.6193624e-05
Testing/meningioma/Te-me_0279.jpg,1,meningioma,1,0.15363061,0.8446704,0.0015813074,0.00011757679
Testing/meningioma/Te-me_0280.jpg,1,meningioma,0,0.69861954,0.22601368,0.07489558,0.00047113007
Testing/meningioma/Te-me_0281.jpg,1,meningioma,1,0.10926825,0.88656247,0.003693691,0.00047553953
Testing/meningioma/Te-me_0282.jpg,1,meningioma,1,0.01897441,0.98092306,0.0001024601,1.020508e-08
Testing/meningioma/Te-me_0283.jpg,1,meningioma,1,0.30143014,0.6980349,0.00049760635,3.735078e-05
Testing/meningioma/Te-me_0284.jpg,1,meningioma,1,0.3043389,0.6748887,0.020309595,0.00046288496
Testing/meningioma/Te-me_0285.jpg,1,meningioma,1,0.4197451,0.57663625,0.0036178643,8.4331634e-07
Testing/meningioma/Te-me_0286.jpg,1,meningioma,1,0.0258156,0.72836566,0.2449568,0.0008619231
Testing/meningioma/Te-me_0287.jpg,1,meningioma,1,0.036330715,0.9084053,0.012436704,0.042827327
Testing/meningioma/Te-me_0288.jpg,1,meningioma,0,0.53878057,0.4598725,0.0013466635,2.543068e-07
Testing/meningioma/Te-me_0289.jpg,1,meningioma,1,0.012167363,0.98778105,5.1422125e-05,8.222205e-08
Testing/meningioma/Te-me_0290.jpg,1,meningioma,1,0.095191546,0.88692015,0.017887617,6.494485e-07
Testing/meningioma/Te-me_0291.jpg,1,meningioma,1,0.25766096,0.58047134,0.16186577,1.9630625e-06
Testing/meningioma/Te-me_0292.jpg,1,meningioma,1,0.037956875,0.8451475,0.092446424,0.024449134
Testing/meningioma/Te-me_0293.jpg,1,meningioma,1,0.029365843,0.9334819,0.03715052,1.7710264e-06
Testing/meningioma/Te-me_0294.jpg,1,meningioma,0,0.55810034,0.41542298,0.026475735,8.8298003e-07
Testing/meningioma/Te-me_0295.jpg,1,meningioma,0,0.78888583,0.060203318,0.15091066,1.9730155e-07
Testing/meningioma/Te-me_0296.jpg,1,meningioma,1,0.034765102,0.7017747,0.2618686,0.0015915767
Testing/meningioma/Te-me_0297.jpg,1,meningioma,1,0.14719088,0.76292443,0.089880444,4.25153e-06
Testing/meningioma/Te-me_0298.jpg,1,meningioma,1,0.0026597655,0.9040208,0.09331907,2.7897212e-07
Testing/meningioma/Te-me_0299.jpg,1,meningioma,1,0.19281124,0.79467773,0.012043694,0.00046729585
Testing/meningioma/Te-me_0300.jpg,1,meningioma,2,0.024060309,0.3919822,0.58394986,7.613079e-06
Testing/meningioma/Te-me_0301.jpg,1,meningioma,1,0.057561774,0.9114165,0.031021582,1.7170416e-07
Testing/meningioma/Te-me_0302.jpg,1,meningioma,1,0.019868601,0.9246094,0.055521786,6.979186e-08
Testing/meningioma/Te-me_0303.jpg,1,meningioma,1,0.007009857,0.8322111,0.16077879,2.7980215e-07
Testing/meningioma/Te-me_0304.jpg,1,meningioma,2,0.116889484,0.07912004,0.80387545,0.00011507814
Testing/meningioma/Te-me_0305.jpg,1,meningioma,0,0.9712629,0.02418867,0.0045483266,1.7089674e-07
Testing/notumor/Te-noTr_0000.jpg,2,no_tumor,2,0.09041687,0.051072903,0.85850966,5.068076e-07
Testing/notumor/Te-noTr_0001.jpg,2,no_tumor,2,0.0034945505,0.0027438418,0.9937615,2.182527e-07
Testing/notumor/Te-noTr_0002.jpg,2,no_tumor,2,0.012626598,0.012287041,0.9750573,2.9108813e-05
Testing/notumor/Te-noTr_0003.jpg,2,no_tumor,2,0.011027466,0.042933624,0.9460377,1.1324713e-06
Testing/notumor/Te-noTr_0004.jpg,2,no_tumor,2,0.0006508636,0.0029647353,0.9963805,3.824936e-06
Testing/notumor/Te-noTr_0005.jpg,2,no_tumor,2,0.0019158281,0.0031372611,0.99494666,2.9628538e-07
Testing/notumor/Te-noTr_0006.jpg,2,no_tumor,2,0.0036949404,0.006018632,0.99028546,1.0770697e-06
Testing/notumor/Te-noTr_0007.jpg,2,no_tumor,2,0.0019317123,0.28276286,0.71530443,1.032674e-06
Testing/notumor/Te-noTr_0008.jpg,2,no_tumor,2,0.017039249,0.24458355,0.73836166,1.5510099e-05
Testing/notumor/Te-noTr_0009.jpg,2,no_tumor,2,0.015573524,0.005120502,0.9793059,1.17914745e-08
Testing/notumor/Te-no_0010.jpg,2,no_tumor,2,0.016695766,0.0023223464,0.98097986,2.0327961e-06
Testing/notumor/Te-no_0011.jpg,2,no_tumor,2,0.002204688,0.0026929863,0.99510175,6.486819e-07
Testing/notumor/Te-no_0012.jpg,2,no_tumor,2,0.0029693157,0.0017178525,0.9953127,1.4394365e-07
Testing/notumor/Te-no_0013.jpg,2,no_tumor,2,0.07337558,0.27301922,0.6521945,0.0014106765
Testing/notumor/Te-no_0014.jpg,2,no_tumor,2,0.0004130921,0.0058074407,0.99377924,1.4557283e-07
Testing/notumor/Te-no_0015.jpg,2,no_tumor,2,0.001340667,0.0106666265,0.98799044,2.2340912e-06
Testing/notumor/Te-no_0016.jpg,2,no_tumor,2,0.00028951268,0.00093140465,0.998779,2.9085414e-09
Testing/notumor/Te-no_0017.jpg,2,no_tumor,2,0.15348995,0.02669108,0.8197669,5.207659e-05
Testing/notumor/Te-no_0018.jpg,2,no_tumor,2,0.030950302,0.09238539,0.8766477,1.6580292e-05
Testing/notumor/Te-no_0019.jpg,2,no_tumor,2,0.03498736,0.053287823,0.91172385,1.0334029e-06
Testing/notumor/Te-no_0020.jpg,2,no_tumor,2,0.00020066944,0.0004107034,0.9993886,1.2288062e-07
Testing/notumor/Te-no_0021.jpg,2,no_tumor,2,9.293705e-05,0.0007645508,0.9991424,1.18033554e-07
Testing/notumor/Te-no_0022.jpg,2,no_tumor,2,0.10032163,0.18070485,0.7189556,1.7915205e-05
Testing/notumor/Te-no_0023.jpg,2,no_tumor,2,0.0015672061,0.0046288306,0.99380386,4.443075e-08
Testing/notumor/Te-no_0024.jpg,2,no_tumor,2,0.06324374,0.2066512,0.7297706,0.000334407
Testing/notumor/Te-no_0025.jpg,2,no_tumor,2,6.0046436e-06,0.00090016884,0.9990939,1.3139476e-08
Testing/notumor/Te-no_0026.jpg,2,no_tumor,2,0.19838299,0.12978503,0.6717896,4.2348947e-05
Testing/notumor/Te-no_0027.jpg,2,no_tumor,2,0.014087196,0.058639124,0.9272346,3.899473e-05
Testing/notumor/Te-no_0028.jpg,2,no_tumor,2,0.09874668,0.24682386,0.6544147,1.4768521e-05
Testing/notumor/Te-no_0029.jpg,2,no_tumor,2,0.0003680243,0.0052071307,0.9944247,6.539571e-08
Testing/notumor/Te-no_0030.jpg,2,no_tumor,2,0.059442744,0.1380943,0.80245155,1.1353796e-05
Testing/notumor/Te-no_0031.jpg,2,no_tumor,2,0.0019325857,0.0017879114,0.9962793,1.819597e-07
Testing/notumor/Te-no_0032.jpg,2,no_tumor,2,3.703331e-05,0.0022151065,0.99774784,5.4069123e-09
Testing/notumor/Te-no_0033.jpg,2,no_tumor,2,0.00847173,0.050427135,0.9410979,3.187511e-06
Testing/notumor/Te-no_0034.jpg,2,no_tumor,2,0.016483296,0.0032266323,0.980287,3.138749e-06
Testing/notumor/Te-no_0035.jpg,2,no_tumor,2,0.01858939,0.030043995,0.9513628,3.887188e-06
Testing/notumor/Te-no_0036.jpg,2,no_tumor,2,0.022421265,0.005580937,0.97199667,1.118617e-06
Testing/notumor/Te-no_0037.jpg,2,no_tumor,2,0.26349762,0.14647461,0.5899424,8.535822e-05
Testing/notumor/Te-no_0038.jpg,2,no_tumor,1,0.100039154,0.83113974,0.06881577,5.3506365e-06
Testing/notumor/Te-no_0039.jpg,2,no_tumor,2,0.0006621441,0.01696652,0.9823713,3.8488935e-08
Testing/notumor/Te-no_0040.jpg,2,no_tumor,2,0.00669977,0.012739394,0.98056054,2.8579805e-07
Testing/notumor/Te-no_0041.jpg,2,no_tumor,2,7.0112987e-06,0.00010441192,0.99988854,2.8733027e-09
Testing/notumor/Te-no_0042.jpg,2,no_tumor,2,0.00084098,0.0004880094,0.99867105,4.296696e-09
Testing/notumor/Te-no_0043.jpg,2,no_tumor,2,0.0010220344,0.0018056675,0.9971722,6.9292476e-08
Testing/notumor/Te-no_0044.jpg,2,no_tumor,2,0.002710252,0.0008958126,0.9963936,2.2257849e-07
Testing/notumor/Te-no_0045.jpg,2,no_tumor,2,0.14509775,0.051507637,0.8033849,9.664527e-06
Testing/notumor/Te-no_0046.jpg,2,no_tumor,2,0.23641329,0.12684655,0.63669723,4.2991855e-05
Testing/notumor/Te-no_0047.jpg,2,no_tumor,2,8.5677875e-06,0.00018163063,0.9998098,2.1753277e-09
Testing/notumor/Te-no_0048.jpg,2,no_tumor,2,0.0007163236,0.00048455133,0.99879897,1.5896872e-07
Testing/notumor/Te-no_0049.jpg,2,no_tumor,2,0.056030132,0.20085411,0.7415125,0.001603298
Testing/notumor/Te-no_0050.jpg,2,no_tumor,2,0.3026429,0.08576051,0.61158836,8.158787e-06
Testing/notumor/Te-no_0051.jpg,2,no_tumor,2,0.0005857693,0.00086018833,0.99855393,6.87615e-08
Testing/notumor/Te-no_0052.jpg,2,no_tumor,2,0.0070163417,0.013937995,0.97904533,3.2642475e-07
Testing/notumor/Te-no_0053.jpg,2,no_tumor,2,0.0022610573,0.0019973011,0.9957411,5.4044943e-07
Testing/notumor/Te-no_0054.jpg,2,no_tumor,2,0.30263263,0.08713077,0.61022687,9.77766e-06
Testing/notumor/Te-no_0055.jpg,2,no_tumor,2,0.0040371655,0.0021783726,0.9937843,1.5289712e-07
Testing/notumor/Te-no_0056.jpg,2,no_tumor,2,0.0026938666,0.002054455,0.99525154,7.453835e-08
Testing/notumor/Te-no_0057.jpg,2,no_tumor,2,0.03436603,0.005699525,0.9599303,4.176201e-06
Testing/notumor/Te-no_0058.jpg,2,no_tumor,2,0.035408184,0.065229245,0.8993612,1.3815626e-06
Testing/notumor/Te-no_0059.jpg,2,no_tumor,2,0.000518763,0.00019126448,0.9992899,6.01681e-10
Testing/notumor/Te-no_0060.jpg,2,no_tumor,2,0.24622263,0.13424781,0.61946756,6.197061e-05
Testing/notumor/Te-no_0061.jpg,2,no_tumor,2,0.003076176,0.0013924,0.99553126,1.8372442e-07
Testing/notumor/Te-no_0062.jpg,2,no_tumor,2,0.037170246,0.047077924,0.9157507,1.0750232e-06
Testing/notumor/Te-no_0063.jpg,2,no_tumor,2,0.013014976,0.002102205,0.98487985,2.8593201e-06
Testing/notumor/Te-no_0064.jpg,2,no_tumor,2,0.22801019,0.102163106,0.66978997,3.6768368e-05
Testing/notumor/Te-no_0065.jpg,2,no_tumor,2,0.07026828,0.14811605,0.7816032,1.2432943e-05
Testing/notumor/Te-no_0066.jpg,2,no_tumor,2,0.03635688,0.2759659,0.6876598,1.7480463e-05
Testing/notumor/Te-no_0067.jpg,2,no_tumor,2,0.015074848,0.015469079,0.969455,1.0850742e-06
Testing/notumor/Te-no_0068.jpg,2,no_tumor,2,0.0016414314,0.0023379356,0.99602026,3.7205808e-07
Testing/notumor/Te-no_0069.jpg,2,no_tumor,2,8.624233e-05,0.0011580442,0.9987557,3.3108172e-08
Testing/notumor/Te-no_0070.jpg,2,no_tumor,2,0.034019828,0.13756385,0.82841384,2.5035781e-06
Testing/notumor/Te-no_0071.jpg,2,no_tumor,2,0.15024988,0.35080227,0.49893463,1.3163608e-05
Testing/notumor/Te-no_0072.jpg,2,no_tumor,2,9.0414556e-05,0.000709668,0.9991998,1.1657281e-07
Testing/notumor/Te-no_0073.jpg,2,no_tumor,2,0.029862529,0.06533981,0.9047966,1.0786334e-06
Testing/notumor/Te-no_0074.jpg,2,no_tumor,2,0.20049326,0.039281663,0.7601639,6.1161314e-05
Testing/notumor/Te-no_0075.jpg,2,no_tumor,2,0.07313448,0.23419711,0.69264454,2.3854564e-05
Testing/notumor/Te-no_0076.jpg,2,no_tumor,2,0.001383844,0.003835808,0.9947803,8.477996e-08
Testing/notumor/Te-no_0077.jpg,2,no_tumor,2,1.0081286e-05,0.00015978712,0.99983,1.959808e-09
Testing/notumor/Te-no_0078.jpg,2,no_tumor,2,0.015315348,0.17486978,0.8098035,1.1315371e-05
Testing/notumor/Te-no_0079.jpg,2,no_tumor,2,0.038972553,0.12922508,0.83172715,7.525113e-05
Testing/notumor/Te-no_0080.jpg,2,no_tumor,2,0.0012921592,0.0064060995,0.9922989,2.7613892e-06
Testing/notumor/Te-no_0081.jpg,2,no_tumor,2,0.0069101164,0.014406274,0.97868216,1.4378381e-06
Testing/notumor/Te-no_0082.jpg,2,no_tumor,2,1.590719e-05,0.00027181886,0.9997123,2.9699363e-09
Testing/notumor/Te-no_0083.jpg,2,no_tumor,2,8.755561e-06,0.00043160326,0.9995597,1.44522225e-08
Testing/notumor/Te-no_0084.jpg,2,no_tumor,2,0.024825606,0.027218053,0.9479543,2.010857e-06
Testing/notumor/Te-no_0085.jpg,2,no_tumor,2,0.0014229413,0.17364575,0.8249295,1.8064308e-06
Testing/notumor/Te-no_0086.jpg,2,no_tumor,2,0.007967276,0.008866727,0.98316574,2.7607354e-07
Testing/notumor/Te-no_0087.jpg,2,no_tumor,2,0.00067547685,0.00047317272,0.9988512,1.4716018e-07
Testing/notumor/Te-no_0088.jpg,2,no_tumor,2,0.00060215435,0.072684936,0.9267125,3.2962967e-07
Testing/notumor/Te-no_0089.jpg,2,no_tumor,2,0.007746109,0.0029916246,0.9892603,2.007031e-06
Testing/notumor/Te-no_0090.jpg,2,no_tumor,2,0.00053980015,0.05543007,0.94402987,2.0856719e-07
Testing/notumor/Te-no_0091.jpg,2,no_tumor,2,0.00132681,0.0069282395,0.9917448,1.5142103e-07
Testing/notumor/Te-no_0092.jpg,2,no_tumor,2,0.022205777,0.0066791517,0.97111386,1.1852295e-06
Testing/notumor/Te-no_0093.jpg,2,no_tumor,2,8.845042e-06,0.0004172434,0.9995739,1.3221554e-08
Testing/notumor/Te-no_0094.jpg,2,no_tumor,2,0.08322172,0.0034256359,0.9133488,3.867861e-06
Testing/notumor/Te-no_0095.jpg,2,no_tumor,2,0.009777532,0.009420565,0.980802,8.2849745e-09
Testing/notumor/Te-no_0096.jpg,2,no_tumor,2,0.014378744,0.0057848417,0.9798335,3.010547e-06
Testing/notumor/Te-no_0097.jpg,2,no_tumor,2,0.21059012,0.26377946,0.52560735,2.3047114e-05
Testing/notumor/Te-no_0098.jpg,2,no_tumor,1,0.02844468,0.7952935,0.17625536,6.4706333e-06
Testing/notumor/Te-no_0099.jpg,2,no_tumor,2,0.02013923,0.071928345,0.90792996,2.4112767e-06
Testing/notumor/Te-no_0100.jpg,2,no_tumor,2,0.0030885977,0.050455976,0.94644725,8.196469e-06
Testing/notumor/Te-no_0101.jpg,2,no_tumor,1,0.14803033,0.47187194,0.38009396,3.7663747e-06
Testing/notumor/Te-no_0102.jpg,2,no_tumor,2,0.009544292,0.03943005,0.9510236,2.1202309e-06
Testing/notumor/Te-no_0103.jpg,2,no_tumor,2,5.3833937e-05,0.0011539473,0.9987921,1.4827279e-07
Testing/notumor/Te-no_0104.jpg,2,no_tumor,1,0.2809709,0.4563375,0.2623387,0.00035295574
Testing/notumor/Te-no_0105.jpg,2,no_tumor,2,0.000119844386,0.0010310061,0.99884915,2.5137017e-09
Testing/notumor/Te-no_0106.jpg,2,no_tumor,2,7.303344e-05,0.0006358588,0.99929106,5.835797e-09
Testing/notumor/Te-no_0107.jpg,2,no_tumor,2,0.00018063365,0.00049819687,0.9993212,2.1516653e-09
Testing/notumor/Te-no_0108.jpg,2,no_tumor,2,0.00020559767,0.0004712294,0.99932253,6.418594e-07
Testing/notumor/Te-no_0109.jpg,2,no_tumor,2,0.003574542,0.027453097,0.9689714,1.005429e-06
Testing/notumor/Te-no_0110.jpg,2,no_tumor,2,9.74865e-05,0.0007068242,0.99919575,2.6102833e-09
Testing/notumor/Te-no_0111.jpg,2,no_tumor,2,0.017655669,0.14367574,0.83866847,1.4578484e-07
Testing/notumor/Te-no_0112.jpg,2,no_tumor,2,0.00026016036,0.00051369413,0.9992261,3.9146815e-09
Testing/notumor/Te-no_0113.jpg,2,no_tumor,2,0.00011273065,0.0021064505,0.99778074,7.3812907e-09
Testing/notumor/Te-no_0114.jpg,2,no_tumor,2,8.2720864e-05,0.028865842,0.9710514,5.9160936e-08
Testing/notumor/Te-no_0115.jpg,2,no_tumor,2,0.001137257,0.016545743,0.98231655,4.2520972e-07
Testing/notumor/Te-no_0116.jpg,2,no_tumor,2,2.0986236e-05,0.00018228733,0.9997968,1.9732536e-09
Testing/notumor/Te-no_0117.jpg,2,no_tumor,2,2.305667e-05,0.00225967,0.99771726,2.4878803e-09
Testing/notumor/Te-no_0118.jpg,2,no_tumor,2,0.02979217,0.11624806,0.85395694,2.8136437e-06
Testing/notumor/Te-no_0119.jpg,2,no_tumor,2,0.00024306684,0.0030824365,0.9966744,8.047946e-09
Testing/notumor/Te-no_0120.jpg,2,no_tumor,2,0.0019787347,0.0015995997,0.996421,7.7448647e-07
Testing/notumor/Te-no_0121.jpg,2,no_tumor,2,0.00083140563,0.007745304,0.99142176,1.5211504e-06
Testing/notumor/Te-no_0122.jpg,2,no_tumor,2,0.0025881166,0.051737636,0.94567424,5.7806037e-08
Testing/notumor/Te-no_0123.jpg,2,no_tumor,2,0.0005627167,0.010040301,0.9893969,4.8500204e-09
Testing/notumor/Te-no_0124.jpg,2,no_tumor,2,9.115891e-05,0.0005879384,0.999321,4.2016173e-09
Testing/notumor/Te-no_0125.jpg,2,no_tumor,2,0.036844738,0.055446874,0.907704,4.3920045e-06
Testing/notumor/Te-no_0126.jpg,2,no_tumor,2,0.10892896,0.29470852,0.59428906,0.0020733725
Testing/notumor/Te-no_0127.jpg,2,no_tumor,2,0.0060651917,0.009103048,0.9848273,4.5930083e-06
Testing/notumor/Te-no_0128.jpg,2,no_tumor,2,0.0021780888,0.05225011,0.94556946,2.373371e-06
Testing/notumor/Te-no_0129.jpg,2,no_tumor,2,5.9897247e-05,0.0039158855,0.9960192,5.056701e-06
Testing/notumor/Te-no_0130.jpg,2,no_tumor,2,0.00033105648,0.0011190891,0.99854976,7.785663e-08
Testing/notumor/Te-no_0131.jpg,2,no_tumor,2,0.0015974242,0.005929711,0.99247134,1.4593501e-06
Testing/notumor/Te-no_0132.jpg,2,no_tumor,2,4.6315876e-05,0.00033536027,0.9996182,4.0631082e-08
Testing/notumor/Te-no_0133.jpg,2,no_tumor,2,0.011326575,0.042139083,0.9465343,4.8209536e-08
Testing/notumor/Te-no_0134.jpg,2,no_tumor,2,0.00023728175,0.00087694434,0.9988856,2.1206837e-07
Testing/notumor/Te-no_0135.jpg,2,no_tumor,2,0.03187587,0.03060592,0.93751514,3.0010176e-06
Testing/notumor/Te-no_0136.jpg,2,no_tumor,2,0.011499316,0.09845309,0.8900266,2.100121e-05
Testing/notumor/Te-no_0137.jpg,2,no_tumor,2,0.00014501733,0.0013870504,0.99846786,7.2129474e-08
Testing/notumor/Te-no_0138.jpg,2,no_tumor,2,0.03673464,0.028233653,0.93497115,6.05514e-05
Testing/notumor/Te-no_0139.jpg,2,no_tumor,2,2.2290162e-05,8.580925e-05,0.9998919,1.6481842e-08
Testing/notumor/Te-no_0140.jpg,2,no_tumor,2,0.11705351,0.10999361,0.7729108,4.2112206e-05
Testing/notumor/Te-no_0141.jpg,2,no_tumor,2,5.87776e-06,6.881206e-05,0.9999254,2.116161e-10
Testing/notumor/Te-no_0142.jpg,2,no_tumor,2,3.3278407e-05,0.0021152825,0.9978514,8.746179e-09
Testing/notumor/Te-no_0143.jpg,2,no_tumor,2,5.972006e-08,7.057368e-06,0.99999285,2.5665843e-11
Testing/notumor/Te-no_0144.jpg,2,no_tumor,2,4.291232e-07,3.5504356e-05,0.999964,8.237012e-10
Testing/notumor/Te-no_0145.jpg,2,no_tumor,2,0.00061452587,0.0005699124,0.9988153,3.2364832e-07
Testing/notumor/Te-no_0146.jpg,2,no_tumor,2,0.0045280326,0.06280706,0.9326649,1.3045271e-08
Testing/notumor/Te-no_0147.jpg,2,no_tumor,2,0.00019317666,0.015669659,0.9841372,1.8875859e-08
Testing/notumor/Te-no_0148.jpg,2,no_tumor,2,0.00017597685,0.0012678044,0.9985561,1.3256214e-07
Testing/notumor/Te-no_0149.jpg,2,no_tumor,2,0.00038860453,0.0016435974,0.9979678,8.800504e-08
Testing/notumor/Te-no_0150.jpg,2,no_tumor,2,0.0013942686,0.010770657,0.98783267,2.3453513e-06
Testing/notumor/Te-no_0151.jpg,2,no_tumor,2,1.2798294e-05,0.00026041362,0.99972683,3.8786623e-09
Testing/notumor/Te-no_0152.jpg,2,no_tumor,2,4.2113757e-06,0.00016102084,0.9998348,4.4042605e-09
Testing/notumor/Te-no_0153.jpg,2,no_tumor,2,1.5973606e-05,0.00063791074,0.9993461,2.5678641e-09
Testing/notumor/Te-no_0154.jpg,2,no_tumor,2,0.0008833758,0.004356658,0.99476,2.6666479e-08
Testing/notumor/Te-no_0155.jpg,2,no_tumor,2,0.020636745,0.016039122,0.96332264,1.4004834e-06
Testing/notumor/Te-no_0156.jpg,2,no_tumor,2,0.0656877,0.3626653,0.5716055,4.150364e-05
Testing/notumor/Te-no_0157.jpg,2,no_tumor,2,7.196015e-05,0.0009114995,0.9990165,1.0217259e-09
Testing/notumor/Te-no_0158.jpg,2,no_tumor,2,0.00014211485,0.00083357544,0.99902415,1.4289851e-07
Testing/notumor/Te-no_0159.jpg,2,no_tumor,2,1.0914298e-05,0.00021762292,0.9997714,2.3198843e-10
Testing/notumor/Te-no_0160.jpg,2,no_tumor,2,6.422079e-08,1.5951062e-05,0.9999839,5.31336e-11
Testing/notumor/Te-no_0161.jpg,2,no_tumor,2,1.6216121e-05,0.00027525495,0.9997085,9.4342305e-08
Testing/notumor/Te-no_0162.jpg,2,no_tumor,2,0.00012658701,0.03027657,0.96959674,7.1703624e-08
Testing/notumor/Te-no_0163.jpg,2,no_tumor,2,1.8283124e-06,3.15075e-05,0.99996674,1.0883623e-11
Testing/notumor/Te-no_0164.jpg,2,no_tumor,2,0.0018955654,0.09086001,0.90724355,8.043343e-07
Testing/notumor/Te-no_0165.jpg,2,no_tumor,2,1.4839324e-05,0.00031288,0.99967206,1.2671168e-07
Testing/notumor/Te-no_0166.jpg,2,no_tumor,2,0.0014099088,0.004578046,0.99401206,2.4206336e-08
Testing/notumor/Te-no_0167.jpg,2,no_tumor,2,3.1551215e-05,0.00046922124,0.9994992,5.2513305e-09
Testing/notumor/Te-no_0168.jpg,2,no_tumor,2,0.0004912475,0.0013660738,0.9981425,1.2899592e-07
Testing/notumor/Te-no_0169.jpg,2,no_tumor,2,4.732685e-05,0.001219608,0.99873286,9.576624e-08
Testing/notumor/Te-no_0170.jpg,2,no_tumor,2,0.0011372154,0.0061807283,0.99268204,2.525109e-09
Testing/notumor/Te-no_0171.jpg,2,no_tumor,2,5.375959e-05,0.004192893,0.9957533,9.963443e-08
Testing/notumor/Te-no_0172.jpg,2,no_tumor,2,0.0005855081,0.0034847893,0.9959294,2.5926232e-07
Testing/notumor/Te-no_0173.jpg,2,no_tumor,2,0.005890713,0.016847482,0.9772603,1.4606989e-06
Testing/notumor/Te-no_0174.jpg,2,no_tumor,2,0.00026021435,0.012350225,0.9873875,2.0791433e-06
Testing/notumor/Te-no_0175.jpg,2,no_tumor,2,4.1000644e-06,0.00029070265,0.99970526,8.2257595e-10
Testing/notumor/Te-no_0176.jpg,2,no_tumor,2,0.00012746433,0.0012616822,0.99861085,1.0909995e-10
Testing/notumor/Te-no_0177.jpg,2,no_tumor,2,0.000389833,0.01986456,0.97974545,7.4361594e-08
Testing/notumor/Te-no_0178.jpg,2,no_tumor,2,0.000942629,0.0016944004,0.99736196,1.064058e-06
Testing/notumor/Te-no_0179.jpg,2,no_tumor,2,1.7695702e-05,0.00050226884,0.99947995,7.0095325e-09
Testing/notumor/Te-no_0180.jpg,2,no_tumor,2,0.0002799935,0.007409198,0.99231076,9.327305e-08
Testing/notumor/Te-no_0181.jpg,2,no_tumor,2,8.044756e-05,0.0006889133,0.99923074,3.5573433e-10
Testing/notumor/Te-no_0182.jpg,2,no_tumor,2,3.50855e-05,0.0018890817,0.9980757,2.3510234e-08
Testing/notumor/Te-no_0183.jpg,2,no_tumor,2,0.003469654,0.0051723756,0.9913579,6.025071e-08
Testing/notumor/Te-no_0184.jpg,2,no_tumor,2,0.00091490493,0.0002897757,0.9987953,1.414073e-10
Testing/notumor/Te-no_0185.jpg,2,no_tumor,2,0.0023504512,0.003989349,0.99365956,5.9927635e-07
Testing/notumor/Te-no_0186.jpg,2,no_tumor,2,0.00020637442,0.005479923,0.9943137,2.153782e-08
Testing/notumor/Te-no_0187.jpg,2,no_tumor,2,3.7438158e-06,0.00014680738,0.99984944,6.075714e-09
Testing/notumor/Te-no_0188.jpg,2,no_tumor,2,0.0016586216,0.0051708375,0.993167,3.6561746e-06
Testing/notumor/Te-no_0189.jpg,2,no_tumor,2,9.323167e-06,5.4840726e-05,0.99993587,8.5812646e-10
Testing/notumor/Te-no_0190.jpg,2,no_tumor,2,0.00022292294,0.006778757,0.99299836,1.3589123e-08
Testing/notumor/Te-no_0191.jpg,2,no_tumor,2,0.0002559145,0.001508468,0.99823534,2.2264928e-07
Testing/notumor/Te-no_0192.jpg,2,no_tumor,2,2.1065196e-06,1.4633599e-05,0.9999832,1.8753524e-10
Testing/notumor/Te-no_0193.jpg,2,no_tumor,2,0.013165993,0.031453416,0.95537597,4.5951806e-06
Testing/notumor/Te-no_0194.jpg,2,no_tumor,2,5.2620186e-07,2.4609324e-05,0.99997497,7.560487e-11
Testing/notumor/Te-no_0195.jpg,2,no_tumor,2,7.578922e-07,5.4344175e-05,0.9999449,8.13591e-10
Testing/notumor/Te-no_0196.jpg,2,no_tumor,2,0.00023150392,0.001148462,0.9986199,5.5865463e-08
Testing/notumor/Te-no_0197.jpg,2,no_tumor,2,0.00010078566,0.0011416373,0.9987575,9.085033e-09
Testing/notumor/Te-no_0198.jpg,2,no_tumor,2,2.756812e-05,0.00024198495,0.9997305,3.6903516e-09
Testing/notumor/Te-no_0199.jpg,2,no_tumor,2,0.002776434,0.006275789,0.9909473,4.341253e-07
Testing/notumor/Te-no_0200.jpg,2,no_tumor,2,0.00046393584,0.009269223,0.9902666,1.6555245e-07
Testing/notumor/Te-no_0201.jpg,2,no_tumor,2,0.03009713,0.13665101,0.83325154,3.464612e-07
Testing/notumor/Te-no_0202.jpg,2,no_tumor,2,0.0002689228,0.0009848732,0.99874616,3.4167398e-09
Testing/notumor/Te-no_0203.jpg,2,no_tumor,2,0.028642474,0.007809919,0.9635401,7.578791e-06
Testing/notumor/Te-no_0204.jpg,2,no_tumor,2,0.0019647845,0.196274,0.801761,2.2028077e-07
Testing/notumor/Te-no_0205.jpg,2,no_tumor,2,0.00011063288,0.00095890573,0.9989304,8.603026e-09
Testing/notumor/Te-no_0206.jpg,2,no_tumor,2,0.0007242853,0.015814327,0.98346114,2.2635827e-07
Testing/notumor/Te-no_0207.jpg,2,no_tumor,2,8.067522e-06,0.006186065,0.9938059,6.949191e-09
Testing/notumor/Te-no_0208.jpg,2,no_tumor,2,0.00035160044,0.09753986,0.90210855,1.3097589e-08
Testing/notumor/Te-no_0209.jpg,2,no_tumor,2,0.0019074038,0.050208863,0.94788265,1.127141e-06
Testing/notumor/Te-no_0210.jpg,2,no_tumor,2,0.00053718826,0.0007812469,0.9986815,1.1217477e-07
Testing/notumor/Te-no_0211.jpg,2,no_tumor,2,0.006299833,0.12269326,0.8710065,4.705026e-07
Testing/notumor/Te-no_0212.jpg,2,no_tumor,2,0.00019346958,0.0088115875,0.9909943,6.828628e-07
Testing/notumor/Te-no_0213.jpg,2,no_tumor,2,0.00029421694,0.0010456867,0.9986601,7.410687e-09
Testing/notumor/Te-no_0214.jpg,2,no_tumor,2,0.06511687,0.13588427,0.7989795,1.9407367e-05
Testing/notumor/Te-no_0215.jpg,2,no_tumor,2,0.0067213112,0.0095406715,0.9837245,1.3589546e-05
Testing/notumor/Te-no_0216.jpg,2,no_tumor,2,0.10266924,0.32773593,0.5695939,8.265763e-07
Testing/notumor/Te-no_0217.jpg,2,no_tumor,2,0.00013263867,0.000483774,0.99938357,4.405238e-09
Testing/notumor/Te-no_0218.jpg,2,no_tumor,2,0.0006279511,0.008855362,0.99051595,7.285511e-07
Testing/notumor/Te-no_0219.jpg,2,no_tumor,2,0.00032153333,0.006407081,0.9932714,4.400862e-08
Testing/notumor/Te-no_0220.jpg,2,no_tumor,2,0.020841531,0.031476956,0.9476811,4.255074e-07
Testing/notumor/Te-no_0221.jpg,2,no_tumor,2,6.0524853e-05,0.0016161186,0.99832326,1.8329381e-09
Testing/notumor/Te-no_0222.jpg,2,no_tumor,2,0.037760843,0.07904997,0.8831754,1.3913488e-05
Testing/notumor/Te-no_0223.jpg,2,no_tumor,2,0.00876692,0.31297922,0.67824453,9.291022e-06
Testing/notumor/Te-no_0224.jpg,2,no_tumor,2,0.00024266035,0.023799907,0.975957,4.3201678e-07
Testing/notumor/Te-no_0225.jpg,2,no_tumor,2,0.3133657,0.14009929,0.5448748,0.0016602485
Testing/notumor/Te-no_0226.jpg,2,no_tumor,0,0.62766075,0.13382035,0.23847415,4.4791308e-05
Testing/notumor/Te-no_0227.jpg,2,no_tumor,2,0.10621435,0.06915597,0.8246038,2.5817397e-05
Testing/notumor/Te-no_0228.jpg,2,no_tumor,2,0.0006924386,0.046113547,0.95319396,1.42871235e-08
Testing/notumor/Te-no_0229.jpg,2,no_tumor,2,5.9851814e-06,0.00021685493,0.99977714,1.2183893e-10
Testing/notumor/Te-no_0230.jpg,2,no_tumor,2,0.00089012465,0.0026768772,0.9964329,6.17219e-08
Testing/notumor/Te-no_0231.jpg,2,no_tumor,2,0.0001992619,0.0011511121,0.9986494,1.6060424e-07
Testing/notumor/Te-no_0232.jpg,2,no_tumor,2,0.0006980105,0.003939288,0.99536246,2.429042e-07
Testing/notumor/Te-no_0233.jpg,2,no_tumor,2,8.940873e-06,0.00026302168,0.999728,2.5544027e-09
Testing/notumor/Te-no_0234.jpg,2,no_tumor,2,0.0027161816,0.017824598,0.9794592,1.8941848e-09
Testing/notumor/Te-no_0235.jpg,2,no_tumor,2,0.032437455,0.014992109,0.9525704,2.1675834e-08
Testing/notumor/Te-no_0236.jpg,2,no_tumor,2,0.0003002533,0.0005596996,0.9991399,8.6946315e-08
Testing/notumor/Te-no_0237.jpg,2,no_tumor,2,0.00796018,0.008403072,0.9836361,6.033634e-07
Testing/notumor/Te-no_0238.jpg,2,no_tumor,2,9.011486e-05,0.00032929593,0.99958056,1.5657214e-08
Testing/notumor/Te-no_0239.jpg,2,no_tumor,2,0.010572843,0.052829508,0.9365976,1.786302e-07
Testing/notumor/Te-no_0240.jpg,2,no_tumor,2,0.0010609523,0.005963743,0.9929749,4.0548997e-07
Testing/notumor/Te-no_0241.jpg,2,no_tumor,2,0.00010069087,0.010609729,0.9892838,5.814464e-06
Testing/notumor/Te-no_0242.jpg,2,no_tumor,2,0.021219801,0.036798842,0.94198126,1.11301205e-07
Testing/notumor/Te-no_0243.jpg,2,no_tumor,2,0.027081208,0.030733632,0.94218475,3.7903268e-07
Testing/notumor/Te-no_0244.jpg,2,no_tumor,2,0.00047570356,0.0010744724,0.9984498,9.202254e-09
Testing/notumor/Te-no_0245.jpg,2,no_tumor,2,0.0027381093,0.010708392,0.9865528,7.730384e-07
Testing/notumor/Te-no_0246.jpg,2,no_tumor,2,1.6873048e-05,0.0024549519,0.99752814,3.89137e-08
Testing/notumor/Te-no_0247.jpg,2,no_tumor,2,3.912982e-05,0.00052645215,0.9994344,1.0575226e-09
Testing/notumor/Te-no_0248.jpg,2,no_tumor,2,0.44653824,0.044765018,0.5085937,0.00010303505
Testing/notumor/Te-no_0249.jpg,2,no_tumor,2,0.00016865825,0.012630463,0.98720086,6.158743e-09
Testing/notumor/Te-no_0250.jpg,2,no_tumor,2,1.3197662e-07,2.0815296e-05,0.999979,3.6832266e-11
Testing/notumor/Te-no_0251.jpg,2,no_tumor,2,0.0001667111,0.015442699,0.98439056,1.5675342e-08
Testing/notumor/Te-no_0252.jpg,2,no_tumor,2,0.0017234758,0.3598208,0.63845444,1.2317777e-06
Testing/notumor/Te-no_0253.jpg,2,no_tumor,2,5.2843796e-05,0.007599343,0.9923477,4.127592e-09
Testing/notumor/Te-no_0254.jpg,2,no_tumor,2,0.0017062273,0.013615892,0.984677,8.134588e-07
Testing/notumor/Te-no_0255.jpg,2,no_tumor,2,0.00016609006,0.0010769706,0.9987569,9.962931e-08
Testing/notumor/Te-no_0256.jpg,2,no_tumor,2,0.00013284684,0.00054226967,0.9993248,1.3462424e-07
Testing/notumor/Te-no_0257.jpg,2,no_tumor,2,7.9189255e-07,2.4472056e-05,0.9999747,5.0178707e-12
Testing/notumor/Te-no_0258.jpg,2,no_tumor,2,4.5514403e-06,4.199973e-05,0.9999535,8.280922e-10
Testing/notumor/Te-no_0259.jpg,2,no_tumor,2,0.000351711,0.0071662394,0.9924819,7.388807e-08
Testing/notumor/Te-no_0260.jpg,2,no_tumor,2,0.0054619517,0.0065415003,0.9879953,1.2392718e-06
Testing/notumor/Te-no_0261.jpg,2,no_tumor,2,8.546364e-05,0.0007682219,0.9991456,6.630269e-07
Testing/notumor/Te-no_0262.jpg,2,no_tumor,2,1.7043918e-05,0.0029671777,0.99701583,3.3042557e-08
Testing/notumor/Te-no_0263.jpg,2,no_tumor,2,2.4826431e-06,8.682337e-05,0.9999107,1.00834106e-08
Testing/notumor/Te-no_0264.jpg,2,no_tumor,2,2.675209e-07,7.871096e-06,0.9999919,1.27456e-11
Testing/notumor/Te-no_0265.jpg,2,no_tumor,2,1.9412626e-05,0.00051390484,0.9994667,7.8898543e-10
Testing/notumor/Te-no_0266.jpg,2,no_tumor,2,9.681219e-05,0.0012019281,0.9987012,7.292315e-08
Testing/notumor/Te-no_0267.jpg,2,no_tumor,2,1.7871037e-06,0.00022662338,0.99977165,4.347611e-10
Testing/notumor/Te-no_0268.jpg,2,no_tumor,2,3.5997866e-05,0.00033008918,0.9996339,6.524372e-09
Testing/notumor/Te-no_0269.jpg,2,no_tumor,2,3.075424e-05,9.803148e-05,0.99987113,5.745171e-09
Testing/notumor/Te-no_0270.jpg,2,no_tumor,2,9.122182e-06,0.0039172107,0.9960736,8.385618e-09
Testing/notumor/Te-no_0271.jpg,2,no_tumor,2,4.6536232e-05,0.01302828,0.9869251,2.5315547e-09
Testing/notumor/Te-no_0272.jpg,2,no_tumor,2,0.0010556771,0.007833897,0.9911101,3.6264098e-07
Testing/notumor/Te-no_0273.jpg,2,no_tumor,2,0.0004765616,0.0014984761,0.99802494,5.3198947e-09
Testing/notumor/Te-no_0274.jpg,2,no_tumor,2,0.0022685246,0.102848165,0.89488184,1.504054e-06
Testing/notumor/Te-no_0275.jpg,2,no_tumor,2,1.1647078e-05,0.0020503914,0.99793786,8.123704e-09
Testing/notumor/Te-no_0276.jpg,2,no_tumor,2,0.0023286834,0.029908387,0.9677205,4.2421154e-05
Testing/notumor/Te-no_0277.jpg,2,no_tumor,2,0.00027413,0.002272572,0.99745315,1.6073497e-07
Testing/notumor/Te-no_0278.jpg,2,no_tumor,2,4.4892013e-06,0.000110414236,0.9998851,1.0141125e-09
Testing/notumor/Te-no_0279.jpg,2,no_tumor,2,4.0764876e-06,0.0008826557,0.99911326,2.0092557e-09
Testing/notumor/Te-no_0280.jpg,2,no_tumor,2,8.774798e-07,1.1544528e-05,0.9999876,7.421235e-12
Testing/notumor/Te-no_0281.jpg,2,no_tumor,2,7.106888e-05,0.0014824404,0.9984465,6.7087086e-10
Testing/notumor/Te-no_0282.jpg,2,no_tumor,2,1.412984e-06,5.95595e-05,0.99993896,3.327177e-10
Testing/notumor/Te-no_0283.jpg,2,no_tumor,2,0.00037901726,0.0011695202,0.9984515,1.0803791e-10
Testing/notumor/Te-no_0284.jpg,2,no_tumor,2,9.314705e-05,0.006530717,0.99337596,7.338037e-08
Testing/notumor/Te-no_0285.jpg,2,no_tumor,2,3.9590393e-09,9.875241e-07,0.99999905,2.3831156e-12
Testing/notumor/Te-no_0286.jpg,2,no_tumor,2,5.296189e-05,0.00046869286,0.9994783,2.2932209e-10
Testing/notumor/Te-no_0287.jpg,2,no_tumor,2,0.00017369408,0.010686796,0.9891395,7.76946e-08
Testing/notumor/Te-no_0288.jpg,2,no_tumor,2,5.037845e-05,0.0016843701,0.9982653,3.3166167e-08
Testing/notumor/Te-no_0289.jpg,2,no_tumor,2,1.5934782e-07,1.4641948e-05,0.9999852,8.97416e-12
Testing/notumor/Te-no_0290.jpg,2,no_tumor,2,0.00010958742,0.0013199869,0.9985703,1.28004e-10
Testing/notumor/Te-no_0291.jpg,2,no_tumor,2,1.909088e-05,0.0003443771,0.99963653,1.9104025e-09
Testing/notumor/Te-no_0292.jpg,2,no_tumor,2,8.123543e-11,2.0475467e-07,0.99999976,2.4270882e-14
Testing/notumor/Te-no_0293.jpg,2,no_tumor,2,1.4951055e-06,0.00015758739,0.99984086,1.490018e-10
Testing/notumor/Te-no_0294.jpg,2,no_tumor,2,0.0044829315,0.020881508,0.97463554,4.0277257e-08
Testing/notumor/Te-no_0295.jpg,2,no_tumor,2,2.3790246e-05,0.0005980505,0.9993781,3.2424072e-09
Testing/notumor/Te-no_0296.jpg,2,no_tumor,2,0.00026725352,0.021639166,0.9780928,7.7139566e-07
Testing/notumor/Te-no_0297.jpg,2,no_tumor,2,0.004795218,0.010439135,0.9847654,2.4847643e-07
Testing/notumor/Te-no_0298.jpg,2,no_tumor,2,0.002011727,0.005774032,0.99221414,1.222595e-07
Testing/notumor/Te-no_0299.jpg,2,no_tumor,2,0.00036082228,0.004446506,0.99519265,1.39964e-07
Testing/notumor/Te-no_0300.jpg,2,no_tumor,2,2.2934108e-05,0.001078043,0.998899,4.3797896e-10
Testing/notumor/Te-no_0301.jpg,2,no_tumor,2,7.65626e-05,0.027265128,0.97265834,4.4060197e-08
Testing/notumor/Te-no_0302.jpg,2,no_tumor,2,0.00014204948,0.0012846609,0.9985733,1.5008808e-08
Testing/notumor/Te-no_0303.jpg,2,no_tumor,2,3.0026348e-07,5.9873113e-05,0.9999398,1.8257261e-10
Testing/notumor/Te-no_0304.jpg,2,no_tumor,2,0.0006576819,0.084578566,0.9147632,6.2886204e-07
Testing/notumor/Te-no_0305.jpg,2,no_tumor,2,0.003943987,0.10338956,0.8926657,7.416247e-07
Testing/notumor/Te-no_0306.jpg,2,no_tumor,2,0.00097587385,0.44012332,0.5588994,1.4535602e-06
Testing/notumor/Te-no_0307.jpg,2,no_tumor,2,0.010246246,0.090000406,0.89975166,1.7417171e-06
Testing/notumor/Te-no_0308.jpg,2,no_tumor,2,0.004172173,0.00965035,0.98617744,6.0107816e-08
Testing/notumor/Te-no_0309.jpg,2,no_tumor,2,0.0070880027,0.094379075,0.8985328,1.2354099e-07
Testing/notumor/Te-no_0310.jpg,2,no_tumor,2,0.11767307,0.34177136,0.54052114,3.4468896e-05
Testing/notumor/Te-no_0311.jpg,2,no_tumor,2,0.03942264,0.26412535,0.6964508,1.1920315e-06
Testing/notumor/Te-no_0312.jpg,2,no_tumor,2,0.0017864085,0.00043034216,0.99778324,6.201448e-10
Testing/notumor/Te-no_0313.jpg,2,no_tumor,2,0.023705516,0.021156685,0.9551346,3.1893971e-06
Testing/notumor/Te-no_0314.jpg,2,no_tumor,2,3.442509e-06,0.0019596524,0.9980369,3.2528815e-09
Testing/notumor/Te-no_0315.jpg,2,no_tumor,2,1.8001545e-06,7.6211196e-05,0.99992204,4.1950448e-09
Testing/notumor/Te-no_0316.jpg,2,no_tumor,2,2.2546126e-05,0.00017753497,0.9997999,6.3107946e-09
Testing/notumor/Te-no_0317.jpg,2,no_tumor,2,0.0001714841,0.0048922957,0.9949361,1.5338578e-08
Testing/notumor/Te-no_0318.jpg,2,no_tumor,2,2.9556018e-06,9.4806244e-05,0.99990225,7.784062e-10
Testing/notumor/Te-no_0319.jpg,2,no_tumor,2,4.0016737e-05,0.00036953343,0.99959046,2.7813648e-08
Testing/notumor/Te-no_0320.jpg,2,no_tumor,2,0.0010204422,0.0023299318,0.9966493,2.410141e-07
Testing/notumor/Te-no_0321.jpg,2,no_tumor,2,0.002128361,0.00072201266,0.9971495,1.4034813e-07
Testing/notumor/Te-no_0322.jpg,2,no_tumor,2,5.0028157e-05,0.000511494,0.99943846,4.3387933e-09
Testing/notumor/Te-no_0323.jpg,2,no_tumor,2,0.00030553725,0.0023366201,0.9973574,3.3299227e-07
Testing/notumor/Te-no_0324.jpg,2,no_tumor,2,0.00038055482,0.0020574834,0.99756074,1.2329699e-06
Testing/notumor/Te-no_0325.jpg,2,no_tumor,2,0.0001393714,0.0072913636,0.99256927,5.072796e-09
Testing/notumor/Te-no_0326.jpg,2,no_tumor,2,0.00010170835,0.009173096,0.9907252,1.1965477e-08
Testing/notumor/Te-no_0327.jpg,2,no_tumor,2,0.00014964823,0.0022199042,0.99763036,1.2880058e-07
Testing/notumor/Te-no_0328.jpg,2,no_tumor,2,0.0074036056,0.12068846,0.87190515,2.8298903e-06
Testing/notumor/Te-no_0329.jpg,2,no_tumor,2,6.507e-05,0.001816357,0.9981185,9.382612e-08
Testing/notumor/Te-no_0330.jpg,2,no_tumor,2,0.0005307637,0.0016561869,0.99781275,2.4239304e-07
Testing/notumor/Te-no_0331.jpg,2,no_tumor,2,0.015803374,0.0143157905,0.9698807,1.0626651e-07
Testing/notumor/Te-no_0332.jpg,2,no_tumor,2,5.8399423e-06,0.00021983423,0.9997743,4.8035026e-10
Testing/notumor/Te-no_0333.jpg,2,no_tumor,2,0.00084152055,0.012427899,0.9867301,5.4463356e-07
Testing/notumor/Te-no_0334.jpg,2,no_tumor,2,0.00064640143,0.0011580291,0.9981956,1.0375274e-08
Testing/notumor/Te-no_0335.jpg,2,no_tumor,2,0.0034067824,0.082233325,0.91435987,2.7974519e-08
Testing/notumor/Te-no_0336.jpg,2,no_tumor,2,2.9077344e-05,0.002099425,0.9978715,4.0102743e-09
Testing/notumor/Te-no_0337.jpg,2,no_tumor,2,1.48117715e-05,0.000998008,0.99898714,3.9369123e-08
Testing/notumor/Te-no_0338.jpg,2,no_tumor,2,0.0060236254,0.051843993,0.94213194,4.1886454e-07
Testing/notumor/Te-no_0339.jpg,2,no_tumor,2,0.0020698893,0.0071841287,0.9907454,4.6743241e-07
Testing/notumor/Te-no_0340.jpg,2,no_tumor,2,0.00021283017,0.0017133699,0.9980737,1.6423591e-08
Testing/notumor/Te-no_0341.jpg,2,no_tumor,2,0.0042971564,0.021576228,0.9741262,3.0287757e-07
Testing/notumor/Te-no_0342.jpg,2,no_tumor,2,1.2520374e-05,5.5692006e-05,0.9999318,1.2635925e-09
Testing/notumor/Te-no_0343.jpg,2,no_tumor,2,0.07796988,0.15773144,0.76429665,2.0199482e-06
Testing/notumor/Te-no_0344.jpg,2,no_tumor,2,0.013644183,0.2839051,0.70245016,4.653998e-07
Testing/notumor/Te-no_0345.jpg,2,no_tumor,2,2.0354776e-06,8.733425e-05,0.9999106,1.7241757e-10
Testing/notumor/Te-no_0346.jpg,2,no_tumor,2,0.0031019684,0.009005093,0.9878902,2.8100715e-06
Testing/notumor/Te-no_0347.jpg,2,no_tumor,2,0.0054934626,0.025678484,0.968828,2.062829e-08
Testing/notumor/Te-no_0348.jpg,2,no_tumor,2,0.0050732438,0.07187823,0.9230434,5.140481e-06
Testing/notumor/Te-no_0349.jpg,2,no_tumor,2,0.010603086,0.089778244,0.89956266,5.60005e-05
Testing/notumor/Te-no_0350.jpg,2,no_tumor,2,0.003602019,0.008921875,0.98747593,2.3336284e-07
Testing/notumor/Te-no_0351.jpg,2,no_tumor,2,1.6022756e-05,0.00032204424,0.99966204,1.0394158e-09
Testing/notumor/Te-no_0352.jpg,2,no_tumor,2,1.9007766e-05,0.00012226515,0.99985874,2.791152e-08
Testing/notumor/Te-no_0353.jpg,2,no_tumor,2,1.7861505e-07,1.724745e-05,0.9999826,8.194705e-12
Testing/notumor/Te-no_0354.jpg,2,no_tumor,2,0.00032235117,0.00016353186,0.9995141,3.406335e-09
Testing/notumor/Te-no_0355.jpg,2,no_tumor,2,0.0011610284,0.0029667811,0.9958721,5.4303705e-08
Testing/notumor/Te-no_0356.jpg,2,no_tumor,2,6.933063e-05,0.00023065625,0.99969995,4.1308064e-09
Testing/notumor/Te-no_0357.jpg,2,no_tumor,2,0.0004682153,0.0019369442,0.9975948,6.587163e-08
Testing/notumor/Te-no_0358.jpg,2,no_tumor,2,4.9206064e-06,0.00019286067,0.9998023,2.6200309e-09
Testing/notumor/Te-no_0359.jpg,2,no_tumor,2,0.03395964,0.025408892,0.94062746,3.9911456e-06
Testing/notumor/Te-no_0360.jpg,2,no_tumor,2,0.0001979555,0.0003441422,0.9994579,5.390551e-08
Testing/notumor/Te-no_0361.jpg,2,no_tumor,2,0.0002806638,0.0027840254,0.99693525,6.1529124e-09
Testing/notumor/Te-no_0362.jpg,2,no_tumor,2,0.05535594,0.013382001,0.9312602,1.857818e-06
Testing/notumor/Te-no_0363.jpg,2,no_tumor,2,4.2255215e-05,0.0011259094,0.9988318,2.367912e-09
Testing/notumor/Te-no_0364.jpg,2,no_tumor,2,1.3221502e-06,7.8748424e-05,0.9999199,3.866123e-09
Testing/notumor/Te-no_0365.jpg,2,no_tumor,2,0.026000744,0.005630914,0.9683671,1.1743205e-06
Testing/notumor/Te-no_0366.jpg,2,no_tumor,2,0.0013654305,0.0017862465,0.9968483,9.329652e-08
Testing/notumor/Te-no_0367.jpg,2,no_tumor,2,8.27403e-07,9.40177e-05,0.9999051,1.2312193e-10
Testing/notumor/Te-no_0368.jpg,2,no_tumor,2,0.0004850612,0.33358803,0.6659262,7.242208e-07
Testing/notumor/Te-no_0369.jpg,2,no_tumor,2,1.9532246e-05,0.00013958979,0.99984086,2.5530528e-10
Testing/notumor/Te-no_0370.jpg,2,no_tumor,2,0.0017789623,0.009892974,0.9883267,1.3216896e-06
Testing/notumor/Te-no_0371.jpg,2,no_tumor,2,0.00033655518,0.001049919,0.9986135,2.6095947e-08
Testing/notumor/Te-no_0372.jpg,2,no_tumor,2,0.00018529646,0.00041711377,0.99939764,4.448695e-08
Testing/notumor/Te-no_0373.jpg,2,no_tumor,2,0.0019050733,0.027302962,0.97079146,5.3037076e-07
Testing/notumor/Te-no_0374.jpg,2,no_tumor,2,1.5930244e-05,0.00030654456,0.9996774,4.9583527e-08
Testing/notumor/Te-no_0375.jpg,2,no_tumor,2,3.807456e-06,3.7294132e-05,0.9999589,2.5571412e-10
Testing/notumor/Te-no_0376.jpg,2,no_tumor,2,0.00039002427,0.0009387249,0.9986713,3.0105788e-08
Testing/notumor/Te-no_0377.jpg,2,no_tumor,2,0.0007775795,0.0025911643,0.9966312,5.5365714e-08
Testing/notumor/Te-no_0378.jpg,2,no_tumor,2,4.9318123e-06,0.0001477392,0.9998473,1.7096761e-08
Testing/notumor/Te-no_0379.jpg,2,no_tumor,2,0.0046824045,0.026356865,0.968946,1.4721107e-05
Testing/notumor/Te-no_0380.jpg,2,no_tumor,2,0.024071893,0.013803185,0.96212286,2.0488512e-06
Testing/notumor/Te-no_0381.jpg,2,no_tumor,2,2.0542757e-05,0.00024553854,0.999734,1.0748266e-08
Testing/notumor/Te-no_0382.jpg,2,no_tumor,2,0.0007889653,0.005022778,0.99418783,3.908618e-07
Testing/notumor/Te-no_0383.jpg,2,no_tumor,2,5.438811e-05,0.015860504,0.98408496,2.9521118e-08
Testing/notumor/Te-no_0384.jpg,2,no_tumor,2,1.8234856e-05,0.00017768206,0.9998041,1.6060678e-09
Testing/notumor/Te-no_0385.jpg,2,no_tumor,2,0.00018719205,0.010344015,0.98946875,2.8205887e-08
Testing/notumor/Te-no_0386.jpg,2,no_tumor,2,0.00018015841,0.0025688137,0.9972511,6.651249e-09
Testing/notumor/Te-no_0387.jpg,2,no_tumor,2,0.00022293268,0.0027600278,0.9970168,2.2824666e-07
Testing/notumor/Te-no_0388.jpg,2,no_tumor,2,0.008682769,0.012888884,0.9784283,2.7425255e-08
Testing/notumor/Te-no_0389.jpg,2,no_tumor,2,0.02727589,0.060392488,0.91232914,2.5610846e-06
Testing/notumor/Te-no_0390.jpg,2,no_tumor,2,0.0010363953,0.002885012,0.99607664,1.9091437e-06
Testing/notumor/Te-no_0391.jpg,2,no_tumor,2,0.0028804126,0.0066675167,0.9904518,1.6659081e-07
Testing/notumor/Te-no_0392.jpg,2,no_tumor,2,0.0033580966,0.023225905,0.9734158,2.879585e-07
Testing/notumor/Te-no_0393.jpg,2,no_tumor,2,0.0013552315,0.0010139201,0.9976307,1.082729e-09
Testing/notumor/Te-no_0394.jpg,2,no_tumor,2,0.00011079792,0.004044366,0.9958449,1.4468566e-09
Testing/notumor/Te-no_0395.jpg,2,no_tumor,2,1.622452e-06,3.9546994e-05,0.99995875,4.0814077e-10
Testing/notumor/Te-no_0396.jpg,2,no_tumor,2,0.00835521,0.03677148,0.9548632,1.0012142e-05
Testing/notumor/Te-no_0397.jpg,2,no_tumor,2,3.1749464e-06,0.00035345225,0.99964285,4.9726225e-07
Testing/notumor/Te-no_0398.jpg,2,no_tumor,2,5.3422238e-05,0.0007265954,0.99922,1.7873118e-08
Testing/notumor/Te-no_0399.jpg,2,no_tumor,2,0.00087003433,0.15239716,0.8467327,1.9444522e-07
Testing/notumor/Te-no_0400.jpg,2,no_tumor,2,2.8638782e-05,0.00049581396,0.99947566,5.7959384e-09
Testing/notumor/Te-no_0401.jpg,2,no_tumor,2,0.007014937,0.047919385,0.9450611,4.5693946e-06
Testing/notumor/Te-no_0402.jpg,2,no_tumor,2,9.581642e-07,2.1749584e-05,0.99997735,4.0139547e-10
Testing/notumor/Te-no_0403.jpg,2,no_tumor,2,4.1559262e-05,0.00052804814,0.99943024,1.3587989e-07
Testing/notumor/Te-no_0404.jpg,2,no_tumor,2,0.010319944,0.009167423,0.9805125,8.088509e-08
Testing/pituitary/Te-piTr_0000.jpg,3,pituitary,0,0.7527682,0.24374242,0.0021689264,0.001320447
Testing/pituitary/Te-piTr_0001.jpg,3,pituitary,0,0.48394257,0.47363174,0.03451354,0.007912226
Testing/pituitary/Te-piTr_0002.jpg,3,pituitary,0,0.6223365,0.37142214,0.006114207,0.00012721113
Testing/pituitary/Te-piTr_0003.jpg,3,pituitary,0,0.7450476,0.25116566,0.0030100357,0.00077674905
Testing/pituitary/Te-piTr_0004.jpg,3,pituitary,0,0.7493355,0.17404963,0.075188346,0.0014265315
Testing/pituitary/Te-piTr_0005.jpg,3,pituitary,2,0.1685564,0.14595976,0.6836461,0.0018377914
Testing/pituitary/Te-piTr_0006.jpg,3,pituitary,1,0.223949,0.61051893,0.16080254,0.004729504
Testing/pituitary/Te-piTr_0007.jpg,3,pituitary,1,0.31239423,0.669518,0.0023236056,0.015764154
Testing/pituitary/Te-piTr_0008.jpg,3,pituitary,1,0.32336435,0.40671748,0.26059118,0.0093269795
Testing/pituitary/Te-piTr_0009.jpg,3,pituitary,1,0.10322569,0.58629507,0.30406347,0.0064157937
Testing/pituitary/Te-pi_0010.jpg,3,pituitary,1,0.11392218,0.5168566,0.08727308,0.28194818
Testing/pituitary/Te-pi_0011.jpg,3,pituitary,1,0.2869451,0.62349576,0.022590924,0.066968255
Testing/pituitary/Te-pi_0012.jpg,3,pituitary,0,0.7458548,0.25132167,0.0013786067,0.0014449734
Testing/pituitary/Te-pi_0013.jpg,3,pituitary,0,0.54385275,0.45532018,0.00079583534,3.1261134e-05
Testing/pituitary/Te-pi_0014.jpg,3,pituitary,1,0.049507827,0.9326381,0.006296195,0.011557896
Testing/pituitary/Te-pi_0015.jpg,3,pituitary,1,0.076012276,0.8909767,0.029162785,0.0038481418
Testing/pituitary/Te-pi_0016.jpg,3,pituitary,1,0.081809774,0.8787352,0.037322734,0.0021323662
Testing/pituitary/Te-pi_0017.jpg,3,pituitary,1,0.22913691,0.4734631,0.2094313,0.08796871
Testing/pituitary/Te-pi_0018.jpg,3,pituitary,1,0.016433286,0.89833796,0.08460072,0.0006280395
Testing/pituitary/Te-pi_0019.jpg,3,pituitary,0,0.47594944,0.36303926,0.15933481,0.0016764982
Testing/pituitary/Te-pi_0020.jpg,3,pituitary,1,0.23090714,0.7420137,0.011288479,0.015790742
Testing/pituitary/Te-pi_0021.jpg,3,pituitary,1,0.18966381,0.39227346,0.031741913,0.38632074
Testing/pituitary/Te-pi_0022.jpg,3,pituitary,0,0.79660696,0.18670487,0.0165263,0.00016192395
Testing/pituitary/Te-pi_0023.jpg,3,pituitary,0,0.78808665,0.16570415,0.045674916,0.00053427403
Testing/pituitary/Te-pi_0024.jpg,3,pituitary,0,0.6079921,0.29427505,0.09599483,0.0017380037
Testing/pituitary/Te-pi_0025.jpg,3,pituitary,1,0.008184145,0.98420066,0.007606778,8.484618e-06
Testing/pituitary/Te-pi_0026.jpg,3,pituitary,2,0.082287766,0.4170371,0.4266034,0.07407171
Testing/pituitary/Te-pi_0027.jpg,3,pituitary,1,0.14676896,0.5627458,0.03360879,0.2568764
Testing/pituitary/Te-pi_0028.jpg,3,pituitary,1,0.07771845,0.8239785,0.021009464,0.07729355
Testing/pituitary/Te-pi_0029.jpg,3,pituitary,2,0.020128753,0.1438017,0.8360078,6.18574e-05
Testing/pituitary/Te-pi_0030.jpg,3,pituitary,1,0.18889406,0.8037939,0.0010918055,0.006220244
Testing/pituitary/Te-pi_0031.jpg,3,pituitary,1,0.016837167,0.9612974,0.017393138,0.0044723023
Testing/pituitary/Te-pi_0032.jpg,3,pituitary,1,0.04464633,0.7144982,0.2408099,4.5479625e-05
Testing/pituitary/Te-pi_0033.jpg,3,pituitary,1,0.22739945,0.7102927,0.06073589,0.001572005
Testing/pituitary/Te-pi_0034.jpg,3,pituitary,1,0.12117835,0.49365446,0.3435184,0.04164884
Testing/pituitary/Te-pi_0035.jpg,3,pituitary,2,0.3191621,0.07292415,0.6072024,0.0007114296
Testing/pituitary/Te-pi_0036.jpg,3,pituitary,1,0.021938425,0.9769349,0.00039155653,0.00073506346
Testing/pituitary/Te-pi_0037.jpg,3,pituitary,1,0.114818886,0.7906105,0.010458096,0.08411256
Testing/pituitary/Te-pi_0038.jpg,3,pituitary,0,0.45976076,0.42310235,0.10307093,0.01406598
Testing/pituitary/Te-pi_0039.jpg,3,pituitary,0,0.6969728,0.20313737,0.0998334,5.650461e-05
Testing/pituitary/Te-pi_0040.jpg,3,pituitary,1,0.05599298,0.8220736,0.121406324,0.000527104
Testing/pituitary/Te-pi_0041.jpg,3,pituitary,1,0.31206065,0.52492476,0.1629139,0.00010072484
Testing/pituitary/Te-pi_0042.jpg,3,pituitary,1,0.07607287,0.86957073,0.008348797,0.046007667
Testing/pituitary/Te-pi_0043.jpg,3,pituitary,1,0.1923331,0.75941044,0.04820658,4.9869974e-05
Testing/pituitary/Te-pi_0044.jpg,3,pituitary,0,0.8053794,0.18817951,0.0063705915,7.047739e-05
Testing/pituitary/Te-pi_0045.jpg,3,pituitary,0,0.60643375,0.39179125,2.8036377e-05,0.0017469586
Testing/pituitary/Te-pi_0046.jpg,3,pituitary,1,0.13669613,0.75142366,0.0033912815,0.10848895
Testing/pituitary/Te-pi_0047.jpg,3,pituitary,1,0.30227774,0.3913175,0.0068276916,0.29957706
Testing/pituitary/Te-pi_0048.jpg,3,pituitary,0,0.81334037,0.18223394,0.00027368887,0.004151967
Testing/pituitary/Te-pi_0049.jpg,3,pituitary,0,0.86963964,0.12175865,0.0061859195,0.0024158356
Testing/pituitary/Te-pi_0050.jpg,3,pituitary,0,0.89744925,0.09837436,0.0028474266,0.0013289679
Testing/pituitary/Te-pi_0051.jpg,3,pituitary,0,0.9605866,0.03887584,0.00032296724,0.00021466034
Testing/pituitary/Te-pi_0052.jpg,3,pituitary,1,0.0515264,0.60159063,0.008148603,0.33873442
Testing/pituitary/Te-pi_0053.jpg,3,pituitary,1,0.31198788,0.50634974,0.008632763,0.1730296
Testing/pituitary/Te-pi_0054.jpg,3,pituitary,1,0.13897601,0.8319183,0.008199591,0.020906124
Testing/pituitary/Te-pi_0055.jpg,3,pituitary,0,0.47789177,0.47750694,0.029734462,0.014866831
Testing/pituitary/Te-pi_0056.jpg,3,pituitary,3,0.030156063,0.08371909,0.012824965,0.8732999
Testing/pituitary/Te-pi_0057.jpg,3,pituitary,1,0.14047071,0.5032161,0.049763627,0.3065496
Testing/pituitary/Te-pi_0058.jpg,3,pituitary,1,0.046687774,0.90038633,0.045221034,0.0077048014
Testing/pituitary/Te-pi_0059.jpg,3,pituitary,0,0.8061029,0.18939872,0.0038091585,0.00068917044
Testing/pituitary/Te-pi_0060.jpg,3,pituitary,1,0.42544803,0.51674974,0.030437594,0.027364695
Testing/pituitary/Te-pi_0061.jpg,3,pituitary,3,0.11386534,0.18591811,0.015175548,0.68504107
Testing/pituitary/Te-pi_0062.jpg,3,pituitary,1,0.30837667,0.67753553,0.0065498673,0.007537974
Testing/pituitary/Te-pi_0063.jpg,3,pituitary,1,0.12553148,0.82978535,0.023698851,0.020984339
Testing/pituitary/Te-pi_0064.jpg,3,pituitary,1,0.25077772,0.6877994,0.06083928,0.0005835916
Testing/pituitary/Te-pi_0065.jpg,3,pituitary,1,0.17468648,0.5742877,0.04893169,0.20209408
Testing/pituitary/Te-pi_0066.jpg,3,pituitary,3,0.02521327,0.39259467,0.011215598,0.57097644
Testing/pituitary/Te-pi_0067.jpg,3,pituitary,0,0.69799346,0.28746527,0.012924511,0.0016168013
Testing/pituitary/Te-pi_0068.jpg,3,pituitary,1,0.35800484,0.63591945,0.005644563,0.00043116565
Testing/pituitary/Te-pi_0069.jpg,3,pituitary,1,0.35416842,0.43697613,0.20760393,0.0012515426
Testing/pituitary/Te-pi_0070.jpg,3,pituitary,1,0.33749956,0.65405536,0.0012686938,0.0071763117
Testing/pituitary/Te-pi_0071.jpg,3,pituitary,1,0.33430114,0.5387323,0.12536815,0.0015984104
Testing/pituitary/Te-pi_0072.jpg,3,pituitary,0,0.4935614,0.42270437,0.060886838,0.022847468
Testing/pituitary/Te-pi_0073.jpg,3,pituitary,1,0.23297714,0.76055765,0.0020650914,0.00440012
Testing/pituitary/Te-pi_0074.jpg,3,pituitary,1,0.4019459,0.59674984,0.00060915184,0.00069518614
Testing/pituitary/Te-pi_0075.jpg,3,pituitary,1,0.42825592,0.56880265,0.0028453502,9.608109e-05
Testing/pituitary/Te-pi_0076.jpg,3,pituitary,0,0.92519265,0.063178964,0.0010855742,0.010542804
Testing/pituitary/Te-pi_0077.jpg,3,pituitary,1,0.34052604,0.5887653,0.068868846,0.0018398159
Testing/pituitary/Te-pi_0078.jpg,3,pituitary,1,0.06310213,0.5968168,0.3393247,0.0007563593
Testing/pituitary/Te-pi_0079.jpg,3,pituitary,1,0.3894167,0.5775013,0.027045831,0.0060361424
Testing/pituitary/Te-pi_0080.jpg,3,pituitary,0,0.8241538,0.1731739,0.0025854555,8.687091e-05
Testing/pituitary/Te-pi_0081.jpg,3,pituitary,1,0.3689247,0.5976901,0.013197983,0.020187208
Testing/pituitary/Te-pi_0082.jpg,3,pituitary,0,0.54041076,0.22014087,0.22288468,0.016563727
Testing/pituitary/Te-pi_0083.jpg,3,pituitary,3,0.45047504,0.066152684,0.0010142899,0.48235807
Testing/pituitary/Te-pi_0084.jpg,3,pituitary,1,0.15716475,0.552148,0.030913709,0.2597735
Testing/pituitary/Te-pi_0085.jpg,3,pituitary,0,0.56875885,0.30989763,0.118726216,0.0026173422
Testing/pituitary/Te-pi_0086.jpg,3,pituitary,1,0.43383056,0.5319905,0.031456128,0.0027227756
Testing/pituitary/Te-pi_0087.jpg,3,pituitary,0,0.8722756,0.12509279,0.0012998533,0.0013316992
Testing/pituitary/Te-pi_0088.jpg,3,pituitary,0,0.50614744,0.4817548,0.0053957677,0.0067020613
Testing/pituitary/Te-pi_0089.jpg,3,pituitary,0,0.6117998,0.38283068,8.10925e-05,0.0052884854
Testing/pituitary/Te-pi_0090.jpg,3,pituitary,0,0.52114147,0.47148177,0.0008719431,0.0065048626
Testing/pituitary/Te-pi_0091.jpg,3,pituitary,1,0.46951115,0.47911003,0.0023354478,0.04904334
Testing/pituitary/Te-pi_0092.jpg,3,pituitary,0,0.76880115,0.08063706,0.006479087,0.14408274
Testing/pituitary/Te-pi_0093.jpg,3,pituitary,1,0.25985235,0.5813414,0.15756391,0.0012423721
Testing/pituitary/Te-pi_0094.jpg,3,pituitary,1,0.25504574,0.7242829,0.006492278,0.014179062
Testing/pituitary/Te-pi_0095.jpg,3,pituitary,1,0.17112292,0.79432076,0.011559342,0.022997003
Testing/pituitary/Te-pi_0096.jpg,3,pituitary,0,0.71988183,0.2779596,0.0004863701,0.0016721787
Testing/pituitary/Te-pi_0097.jpg,3,pituitary,1,0.42436138,0.53211135,0.0010273047,0.042499997
Testing/pituitary/Te-pi_0098.jpg,3,pituitary,1,0.119499676,0.87797564,5.156943e-05,0.0024730382
Testing/pituitary/Te-pi_0099.jpg,3,pituitary,2,0.119687065,0.22309472,0.6482379,0.008980329
Testing/pituitary/Te-pi_0100.jpg,3,pituitary,1,0.2938371,0.6887098,0.016476184,0.0009768791
Testing/pituitary/Te-pi_0101.jpg,3,pituitary,0,0.51316637,0.44594088,0.010708924,0.030183887
Testing/pituitary/Te-pi_0102.jpg,3,pituitary,0,0.5265731,0.45198745,0.009145434,0.012293934
Testing/pituitary/Te-pi_0103.jpg,3,pituitary,0,0.49827516,0.33807814,0.13815054,0.025496116
Testing/pituitary/Te-pi_0104.jpg,3,pituitary,1,0.3690407,0.6260847,0.0009875036,0.0038871493
Testing/pituitary/Te-pi_0105.jpg,3,pituitary,0,0.70435846,0.2569857,0.029799717,0.008856126
Testing/pituitary/Te-pi_0106.jpg,3,pituitary,2,0.065918095,0.3841954,0.51828,0.0316065
Testing/pituitary/Te-pi_0107.jpg,3,pituitary,1,0.3079443,0.67754495,0.003316323,0.011194431
Testing/pituitary/Te-pi_0108.jpg,3,pituitary,0,0.6335026,0.36231607,0.003212246,0.00096912985
Testing/pituitary/Te-pi_0109.jpg,3,pituitary,1,0.37302807,0.61744386,0.002447506,0.0070805736
Testing/pituitary/Te-pi_0110.jpg,3,pituitary,0,0.6198789,0.37143567,0.005738182,0.002947162
Testing/pituitary/Te-pi_0111.jpg,3,pituitary,1,0.46634746,0.5326005,1.249033e-05,0.0010396224
Testing/pituitary/Te-pi_0112.jpg,3,pituitary,1,0.0712628,0.7563183,0.045722388,0.12669656
Testing/pituitary/Te-pi_0113.jpg,3,pituitary,1,0.09432842,0.84510714,0.05842265,0.0021416817
Testing/pituitary/Te-pi_0114.jpg,3,pituitary,0,0.62219393,0.28301784,0.07859698,0.016191248
Testing/pituitary/Te-pi_0115.jpg,3,pituitary,1,0.47463652,0.5178099,0.0043911845,0.0031623964
Testing/pituitary/Te-pi_0116.jpg,3,pituitary,1,0.29555634,0.65864646,0.03709535,0.008701896
Testing/pituitary/Te-pi_0117.jpg,3,pituitary,0,0.7151986,0.26129815,0.020836277,0.0026669814
Testing/pituitary/Te-pi_0118.jpg,3,pituitary,1,0.20653443,0.73376197,0.022940328,0.036763255
Testing/pituitary/Te-pi_0119.jpg,3,pituitary,1,0.3820724,0.58993137,0.027866501,0.00012971566
Testing/pituitary/Te-pi_0120.jpg,3,pituitary,1,0.13994218,0.45366693,0.3598029,0.046588082
Testing/pituitary/Te-pi_0121.jpg,3,pituitary,1,0.16387813,0.7081462,0.03352969,0.09444589
Testing/pituitary/Te-pi_0122.jpg,3,pituitary,1,0.17457029,0.76153123,0.06178081,0.0021176753
Testing/pituitary/Te-pi_0123.jpg,3,pituitary,0,0.92169225,0.07474818,0.0033515163,0.0002080616
Testing/pituitary/Te-pi_0124.jpg,3,pituitary,1,0.1549751,0.60696477,0.013276897,0.22478321
Testing/pituitary/Te-pi_0125.jpg,3,pituitary,1,0.3183296,0.6620172,0.013411634,0.0062415707
Testing/pituitary/Te-pi_0126.jpg,3,pituitary,1,0.32199687,0.61742,0.04651357,0.014069609
Testing/pituitary/Te-pi_0127.jpg,3,pituitary,1,0.2548311,0.42321965,0.040270817,0.28167844
Testing/pituitary/Te-pi_0128.jpg,3,pituitary,1,0.28686985,0.6973203,0.011406434,0.0044034934
Testing/pituitary/Te-pi_0129.jpg,3,pituitary,1,0.038343143,0.7150308,0.099621855,0.14700423
Testing/pituitary/Te-pi_0130.jpg,3,pituitary,1,0.12077608,0.80088353,0.07489353,0.0034468567
Testing/pituitary/Te-pi_0131.jpg,3,pituitary,1,0.052276492,0.81325555,0.006503174,0.12796485
Testing/pituitary/Te-pi_0132.jpg,3,pituitary,3,0.053559262,0.35454297,0.004882943,0.5870148
Testing/pituitary/Te-pi_0133.jpg,3,pituitary,0,0.87021345,0.12506592,0.004412176,0.00030846562
Testing/pituitary/Te-pi_0134.jpg,3,pituitary,1,0.16821638,0.7354577,0.04062192,0.055703945
Testing/pituitary/Te-pi_0135.jpg,3,pituitary,1,0.19817461,0.6014303,0.14531527,0.055079892
Testing/pituitary/Te-pi_0136.jpg,3,pituitary,1,0.13427626,0.45113486,0.0982132,0.31637573
Testing/pituitary/Te-pi_0137.jpg,3,pituitary,0,0.61136156,0.3810894,0.0018082052,0.0057407944
Testing/pituitary/Te-pi_0138.jpg,3,pituitary,1,0.26127344,0.6721227,0.05571287,0.010890942
Testing/pituitary/Te-pi_0139.jpg,3,pituitary,1,0.03795489,0.9591353,0.0017954403,0.001114354
Testing/pituitary/Te-pi_0140.jpg,3,pituitary,1,0.27145937,0.6706651,0.0430829,0.014792684
Testing/pituitary/Te-pi_0141.jpg,3,pituitary,1,0.33329484,0.6275874,0.010543746,0.028574003
Testing/pituitary/Te-pi_0142.jpg,3,pituitary,1,0.31452712,0.6256264,0.03784534,0.022001192
Testing/pituitary/Te-pi_0143.jpg,3,pituitary,1,0.41083068,0.5862333,0.0025283573,0.0004076968
Testing/pituitary/Te-pi_0144.jpg,3,pituitary,1,0.18372272,0.28886116,0.250889,0.2765271
Testing/pituitary/Te-pi_0145.jpg,3,pituitary,0,0.52071345,0.4095786,0.004375921,0.06533207
Testing/pituitary/Te-pi_0146.jpg,3,pituitary,0,0.53192496,0.34547552,0.10390019,0.018699203
Testing/pituitary/Te-pi_0147.jpg,3,pituitary,0,0.72251904,0.27085632,0.0045262487,0.0020983862
Testing/pituitary/Te-pi_0148.jpg,3,pituitary,1,0.053070646,0.65884274,0.009875922,0.27821067
Testing/pituitary/Te-pi_0149.jpg,3,pituitary,1,0.10857884,0.88912827,0.00018076356,0.0021120908
Testing/pituitary/Te-pi_0150.jpg,3,pituitary,1,0.121917546,0.85748607,0.007854742,0.012741678
Testing/pituitary/Te-pi_0151.jpg,3,pituitary,1,0.22698513,0.76932216,0.0029102687,0.0007824987
Testing/pituitary/Te-pi_0152.jpg,3,pituitary,1,0.048841495,0.69283223,0.2558213,0.0025049904
Testing/pituitary/Te-pi_0153.jpg,3,pituitary,1,0.071962506,0.7720963,0.13212334,0.023817895
Testing/pituitary/Te-pi_0154.jpg,3,pituitary,1,0.03326306,0.9105759,0.05584974,0.00031128165
Testing/pituitary/Te-pi_0155.jpg,3,pituitary,1,0.20679963,0.77866775,0.0134440055,0.0010886685
Testing/pituitary/Te-pi_0156.jpg,3,pituitary,1,0.33963615,0.44687116,0.21347617,1.6552296e-05
Testing/pituitary/Te-pi_0157.jpg,3,pituitary,0,0.80262226,0.10634623,0.040628977,0.050402578
Testing/pituitary/Te-pi_0158.jpg,3,pituitary,0,0.6081821,0.38330805,0.008247254,0.00026253608
Testing/pituitary/Te-pi_0159.jpg,3,pituitary,0,0.41929153,0.34654313,0.1113677,0.12279773
Testing/pituitary/Te-pi_0160.jpg,3,pituitary,1,0.04726997,0.94903547,0.0029060093,0.00078855146
Testing/pituitary/Te-pi_0161.jpg,3,pituitary,0,0.48625913,0.48300788,0.02994443,0.0007885721
Testing/pituitary/Te-pi_0162.jpg,3,pituitary,1,0.1697262,0.6694561,0.15651132,0.0043064184
Testing/pituitary/Te-pi_0163.jpg,3,pituitary,0,0.72793883,0.1671755,0.10440799,0.00047760722
Testing/pituitary/Te-pi_0164.jpg,3,pituitary,1,0.003825886,0.9954869,0.0006840256,3.2077353e-06
Testing/pituitary/Te-pi_0165.jpg,3,pituitary,1,0.48595932,0.48670444,0.017903822,0.009432482
Testing/pituitary/Te-pi_0166.jpg,3,pituitary,2,0.03541458,0.14037596,0.7436693,0.080540255
Testing/pituitary/Te-pi_0167.jpg,3,pituitary,1,0.026904656,0.76976216,0.018246163,0.18508704
Testing/pituitary/Te-pi_0168.jpg,3,pituitary,1,0.21231297,0.53631395,0.018940236,0.23243277
Testing/pituitary/Te-pi_0169.jpg,3,pituitary,1,0.16421148,0.7002165,0.124028414,0.011543598
Testing/pituitary/Te-pi_0170.jpg,3,pituitary,1,0.09849869,0.59741855,0.30139273,0.0026901183
Testing/pituitary/Te-pi_0171.jpg,3,pituitary,1,0.44666535,0.5218204,0.025533445,0.0059808004
Testing/pituitary/Te-pi_0172.jpg,3,pituitary,1,0.06809605,0.8246703,0.0035654604,0.10366827
Testing/pituitary/Te-pi_0173.jpg,3,pituitary,0,0.5344336,0.46062958,0.00014310655,0.004793784
Testing/pituitary/Te-pi_0174.jpg,3,pituitary,1,0.0825694,0.913027,0.002469727,0.0019338677
Testing/pituitary/Te-pi_0175.jpg,3,pituitary,1,0.07477696,0.7778919,0.14669853,0.0006326592
Testing/pituitary/Te-pi_0176.jpg,3,pituitary,0,0.733444,0.24430802,0.007671253,0.0145767545
Testing/pituitary/Te-pi_0177.jpg,3,pituitary,0,0.66419905,0.28690597,0.04809907,0.0007959499
Testing/pituitary/Te-pi_0178.jpg,3,pituitary,1,0.14262925,0.8459559,0.0094906865,0.0019240875
Testing/pituitary/Te-pi_0179.jpg,3,pituitary,1,0.1678193,0.68919295,0.11540758,0.027580125
Testing/pituitary/Te-pi_0180.jpg,3,pituitary,2,0.3139357,0.2587507,0.42694348,0.00037006655
Testing/pituitary/Te-pi_0181.jpg,3,pituitary,1,0.18247052,0.79323196,0.017164066,0.0071334513
Testing/pituitary/Te-pi_0182.jpg,3,pituitary,3,0.07065091,0.41272217,0.018311068,0.49831578
Testing/pituitary/Te-pi_0183.jpg,3,pituitary,1,0.26590207,0.7180292,0.01071915,0.0053495993
Testing/pituitary/Te-pi_0184.jpg,3,pituitary,0,0.57287294,0.40139174,0.025632972,0.00010241402
Testing/pituitary/Te-pi_0185.jpg,3,pituitary,0,0.45283628,0.43562806,0.019376311,0.09215934
Testing/pituitary/Te-pi_0186.jpg,3,pituitary,1,0.061337627,0.71722037,0.22108439,0.00035763983
Testing/pituitary/Te-pi_0187.jpg,3,pituitary,2,0.24316572,0.1880907,0.5683923,0.0003513248
Testing/pituitary/Te-pi_0188.jpg,3,pituitary,0,0.50946623,0.48404709,0.006474273,1.244898e-05
Testing/pituitary/Te-pi_0189.jpg,3,pituitary,1,0.0020638932,0.99679,4.9819933e-05,0.0010962685
Testing/pituitary/Te-pi_0190.jpg,3,pituitary,1,0.19684619,0.78537065,0.014768903,0.0030143047
Testing/pituitary/Te-pi_0191.jpg,3,pituitary,1,0.32927454,0.56169486,0.10756675,0.0014638918
Testing/pituitary/Te-pi_0192.jpg,3,pituitary,1,0.3664304,0.6130663,0.0012876696,0.01921561
Testing/pituitary/Te-pi_0193.jpg,3,pituitary,1,0.41265866,0.5147955,0.0642718,0.008273984
Testing/pituitary/Te-pi_0194.jpg,3,pituitary,0,0.43175876,0.27096054,0.005090299,0.29219046
Testing/pituitary/Te-pi_0195.jpg,3,pituitary,1,0.09567292,0.8310999,0.05077822,0.022448933
Testing/pituitary/Te-pi_0196.jpg,3,pituitary,0,0.5221931,0.41619843,0.05894136,0.0026670932
Testing/pituitary/Te-pi_0197.jpg,3,pituitary,0,0.9812841,0.018151244,0.00051173236,5.2946496e-05
Testing/pituitary/Te-pi_0198.jpg,3,pituitary,0,0.855479,0.09149046,0.023978459,0.0290521
Testing/pituitary/Te-pi_0199.jpg,3,pituitary,0,0.7529738,0.24466811,0.00044766557,0.0019104452
Testing/pituitary/Te-pi_0200.jpg,3,pituitary,0,0.8180229,0.17585257,0.005925203,0.00019941798
Testing/pituitary/Te-pi_0201.jpg,3,pituitary,1,0.4178695,0.5771462,0.0008041905,0.0041802204
Testing/pituitary/Te-pi_0202.jpg,3,pituitary,0,0.5610716,0.425695,0.009161053,0.004072451
Testing/pituitary/Te-pi_0203.jpg,3,pituitary,0,0.9094107,0.08579048,0.004159158,0.0006396303
Testing/pituitary/Te-pi_0204.jpg,3,pituitary,0,0.7047059,0.25294465,0.0316897,0.010659793
Testing/pituitary/Te-pi_0205.jpg,3,pituitary,1,0.15269512,0.755326,0.0026355367,0.08934344
Testing/pituitary/Te-pi_0206.jpg,3,pituitary,0,0.8316917,0.16624515,0.0010247492,0.001038414
Testing/pituitary/Te-pi_0207.jpg,3,pituitary,1,0.4609239,0.47523788,0.049389467,0.014448771
Testing/pituitary/Te-pi_0208.jpg,3,pituitary,0,0.5806592,0.41725457,0.0007879026,0.0012983053
Testing/pituitary/Te-pi_0209.jpg,3,pituitary,0,0.604157,0.3924909,0.0017587494,0.0015934212
Testing/pituitary/Te-pi_0210.jpg,3,pituitary,1,0.12978378,0.8582613,0.008721003,0.0032338721
Testing/pituitary/Te-pi_0211.jpg,3,pituitary,0,0.5799355,0.41430777,0.004511711,0.0012449531
Testing/pituitary/Te-pi_0212.jpg,3,pituitary,2,0.111297354,0.2647155,0.61915654,0.0048306393
Testing/pituitary/Te-pi_0213.jpg,3,pituitary,0,0.82722557,0.09946184,0.012364958,0.06094766
Testing/pituitary/Te-pi_0214.jpg,3,pituitary,0,0.88604105,0.11105277,0.0006008735,0.0023052385
Testing/pituitary/Te-pi_0215.jpg,3,pituitary,0,0.5348211,0.4630844,0.002001742,9.278338e-05
Testing/pituitary/Te-pi_0216.jpg,3,pituitary,0,0.5892866,0.35546327,0.027806688,0.027443469
Testing/pituitary/Te-pi_0217.jpg,3,pituitary,0,0.4866717,0.4470465,0.06534907,0.00093278236
Testing/pituitary/Te-pi_0218.jpg,3,pituitary,2,0.3005006,0.14452946,0.5479185,0.007051459
Testing/pituitary/Te-pi_0219.jpg,3,pituitary,0,0.9657528,0.033655707,0.00015748595,0.00043398482
Testing/pituitary/Te-pi_0220.jpg,3,pituitary,0,0.77086186,0.17337903,0.010610991,0.045148153
Testing/pituitary/Te-pi_0221.jpg,3,pituitary,0,0.667668,0.2637765,0.0103931315,0.058162376
Testing/pituitary/Te-pi_0222.jpg,3,pituitary,1,0.48563218,0.50131875,0.0033227003,0.009726376
Testing/pituitary/Te-pi_0223.jpg,3,pituitary,3,0.25014755,0.36726794,0.0005373905,0.3820471
Testing/pituitary/Te-pi_0224.jpg,3,pituitary,1,0.17896004,0.8188846,0.0015866809,0.0005687736
Testing/pituitary/Te-pi_0225.jpg,3,pituitary,1,0.40034372,0.57126886,0.00029948758,0.028087918
Testing/pituitary/Te-pi_0226.jpg,3,pituitary,1,0.22828928,0.55461514,0.21672757,0.00036809486
Testing/pituitary/Te-pi_0227.jpg,3,pituitary,0,0.667984,0.32483035,0.0058500865,0.0013355474
Testing/pituitary/Te-pi_0228.jpg,3,pituitary,0,0.65500426,0.2213881,0.1068122,0.016795436
Testing/pituitary/Te-pi_0229.jpg,3,pituitary,0,0.67752004,0.28327525,0.001980691,0.037224013
Testing/pituitary/Te-pi_0230.jpg,3,pituitary,0,0.6314148,0.3471531,0.008220001,0.013212108
Testing/pituitary/Te-pi_0231.jpg,3,pituitary,0,0.49984008,0.45667785,0.021110985,0.022371033
Testing/pituitary/Te-pi_0232.jpg,3,pituitary,1,0.436643,0.4524844,0.0092569105,0.101615675
Testing/pituitary/Te-pi_0233.jpg,3,pituitary,1,0.39334258,0.5734238,0.02044382,0.012789841
Testing/pituitary/Te-pi_0234.jpg,3,pituitary,1,0.33583412,0.5067284,0.15241921,0.00501829
Testing/pituitary/Te-pi_0235.jpg,3,pituitary,0,0.6374418,0.337188,0.018316193,0.0070540165
Testing/pituitary/Te-pi_0236.jpg,3,pituitary,1,0.4010586,0.59520185,0.0013997918,0.0023397366
Testing/pituitary/Te-pi_0237.jpg,3,pituitary,0,0.7904471,0.19004506,0.019019557,0.0004882677
Testing/pituitary/Te-pi_0238.jpg,3,pituitary,0,0.8552142,0.13249187,0.0122021865,9.1721326e-05
Testing/pituitary/Te-pi_0239.jpg,3,pituitary,0,0.6376735,0.32660955,0.034818567,0.00089835154
Testing/pituitary/Te-pi_0240.jpg,3,pituitary,1,0.43532255,0.54238904,0.011967792,0.0103207035
Testing/pituitary/Te-pi_0241.jpg,3,pituitary,0,0.62079895,0.37632123,0.0019321732,0.000947629
Testing/pituitary/Te-pi_0242.jpg,3,pituitary,1,0.23869723,0.74761474,0.00857332,0.005114764
Testing/pituitary/Te-pi_0243.jpg,3,pituitary,0,0.66885316,0.3197594,0.0036548695,0.0077325716
Testing/pituitary/Te-pi_0244.jpg,3,pituitary,0,0.7545809,0.11007553,0.0060311104,0.12931246
Testing/pituitary/Te-pi_0245.jpg,3,pituitary,0,0.68231684,0.2319844,0.017357012,0.068341754
Testing/pituitary/Te-pi_0246.jpg,3,pituitary,0,0.5039306,0.23888528,0.2564309,0.0007531884
Testing/pituitary/Te-pi_0247.jpg,3,pituitary,0,0.62053543,0.3716497,0.007713766,0.00010114048
Testing/pituitary/Te-pi_0248.jpg,3,pituitary,1,0.31432465,0.64078856,0.040619627,0.0042671873
Testing/pituitary/Te-pi_0249.jpg,3,pituitary,0,0.71508116,0.2533141,0.030475352,0.0011293554
Testing/pituitary/Te-pi_0250.jpg,3,pituitary,0,0.94014823,0.058390465,0.00028939766,0.0011719288
Testing/pituitary/Te-pi_0251.jpg,3,pituitary,1,0.14173168,0.8377558,0.008316422,0.012196116
Testing/pituitary/Te-pi_0252.jpg,3,pituitary,0,0.6837998,0.24157678,0.059540078,0.015083321
Testing/pituitary/Te-pi_0253.jpg,3,pituitary,1,0.28066283,0.71904665,0.00019943099,9.108412e-05
Testing/pituitary/Te-pi_0254.jpg,3,pituitary,1,0.39460835,0.593933,0.003588878,0.007869781
Testing/pituitary/Te-pi_0255.jpg,3,pituitary,0,0.4810839,0.4690874,0.015238408,0.03459032
Testing/pituitary/Te-pi_0256.jpg,3,pituitary,1,0.37855795,0.60808253,0.00882386,0.0045357104
Testing/pituitary/Te-pi_0257.jpg,3,pituitary,0,0.5362638,0.44032848,0.019663807,0.0037438243
Testing/pituitary/Te-pi_0258.jpg,3,pituitary,1,0.3792771,0.5793321,0.03314321,0.008247588
Testing/pituitary/Te-pi_0259.jpg,3,pituitary,0,0.7206142,0.26240805,0.01652936,0.0004484192
Testing/pituitary/Te-pi_0260.jpg,3,pituitary,1,0.48707873,0.49213308,0.015074306,0.005713892
Testing/pituitary/Te-pi_0261.jpg,3,pituitary,1,0.106968164,0.8577386,0.028413322,0.006879875
Testing/pituitary/Te-pi_0262.jpg,3,pituitary,1,0.058663517,0.91501874,0.00056869193,0.025749126
Testing/pituitary/Te-pi_0263.jpg,3,pituitary,1,0.30536485,0.644261,0.001549985,0.04882417
Testing/pituitary/Te-pi_0264.jpg,3,pituitary,1,0.3875776,0.50385994,0.103430696,0.0051316884
Testing/pituitary/Te-pi_0265.jpg,3,pituitary,0,0.90404314,0.0825104,0.013161195,0.000285243
Testing/pituitary/Te-pi_0266.jpg,3,pituitary,1,0.45567518,0.5181305,0.016135804,0.010058522
Testing/pituitary/Te-pi_0267.jpg,3,pituitary,0,0.54877734,0.42772928,0.021417253,0.0020761627
Testing/pituitary/Te-pi_0268.jpg,3,pituitary,1,0.27089944,0.6935946,0.03164167,0.0038643281
Testing/pituitary/Te-pi_0269.jpg,3,pituitary,0,0.7754758,0.22032236,0.0040442534,0.00015755068
Testing/pituitary/Te-pi_0270.jpg,3,pituitary,0,0.49590722,0.08933442,0.4140357,0.00072262966
Testing/pituitary/Te-pi_0271.jpg,3,pituitary,0,0.7155214,0.28181103,0.0011083642,0.0015592773
Testing/pituitary/Te-pi_0272.jpg,3,pituitary,0,0.5629052,0.4356772,0.0001719914,0.0012455833
Testing/pituitary/Te-pi_0273.jpg,3,pituitary,0,0.56240004,0.38548148,0.024648443,0.02747
Testing/pituitary/Te-pi_0274.jpg,3,pituitary,0,0.60824215,0.3477242,0.014413617,0.029620115
Testing/pituitary/Te-pi_0275.jpg,3,pituitary,0,0.59307027,0.25052452,0.15608558,0.00031960357
Testing/pituitary/Te-pi_0276.jpg,3,pituitary,1,0.3099176,0.58003,0.08189282,0.02815955
Testing/pituitary/Te-pi_0277.jpg,3,pituitary,0,0.4505671,0.4223603,0.0002875559,0.12678508
Testing/pituitary/Te-pi_0278.jpg,3,pituitary,0,0.7092594,0.23541205,0.0035116475,0.051816948
Testing/pituitary/Te-pi_0279.jpg,3,pituitary,0,0.5219454,0.47605056,0.001687215,0.00031672625
Testing/pituitary/Te-pi_0280.jpg,3,pituitary,1,0.27962032,0.401062,0.3134231,0.005894596
Testing/pituitary/Te-pi_0281.jpg,3,pituitary,0,0.52131706,0.34941685,0.12671196,0.0025540697
Testing/pituitary/Te-pi_0282.jpg,3,pituitary,0,0.6850225,0.28920072,0.023000875,0.0027758519
Testing/pituitary/Te-pi_0283.jpg,3,pituitary,1,0.34144315,0.6046377,0.017530585,0.03638861
Testing/pituitary/Te-pi_0284.jpg,3,pituitary,0,0.500098,0.37511376,0.07388124,0.05090701
Testing/pituitary/Te-pi_0285.jpg,3,pituitary,1,0.22607128,0.5348046,0.23577814,0.0033460318
Testing/pituitary/Te-pi_0286.jpg,3,pituitary,0,0.5828632,0.40748587,0.00797311,0.0016778302
Testing/pituitary/Te-pi_0287.jpg,3,pituitary,0,0.92248577,0.040632214,0.033711374,0.0031705713
Testing/pituitary/Te-pi_0288.jpg,3,pituitary,1,0.124378406,0.8373167,0.0055522616,0.03275258
Testing/pituitary/Te-pi_0289.jpg,3,pituitary,1,0.27908078,0.60435915,0.002387779,0.114172235
Testing/pituitary/Te-pi_0290.jpg,3,pituitary,1,0.276728,0.44631565,0.27569714,0.0012592337
Testing/pituitary/Te-pi_0291.jpg,3,pituitary,1,0.26569176,0.6603175,0.07272359,0.0012671391
Testing/pituitary/Te-pi_0292.jpg,3,pituitary,1,0.22762887,0.750708,0.017721217,0.003941834
Testing/pituitary/Te-pi_0293.jpg,3,pituitary,2,0.22443908,0.26308605,0.5123932,8.170794e-05
Testing/pituitary/Te-pi_0294.jpg,3,pituitary,1,0.13536812,0.85429186,0.0057076155,0.0046323636
Testing/pituitary/Te-pi_0295.jpg,3,pituitary,0,0.63740695,0.34905607,0.0105278855,0.003009147
Testing/pituitary/Te-pi_0296.jpg,3,pituitary,1,0.3424131,0.62419164,0.028632335,0.0047629015
Testing/pituitary/Te-pi_0297.jpg,3,pituitary,1,0.16148165,0.8078975,0.029707147,0.0009137271
Testing/pituitary/Te-pi_0298.jpg,3,pituitary,1,0.17662409,0.6443959,0.15147492,0.027505103
Testing/pituitary/Te-pi_0299.jpg,3,pituitary,0,0.60023963,0.31830883,0.0006295513,0.08082196
