path,label,class_name,predicted_label,p_glioma,p_meningioma,p_no_tumor,p_pituitary
Testing/glioma/Te-glTr_0000.jpg,0,glioma,0,0.9881197,0.010052435,0.0018277877,6.035717e-08
Testing/glioma/Te-glTr_0001.jpg,0,glioma,0,0.9978866,0.001887837,0.00022511664,4.3454958e-07
Testing/glioma/Te-glTr_0002.jpg,0,glioma,0,0.86630607,0.11930355,0.014381724,8.645714e-06
Testing/glioma/Te-glTr_0003.jpg,0,glioma,0,0.61070997,0.37804827,0.011231709,1.0001866e-05
Testing/glioma/Te-glTr_0004.jpg,0,glioma,0,0.9810721,0.017905327,0.0010222956,2.432646e-07
Testing/glioma/Te-glTr_0005.jpg,0,glioma,0,0.6886199,0.24737643,0.06400258,1.0154125e-06
Testing/glioma/Te-glTr_0006.jpg,0,glioma,0,0.8417873,0.1262862,0.031896774,2.9717574e-05
Testing/glioma/Te-glTr_0007.jpg,0,glioma,0,0.9978271,0.0021192783,5.3517204e-05,1.02290365e-07
Testing/glioma/Te-glTr_0008.jpg,0,glioma,0,0.97302365,0.022153823,0.004815773,6.691706e-06
Testing/glioma/Te-glTr_0009.jpg,0,glioma,0,0.9783871,0.021057274,0.00055475347,9.2268823e-07
Testing/glioma/Te-gl_0010.jpg,0,glioma,0,0.9876385,0.012337145,2.432446e-05,3.058237e-08
Testing/glioma/Te-gl_0011.jpg,0,glioma,0,0.67133045,0.3278775,0.00069563906,9.640908e-05
Testing/glioma/Te-gl_0012.jpg,0,glioma,0,0.99351776,0.006247689,0.00020131102,3.3247958e-05
Testing/glioma/Te-gl_0013.jpg,0,glioma,0,0.97905034,0.020599043,0.0003500457,5.7557577e-07
Testing/glioma/Te-gl_0014.jpg,0,glioma,0,0.98832685,0.011107192,0.00056552736,4.7249384e-07
Testing/glioma/Te-gl_0015.jpg,0,glioma,0,0.8973803,0.090653054,0.011918637,4.803009e-05
Testing/glioma/Te-gl_0016.jpg,0,glioma,0,0.98841745,0.010141654,0.0014405265,2.8391827e-07
Testing/glioma/Te-gl_0017.jpg,0,glioma,0,0.8622549,0.132807,0.004931762,6.253519e-06
Testing/glioma/Te-gl_0018.jpg,0,glioma,0,0.94945264,0.048235137,0.00231227,2.4905905e-08
Testing/glioma/Te-gl_0019.jpg,0,glioma,1,0.4861686,0.50917685,0.0046538953,6.786113e-07
Testing/glioma/Te-gl_0020.jpg,0,glioma,0,0.9951733,0.0048028748,2.3641964e-05,2.4678698e-07
Testing/glioma/Te-gl_0021.jpg,0,glioma,0,0.98996836,0.009515792,0.00051587087,3.98897e-08
Testing/glioma/Te-gl_0022.jpg,0,glioma,0,0.67331004,0.24653812,0.08013925,1.2581069e-05
Testing/glioma/Te-gl_0023.jpg,0,glioma,2,0.3263525,0.07480005,0.5988329,1.4458581e-05
Testing/glioma/Te-gl_0024.jpg,0,glioma,2,0.04887306,0.2121717,0.73887485,8.035138e-05
Testing/glioma/Te-gl_0025.jpg,0,glioma,0,0.9876351,0.0072872476,0.005077581,1.1427743e-07
Testing/glioma/Te-gl_0026.jpg,0,glioma,0,0.9962184,0.003465958,0.0003156999,5.7547496e-08
Testing/glioma/Te-gl_0027.jpg,0,glioma,0,0.97929275,0.012445721,0.0082610715,5.27283e-07
Testing/glioma/Te-gl_0028.jpg,0,glioma,0,0.6068966,0.3888459,0.004257098,4.9234524e-07
Testing/glioma/Te-gl_0029.jpg,0,glioma,2,0.04887306,0.2121717,0.73887485,8.035138e-05
Testing/glioma/Te-gl_0030.jpg,0,glioma,2,0.14413671,0.024534585,0.8313271,1.681315e-06
Testing/glioma/Te-gl_0031.jpg,0,glioma,0,0.94526684,0.04685869,0.007873151,1.260855e-06
Testing/glioma/Te-gl_0032.jpg,0,glioma,0,0.993919,0.006062285,1.8714583e-05,5.8901324e-09
Testing/glioma/Te-gl_0033.jpg,0,glioma,0,0.94995844,0.0494519,0.00058892014,7.5672074e-07
Testing/glioma/Te-gl_0034.jpg,0,glioma,0,0.99424297,0.0054303436,0.000325286,1.4484797e-06
Testing/glioma/Te-gl_0035.jpg,0,glioma,0,0.95562214,0.041291572,0.0030860875,1.744609e-07
Testing/glioma/Te-gl_0036.jpg,0,glioma,0,0.9946503,0.005208685,0.00014092906,8.404297e-08
Testing/glioma/Te-gl_0037.jpg,0,glioma,0,0.9055226,0.0944275,4.9847327e-05,1.0080356e-07
Testing/glioma/Te-gl_0038.jpg,0,glioma,0,0.9678152,0.030217014,0.0019575187,1.0213115e-05
Testing/glioma/Te-gl_0039.jpg,0,glioma,0,0.72000545,0.24195611,0.038037162,1.1703402e-06
Testing/glioma/Te-gl_0040.jpg,0,glioma,0,0.9667349,0.03322956,3.473179e-05,8.864498e-07
Testing/glioma/Te-gl_0041.jpg,0,glioma,0,0.8838688,0.11256643,0.0035620246,2.7419005e-06
Testing/glioma/Te-gl_0042.jpg,0,glioma,0,0.52281857,0.47422287,0.0029563198,2.3096027e-06
Testing/glioma/Te-gl_0043.jpg,0,glioma,2,0.04828622,0.13097377,0.8207268,1.32281075e-05
Testing/glioma/Te-gl_0044.jpg,0,glioma,0,0.93440026,0.06123526,0.004364392,1.9218747e-07
Testing/glioma/Te-gl_0045.jpg,0,glioma,0,0.71091837,0.17915258,0.10989209,3.6969846e-05
Testing/glioma/Te-gl_0046.jpg,0,glioma,0,0.7189272,0.27846542,0.002592258,1.5080052e-05
Testing/glioma/Te-gl_0047.jpg,0,glioma,0,0.643875,0.3509646,0.0050979992,6.236841e-05
Testing/glioma/Te-gl_0048.jpg,0,glioma,0,0.60462964,0.39517218,0.00019804251,8.937654e-08
Testing/glioma/Te-gl_0049.jpg,0,glioma,0,0.98856574,0.006967637,0.0044649895,1.70225e-06
Testing/glioma/Te-gl_0050.jpg,0,glioma,0,0.9827005,0.017158493,0.00013780198,3.1670081e-06
Testing/glioma/Te-gl_0051.jpg,0,glioma,0,0.98686,0.012813357,0.00032649233,2.4153334e-07
Testing/glioma/Te-gl_0052.jpg,0,glioma,0,0.8844881,0.09448567,0.021026125,5.6891594e-08
Testing/glioma/Te-gl_0053.jpg,0,glioma,0,0.88780975,0.07599234,0.036189433,8.5632555e-06
Testing/glioma/Te-gl_0054.jpg,0,glioma,0,0.70569927,0.2523601,0.041940067,6.595672e-07
Testing/glioma/Te-gl_0055.jpg,0,glioma,0,0.8631583,0.08664078,0.05015255,4.8397913e-05
Testing/glioma/Te-gl_0056.jpg,0,glioma,0,0.93091714,0.061923794,0.005177945,0.0019811466
Testing/glioma/Te-gl_0057.jpg,0,glioma,0,0.86332166,0.13371769,0.0029585066,2.1173184e-06
Testing/glioma/Te-gl_0058.jpg,0,glioma,0,0.9776985,0.02191891,0.00034661556,3.5959896e-05
Testing/glioma/Te-gl_0059.jpg,0,glioma,0,0.97660226,0.023339476,5.646913e-05,1.85947e-06
Testing/glioma/Te-gl_0060.jpg,0,glioma,0,0.93803847,0.06192404,2.7265427e-05,1.0172268e-05
Testing/glioma/Te-gl_0061.jpg,0,glioma,0,0.78397745,0.21544956,0.0005663714,6.6332823e-06
Testing/glioma/Te-gl_0062.jpg,0,glioma,0,0.9963683,0.0028846888,0.000746855,1.4103203e-07
Testing/glioma/Te-gl_0063.jpg,0,glioma,0,0.96816695,0.031754706,7.638485e-05,1.8984023e-06
Testing/glioma/Te-gl_0064.jpg,0,glioma,0,0.98253673,0.017359339,9.836231e-05,5.5165756e-06
Testing/glioma/Te-gl_0065.jpg,0,glioma,0,0.8671769,0.10555599,0.027247092,1.999639e-05
Testing/glioma/Te-gl_0066.jpg,0,glioma,0,0.72884727,0.16300248,0.108148605,1.5823383e-06
Testing/glioma/Te-gl_0067.jpg,0,glioma,0,0.973705,0.026002403,0.00028889265,3.6335605e-06
Testing/glioma/Te-gl_0068.jpg,0,glioma,0,0.94226813,0.05696564,0.0007661384,9.5222326e-08
Testing/glioma/Te-gl_0069.jpg,0,glioma,0,0.90737426,0.061861593,0.030290358,0.000473733
Testing/glioma/Te-gl_0070.jpg,0,glioma,0,0.64176977,0.27460453,0.08248179,0.0011439401
Testing/glioma/Te-gl_0071.jpg,0,glioma,0,0.9711156,0.028744457,0.00014000793,4.005738e-08
Testing/glioma/Te-gl_0072.jpg,0,glioma,0,0.98855406,0.010348177,0.0010977089,1.1647558e-09
Testing/glioma/Te-gl_0073.jpg,0,glioma,0,0.9448659,0.052906,0.001989874,0.00023825566
Testing/glioma/Te-gl_0074.jpg,0,glioma,0,0.99029934,0.009410686,0.00028981257,7.687934e-08
Testing/glioma/Te-gl_0075.jpg,0,glioma,0,0.99157286,0.007971228,0.00045591986,2.5239059e-08
Testing/glioma/Te-gl_0076.jpg,0,glioma,0,0.9688926,0.025520355,0.005580841,6.1911164e-06
Testing/glioma/Te-gl_0077.jpg,0,glioma,0,0.9287299,0.06885353,0.0024147735,1.8034895e-06
Testing/glioma/Te-gl_0078.jpg,0,glioma,0,0.99229586,0.0063795624,0.0013156718,8.958691e-06
Testing/glioma/Te-gl_0079.jpg,0,glioma,0,0.8631942,0.13245605,0.004348755,9.707503e-07
Testing/glioma/Te-gl_0080.jpg,0,glioma,0,0.9432783,0.055778,0.00094252493,1.1058169e-06
Testing/glioma/Te-gl_0081.jpg,0,glioma,0,0.5374182,0.13384785,0.32863423,9.9769895e-05
Testing/glioma/Te-gl_0082.jpg,0,glioma,0,0.98851144,0.0039050227,0.007583499,4.045894e-08
Testing/glioma/Te-gl_0083.jpg,0,glioma,2,0.00032647516,0.009454682,0.99021786,9.693375e-07
Testing/glioma/Te-gl_0084.jpg,0,glioma,0,0.9192025,0.08054652,0.00024933592,1.6774427e-06
Testing/glioma/Te-gl_0085.jpg,0,glioma,0,0.98665917,0.012981044,0.00035931924,4.207926e-07
Testing/glioma/Te-gl_0086.jpg,0,glioma,0,0.9567548,0.03981922,0.0034129464,1.29792725e-05
Testing/glioma/Te-gl_0087.jpg,0,glioma,2,0.3073233,0.1071834,0.5854883,4.8966067e-06
Testing/glioma/Te-gl_0088.jpg,0,glioma,2,0.42748952,0.12998568,0.44251224,1.2600992e-05
Testing/glioma/Te-gl_0089.jpg,0,glioma,0,0.590053,0.40770498,0.0022407665,1.3093766e-06
Testing/glioma/Te-gl_0090.jpg,0,glioma,0,0.80038214,0.1480738,0.05148128,6.280682e-05
Testing/glioma/Te-gl_0091.jpg,0,glioma,0,0.95936763,0.039546248,0.001081843,4.260528e-06
Testing/glioma/Te-gl_0092.jpg,0,glioma,0,0.97556293,0.024378946,5.64649e-05,1.6437763e-06
Testing/glioma/Te-gl_0093.jpg,0,glioma,0,0.99849486,0.0013874444,0.00011747181,1.734316e-07
Testing/glioma/Te-gl_0094.jpg,0,glioma,1,0.3987448,0.5963455,0.004908993,7.570607e-07
Testing/glioma/Te-gl_0095.jpg,0,glioma,0,0.9649057,0.03383822,0.0012482132,7.913903e-06
Testing/glioma/Te-gl_0096.jpg,0,glioma,0,0.987508,0.012462167,2.9686917e-05,1.7912919e-07
Testing/glioma/Te-gl_0097.jpg,0,glioma,0,0.9785392,0.0203972,0.0010632502,2.6922683e-07
Testing/glioma/Te-gl_0098.jpg,0,glioma,0,0.94740725,0.049764153,0.0028286306,1.557259e-08
Testing/glioma/Te-gl_0099.jpg,0,glioma,0,0.89841896,0.10040411,0.0010742652,0.000102755206
Testing/glioma/Te-gl_0100.jpg,0,glioma,0,0.9878929,0.011626609,0.00048036504,4.6236046e-08
Testing/glioma/Te-gl_0101.jpg,0,glioma,0,0.88773215,0.095913745,0.016277688,7.641562e-05
Testing/glioma/Te-gl_0102.jpg,0,glioma,0,0.95926857,0.040032797,0.00069793087,7.290376e-07
Testing/glioma/Te-gl_0103.jpg,0,glioma,0,0.9962521,0.0034858654,0.0002615152,5.020708e-07
Testing/glioma/Te-gl_0104.jpg,0,glioma,0,0.989017,0.010114255,0.00086871034,5.653239e-08
Testing/glioma/Te-gl_0105.jpg,0,glioma,0,0.9641458,0.02982077,0.006033279,2.0553838e-07
Testing/glioma/Te-gl_0106.jpg,0,glioma,2,0.18651879,0.093286656,0.7201705,2.4077592e-05
Testing/glioma/Te-gl_0107.jpg,0,glioma,1,0.27015013,0.708434,0.021401314,1.4549981e-05
Testing/glioma/Te-gl_0108.jpg,0,glioma,0,0.96630824,0.030556267,0.0031342243,1.3056864e-06
Testing/glioma/Te-gl_0109.jpg,0,glioma,0,0.97781646,0.018875325,0.0032934444,1.48380495e-05
Testing/glioma/Te-gl_0110.jpg,0,glioma,0,0.99046284,0.00949064,4.6370104e-05,1.0835326e-07
Testing/glioma/Te-gl_0111.jpg,0,glioma,0,0.99457526,0.00529452,0.00013013113,7.485854e-09
Testing/glioma/Te-gl_0112.jpg,0,glioma,0,0.9939984,0.005701855,0.00029974012,5.085636e-09
Testing/glioma/Te-gl_0113.jpg,0,glioma,1,0.30170453,0.6789505,0.019342756,2.175861e-06
Testing/glioma/Te-gl_0114.jpg,0,glioma,2,0.30358326,0.088524,0.607885,7.829547e-06
Testing/glioma/Te-gl_0115.jpg,0,glioma,0,0.9959396,0.0040524965,7.979868e-06,3.1537637e-09
Testing/glioma/Te-gl_0116.jpg,0,glioma,0,0.99204624,0.004641729,0.0033114073,5.632409e-07
Testing/glioma/Te-gl_0117.jpg,0,glioma,0,0.97941875,0.020073228,0.0005080004,3.2278162e-08
Testing/glioma/Te-gl_0118.jpg,0,glioma,0,0.93793017,0.054827604,0.007239917,2.3123375e-06
Testing/glioma/Te-gl_0119.jpg,0,glioma,0,0.9656257,0.03335249,0.0010209791,8.1742456e-07
Testing/glioma/Te-gl_0120.jpg,0,glioma,0,0.9826492,0.015529175,0.0018174459,4.1746266e-06
Testing/glioma/Te-gl_0121.jpg,0,glioma,0,0.9550624,0.02432737,0.02060906,1.2147435e-06
Testing/glioma/Te-gl_0122.jpg,0,glioma,0,0.7005902,0.27639815,0.023011344,2.9801862e-07
Testing/glioma/Te-gl_0123.jpg,0,glioma,0,0.97634834,0.022632938,0.0009451199,7.3662086e-05
Testing/glioma/Te-gl_0124.jpg,0,glioma,0,0.8774187,0.12257288,8.272489e-06,1.8549484e-07
Testing/glioma/Te-gl_0125.jpg,0,glioma,0,0.8659153,0.13406979,1.4494678e-05,4.8784057e-07
Testing/glioma/Te-gl_0126.jpg,0,glioma,0,0.8897755,0.10979823,0.00042561008,5.1716034e-07
Testing/glioma/Te-gl_0127.jpg,0,glioma,0,0.97719336,0.022776406,3.0226856e-05,4.4195186e-08
Testing/glioma/Te-gl_0128.jpg,0,glioma,0,0.8967634,0.10193711,0.0012933516,6.238278e-06
Testing/glioma/Te-gl_0129.jpg,0,glioma,0,0.6294675,0.37013042,0.000378112,2.3949053e-05
Testing/glioma/Te-gl_0130.jpg,0,glioma,0,0.6136435,0.35678086,0.029356977,0.00021858052
Testing/glioma/Te-gl_0131.jpg,0,glioma,0,0.9432364,0.056042757,0.0007190412,1.7786946e-06
Testing/glioma/Te-gl_0132.jpg,0,glioma,0,0.81477845,0.18468255,0.00053083827,8.126361e-06
Testing/glioma/Te-gl_0133.jpg,0,glioma,1,0.16842048,0.6999916,0.13148418,0.00010371558
Testing/glioma/Te-gl_0134.jpg,0,glioma,0,0.9963194,0.0035762056,0.000104294326,1.2511197e-07
Testing/glioma/Te-gl_0135.jpg,0,glioma,0,0.8412859,0.14472689,0.013985499,1.6876647e-06
Testing/glioma/Te-gl_0136.jpg,0,glioma,0,0.9671465,0.030897507,0.0019558016,2.0521745e-07
Testing/glioma/Te-gl_0137.jpg,0,glioma,0,0.9571534,0.042833854,1.1976133e-05,7.558365e-07
Testing/glioma/Te-gl_0138.jpg,0,glioma,0,0.95017517,0.049761143,6.265801e-05,1.0299258e-06
Testing/glioma/Te-gl_0139.jpg,0,glioma,0,0.93596345,0.06037088,0.0036241761,4.150924e-05
Testing/glioma/Te-gl_0140.jpg,0,glioma,0,0.8498952,0.14637363,0.0037306582,5.745431e-07
Testing/glioma/Te-gl_0141.jpg,0,glioma,0,0.9949798,0.004999342,2.0844294e-05,1.659458e-08
Testing/glioma/Te-gl_0142.jpg,0,glioma,0,0.9631835,0.0362991,0.00051547645,1.9293238e-06
Testing/glioma/Te-gl_0143.jpg,0,glioma,0,0.976909,0.02301615,7.1847906e-05,2.9946593e-06
Testing/glioma/Te-gl_0144.jpg,0,glioma,0,0.87119186,0.12854607,0.00026200124,7.5064065e-08
Testing/glioma/Te-gl_0145.jpg,0,glioma,0,0.98244023,0.017525634,3.4062097e-05,1.212169e-07
Testing/glioma/Te-gl_0146.jpg,0,glioma,0,0.8794908,0.084043145,0.03646373,2.33041e-06
Testing/glioma/Te-gl_0147.jpg,0,glioma,0,0.84579504,0.1542045,3.8978254e-07,1.4468773e-08
Testing/glioma/Te-gl_0148.jpg,0,glioma,0,0.69756746,0.3019847,0.0004321196,1.5743002e-05
Testing/glioma/Te-gl_0149.jpg,0,glioma,0,0.93868035,0.056950644,0.0043670423,2.0087873e-06
Testing/glioma/Te-gl_0150.jpg,0,glioma,0,0.8546712,0.14497828,0.00031879742,3.1672327e-05
Testing/glioma/Te-gl_0151.jpg,0,glioma,0,0.5797599,0.35556272,0.06467531,2.0823406e-06
Testing/glioma/Te-gl_0152.jpg,0,glioma,0,0.8476842,0.14967555,0.002636542,3.7904972e-06
Testing/glioma/Te-gl_0153.jpg,0,glioma,0,0.66254926,0.3374079,4.0779327e-05,1.9987187e-06
Testing/glioma/Te-gl_0154.jpg,0,glioma,0,0.98900336,0.010996478,1.1515238e-07,1.24323e-09
Testing/glioma/Te-gl_0155.jpg,0,glioma,0,0.9712822,0.028713848,3.844584e-06,8.029087e-08
Testing/glioma/Te-gl_0156.jpg,0,glioma,0,0.91155136,0.08536605,0.0022908978,0.0007917319
Testing/glioma/Te-gl_0157.jpg,0,glioma,0,0.96397567,0.036015775,8.369243e-06,1.1193785e-07
Testing/glioma/Te-gl_0158.jpg,0,glioma,1,0.42644864,0.57354355,7.322937e-06,5.141862e-07
Testing/glioma/Te-gl_0159.jpg,0,glioma,1,0.14626862,0.55081123,0.30291656,3.5538474e-06
Testing/glioma/Te-gl_0160.jpg,0,glioma,0,0.7214961,0.26210654,0.016396968,4.0130766e-07
Testing/glioma/Te-gl_0161.jpg,0,glioma,0,0.90792996,0.09192992,0.00014003941,6.6561036e-08
Testing/glioma/Te-gl_0162.jpg,0,glioma,0,0.77061427,0.21310274,0.016278254,4.6968235e-06
Testing/glioma/Te-gl_0163.jpg,0,glioma,0,0.5953096,0.40419868,0.00046554973,2.6144466e-05
Testing/glioma/Te-gl_0164.jpg,0,glioma,0,0.5540491,0.44594917,6.5407175e-07,1.0501565e-06
Testing/glioma/Te-gl_0165.jpg,0,glioma,0,0.61582017,0.38410288,4.9362152e-05,2.7649918e-05
Testing/glioma/Te-gl_0166.jpg,0,glioma,0,0.98653585,0.013463386,6.753281e-07,1.4409363e-08
Testing/glioma/Te-gl_0167.jpg,0,glioma,0,0.9185943,0.081236534,0.00016698835,2.1147569e-06
Testing/glioma/Te-gl_0168.jpg,0,glioma,1,0.2727899,0.72470003,0.0025098973,1.7398035e-07
Testing/glioma/Te-gl_0169.jpg,0,glioma,1,0.42039812,0.57900834,0.0005931702,3.8768184e-07
Testing/glioma/Te-gl_0170.jpg,0,glioma,0,0.91897017,0.04530161,0.006525911,0.029202357
Testing/glioma/Te-gl_0171.jpg,0,glioma,0,0.74840486,0.2515431,2.4579096e-05,2.7538337e-05
Testing/glioma/Te-gl_0172.jpg,0,glioma,0,0.89567816,0.10392473,0.00038833078,8.811617e-06
Testing/glioma/Te-gl_0173.jpg,0,glioma,0,0.6995029,0.29134867,0.009146622,1.7458348e-06
Testing/glioma/Te-gl_0174.jpg,0,glioma,0,0.5802183,0.41815326,0.0016242226,4.3003315e-06
Testing/glioma/Te-gl_0175.jpg,0,glioma,0,0.9151229,0.083208784,0.0016676133,7.2936564e-07
Testing/glioma/Te-gl_0176.jpg,0,glioma,0,0.7459097,0.17148945,0.081586085,0.0010148081
Testing/glioma/Te-gl_0177.jpg,0,glioma,0,0.92949253,0.07017978,0.00032433716,3.3750534e-06
Testing/glioma/Te-gl_0178.jpg,0,glioma,0,0.6993506,0.30055106,9.8324825e-05,4.3838856e-08
Testing/glioma/Te-gl_0179.jpg,0,glioma,0,0.8839491,0.1160159,2.0378635e-05,1.4650489e-05
Testing/glioma/Te-gl_0180.jpg,0,glioma,0,0.80591977,0.19407712,2.8896754e-06,1.2987867e-07
Testing/glioma/Te-gl_0181.jpg,0,glioma,0,0.9949628,0.0050372174,2.8663187e-08,2.371253e-09
Testing/glioma/Te-gl_0182.jpg,0,glioma,0,0.8715964,0.12837999,2.3393904e-05,2.5267306e-07
Testing/glioma/Te-gl_0183.jpg,0,glioma,0,0.9457555,0.052227907,0.0018694544,0.00014714074
Testing/glioma/Te-gl_0184.jpg,0,glioma,0,0.93265224,0.06721563,0.00010864632,2.3513496e-05
Testing/glioma/Te-gl_0185.jpg,0,glioma,0,0.56003976,0.42292953,0.0035650064,0.013465763
Testing/glioma/Te-gl_0186.jpg,0,glioma,0,0.8633934,0.13650559,6.927071e-06,9.4091745e-05
Testing/glioma/Te-gl_0187.jpg,0,glioma,0,0.98940873,0.01059088,3.136234e-07,3.633485e-08
Testing/glioma/Te-gl_0188.jpg,0,glioma,0,0.9775779,0.020718237,0.0017012121,2.6448392e-06
Testing/glioma/Te-gl_0189.jpg,0,glioma,0,0.90884614,0.08977982,0.0013692594,4.7794965e-06
Testing/glioma/Te-gl_0190.jpg,0,glioma,1,0.33688045,0.66058636,0.00216713,0.00036603338
Testing/glioma/Te-gl_0191.jpg,0,glioma,0,0.74794614,0.25160208,0.00045043335,1.3459766e-06
Testing/glioma/Te-gl_0192.jpg,0,glioma,0,0.7209746,0.27514702,0.0038772633,1.1416871e-06
Testing/glioma/Te-gl_0193.jpg,0,glioma,0,0.97270715,0.02729164,9.66895e-07,2.348549e-07
Testing/glioma/Te-gl_0194.jpg,0,glioma,0,0.86417884,0.13270092,0.003091473,2.8840082e-05
Testing/glioma/Te-gl_0195.jpg,0,glioma,0,0.7650213,0.23136802,0.003609862,7.871541e-07
Testing/glioma/Te-gl_0196.jpg,0,glioma,0,0.907261,0.082321,0.010413583,4.393685e-06
Testing/glioma/Te-gl_0197.jpg,0,glioma,0,0.7958999,0.1995832,0.004516796,5.3363827e-08
Testing/glioma/Te-gl_0198.jpg,0,glioma,0,0.9512852,0.048520103,0.00019455151,4.0576985e-08
Testing/glioma/Te-gl_0199.jpg,0,glioma,0,0.9265751,0.07341488,9.659396e-06,3.442605e-07
Testing/glioma/Te-gl_0200.jpg,0,glioma,0,0.7768348,0.22272278,0.00039733914,4.5046778e-05
Testing/glioma/Te-gl_0201.jpg,0,glioma,0,0.87973183,0.12026502,3.1197792e-06,7.035322e-09
Testing/glioma/Te-gl_0202.jpg,0,glioma,0,0.74086756,0.25651458,0.0026143163,3.5875426e-06
Testing/glioma/Te-gl_0203.jpg,0,glioma,0,0.81529343,0.18135445,0.0033438709,8.2631095e-06
Testing/glioma/Te-gl_0204.jpg,0,glioma,0,0.6166895,0.3827349,0.00057529786,2.7129713e-07
Testing/glioma/Te-gl_0205.jpg,0,glioma,0,0.909453,0.09046359,8.3154104e-05,2.6246923e-07
Testing/glioma/Te-gl_0206.jpg,0,glioma,0,0.9319107,0.06649615,0.0015836633,9.538686e-06
Testing/glioma/Te-gl_0207.jpg,0,glioma,1,0.4992882,0.4998222,0.0008557401,3.3920398e-05
Testing/glioma/Te-gl_0208.jpg,0,glioma,0,0.85304767,0.14689356,5.832627e-05,4.6380666e-07
Testing/glioma/Te-gl_0209.jpg,0,glioma,0,0.804369,0.16773063,0.007028943,0.020871447
Testing/glioma/Te-gl_0210.jpg,0,glioma,0,0.99936515,0.0006347521,8.601013e-08,8.244826e-09
Testing/glioma/Te-gl_0211.jpg,0,glioma,0,0.71539176,0.28242934,0.0021460082,3.285403e-05
Testing/glioma/Te-gl_0212.jpg,0,glioma,0,0.9974382,0.0025574272,4.0042632e-06,3.1071664e-07
Testing/glioma/Te-gl_0213.jpg,0,glioma,0,0.98719573,0.012780524,2.2415174e-05,1.3198613e-06
Testing/glioma/Te-gl_0214.jpg,0,glioma,0,0.94514716,0.04664202,0.0077953627,0.00041552295
Testing/glioma/Te-gl_0215.jpg,0,glioma,0,0.9899787,0.009956405,6.490902e-05,6.540566e-08
Testing/glioma/Te-gl_0216.jpg,0,glioma,0,0.8997733,0.10001027,0.00020925877,7.1972813e-06
Testing/glioma/Te-gl_0217.jpg,0,glioma,0,0.7200973,0.2798685,3.3511842e-05,7.0861944e-07
Testing/glioma/Te-gl_0218.jpg,0,glioma,0,0.9273004,0.072682425,1.695064e-05,2.761805e-07
Testing/glioma/Te-gl_0219.jpg,0,glioma,0,0.5146198,0.48199573,0.0025147721,0.0008696276
Testing/glioma/Te-gl_0220.jpg,0,glioma,0,0.94737214,0.052622043,5.7713773e-06,4.71153e-08
Testing/glioma/Te-gl_0221.jpg,0,glioma,0,0.95864075,0.041331854,3.876142e-06,2.3470708e-05
Testing/glioma/Te-gl_0222.jpg,0,glioma,0,0.99334633,0.00660347,4.2745538e-05,7.5106263e-06
Testing/glioma/Te-gl_0223.jpg,0,glioma,0,0.9494748,0.050503645,2.0262614e-05,1.3037186e-06
Testing/glioma/Te-gl_0224.jpg,0,glioma,0,0.9889473,0.010972411,7.964895e-05,5.892283e-07
Testing/glioma/Te-gl_0225.jpg,0,glioma,0,0.9772406,0.022754721,4.608127e-06,4.0901735e-08
Testing/glioma/Te-gl_0226.jpg,0,glioma,0,0.92169076,0.04342209,0.028673,0.006214213
Testing/glioma/Te-gl_0227.jpg,0,glioma,0,0.9312186,0.068755776,2.551295e-05,6.050917e-08
Testing/glioma/Te-gl_0228.jpg,0,glioma,0,0.9742354,0.025632475,0.00013131702,8.275997e-07
Testing/glioma/Te-gl_0229.jpg,0,glioma,0,0.35864207,0.2843335,0.35700935,1.5071705e-05
Testing/glioma/Te-gl_0230.jpg,0,glioma,0,0.7699857,0.22044957,0.009562385,2.4284452e-06
Testing/glioma/Te-gl_0231.jpg,0,glioma,1,0.08162835,0.9121967,0.0061748805,9.373266e-08
Testing/glioma/Te-gl_0232.jpg,0,glioma,1,0.18040514,0.7069917,0.1124548,0.00014842254
Testing/glioma/Te-gl_0233.jpg,0,glioma,1,0.37734768,0.5285905,0.093441024,0.00062077044
Testing/glioma/Te-gl_0234.jpg,0,glioma,0,0.51269686,0.42864987,0.058652814,3.6460884e-07
Testing/glioma/Te-gl_0235.jpg,0,glioma,0,0.5508228,0.0678947,0.38128242,5.5435372e-08
Testing/glioma/Te-gl_0236.jpg,0,glioma,2,0.2481339,0.035115905,0.7167499,3.6444098e-07
Testing/glioma/Te-gl_0237.jpg,0,glioma,0,0.5197445,0.47718117,0.0030609437,1.3387253e-05
Testing/glioma/Te-gl_0238.jpg,0,glioma,0,0.9286065,0.06995565,0.0014377304,1.985776e-08
Testing/glioma/Te-gl_0239.jpg,0,glioma,0,0.55596304,0.4439631,6.301568e-05,1.0807723e-05
Testing/glioma/Te-gl_0240.jpg,0,glioma,0,0.88500524,0.11490679,8.4519634e-05,3.4659392e-06
Testing/glioma/Te-gl_0241.jpg,0,glioma,0,0.6722708,0.30165488,0.026072389,1.9529025e-06
Testing/glioma/Te-gl_0242.jpg,0,glioma,0,0.7750729,0.21510895,0.009804488,1.37519e-05
Testing/glioma/Te-gl_0243.jpg,0,glioma,0,0.7052324,0.29475433,1.3177577e-05,6.6808795e-08
Testing/glioma/Te-gl_0244.jpg,0,glioma,0,0.9241524,0.075833,1.38548085e-05,7.115875e-07
Testing/glioma/Te-gl_0245.jpg,0,glioma,0,0.5586878,0.44130224,9.861498e-06,8.7663985e-08
Testing/glioma/Te-gl_0246.jpg,0,glioma,0,0.80589145,0.15754117,0.036566425,9.2707626e-07
Testing/glioma/Te-gl_0247.jpg,0,glioma,0,0.8511947,0.1487131,9.1741975e-05,4.7505907e-07
Testing/glioma/Te-gl_0248.jpg,0,glioma,0,0.83869416,0.14686768,0.014004086,0.00043402685
Testing/glioma/Te-gl_0249.jpg,0,glioma,0,0.64312774,0.34469083,0.01214765,3.390609e-05
Testing/glioma/Te-gl_0250.jpg,0,glioma,0,0.6875368,0.29904288,0.013396119,2.4189696e-05
Testing/glioma/Te-gl_0251.jpg,0,glioma,2,0.19524585,0.025481885,0.7792681,4.236481e-06
Testing/glioma/Te-gl_0252.jpg,0,glioma,1,0.082343966,0.64288884,0.27476642,7.34599e-07
Testing/glioma/Te-gl_0253.jpg,0,glioma,1,0.37776032,0.60041124,0.02182778,6.3644944e-07
Testing/glioma/Te-gl_0254.jpg,0,glioma,1,0.457336,0.5332739,0.009387066,3.0678946e-06
Testing/glioma/Te-gl_0255.jpg,0,glioma,0,0.5870263,0.40553442,0.0074384236,9.0953597e-07
Testing/glioma/Te-gl_0256.jpg,0,glioma,0,0.8043694,0.1926211,0.0030094772,6.066491e-08
Testing/glioma/Te-gl_0257.jpg,0,glioma,0,0.9801753,0.018762344,0.0010607518,1.5555896e-06
Testing/glioma/Te-gl_0258.jpg,0,glioma,1,0.40943357,0.5834089,0.007155915,1.5498199e-06
Testing/glioma/Te-gl_0259.jpg,0,glioma,1,0.19511862,0.41630694,0.3835744,0.0050000628
Testing/glioma/Te-gl_0260.jpg,0,glioma,0,0.8675922,0.1323816,2.5924632e-05,2.2627525e-07
Testing/glioma/Te-gl_0261.jpg,0,glioma,1,0.38888684,0.60977554,0.001337426,2.1816881e-07
Testing/glioma/Te-gl_0262.jpg,0,glioma,0,0.715393,0.26187274,0.022733226,1.0431602e-06
Testing/glioma/Te-gl_0263.jpg,0,glioma,0,0.6641484,0.3338593,0.0019870084,5.3040044e-06
Testing/glioma/Te-gl_0264.jpg,0,glioma,1,0.460206,0.48385167,0.055922866,1.937457e-05
Testing/glioma/Te-gl_0265.jpg,0,glioma,0,0.49416146,0.41901562,0.08634665,0.00047630296
Testing/glioma/Te-gl_0266.jpg,0,glioma,0,0.8146082,0.15657514,0.028781973,3.4684854e-05
Testing/glioma/Te-gl_0267.jpg,0,glioma,1,0.13398981,0.8272716,0.037551876,0.0011868069
Testing/glioma/Te-gl_0268.jpg,0,glioma,1,0.28489038,0.67780846,0.037256047,4.4987875e-05
Testing/glioma/Te-gl_0269.jpg,0,glioma,0,0.7394363,0.259912,0.00061830925,3.3376968e-05
Testing/glioma/Te-gl_0270.jpg,0,glioma,0,0.9562096,0.043550335,0.00023924427,7.303548e-07
Testing/glioma/Te-gl_0271.jpg,0,glioma,0,0.51369196,0.3675123,0.1185337,0.0002620022
Testing/glioma/Te-gl_0272.jpg,0,glioma,0,0.40659595,0.372175,0.21737427,0.003854791
Testing/glioma/Te-gl_0273.jpg,0,glioma,2,0.41563877,0.08387582,0.50003105,0.00045434237
Testing/glioma/Te-gl_0274.jpg,0,glioma,0,0.9106591,0.08363854,0.005696226,6.1444243e-06
Testing/glioma/Te-gl_0275.jpg,0,glioma,0,0.7769455,0.22242601,0.0006241618,4.37064e-06
Testing/glioma/Te-gl_0276.jpg,0,glioma,0,0.66127837,0.3374399,0.0012239367,5.7763973e-05
Testing/glioma/Te-gl_0277.jpg,0,glioma,0,0.8073768,0.19020694,0.002406983,9.313577e-06
Testing/glioma/Te-gl_0278.jpg,0,glioma,0,0.6462422,0.328033,0.025724385,4.4552928e-07
Testing/glioma/Te-gl_0279.jpg,0,glioma,0,0.8405402,0.15939543,5.9832502e-05,4.574055e-06
Testing/glioma/Te-gl_0280.jpg,0,glioma,0,0.64192724,0.35805994,1.2101964e-05,7.015936e-07
Testing/glioma/Te-gl_0281.jpg,0,glioma,0,0.8326992,0.1672343,6.646407e-05,7.848681e-09
Testing/glioma/Te-gl_0282.jpg,0,glioma,0,0.773628,0.22370052,0.0026712876,2.234242e-07
Testing/glioma/Te-gl_0283.jpg,0,glioma,0,0.8312055,0.16772906,0.0010637621,1.637125e-06
Testing/glioma/Te-gl_0284.jpg,0,glioma,0,0.6396287,0.21367584,0.14669351,2.001528e-06
Testing/glioma/Te-gl_0285.jpg,0,glioma,0,0.755122,0.2427709,0.002101897,5.1928346e-06
Testing/glioma/Te-gl_0286.jpg,0,glioma,0,0.97707206,0.019299567,0.0036266344,1.7595044e-06
Testing/glioma/Te-gl_0287.jpg,0,glioma,0,0.98076284,0.019106835,0.00013011631,2.1398434e-07
Testing/glioma/Te-gl_0288.jpg,0,glioma,0,0.971925,0.024363626,0.0037112557,1.00764346e-07
Testing/glioma/Te-gl_0289.jpg,0,glioma,0,0.522731,0.21934927,0.2579137,6.0575508e-06
Testing/glioma/Te-gl_0290.jpg,0,glioma,0,0.8931018,0.102530956,0.004366689,5.2569874e-07
Testing/glioma/Te-gl_0291.jpg,0,glioma,0,0.49081203,0.41215602,0.0970295,2.356443e-06
Testing/glioma/Te-gl_0292.jpg,0,glioma,0,0.8827692,0.11495832,0.0022724755,3.6297532e-08
Testing/glioma/Te-gl_0293.jpg,0,glioma,0,0.79377013,0.058109287,0.14812028,2.3688608e-07
Testing/glioma/Te-gl_0294.jpg,0,glioma,0,0.99599457,0.0040015755,3.8146773e-06,1.664709e-08
Testing/glioma/Te-gl_0295.jpg,0,glioma,1,0.19272573,0.49058867,0.31666833,1.7255506e-05
Testing/glioma/Te-gl_0296.jpg,0,glioma,0,0.9836211,0.015722657,0.0006562932,4.9075406e-09
Testing/glioma/Te-gl_0297.jpg,0,glioma,0,0.96396273,0.03449384,0.0015433847,4.5900965e-08
Testing/glioma/Te-gl_0298.jpg,0,glioma,0,0.98276246,0.009284344,0.007952483,6.9826314e-07
Testing/glioma/Te-gl_0299.jpg,0,glioma,0,0.62449455,0.20656462,0.16854294,0.00039786793
Testing/meningioma/Te-meTr_0000.jpg,1,meningioma,1,0.0056226864,0.96999544,0.02438169,7.88968e-08
Testing/meningioma/Te-meTr_0001.jpg,1,meningioma,1,0.24333054,0.6718468,0.08482112,1.4891516e-06
Testing/meningioma/Te-meTr_0002.jpg,1,meningioma,1,0.010464081,0.49621195,0.4933211,2.7991953e-06
Testing/meningioma/Te-meTr_0003.jpg,1,meningioma,2,0.0128881335,0.2525078,0.7345918,1.2232784e-05
Testing/meningioma/Te-meTr_0004.jpg,1,meningioma,2,0.006894604,0.03445784,0.95864755,1.7312898e-08
Testing/meningioma/Te-meTr_0005.jpg,1,meningioma,2,0.0036112757,0.3375963,0.6587916,8.579061e-07
Testing/meningioma/Te-meTr_0006.jpg,1,meningioma,2,0.0014484122,0.34140646,0.6571451,9.726816e-08
Testing/meningioma/Te-meTr_0007.jpg,1,meningioma,0,0.75760967,0.23298799,0.009401644,7.1569815e-07
Testing/meningioma/Te-meTr_0008.jpg,1,meningioma,1,0.055229694,0.93094236,0.01382794,1.2731946e-08
Testing/meningioma/Te-meTr_0009.jpg,1,meningioma,2,0.035970155,0.11101251,0.85301715,2.265069e-07
Testing/meningioma/Te-me_0010.jpg,1,meningioma,1,0.008199233,0.98959714,0.0022034163,2.773579e-07
Testing/meningioma/Te-me_0011.jpg,1,meningioma,1,0.225228,0.6946184,0.08011582,3.772571e-05
Testing/meningioma/Te-me_0012.jpg,1,meningioma,1,0.00080064096,0.99915016,4.9178314e-05,7.818803e-09
Testing/meningioma/Te-me_0013.jpg,1,meningioma,1,0.05542759,0.9444744,8.630666e-05,1.1721871e-05
Testing/meningioma/Te-me_0014.jpg,1,meningioma,1,0.0073467894,0.94038546,0.052267622,5.773592e-08
Testing/meningioma/Te-me_0015.jpg,1,meningioma,1,0.3403604,0.55009276,0.10952779,1.9067196e-05
Testing/meningioma/Te-me_0016.jpg,1,meningioma,2,0.035155345,0.13231488,0.8325292,6.226351e-07
Testing/meningioma/Te-me_0017.jpg,1,meningioma,2,0.006599671,0.021073947,0.9723263,1.187213e-08
Testing/meningioma/Te-me_0018.jpg,1,meningioma,1,0.04534795,0.9526973,0.0018305395,0.00012420797
Testing/meningioma/Te-me_0019.jpg,1,meningioma,1,0.016113274,0.8646165,0.119244605,2.5524663e-05
Testing/meningioma/Te-me_0020.jpg,1,meningioma,1,0.0007284589,0.9853076,0.013963581,3.3522113e-07
Testing/meningioma/Te-me_0021.jpg,1,meningioma,1,0.048107196,0.9394584,0.012393584,4.0918236e-05
Testing/meningioma/Te-me_0022.jpg,1,meningioma,1,0.13052125,0.6846508,0.18478952,3.8468283e-05
Testing/meningioma/Te-me_0023.jpg,1,meningioma,1,0.000119606746,0.9997552,0.00012512978,2.114429e-10
Testing/meningioma/Te-me_0024.jpg,1,meningioma,1,0.023635479,0.77276576,0.20357534,2.3396546e-05
Testing/meningioma/Te-me_0025.jpg,1,meningioma,1,0.00021005656,0.99978954,3.8991635e-07,3.9145757e-08
Testing/meningioma/Te-me_0026.jpg,1,meningioma,1,0.011063553,0.9886248,0.00030655076,5.0298363e-06
Testing/meningioma/Te-me_0027.jpg,1,meningioma,1,0.025815628,0.96985126,0.0043331636,1.1208631e-09
Testing/meningioma/Te-me_0028.jpg,1,meningioma,1,0.0050795926,0.9946063,0.00031395035,1.2083179e-07
Testing/meningioma/Te-me_0029.jpg,1,meningioma,1,0.00061747973,0.8983169,0.10106558,1.0650852e-09
Testing/meningioma/Te-me_0030.jpg,1,meningioma,2,0.024480378,0.21118557,0.7643329,1.1315286e-06
Testing/meningioma/Te-me_0031.jpg,1,meningioma,1,0.008199233,0.98959714,0.0022034163,2.773579e-07
Testing/meningioma/Te-me_0032.jpg,1,meningioma,1,0.15659912,0.7134943,0.12989295,1.3667885e-05
Testing/meningioma/Te-me_0033.jpg,1,meningioma,1,0.04257662,0.49401605,0.4633762,3.113566e-05
Testing/meningioma/Te-me_0034.jpg,1,meningioma,2,0.003706962,0.35004005,0.6462521,8.5293374e-07
Testing/meningioma/Te-me_0035.jpg,1,meningioma,1,0.00872249,0.95994544,0.031331956,6.688705e-08
Testing/meningioma/Te-me_0036.jpg,1,meningioma,1,0.022848954,0.8864502,0.09070093,4.0579856e-08
Testing/meningioma/Te-me_0037.jpg,1,meningioma,2,0.0074504944,0.0895521,0.90299433,3.0579697e-06
Testing/meningioma/Te-me_0038.jpg,1,meningioma,1,0.06496403,0.9184143,0.016621675,1.560113e-08
Testing/meningioma/Te-me_0039.jpg,1,meningioma,1,0.0011610424,0.8086999,0.19013883,1.7051613e-07
Testing/meningioma/Te-me_0040.jpg,1,meningioma,1,0.14830692,0.8452201,0.0064729354,1.4224683e-07
Testing/meningioma/Te-me_0041.jpg,1,meningioma,2,0.049487315,0.15589936,0.79461265,7.5027975e-07
Testing/meningioma/Te-me_0042.jpg,1,meningioma,1,0.04745563,0.9504616,0.0020827947,3.8372402e-08
Testing/meningioma/Te-me_0043.jpg,1,meningioma,1,0.00084104174,0.99865,0.00050899823,9.067194e-09
Testing/meningioma/Te-me_0044.jpg,1,meningioma,1,0.0028634875,0.8934045,0.103731625,3.922936e-07
Testing/meningioma/Te-me_0045.jpg,1,meningioma,1,0.0066835894,0.8201458,0.1731548,1.5805153e-05
Testing/meningioma/Te-me_0046.jpg,1,meningioma,0,0.8041265,0.17479317,0.021080358,4.1481387e-09
Testing/meningioma/Te-me_0047.jpg,1,meningioma,1,0.17499347,0.82154816,0.0034560536,2.3576058e-06
Testing/meningioma/Te-me_0048.jpg,1,meningioma,1,0.125707,0.8715779,0.002663289,5.1890645e-05
Testing/meningioma/Te-me_0049.jpg,1,meningioma,2,0.0021945962,0.47973686,0.51806855,1.0719578e-08
Testing/meningioma/Te-me_0050.jpg,1,meningioma,1,0.011485977,0.98402035,0.004398564,9.517878e-05
Testing/meningioma/Te-me_0051.jpg,1,meningioma,0,0.46895376,0.40050924,0.13052967,7.3473407e-06
Testing/meningioma/Te-me_0052.jpg,1,meningioma,0,0.6079958,0.3892982,0.0026882205,1.7756058e-05
Testing/meningioma/Te-me_0053.jpg,1,meningioma,1,0.013144262,0.9855369,0.0013026223,1.6166776e-05
Testing/meningioma/Te-me_0054.jpg,1,meningioma,1,0.04745563,0.9504616,0.0020827947,3.8372402e-08
Testing/meningioma/Te-me_0055.jpg,1,meningioma,1,0.0010410483,0.99449956,0.004459333,3.7422428e-08
Testing/meningioma/Te-me_0056.jpg,1,meningioma,1,0.005134654,0.92690676,0.06795831,3.7215958e-07
Testing/meningioma/Te-me_0057.jpg,1,meningioma,1,0.076414056,0.54155344,0.37919018,0.002842356
Testing/meningioma/Te-me_0058.jpg,1,meningioma,1,0.0018015277,0.97689205,0.021283194,2.3328934e-05
Testing/meningioma/Te-me_0059.jpg,1,meningioma,2,0.039303485,0.3753368,0.5853466,1.3124724e-05
Testing/meningioma/Te-me_0060.jpg,1,meningioma,2,0.022970947,0.4158589,0.56116295,7.2045145e-06
Testing/meningioma/Te-me_0061.jpg,1,meningioma,1,4.80909e-05,0.99288875,0.0070631937,2.0544638e-08
Testing/meningioma/Te-me_0062.jpg,1,meningioma,1,0.0026917083,0.5402797,0.45702857,7.913731e-08
Testing/meningioma/Te-me_0063.jpg,1,meningioma,1,0.0005299796,0.93955034,0.059919517,8.858692e-08
Testing/meningioma/Te-me_0064.jpg,1,meningioma,1,0.07387613,0.46845287,0.45766643,4.6524337e-06
Testing/meningioma/Te-me_0065.jpg,1,meningioma,2,0.026683591,0.040072683,0.93323565,8.015107e-06
Testing/meningioma/Te-me_0066.jpg,1,meningioma,0,0.7074439,0.29243878,0.00011531429,2.0739692e-06
Testing/meningioma/Te-me_0067.jpg,1,meningioma,1,0.16191472,0.8329276,0.005131977,2.5682788e-05
Testing/meningioma/Te-me_0068.jpg,1,meningioma,1,0.008113445,0.99164575,0.00023713705,3.702702e-06
Testing/meningioma/Te-me_0069.jpg,1,meningioma,2,0.06818032,0.19342789,0.73839074,1.0069461e-06
Testing/meningioma/Te-me_0070.jpg,1,meningioma,1,0.019020278,0.9734437,0.0075247,1.1412644e-05
Testing/meningioma/Te-me_0071.jpg,1,meningioma,0,0.54934835,0.4353871,0.0152624035,2.1260255e-06
Testing/meningioma/Te-me_0072.jpg,1,meningioma,2,0.06272942,0.4037543,0.5335122,4.14608e-06
Testing/meningioma/Te-me_0073.jpg,1,meningioma,0,0.54934835,0.4353871,0.0152624035,2.1260255e-06
Testing/meningioma/Te-me_0074.jpg,1,meningioma,1,0.005067255,0.9846622,0.01027058,1.4021692e-08
Testing/meningioma/Te-me_0075.jpg,1,meningioma,1,0.0076503144,0.92488927,0.0674601,3.543567e-07
Testing/meningioma/Te-me_0076.jpg,1,meningioma,1,0.0067849285,0.9927926,0.0004223345,1.02596545e-07
Testing/meningioma/Te-me_0077.jpg,1,meningioma,1,0.03971832,0.95744395,0.0028377322,1.3021759e-09
Testing/meningioma/Te-me_0078.jpg,1,meningioma,1,0.010742753,0.95579386,0.033463296,7.45524e-08
Testing/meningioma/Te-me_0079.jpg,1,meningioma,1,0.010488228,0.4961095,0.49340218,8.659462e-08
Testing/meningioma/Te-me_0080.jpg,1,meningioma,2,0.19346143,0.32397324,0.48254636,1.9005529e-05
Testing/meningioma/Te-me_0081.jpg,1,meningioma,1,0.02198759,0.9756408,0.0023715666,6.018964e-08
Testing/meningioma/Te-me_0082.jpg,1,meningioma,1,0.0006014985,0.9947442,0.0046542925,1.2443041e-08
Testing/meningioma/Te-me_0083.jpg,1,meningioma,1,0.027591364,0.5113005,0.46110746,7.004274e-07
Testing/meningioma/Te-me_0084.jpg,1,meningioma,2,0.021620618,0.1820397,0.7962655,7.423382e-05
Testing/meningioma/Te-me_0085.jpg,1,meningioma,2,0.0024030302,0.09412362,0.90347195,1.3675179e-06
Testing/meningioma/Te-me_0086.jpg,1,meningioma,1,0.02738391,0.9583927,0.014223372,1.3169968e-08
Testing/meningioma/Te-me_0087.jpg,1,meningioma,1,0.13830458,0.855848,0.0058469684,3.6503425e-07
Testing/meningioma/Te-me_0088.jpg,1,meningioma,1,0.00025327943,0.99803275,0.0017139461,4.4989112e-10
Testing/meningioma/Te-me_0089.jpg,1,meningioma,1,0.036172688,0.8353516,0.12847571,7.112152e-09
Testing/meningioma/Te-me_0090.jpg,1,meningioma,1,0.034310263,0.9655915,9.821019e-05,8.662006e-10
Testing/meningioma/Te-me_0091.jpg,1,meningioma,1,0.000598022,0.9761377,0.023264317,3.2787327e-08
Testing/meningioma/Te-me_0092.jpg,1,meningioma,0,0.61971325,0.3792138,0.0010066859,6.6179775e-05
Testing/meningioma/Te-me_0093.jpg,1,meningioma,1,0.066558,0.62400603,0.30943334,2.5751965e-06
Testing/meningioma/Te-me_0094.jpg,1,meningioma,2,0.05651721,0.4564671,0.48701516,5.6492524e-07
Testing/meningioma/Te-me_0095.jpg,1,meningioma,1,0.00046443456,0.9993612,0.00017433753,2.9044159e-08
Testing/meningioma/Te-me_0096.jpg,1,meningioma,1,0.045221437,0.9494762,0.005295671,6.7081014e-06
Testing/meningioma/Te-me_0097.jpg,1,meningioma,1,0.017561322,0.6390078,0.343426,4.9617183e-06
Testing/meningioma/Te-me_0098.jpg,1,meningioma,1,0.044739287,0.67212814,0.28313243,1.2578535e-07
Testing/meningioma/Te-me_0099.jpg,1,meningioma,1,0.010027203,0.6872688,0.3027017,2.2939319e-06
Testing/meningioma/Te-me_0100.jpg,1,meningioma,2,0.0562365,0.42761502,0.51613903,9.480214e-06
Testing/meningioma/Te-me_0101.jpg,1,meningioma,1,0.0025364878,0.8838223,0.11363981,1.3525902e-06
Testing/meningioma/Te-me_0102.jpg,1,meningioma,1,0.0015401512,0.80412877,0.19433104,1.1391559e-08
Testing/meningioma/Te-me_0103.jpg,1,meningioma,1,0.062147025,0.46936324,0.46846485,2.4897825e-05
Testing/meningioma/Te-me_0104.jpg,1,meningioma,1,0.0001938442,0.99977916,2.684983e-05,1.7276038e-07
Testing/meningioma/Te-me_0105.jpg,1,meningioma,2,0.022763003,0.33850002,0.6387346,2.3815091e-06
Testing/meningioma/Te-me_0106.jpg,1,meningioma,2,0.012744295,0.11926509,0.86799055,7.69062e-11
Testing/meningioma/Te-me_0107.jpg,1,meningioma,2,0.004345715,0.1166721,0.8789821,6.9653447e-09
Testing/meningioma/Te-me_0108.jpg,1,meningioma,2,0.018693298,0.18775912,0.79354507,2.5346087e-06
Testing/meningioma/Te-me_0109.jpg,1,meningioma,1,0.0061005126,0.8116304,0.18226886,1.550843e-07
Testing/meningioma/Te-me_0110.jpg,1,meningioma,2,0.119908616,0.40997052,0.47011268,8.166925e-06
Testing/meningioma/Te-me_0111.jpg,1,meningioma,2,0.00011147251,0.0022348862,0.99765366,2.4493506e-08
Testing/meningioma/Te-me_0112.jpg,1,meningioma,2,0.001007996,0.13710031,0.8618877,3.9364973e-06
Testing/meningioma/Te-me_0113.jpg,1,meningioma,2,0.0012819096,0.047140602,0.9515754,2.097503e-06
Testing/meningioma/Te-me_0114.jpg,1,meningioma,1,0.16654502,0.8262835,0.007171262,1.6208085e-07
Testing/meningioma/Te-me_0115.jpg,1,meningioma,1,0.13991997,0.59497714,0.26288417,0.0022187065
Testing/meningioma/Te-me_0116.jpg,1,meningioma,1,0.051374566,0.94573754,0.0028857407,2.1309552e-06
Testing/meningioma/Te-me_0117.jpg,1,meningioma,1,0.101632684,0.7770248,0.121342115,4.831608e-07
Testing/meningioma/Te-me_0118.jpg,1,meningioma,2,0.06825877,0.23296006,0.6962644,0.0025167915
Testing/meningioma/Te-me_0119.jpg,1,meningioma,1,0.0046786894,0.9877842,0.0075369105,2.2519903e-07
Testing/meningioma/Te-me_0120.jpg,1,meningioma,2,0.036417138,0.48058414,0.48293766,6.1008057e-05
Testing/meningioma/Te-me_0121.jpg,1,meningioma,1,0.14548889,0.8072076,0.047064815,0.00023878342
Testing/meningioma/Te-me_0122.jpg,1,meningioma,1,0.0853061,0.90725064,0.007430781,1.25732595e-05
Testing/meningioma/Te-me_0123.jpg,1,meningioma,2,0.24235533,0.33396968,0.4236681,6.8817726e-06
Testing/meningioma/Te-me_0124.jpg,1,meningioma,1,0.037953544,0.96157575,0.000470722,3.6469243e-09
Testing/meningioma/Te-me_0125.jpg,1,meningioma,1,0.015376118,0.95326066,0.031363167,1.10980274e-07
Testing/meningioma/Te-me_0126.jpg,1,meningioma,1,0.0034296017,0.9935114,0.0030585742,4.4611872e-07
Testing/meningioma/Te-me_0127.jpg,1,meningioma,1,0.16606702,0.74867076,0.08525729,4.9262167e-06
Testing/meningioma/Te-me_0128.jpg,1,meningioma,1,0.07492433,0.92490846,0.00016448005,2.7160595e-06
Testing/meningioma/Te-me_0129.jpg,1,meningioma,1,0.38526008,0.545418,0.06932154,3.54167e-07
Testing/meningioma/Te-me_0130.jpg,1,meningioma,1,0.28392208,0.68899703,0.027079983,9.1649446e-07
Testing/meningioma/Te-me_0131.jpg,1,meningioma,1,0.05180031,0.9025395,0.045655604,4.615876e-06
Testing/meningioma/Te-me_0132.jpg,1,meningioma,1,0.010124917,0.9877829,0.0020693976,2.2674863e-05
Testing/meningioma/Te-me_0133.jpg,1,meningioma,1,0.042793766,0.945735,0.011471073,1.4877197e-07
Testing/meningioma/Te-me_0134.jpg,1,meningioma,1,0.109631695,0.70861304,0.1817524,2.8428651e-06
Testing/meningioma/Te-me_0135.jpg,1,meningioma,1,0.042359944,0.6949814,0.26265806,6.69015e-07
Testing/meningioma/Te-me_0136.jpg,1,meningioma,2,0.12730074,0.0661138,0.8065146,7.075397e-05
Testing/meningioma/Te-me_0137.jpg,1,meningioma,1,0.043201264,0.92408204,0.03271663,2.4708775e-08
Testing/meningioma/Te-me_0138.jpg,1,meningioma,1,0.08439008,0.8405894,0.07502018,3.9087783e-07
Testing/meningioma/Te-me_0139.jpg,1,meningioma,1,0.011007897,0.93060374,0.058388297,1.2410956e-07
Testing/meningioma/Te-me_0140.jpg,1,meningioma,1,0.010464081,0.49621195,0.4933211,2.7991953e-06
Testing/meningioma/Te-me_0141.jpg,1,meningioma,0,0.98272216,0.011776637,0.00550092,2.4136762e-07
Testing/meningioma/Te-me_0142.jpg,1,meningioma,1,0.16117299,0.82133603,0.017484112,6.869685e-06
Testing/meningioma/Te-me_0143.jpg,1,meningioma,2,0.012744295,0.11926509,0.86799055,7.69062e-11
Testing/meningioma/Te-me_0144.jpg,1,meningioma,1,0.030411424,0.93697,0.03261855,2.8709715e-08
Testing/meningioma/Te-me_0145.jpg,1,meningioma,2,0.119908616,0.40997052,0.47011268,8.166925e-06
Testing/meningioma/Te-me_0146.jpg,1,meningioma,1,0.30487838,0.5949494,0.100153364,1.8949879e-05
Testing/meningioma/Te-me_0147.jpg,1,meningioma,1,0.010095825,0.9606217,0.02928197,4.41076e-07
Testing/meningioma/Te-me_0148.jpg,1,meningioma,1,0.11318682,0.8701536,0.015001475,0.0016581516
Testing/meningioma/Te-me_0149.jpg,1,meningioma,1,0.007828827,0.9355077,0.056663156,3.31605e-07
Testing/meningioma/Te-me_0150.jpg,1,meningioma,1,0.07179757,0.91759086,0.010611633,3.267556e-08
Testing/meningioma/Te-me_0151.jpg,1,meningioma,1,0.099420495,0.8991313,0.0014482478,2.178688e-09
Testing/meningioma/Te-me_0152.jpg,1,meningioma,1,0.22708344,0.7712161,0.0017001593,2.333402e-07
Testing/meningioma/Te-me_0153.jpg,1,meningioma,1,0.2833948,0.7057211,0.010439144,0.00044497396
Testing/meningioma/Te-me_0154.jpg,1,meningioma,1,0.18346559,0.7257781,0.090752944,3.3842166e-06
Testing/meningioma/Te-me_0155.jpg,1,meningioma,1,0.0002834285,0.999548,0.00016842977,1.3415418e-07
Testing/meningioma/Te-me_0156.jpg,1,meningioma,1,0.20299268,0.7579079,0.03862217,0.0004771968
Testing/meningioma/Te-me_0157.jpg,1,meningioma,1,0.086805046,0.91227823,0.0009066132,1.00666175e-05
Testing/meningioma/Te-me_0158.jpg,1,meningioma,1,0.43191954,0.5488887,0.01892557,0.0002661665
Testing/meningioma/Te-me_0159.jpg,1,meningioma,1,0.045568157,0.8409001,0.11350478,2.6992599e-05
Testing/meningioma/Te-me_0160.jpg,1,meningioma,1,0.013081725,0.9174208,0.06949699,4.298199e-07
Testing/meningioma/Te-me_0161.jpg,1,meningioma,0,0.5370882,0.4607155,0.0021946155,1.7244099e-06
Testing/meningioma/Te-me_0162.jpg,1,meningioma,0,0.5813342,0.4003564,0.018225834,8.360432e-05
Testing/meningioma/Te-me_0163.jpg,1,meningioma,0,0.74907744,0.25079712,3.9057944e-05,8.641517e-05
Testing/meningioma/Te-me_0164.jpg,1,meningioma,1,0.06349894,0.9225633,0.0014105849,0.012527191
Testing/meningioma/Te-me_0165.jpg,1,meningioma,0,0.7718413,0.22694375,0.0012148169,1.6934365e-07
Testing/meningioma/Te-me_0166.jpg,1,meningioma,1,0.4164364,0.58347756,8.0074584e-05,5.96377e-06
Testing/meningioma/Te-me_0167.jpg,1,meningioma,1,0.16458873,0.82827806,0.007131002,2.1635406e-06
Testing/meningioma/Te-me_0168.jpg,1,meningioma,1,0.09438467,0.5491928,0.35642186,7.315062e-07
Testing/meningioma/Te-me_0169.jpg,1,meningioma,1,0.11336354,0.8854071,0.0012282234,1.1894074e-06
Testing/meningioma/Te-me_0170.jpg,1,meningioma,1,0.23189661,0.5704527,0.19748266,0.00016810499
Testing/meningioma/Te-me_0171.jpg,1,meningioma,0,0.7973177,0.16026779,0.04240065,1.381988e-05
Testing/meningioma/Te-me_0172.jpg,1,meningioma,1,0.009351069,0.86789626,0.12274648,6.1679216e-06
Testing/meningioma/Te-me_0173.jpg,1,meningioma,1,0.17615522,0.74886435,0.07495484,2.5505442e-05
Testing/meningioma/Te-me_0174.jpg,1,meningioma,1,0.06536335,0.6412485,0.293386,2.1588207e-06
Testing/meningioma/Te-me_0175.jpg,1,meningioma,1,0.014378203,0.9775239,0.008094306,3.4473244e-06
Testing/meningioma/Te-me_0176.jpg,1,meningioma,0,0.5160416,0.28684312,0.1971151,2.0765027e-07
Testing/meningioma/Te-me_0177.jpg,1,meningioma,1,0.46925336,0.53072,2.4698425e-05,1.9178872e-06
Testing/meningioma/Te-me_0178.jpg,1,meningioma,1,0.22664946,0.5768711,0.19645697,2.2395048e-05
Testing/meningioma/Te-me_0179.jpg,1,meningioma,0,0.62784046,0.37211514,4.385766e-05,4.6596696e-07
Testing/meningioma/Te-me_0180.jpg,1,meningioma,1,0.28908902,0.70232904,0.008580808,1.1457939e-06
Testing/meningioma/Te-me_0181.jpg,1,meningioma,0,0.6526528,0.29714617,0.047988042,0.0022129442
Testing/meningioma/Te-me_0182.jpg,1,meningioma,0,0.552061,0.42160913,0.026319902,9.898681e-06
Testing/meningioma/Te-me_0183.jpg,1,meningioma,2,0.32562932,0.21936245,0.4550067,1.5732398e-06
Testing/meningioma/Te-me_0184.jpg,1,meningioma,1,0.07192527,0.9276124,0.00046213873,1.4584768e-07
Testing/meningioma/Te-me_0185.jpg,1,meningioma,0,0.4582158,0.40079948,0.14096214,2.2525825e-05
Testing/meningioma/Te-me_0186.jpg,1,meningioma,1,0.015110466,0.53480345,0.4500848,1.3075252e-06
Testing/meningioma/Te-me_0187.jpg,1,meningioma,1,0.11879408,0.8774176,0.0037836935,4.599145e-06
Testing/meningioma/Te-me_0188.jpg,1,meningioma,0,0.54311806,0.45608744,0.00079194416,2.5426586e-06
Testing/meningioma/Te-me_0189.jpg,1,meningioma,2,0.2700191,0.2648579,0.4649357,0.00018729473
Testing/meningioma/Te-me_0190.jpg,1,meningioma,1,0.31192264,0.5443528,0.14354639,0.00017818315
Testing/meningioma/Te-me_0191.jpg,1,meningioma,1,0.024384867,0.9720194,0.0035805476,1.5223e-05
Testing/meningioma/Te-me_0192.jpg,1,meningioma,1,0.3895835,0.6038354,0.006579898,1.2063956e-06
Testing/meningioma/Te-me_0193.jpg,1,meningioma,1,0.037128784,0.9618538,0.0005222916,0.0004950931
Testing/meningioma/Te-me_0194.jpg,1,meningioma,1,0.00045733879,0.9761509,0.023388365,3.4823802e-06
Testing/meningioma/Te-me_0195.jpg,1,meningioma,1,0.113014884,0.8234306,0.06354304,1.1498816e-05
Testing/meningioma/Te-me_0196.jpg,1,meningioma,1,0.26244518,0.6755333,0.06202013,1.4130569e-06
Testing/meningioma/Te-me_0197.jpg,1,meningioma,0,0.45579886,0.3026034,0.24157143,2.6320882e-05
Testing/meningioma/Te-me_0198.jpg,1,meningioma,1,0.2279437,0.7475333,0.024513751,9.241985e-06
Testing/meningioma/Te-me_0199.jpg,1,meningioma,1,0.067706324,0.7082271,0.22404876,1.7841461e-05
Testing/meningioma/Te-me_0200.jpg,1,meningioma,1,0.059995815,0.93967897,0.00032515614,1.3594331e-07
Testing/meningioma/Te-me_0201.jpg,1,meningioma,0,0.874261,0.121557295,0.0041811997,4.4747384e-07
Testing/meningioma/Te-me_0202.jpg,1,meningioma,1,0.37242624,0.62520343,0.0023622676,8.013989e-06
Testing/meningioma/Te-me_0203.jpg,1,meningioma,1,0.33739388,0.6376756,0.024851363,7.923317e-05
Testing/meningioma/Te-me_0204.jpg,1,meningioma,1,0.081370704,0.9097334,0.008895488,4.540693e-07
Testing/meningioma/Te-me_0205.jpg,1,meningioma,1,0.03162366,0.9417666,0.026608972,7.627508e-07
Testing/meningioma/Te-me_0206.jpg,1,meningioma,1,0.09045839,0.9056167,0.003924756,6.64941e-08
Testing/meningioma/Te-me_0207.jpg,1,meningioma,1,0.13430092,0.8635401,0.002075447,8.3609244e-05
Testing/meningioma/Te-me_0208.jpg,1,meningioma,1,0.12982754,0.8624038,0.007767057,1.5074215e-06
Testing/meningioma/Te-me_0209.jpg,1,meningioma,0,0.39975905,0.22357883,0.3765428,0.00011926281
Testing/meningioma/Te-me_0210.jpg,1,meningioma,1,0.16131574,0.82224166,0.01644264,1.0843965e-08
Testing/meningioma/Te-me_0211.jpg,1,meningioma,0,0.7804506,0.21918663,0.0003511985,1.1575318e-05
Testing/meningioma/Te-me_0212.jpg,1,meningioma,1,0.37331378,0.6122213,0.0144642545,6.342791e-07
Testing/meningioma/Te-me_0213.jpg,1,meningioma,0,0.66390413,0.26532418,0.07076064,1.1052062e-05
Testing/meningioma/Te-me_0214.jpg,1,meningioma,0,0.79138625,0.20841084,0.0002027974,4.8968108e-08
Testing/meningioma/Te-me_0215.jpg,1,meningioma,1,0.007771052,0.99219173,3.7093807e-05,1.05423254e-07
Testing/meningioma/Te-me_0216.jpg,1,meningioma,1,0.40790734,0.59099025,0.0011024226,1.6320683e-08
Testing/meningioma/Te-me_0217.jpg,1,meningioma,1,0.34799704,0.6514587,0.00054106046,3.232934e-06
Testing/meningioma/Te-me_0218.jpg,1,meningioma,1,0.4757945,0.5124626,0.01174264,2.4626024e-07
Testing/meningioma/Te-me_0219.jpg,1,meningioma,1,0.26204953,0.73572385,0.002222133,4.4616554e-06
Testing/meningioma/Te-me_0220.jpg,1,meningioma,1,0.00936189,0.9903734,0.00023463614,3.0144733e-05
Testing/meningioma/Te-me_0221.jpg,1,meningioma,1,0.14834939,0.84649473,0.005154944,9.376535e-07
Testing/meningioma/Te-me_0222.jpg,1,meningioma,1,0.41434103,0.5650785,0.01870889,0.0018716118
Testing/meningioma/Te-me_0223.jpg,1,meningioma,1,0.35308287,0.6465001,0.0004003312,1.6687945e-05
Testing/meningioma/Te-me_0224.jpg,1,meningioma,2,0.1093003,0.4012822,0.48928708,0.00013039367
Testing/meningioma/Te-me_0225.jpg,1,meningioma,0,0.3935343,0.3931347,0.20418976,0.009141201
Testing/meningioma/Te-me_0226.jpg,1,meningioma,1,0.46659505,0.5332869,0.0001179874,1.1021069e-08
Testing/meningioma/Te-me_0227.jpg,1,meningioma,1,0.08252351,0.7909137,0.12645648,0.00010630103
Testing/meningioma/Te-me_0228.jpg,1,meningioma,1,0.3862203,0.6122932,0.0014011539,8.528464e-05
Testing/meningioma/Te-me_0229.jpg,1,meningioma,1,0.15885392,0.7154834,0.12565613,6.5275e-06
Testing/meningioma/Te-me_0230.jpg,1,meningioma,1,0.38556263,0.5613379,0.050214175,0.0028852993
Testing/meningioma/Te-me_0231.jpg,1,meningioma,1,0.28195637,0.7140551,0.0011986755,0.0027899106
Testing/meningioma/Te-me_0232.jpg,1,meningioma,1,0.03345611,0.7635455,0.20299709,1.3089688e-06
Testing/meningioma/Te-me_0233.jpg,1,meningioma,1,0.30969334,0.67406136,0.016171284,7.398266e-05
Testing/meningioma/Te-me_0234.jpg,1,meningioma,1,0.25429797,0.7448887,0.00081334956,4.4351253e-08
Testing/meningioma/Te-me_0235.jpg,1,meningioma,1,0.02246387,0.9770742,0.00046192086,4.615379e-09
Testing/meningioma/Te-me_0236.jpg,1,meningioma,1,0.20181115,0.7822112,0.015976643,1.0017415e-06
Testing/meningioma/Te-me_0237.jpg,1,meningioma,1,0.4799604,0.5142273,0.0058112023,1.1668943e-06
Testing/meningioma/Te-me_0238.jpg,1,meningioma,1,0.016458264,0.98353773,3.842656e-06,8.572829e-08
Testing/meningioma/Te-me_0239.jpg,1,meningioma,1,0.24368845,0.75629926,1.2359791e-05,3.6049503e-08
Testing/meningioma/Te-me_0240.jpg,1,meningioma,1,0.08033877,0.87457466,0.0450833,3.2373716e-06
Testing/meningioma/Te-me_0241.jpg,1,meningioma,2,0.02926324,0.19154225,0.7791942,3.5840475e-07
Testing/meningioma/Te-me_0242.jpg,1,meningioma,1,0.07388433,0.92611563,1.9957424e-08,3.5800105e-10
Testing/meningioma/Te-me_0243.jpg,1,meningioma,1,0.02997632,0.9204871,0.04953641,8.28676e-08
Testing/meningioma/Te-me_0244.jpg,1,meningioma,1,0.20353039,0.78190356,0.01421669,0.00034939765
Testing/meningioma/Te-me_0245.jpg,1,meningioma,1,0.14662609,0.82892406,0.024342183,0.000107618805
Testing/meningioma/Te-me_0246.jpg,1,meningioma,1,0.17627117,0.81463754,0.0090795085,1.17630125e-05
Testing/meningioma/Te-me_0247.jpg,1,meningioma,0,0.60218793,0.3976288,0.00018167717,1.5033484e-06
Testing/meningioma/Te-me_0248.jpg,1,meningioma,1,0.063194245,0.82971215,0.10702008,7.349292e-05
Testing/meningioma/Te-me_0249.jpg,1,meningioma,1,0.24672712,0.7407337,0.012538186,1.0240113e-06
Testing/meningioma/Te-me_0250.jpg,1,meningioma,0,0.64180434,0.3581845,1.1184413e-05,2.927757e-10
Testing/meningioma/Te-me_0251.jpg,1,meningioma,0,0.7408868,0.258727,0.00038254343,3.660357e-06
Testing/meningioma/Te-me_0252.jpg,1,meningioma,1,0.38723856,0.60063905,0.0121143935,7.952178e-06
Testing/meningioma/Te-me_0253.jpg,1,meningioma,1,0.2812891,0.7186323,7.825177e-05,4.5644285e-07
Testing/meningioma/Te-me_0254.jpg,1,meningioma,1,0.060142048,0.9068743,0.03298268,9.867456e-07
Testing/meningioma/Te-me_0255.jpg,1,meningioma,1,0.1237559,0.875885,0.0003212817,3.779667e-05
Testing/meningioma/Te-me_0256.jpg,1,meningioma,1,0.31657794,0.67673475,0.0066692717,1.8014522e-05
Testing/meningioma/Te-me_0257.jpg,1,meningioma,0,0.56362116,0.39582717,0.040551044,6.5769285e-07
Testing/meningioma/Te-me_0258.jpg,1,meningioma,1,0.05814048,0.9415737,0.000285749,7.730283e-08
Testing/meningioma/Te-me_0259.jpg,1,meningioma,0,0.73619264,0.2616566,0.0021492078,1.5860106e-06
Testing/meningioma/Te-me_0260.jpg,1,meningioma,1,0.10911983,0.8818879,0.008205303,0.0007868411
Testing/meningioma/Te-me_0261.jpg,1,meningioma,1,0.13778764,0.8620862,5.336391e-05,7.2871546e-05
Testing/meningioma/Te-me_0262.jpg,1,meningioma,1,0.4024859,0.5859788,0.011325225,0.00021009253
Testing/meningioma/Te-me_0263.jpg,1,meningioma,1,0.24733086,0.74731344,0.0053546233,1.1739992e-06
Testing/meningioma/Te-me_0264.jpg,1,meningioma,1,0.25043565,0.70263153,0.046931766,1.0579872e-06
Testing/meningioma/Te-me_0265.jpg,1,meningioma,1,0.12638178,0.8727278,0.0008903002,1.5359916e-07
Testing/meningioma/Te-me_0266.jpg,1,meningioma,0,0.67871284,0.31995505,0.0013318175,2.4187855e-07
Testing/meningioma/Te-me_0267.jpg,1,meningioma,1,0.047238003,0.95143324,0.0013245973,4.1447684e-06
Testing/meningioma/Te-me_0268.jpg,1,meningioma,2,0.20296322,0.27554727,0.51969343,0.0017960018
Testing/meningioma/Te-me_0269.jpg,1,meningioma,1,0.02292894,0.5912923,0.38562855,0.00015019209
Testing/meningioma/Te-me_0270.jpg,1,meningioma,0,0.67153454,0.31930026,0.009165239,1.3981329e-08
Testing/meningioma/Te-me_0271.jpg,1,meningioma,1,0.19782116,0.73692507,0.06491299,0.00034074477
Testing/meningioma/Te-me_0272.jpg,1,meningioma,1,0.25603062,0.6708684,0.071981005,0.0011199932
Testing/meningioma/Te-me_0273.jpg,1,meningioma,1,0.14680496,0.8514326,0.0017623921,1.2146386e-08
Testing/meningioma/Te-me_0274.jpg,1,meningioma,1,0.0681039,0.9312342,0.0006618973,1.8737056e-09
Testing/meningioma/Te-me_0275.jpg,1,meningioma,1,0.21567354,0.78413016,0.00019609708,2.0876426e-07
Testing/meningioma/Te-me_0276.jpg,1,meningioma,1,0.1897246,0.4731395,0.33712915,6.8097415e-06
Testing/meningioma/Te-me_0277.jpg,1,meningioma,1,0.22408675,0.77460027,0.001312573,3.7132946e-07
Testing/meningioma/Te-me_0278.jpg,1,meningioma,1,0.10475277,0.8945683,0.000583507,9.531332e-05
Testing/meningioma/Te-me_0279.jpg,1,meningioma,1,0.17662692,0.82137376,0.0018563982,0.00014297808
Testing/meningioma/Te-me_0280.jpg,1,meningioma,0,0.48654544,0.3976469,0.113424614,0.002383035
Testing/meningioma/Te-me_0281.jpg,1,meningioma,1,0.09469539,0.9011213,0.0035055291,0.00067777466
Testing/meningioma/Te-me_0282.jpg,1,meningioma,1,0.022443093,0.97749454,6.2347535e-05,1.0446815e-08
Testing/meningioma/Te-me_0283.jpg,1,meningioma,1,0.3201455,0.67940956,0.0004092493,3.5699122e-05
Testing/meningioma/Te-me_0284.jpg,1,meningioma,1,0.08244542,0.8959055,0.021360654,0.0002884091
Testing/meningioma/Te-me_0285.jpg,1,meningioma,1,0.41082847,0.58548135,0.0036893561,8.374666e-07
Testing/meningioma/Te-me_0286.jpg,1,meningioma,1,0.024834236,0.73957413,0.23479895,0.0007926564
Testing/meningioma/Te-me_0287.jpg,1,meningioma,1,0.031858265,0.9108651,0.009517358,0.04775923
Testing/meningioma/Te-me_0288.jpg,1,meningioma,1,0.21576859,0.78312653,0.0011047586,1.3066415e-07
Testing/meningioma/Te-me_0289.jpg,1,meningioma,1,0.015996732,0.9839421,6.1092236e-05,1.11745955e-07
Testing/meningioma/Te-me_0290.jpg,1,meningioma,1,0.09095836,0.8889628,0.020077977,8.055769e-07
Testing/meningioma/Te-me_0291.jpg,1,meningioma,1,0.17029424,0.75832516,0.07137983,8.39358e-07
Testing/meningioma/Te-me_0292.jpg,1,meningioma,1,0.038781337,0.85192645,0.089055955,0.020236298
Testing/meningioma/Te-me_0293.jpg,1,meningioma,1,0.044057384,0.89216554,0.06377473,2.35605e-06
Testing/meningioma/Te-me_0294.jpg,1,meningioma,0,0.6428078,0.32079396,0.03639625,2.0293587e-06
Testing/meningioma/Te-me_0295.jpg,1,meningioma,0,0.652359,0.11770033,0.22993977,9.378874e-07
Testing/meningioma/Te-me_0296.jpg,1,meningioma,1,0.034686867,0.6980801,0.2651109,0.0021221314
Testing/meningioma/Te-me_0297.jpg,1,meningioma,1,0.15629677,0.74208266,0.10161518,5.4266575e-06
Testing/meningioma/Te-me_0298.jpg,1,meningioma,1,0.0016108627,0.94272846,0.055660427,1.8903373e-07
Testing/meningioma/Te-me_0299.jpg,1,meningioma,1,0.08756865,0.90327543,0.008586231,0.00056961627
Testing/meningioma/Te-me_0300.jpg,1,meningioma,2,0.021340135,0.4045211,0.5741327,6.042887e-06
Testing/meningioma/Te-me_0301.jpg,1,meningioma,1,0.05102453,0.9106792,0.03829599,2.0581099e-07
Testing/meningioma/Te-me_0302.jpg,1,meningioma,1,0.013076449,0.88237894,0.10454442,1.5809229e-07
Testing/meningioma/Te-me_0303.jpg,1,meningioma,1,0.005941924,0.866122,0.127936,1.4741836e-07
Testing/meningioma/Te-me_0304.jpg,1,meningioma,2,0.12730916,0.08696273,0.78559643,0.00013168274
Testing/meningioma/Te-me_0305.jpg,1,meningioma,0,0.779533,0.13843866,0.08202794,3.4350296e-07
Testing/notumor/Te-noTr_0000.jpg,2,no_tumor,2,0.08690124,0.05032634,0.8627719,5.489275e-07
Testing/notumor/Te-noTr_0001.jpg,2,no_tumor,2,0.017037608,0.018127602,0.9648335,1.2598915e-06
Testing/notumor/Te-noTr_0002.jpg,2,no_tumor,2,0.014632802,0.020001426,0.9653208,4.4888537e-05
Testing/notumor/Te-noTr_0003.jpg,2,no_tumor,2,0.008038954,0.048482966,0.94347715,9.045216e-07
Testing/notumor/Te-noTr_0004.jpg,2,no_tumor,2,0.00025968908,0.0017305039,0.99800783,1.9252902e-06
Testing/notumor/Te-noTr_0005.jpg,2,no_tumor,2,0.0009925305,0.0017836075,0.9972235,3.4404695e-07
Testing/notumor/Te-noTr_0006.jpg,2,no_tumor,2,0.0023563087,0.003345968,0.99429685,8.615652e-07
Testing/notumor/Te-noTr_0007.jpg,2,no_tumor,2,0.00095225,0.13237429,0.8666729,6.102883e-07
Testing/notumor/Te-noTr_0008.jpg,2,no_tumor,2,0.030592306,0.30166468,0.66773105,1.1858647e-05
Testing/notumor/Te-noTr_0009.jpg,2,no_tumor,2,0.04021114,0.014627362,0.9451614,5.3363397e-08
Testing/notumor/Te-no_0010.jpg,2,no_tumor,2,0.016801538,0.0036350621,0.9795608,2.6893802e-06
Testing/notumor/Te-no_0011.jpg,2,no_tumor,2,0.0018793731,0.002146688,0.9959735,4.3523258e-07
Testing/notumor/Te-no_0012.jpg,2,no_tumor,2,0.003973328,0.0027228862,0.9933037,1.2802361e-07
Testing/notumor/Te-no_0013.jpg,2,no_tumor,2,0.0896614,0.3322948,0.5766509,0.0013928013
Testing/notumor/Te-no_0014.jpg,2,no_tumor,2,0.0004801173,0.006738152,0.9927816,1.720045e-07
Testing/notumor/Te-no_0015.jpg,2,no_tumor,2,0.0012687158,0.008436708,0.9902935,1.1135897e-06
Testing/notumor/Te-no_0016.jpg,2,no_tumor,2,0.00030185093,0.0008139559,0.99888414,3.079713e-09
Testing/notumor/Te-no_0017.jpg,2,no_tumor,2,0.20331973,0.031047659,0.76558524,4.7383364e-05
Testing/notumor/Te-no_0018.jpg,2,no_tumor,2,0.022186378,0.108752936,0.86905885,1.9362224e-06
Testing/notumor/Te-no_0019.jpg,2,no_tumor,2,0.034463104,0.053836823,0.911699,1.0363236e-06
Testing/notumor/Te-no_0020.jpg,2,no_tumor,2,0.0002754873,0.0007697289,0.99895453,3.285144e-07
Testing/notumor/Te-no_0021.jpg,2,no_tumor,2,8.3539075e-05,0.0015106429,0.99840564,1.4251074e-07
Testing/notumor/Te-no_0022.jpg,2,no_tumor,2,0.052906785,0.2120893,0.7349846,1.935513e-05
Testing/notumor/Te-no_0023.jpg,2,no_tumor,2,0.0015445676,0.004191481,0.9942638,5.7884172e-08
Testing/notumor/Te-no_0024.jpg,2,no_tumor,2,0.07080606,0.26245016,0.6660569,0.00068687595
Testing/notumor/Te-no_0025.jpg,2,no_tumor,2,1.420885e-05,0.001038693,0.9989472,1.1398479e-08
Testing/notumor/Te-no_0026.jpg,2,no_tumor,2,0.25503847,0.11349976,0.63141614,4.5630637e-05
Testing/notumor/Te-no_0027.jpg,2,no_tumor,2,0.023713373,0.0696756,0.9065622,4.8779355e-05
Testing/notumor/Te-no_0028.jpg,2,no_tumor,2,0.14855076,0.39579293,0.45563784,1.85368e-05
Testing/notumor/Te-no_0029.jpg,2,no_tumor,2,0.00045490093,0.006436417,0.99310863,6.807199e-08
Testing/notumor/Te-no_0030.jpg,2,no_tumor,2,0.037175324,0.1254894,0.8373316,3.7398363e-06
Testing/notumor/Te-no_0031.jpg,2,no_tumor,2,0.017037608,0.018127602,0.9648335,1.2598915e-06
Testing/notumor/Te-no_0032.jpg,2,no_tumor,2,5.9958285e-05,0.0020478794,0.9978922,9.281703e-09
Testing/notumor/Te-no_0033.jpg,2,no_tumor,2,0.016756663,0.053129543,0.9301102,3.5993564e-06
Testing/notumor/Te-no_0034.jpg,2,no_tumor,2,0.017210945,0.0039712093,0.9788143,3.5374294e-06
Testing/notumor/Te-no_0035.jpg,2,no_tumor,2,0.011249318,0.020668248,0.9680799,2.5065071e-06
Testing/notumor/Te-no_0036.jpg,2,no_tumor,2,0.014178647,0.0032684724,0.98255205,8.758261e-07
Testing/notumor/Te-no_0037.jpg,2,no_tumor,2,0.25325975,0.12025607,0.62641937,6.478207e-05
Testing/notumor/Te-no_0038.jpg,2,no_tumor,1,0.08922009,0.8834071,0.02736842,4.3541363e-06
Testing/notumor/Te-no_0039.jpg,2,no_tumor,2,0.00064929057,0.029089838,0.9702608,1.682315e-08
Testing/notumor/Te-no_0040.jpg,2,no_tumor,2,0.009465747,0.019916879,0.9706171,3.24885e-07
Testing/notumor/Te-no_0041.jpg,2,no_tumor,2,1.1107436e-05,0.00021544231,0.99977344,2.6308915e-09
Testing/notumor/Te-no_0042.jpg,2,no_tumor,2,0.0007276169,0.00037739717,0.9988951,1.511345e-09
Testing/notumor/Te-no_0043.jpg,2,no_tumor,2,0.0047220304,0.0063676895,0.9889102,1.0885861e-07
Testing/notumor/Te-no_0044.jpg,2,no_tumor,2,0.003973328,0.0027228862,0.9933037,1.2802361e-07
Testing/notumor/Te-no_0045.jpg,2,no_tumor,2,0.23053859,0.08772266,0.68172634,1.2341799e-05
Testing/notumor/Te-no_0046.jpg,2,no_tumor,2,0.25503847,0.11349976,0.63141614,4.5630637e-05
Testing/notumor/Te-no_0047.jpg,2,no_tumor,2,1.0632997e-05,0.00020562431,0.9997838,2.6618756e-09
Testing/notumor/Te-no_0048.jpg,2,no_tumor,2,0.0018793731,0.002146688,0.9959735,4.3523258e-07
Testing/notumor/Te-no_0049.jpg,2,no_tumor,2,0.08308285,0.3300306,0.5852265,0.0016600827
Testing/notumor/Te-no_0050.jpg,2,no_tumor,2,0.23053859,0.08772266,0.68172634,1.2341799e-05
Testing/notumor/Te-no_0051.jpg,2,no_tumor,2,0.0004876102,0.0012916491,0.9982206,3.0198915e-08
Testing/notumor/Te-no_0052.jpg,2,no_tumor,2,0.009465747,0.019916879,0.9706171,3.24885e-07
Testing/notumor/Te-no_0053.jpg,2,no_tumor,2,0.0018793731,0.002146688,0.9959735,4.3523258e-07
Testing/notumor/Te-no_0054.jpg,2,no_tumor,2,0.23053859,0.08772266,0.68172634,1.2341799e-05
Testing/notumor/Te-no_0055.jpg,2,no_tumor,2,0.003973328,0.0027228862,0.9933037,1.2802361e-07
Testing/notumor/Te-no_0056.jpg,2,no_tumor,2,0.0032143786,0.0027333512,0.99405223,6.181991e-08
Testing/notumor/Te-no_0057.jpg,2,no_tumor,2,0.029440653,0.0052269096,0.9653284,4.066428e-06
Testing/notumor/Te-no_0058.jpg,2,no_tumor,2,0.053655505,0.07047376,0.87586915,1.559032e-06
Testing/notumor/Te-no_0059.jpg,2,no_tumor,2,0.0005098785,0.00019079533,0.9992993,5.807206e-10
Testing/notumor/Te-no_0060.jpg,2,no_tumor,2,0.25325975,0.12025607,0.62641937,6.478207e-05
Testing/notumor/Te-no_0061.jpg,2,no_tumor,2,0.003973328,0.0027228862,0.9933037,1.2802361e-07
Testing/notumor/Te-no_0062.jpg,2,no_tumor,2,0.034463104,0.053836823,0.911699,1.0363236e-06
Testing/notumor/Te-no_0063.jpg,2,no_tumor,2,0.007576971,0.0012101345,0.9912108,2.1107826e-06
Testing/notumor/Te-no_0064.jpg,2,no_tumor,2,0.25503847,0.11349976,0.63141614,4.5630637e-05
Testing/notumor/Te-no_0065.jpg,2,no_tumor,2,0.037175324,0.1254894,0.8373316,3.7398363e-06
Testing/notumor/Te-no_0066.jpg,2,no_tumor,2,0.044334188,0.3832063,0.5724431,1.6382508e-05
Testing/notumor/Te-no_0067.jpg,2,no_tumor,2,0.017037608,0.018127602,0.9648335,1.2598915e-06
Testing/notumor/Te-no_0068.jpg,2,no_tumor,2,0.0018793731,0.002146688,0.9959735,4.3523258e-07
Testing/notumor/Te-no_0069.jpg,2,no_tumor,2,0.00045490093,0.006436417,0.99310863,6.807199e-08
Testing/notumor/Te-no_0070.jpg,2,no_tumor,2,0.022186378,0.108752936,0.86905885,1.9362224e-06
Testing/notumor/Te-no_0071.jpg,2,no_tumor,2,0.14152586,0.38549265,0.47296888,1.26962705e-05
Testing/notumor/Te-no_0072.jpg,2,no_tumor,2,8.3539075e-05,0.0015106429,0.99840564,1.4251074e-07
Testing/notumor/Te-no_0073.jpg,2,no_tumor,2,0.034463104,0.053836823,0.911699,1.0363236e-06
Testing/notumor/Te-no_0074.jpg,2,no_tumor,2,0.20331973,0.031047659,0.76558524,4.7383364e-05
Testing/notumor/Te-no_0075.jpg,2,no_tumor,2,0.052906785,0.2120893,0.7349846,1.935513e-05
Testing/notumor/Te-no_0076.jpg,2,no_tumor,2,0.0013271186,0.0038470053,0.9948258,5.8262575e-08
Testing/notumor/Te-no_0077.jpg,2,no_tumor,2,1.0632997e-05,0.00020562431,0.9997838,2.6618756e-09
Testing/notumor/Te-no_0078.jpg,2,no_tumor,2,0.044334188,0.3832063,0.5724431,1.6382508e-05
Testing/notumor/Te-no_0079.jpg,2,no_tumor,2,0.070448264,0.25388145,0.6751048,0.0005654048
Testing/notumor/Te-no_0080.jpg,2,no_tumor,2,0.0015353846,0.0069925813,0.9914688,3.1990135e-06
Testing/notumor/Te-no_0081.jpg,2,no_tumor,2,0.011249318,0.020668248,0.9680799,2.5065071e-06
Testing/notumor/Te-no_0082.jpg,2,no_tumor,2,1.1107436e-05,0.00021544231,0.99977344,2.6308915e-09
Testing/notumor/Te-no_0083.jpg,2,no_tumor,2,3.2868268e-06,0.00035372088,0.99964297,4.454982e-09
Testing/notumor/Te-no_0084.jpg,2,no_tumor,2,0.017037608,0.018127602,0.9648335,1.2598915e-06
Testing/notumor/Te-no_0085.jpg,2,no_tumor,2,0.0019188697,0.19880831,0.79926926,3.652144e-06
Testing/notumor/Te-no_0086.jpg,2,no_tumor,2,0.07032383,0.08690866,0.84276474,2.7326307e-06
Testing/notumor/Te-no_0087.jpg,2,no_tumor,2,0.0018793731,0.002146688,0.9959735,4.3523258e-07
Testing/notumor/Te-no_0088.jpg,2,no_tumor,2,0.00095225,0.13237429,0.8666729,6.102883e-07
Testing/notumor/Te-no_0089.jpg,2,no_tumor,2,0.0067467494,0.002823226,0.9904283,1.6231537e-06
Testing/notumor/Te-no_0090.jpg,2,no_tumor,2,0.00084058504,0.077316485,0.9218426,3.2511065e-07
Testing/notumor/Te-no_0091.jpg,2,no_tumor,2,0.0002686915,0.0024929575,0.9972383,1.9130642e-08
Testing/notumor/Te-no_0092.jpg,2,no_tumor,2,0.023545075,0.0065097166,0.96994376,1.4233716e-06
Testing/notumor/Te-no_0093.jpg,2,no_tumor,2,3.2868268e-06,0.00035372088,0.99964297,4.454982e-09
Testing/notumor/Te-no_0094.jpg,2,no_tumor,2,0.07359691,0.0050558792,0.9213415,5.7903007e-06
Testing/notumor/Te-no_0095.jpg,2,no_tumor,2,0.021390814,0.010505547,0.9681036,3.063462e-08
Testing/notumor/Te-no_0096.jpg,2,no_tumor,2,0.011845257,0.003175368,0.98497784,1.5246715e-06
Testing/notumor/Te-no_0097.jpg,2,no_tumor,2,0.17609172,0.2632208,0.5606615,2.60295e-05
Testing/notumor/Te-no_0098.jpg,2,no_tumor,1,0.02163359,0.81400627,0.16435334,6.7965257e-06
Testing/notumor/Te-no_0099.jpg,2,no_tumor,2,0.021175785,0.061962515,0.9168583,3.2912324e-06
Testing/notumor/Te-no_0100.jpg,2,no_tumor,2,0.00078072975,0.030628363,0.9685897,1.1297273e-06
Testing/notumor/Te-no_0101.jpg,2,no_tumor,1,0.14781414,0.42687684,0.42530444,4.6528e-06
Testing/notumor/Te-no_0102.jpg,2,no_tumor,2,0.010218876,0.0429162,0.9468626,2.263501e-06
Testing/notumor/Te-no_0103.jpg,2,no_tumor,2,0.00014917698,0.0022248481,0.9976254,5.7073004e-07
Testing/notumor/Te-no_0104.jpg,2,no_tumor,1,0.29772055,0.4808691,0.22106564,0.00034477096
Testing/notumor/Te-no_0105.jpg,2,no_tumor,2,8.0871345e-05,0.00088059914,0.9990386,1.1852377e-09
Testing/notumor/Te-no_0106.jpg,2,no_tumor,2,5.5122637e-06,0.00019793911,0.99979657,5.891447e-10
Testing/notumor/Te-no_0107.jpg,2,no_tumor,2,0.00055188267,0.0006687732,0.99877936,1.4663343e-08
Testing/notumor/Te-no_0108.jpg,2,no_tumor,2,0.00077972875,0.0018900568,0.9973265,3.757819e-06
Testing/notumor/Te-no_0109.jpg,2,no_tumor,2,0.008602109,0.04415734,0.9472398,7.644813e-07
Testing/notumor/Te-no_0110.jpg,2,no_tumor,2,5.9707407e-05,0.00029236134,0.999648,1.1591488e-09
Testing/notumor/Te-no_0111.jpg,2,no_tumor,2,0.017925665,0.14492345,0.8371507,1.4723986e-07
Testing/notumor/Te-no_0112.jpg,2,no_tumor,2,0.00011544238,0.00042307586,0.9994615,1.8498012e-09
Testing/notumor/Te-no_0113.jpg,2,no_tumor,2,0.00014508786,0.004139154,0.9957158,3.6815588e-09
Testing/notumor/Te-no_0114.jpg,2,no_tumor,2,0.00010624548,0.026380388,0.97351325,8.128705e-08
Testing/notumor/Te-no_0115.jpg,2,no_tumor,2,0.0017674193,0.018050382,0.98018205,1.1788172e-07
Testing/notumor/Te-no_0116.jpg,2,no_tumor,2,3.0429948e-05,0.00047170106,0.9994979,4.1927217e-09
Testing/notumor/Te-no_0117.jpg,2,no_tumor,2,0.00014818425,0.009925119,0.9899267,1.9030082e-08
Testing/notumor/Te-no_0118.jpg,2,no_tumor,2,0.013607868,0.08352497,0.9028659,1.301254e-06
Testing/notumor/Te-no_0119.jpg,2,no_tumor,2,0.0003349018,0.002259947,0.9974051,2.3829125e-08
Testing/notumor/Te-no_0120.jpg,2,no_tumor,2,0.00033488192,0.0004398977,0.99922526,4.1642952e-08
Testing/notumor/Te-no_0121.jpg,2,no_tumor,2,0.0007652759,0.009153352,0.99007976,1.6296166e-06
Testing/notumor/Te-no_0122.jpg,2,no_tumor,2,0.0029506243,0.04735914,0.9496901,8.720136e-08
Testing/notumor/Te-no_0123.jpg,2,no_tumor,2,0.00038676927,0.008371319,0.99124193,3.5872738e-09
Testing/notumor/Te-no_0124.jpg,2,no_tumor,2,9.2870396e-05,0.00055337243,0.9993537,3.818313e-09
Testing/notumor/Te-no_0125.jpg,2,no_tumor,2,0.07324568,0.080261365,0.846489,3.9091706e-06
Testing/notumor/Te-no_0126.jpg,2,no_tumor,2,0.08495586,0.3178457,0.59613156,0.00106684
Testing/notumor/Te-no_0127.jpg,2,no_tumor,2,0.006957341,0.0077551673,0.9852823,5.1879906e-06
Testing/notumor/Te-no_0128.jpg,2,no_tumor,2,0.0025344049,0.055936243,0.9415268,2.6005307e-06
Testing/notumor/Te-no_0129.jpg,2,no_tumor,2,0.0001311964,0.0076167276,0.99224454,7.5555645e-06
Testing/notumor/Te-no_0130.jpg,2,no_tumor,2,0.0003791443,0.0013031749,0.9983176,7.834765e-08
Testing/notumor/Te-no_0131.jpg,2,no_tumor,2,0.00047417186,0.002886548,0.9966388,4.4608493e-07
Testing/notumor/Te-no_0132.jpg,2,no_tumor,2,0.00010731432,0.00081323116,0.99907935,8.8208154e-08
Testing/notumor/Te-no_0133.jpg,2,no_tumor,2,0.007561499,0.030014992,0.96242344,2.9888167e-08
Testing/notumor/Te-no_0134.jpg,2,no_tumor,2,0.00012078345,0.0005599151,0.9993192,1.0369676e-07
Testing/notumor/Te-no_0135.jpg,2,no_tumor,2,0.02676508,0.027970511,0.9452624,2.0841221e-06
Testing/notumor/Te-no_0136.jpg,2,no_tumor,2,0.020981792,0.09732243,0.8816492,4.6557616e-05
Testing/notumor/Te-no_0137.jpg,2,no_tumor,2,0.00020594502,0.0014296827,0.99836427,1.17349e-07
Testing/notumor/Te-no_0138.jpg,2,no_tumor,2,0.015033687,0.03340697,0.95150316,5.6259854e-05
Testing/notumor/Te-no_0139.jpg,2,no_tumor,2,2.1270478e-05,8.850866e-05,0.9998902,1.5243389e-08
Testing/notumor/Te-no_0140.jpg,2,no_tumor,2,0.022270769,0.046977386,0.9307491,2.755699e-06
Testing/notumor/Te-no_0141.jpg,2,no_tumor,2,5.857398e-06,6.210631e-05,0.99993205,4.8672e-10
Testing/notumor/Te-no_0142.jpg,2,no_tumor,2,9.759283e-05,0.005277583,0.9946248,3.6242017e-08
Testing/notumor/Te-no_0143.jpg,2,no_tumor,2,1.5902428e-07,1.971915e-05,0.9999802,2.665141e-10
Testing/notumor/Te-no_0144.jpg,2,no_tumor,2,1.9270279e-07,2.3156335e-05,0.99997663,3.6916736e-10
Testing/notumor/Te-no_0145.jpg,2,no_tumor,2,5.129444e-05,6.0715014e-05,0.99988806,1.5139248e-08
Testing/notumor/Te-no_0146.jpg,2,no_tumor,2,0.0010326186,0.035466686,0.9635007,2.5483415e-09
Testing/notumor/Te-no_0147.jpg,2,no_tumor,2,0.00015499411,0.013479453,0.98636556,1.5694335e-08
Testing/notumor/Te-no_0148.jpg,2,no_tumor,2,0.00019834819,0.0013019603,0.99849963,1.566627e-07
Testing/notumor/Te-no_0149.jpg,2,no_tumor,2,0.00037713835,0.0014350669,0.9981877,9.384103e-08
Testing/notumor/Te-no_0150.jpg,2,no_tumor,2,0.0024377997,0.03141768,0.966137,7.4714208e-06
Testing/notumor/Te-no_0151.jpg,2,no_tumor,2,5.422124e-06,0.00014329475,0.99985135,1.2591844e-09
Testing/notumor/Te-no_0152.jpg,2,no_tumor,2,2.1274843e-06,9.1923794e-05,0.99990594,1.9035764e-09
Testing/notumor/Te-no_0153.jpg,2,no_tumor,2,7.8923666e-05,0.0015602175,0.9983608,1.57473e-08
Testing/notumor/Te-no_0154.jpg,2,no_tumor,2,0.0010514847,0.005051851,0.99389666,3.0249012e-08
Testing/notumor/Te-no_0155.jpg,2,no_tumor,2,0.02521458,0.017726108,0.95705825,9.68976e-07
Testing/notumor/Te-no_0156.jpg,2,no_tumor,2,0.055984806,0.38555077,0.5584309,3.3486634e-05
Testing/notumor/Te-no_0157.jpg,2,no_tumor,2,0.00011886149,0.001360805,0.9985203,2.5625975e-09
Testing/notumor/Te-no_0158.jpg,2,no_tumor,2,7.98963e-05,0.0004737457,0.9994462,1.3678464e-07
Testing/notumor/Te-no_0159.jpg,2,no_tumor,2,8.924656e-06,0.0002751685,0.99971586,4.874192e-10
Testing/notumor/Te-no_0160.jpg,2,no_tumor,2,1.6004924e-08,6.2226436e-06,0.9999938,8.052897e-12
Testing/notumor/Te-no_0161.jpg,2,no_tumor,2,1.6419277e-05,0.00034452,0.9996389,9.196609e-08
Testing/notumor/Te-no_0162.jpg,2,no_tumor,2,0.00015468447,0.024491142,0.9753542,5.8893544e-08
Testing/notumor/Te-no_0163.jpg,2,no_tumor,2,9.474071e-06,9.73731e-05,0.9998932,5.4517578e-11
Testing/notumor/Te-no_0164.jpg,2,no_tumor,2,0.0030855597,0.12756665,0.8693463,1.3809791e-06
Testing/notumor/Te-no_0165.jpg,2,no_tumor,2,2.1876367e-06,0.00010896585,0.9998889,8.760629e-09
Testing/notumor/Te-no_0166.jpg,2,no_tumor,2,0.0012673602,0.006355484,0.99237716,2.1729564e-08
Testing/notumor/Te-no_0167.jpg,2,no_tumor,2,3.62485e-05,0.00050199585,0.9994618,4.6424344e-09
Testing/notumor/Te-no_0168.jpg,2,no_tumor,2,0.0010545297,0.0018053105,0.99713993,3.537435e-07
Testing/notumor/Te-no_0169.jpg,2,no_tumor,2,1.8803936e-06,8.27417e-05,0.99991536,4.6350186e-09
Testing/notumor/Te-no_0170.jpg,2,no_tumor,2,0.001811471,0.009103264,0.9890854,4.434503e-09
Testing/notumor/Te-no_0171.jpg,2,no_tumor,2,4.376922e-05,0.002819188,0.99713695,8.310585e-08
Testing/notumor/Te-no_0172.jpg,2,no_tumor,2,7.457911e-05,0.00075321476,0.9991722,2.1532259e-08
Testing/notumor/Te-no_0173.jpg,2,no_tumor,2,0.0029867545,0.01175161,0.9852608,8.099455e-07
Testing/notumor/Te-no_0174.jpg,2,no_tumor,2,8.0904734e-05,0.0050986162,0.99481994,5.559339e-07
Testing/notumor/Te-no_0175.jpg,2,no_tumor,2,3.0892054e-06,0.0003661654,0.9996307,1.9845463e-09
Testing/notumor/Te-no_0176.jpg,2,no_tumor,2,8.297124e-05,0.00060825783,0.9993088,2.5616131e-10
Testing/notumor/Te-no_0177.jpg,2,no_tumor,2,0.00021423129,0.013022441,0.9867633,2.7715442e-08
Testing/notumor/Te-no_0178.jpg,2,no_tumor,2,0.0006516248,0.002415788,0.9969319,6.8406325e-07
Testing/notumor/Te-no_0179.jpg,2,no_tumor,2,3.9681354e-06,9.825395e-05,0.99989784,5.2215055e-10
Testing/notumor/Te-no_0180.jpg,2,no_tumor,2,0.00010712403,0.0047862343,0.9951066,6.237299e-08
Testing/notumor/Te-no_0181.jpg,2,no_tumor,2,4.873842e-05,0.00037938813,0.99957186,2.4270636e-10
Testing/notumor/Te-no_0182.jpg,2,no_tumor,2,3.3460594e-05,0.0013843534,0.99858224,1.6834726e-08
Testing/notumor/Te-no_0183.jpg,2,no_tumor,2,0.0016741983,0.0028075648,0.99551827,1.6467439e-08
Testing/notumor/Te-no_0184.jpg,2,no_tumor,2,0.00085517706,0.00027956135,0.99886525,1.2682434e-10
Testing/notumor/Te-no_0185.jpg,2,no_tumor,2,0.0029183393,0.0045745843,0.9925062,7.7524925e-07
Testing/notumor/Te-no_0186.jpg,2,no_tumor,2,0.00019855087,0.005313274,0.9944882,1.915226e-08
Testing/notumor/Te-no_0187.jpg,2,no_tumor,2,8.9949265e-07,4.6268106e-05,0.9999528,1.7255686e-09
Testing/notumor/Te-no_0188.jpg,2,no_tumor,2,0.0011612029,0.0039822115,0.99485415,2.4897845e-06
Testing/notumor/Te-no_0189.jpg,2,no_tumor,2,5.4836555e-06,3.2148528e-05,0.99996233,2.863506e-10
Testing/notumor/Te-no_0190.jpg,2,no_tumor,2,0.00014766154,0.0046648914,0.9951874,7.424704e-09
Testing/notumor/Te-no_0191.jpg,2,no_tumor,2,4.8658705e-05,0.00059143396,0.9993599,1.1224364e-08
Testing/notumor/Te-no_0192.jpg,2,no_tumor,2,8.878532e-06,6.6636894e-05,0.99992454,3.5996002e-09
Testing/notumor/Te-no_0193.jpg,2,no_tumor,2,0.013532092,0.040508837,0.94595504,3.9944407e-06
Testing/notumor/Te-no_0194.jpg,2,no_tumor,2,4.18065e-06,0.00011355741,0.9998822,9.363931e-10
Testing/notumor/Te-no_0195.jpg,2,no_tumor,2,2.8032667e-07,3.906677e-05,0.99996066,3.3106132e-10
Testing/notumor/Te-no_0196.jpg,2,no_tumor,2,0.00033702285,0.001356337,0.9983065,1.0032448e-07
Testing/notumor/Te-no_0197.jpg,2,no_tumor,2,4.124268e-05,0.00030565553,0.9996531,1.8044004e-09
Testing/notumor/Te-no_0198.jpg,2,no_tumor,2,7.2552684e-06,8.277338e-05,0.99991,7.6605183e-10
Testing/notumor/Te-no_0199.jpg,2,no_tumor,2,0.0032819868,0.008395258,0.9883216,1.0823317e-06
Testing/notumor/Te-no_0200.jpg,2,no_tumor,2,0.005449417,0.018487684,0.97606194,9.642e-07
Testing/notumor/Te-no_0201.jpg,2,no_tumor,2,0.03560844,0.098179355,0.8662116,5.737743e-07
Testing/notumor/Te-no_0202.jpg,2,no_tumor,2,0.00047411863,0.0013525318,0.99817336,4.019146e-09
Testing/notumor/Te-no_0203.jpg,2,no_tumor,2,0.003341071,0.002841537,0.99381644,9.1026607e-07
Testing/notumor/Te-no_0204.jpg,2,no_tumor,2,0.0017756675,0.19010185,0.8081223,1.9608004e-07
Testing/notumor/Te-no_0205.jpg,2,no_tumor,2,6.886807e-05,0.0006014515,0.9993297,4.1597823e-09
Testing/notumor/Te-no_0206.jpg,2,no_tumor,2,0.00063889654,0.017299542,0.98206145,1.8960483e-07
Testing/notumor/Te-no_0207.jpg,2,no_tumor,2,9.806876e-06,0.0024133876,0.9975769,1.090474e-08
Testing/notumor/Te-no_0208.jpg,2,no_tumor,2,0.0007367182,0.13248941,0.8667738,4.4580183e-08
Testing/notumor/Te-no_0209.jpg,2,no_tumor,2,0.00078521506,0.28016225,0.71905166,8.7912616e-07
Testing/notumor/Te-no_0210.jpg,2,no_tumor,2,0.0004883933,0.0006818568,0.99882966,8.078841e-08
Testing/notumor/Te-no_0211.jpg,2,no_tumor,2,0.005836002,0.09688022,0.89728326,5.8180717e-07
Testing/notumor/Te-no_0212.jpg,2,no_tumor,2,0.00014002566,0.005976773,0.9938829,3.3185313e-07
Testing/notumor/Te-no_0213.jpg,2,no_tumor,2,0.0007781688,0.003551153,0.9956707,4.7699057e-08
Testing/notumor/Te-no_0214.jpg,2,no_tumor,2,0.0517079,0.1276178,0.8206614,1.2882654e-05
Testing/notumor/Te-no_0215.jpg,2,no_tumor,2,0.008006246,0.008536966,0.9834435,1.3247509e-05
Testing/notumor/Te-no_0216.jpg,2,no_tumor,2,0.03624551,0.19714598,0.7666077,7.649898e-07
Testing/notumor/Te-no_0217.jpg,2,no_tumor,2,0.00013329339,0.0008785442,0.9989882,2.2650786e-09
Testing/notumor/Te-no_0218.jpg,2,no_tumor,2,0.00062391075,0.009095226,0.9902801,7.646767e-07
Testing/notumor/Te-no_0219.jpg,2,no_tumor,2,0.00041275113,0.008217261,0.99136984,7.4372075e-08
Testing/notumor/Te-no_0220.jpg,2,no_tumor,2,0.0671456,0.07863473,0.8542189,7.1893123e-07
Testing/notumor/Te-no_0221.jpg,2,no_tumor,2,5.9927483e-05,0.0012537022,0.9986864,1.3368835e-09
Testing/notumor/Te-no_0222.jpg,2,no_tumor,2,0.042325426,0.08530392,0.8723531,1.766454e-05
Testing/notumor/Te-no_0223.jpg,2,no_tumor,2,0.0075442963,0.30078113,0.6916662,8.338348e-06
Testing/notumor/Te-no_0224.jpg,2,no_tumor,2,0.00092797296,0.017095052,0.9819758,1.2173923e-06
Testing/notumor/Te-no_0225.jpg,2,no_tumor,2,0.32899967,0.1474238,0.5233056,0.0002708961
Testing/notumor/Te-no_0226.jpg,2,no_tumor,0,0.47927377,0.16062479,0.3600637,3.7801205e-05
Testing/notumor/Te-no_0227.jpg,2,no_tumor,2,0.047344927,0.06418379,0.888445,2.6326374e-05
Testing/notumor/Te-no_0228.jpg,2,no_tumor,2,0.0011067924,0.05470282,0.94419044,3.334356e-08
Testing/notumor/Te-no_0229.jpg,2,no_tumor,2,3.885724e-06,0.00018269534,0.9998134,8.066712e-11
Testing/notumor/Te-no_0230.jpg,2,no_tumor,2,0.00061947847,0.003083468,0.99629694,7.90581e-08
Testing/notumor/Te-no_0231.jpg,2,no_tumor,2,0.00033771878,0.0020938064,0.99756795,4.818892e-07
Testing/notumor/Te-no_0232.jpg,2,no_tumor,2,0.0010422878,0.0037039383,0.99525356,2.7613422e-07
Testing/notumor/Te-no_0233.jpg,2,no_tumor,2,1.2511723e-06,6.259099e-05,0.9999362,8.2239535e-11
Testing/notumor/Te-no_0234.jpg,2,no_tumor,2,0.007202593,0.038005166,0.95479226,1.1040935e-08
Testing/notumor/Te-no_0235.jpg,2,no_tumor,2,0.006099276,0.008068373,0.98583233,5.135994e-09
Testing/notumor/Te-no_0236.jpg,2,no_tumor,2,0.0006490893,0.0015189981,0.99783164,2.4897156e-07
Testing/notumor/Te-no_0237.jpg,2,no_tumor,2,0.008022872,0.009033395,0.9829426,1.0704166e-06
Testing/notumor/Te-no_0238.jpg,2,no_tumor,2,7.513542e-05,0.00030601572,0.99961877,1.6918515e-08
Testing/notumor/Te-no_0239.jpg,2,no_tumor,2,0.014404703,0.06486468,0.9207303,2.4902528e-07
Testing/notumor/Te-no_0240.jpg,2,no_tumor,2,0.00018873031,0.0010453941,0.9987658,5.090331e-08
Testing/notumor/Te-no_0241.jpg,2,no_tumor,2,0.00012775937,0.007276734,0.99259055,4.899213e-06
Testing/notumor/Te-no_0242.jpg,2,no_tumor,2,0.01799082,0.034404162,0.947605,1.09542775e-07
Testing/notumor/Te-no_0243.jpg,2,no_tumor,2,0.004403238,0.047654983,0.9479416,1.5050077e-07
Testing/notumor/Te-no_0244.jpg,2,no_tumor,2,0.00070371834,0.0014919507,0.99780434,1.4951636e-08
Testing/notumor/Te-no_0245.jpg,2,no_tumor,2,0.0012900195,0.0058765667,0.9928329,5.035127e-07
Testing/notumor/Te-no_0246.jpg,2,no_tumor,2,2.8153472e-05,0.0048800386,0.9950918,8.987044e-08
Testing/notumor/Te-no_0247.jpg,2,no_tumor,2,0.004542946,0.013977393,0.98147905,6.027089e-07
Testing/notumor/Te-no_0248.jpg,2,no_tumor,2,0.34240058,0.1115328,0.5459459,0.00012077789
Testing/notumor/Te-no_0249.jpg,2,no_tumor,2,0.00039803766,0.0135886315,0.98601335,4.8987743e-09
Testing/notumor/Te-no_0250.jpg,2,no_tumor,2,1.17525765e-07,1.9293304e-05,0.99998057,3.6295612e-11
Testing/notumor/Te-no_0251.jpg,2,no_tumor,2,0.00017846316,0.015234972,0.9845866,1.502862e-08
Testing/notumor/Te-no_0252.jpg,2,no_tumor,2,0.0006928568,0.2662394,0.7330674,4.5799905e-07
Testing/notumor/Te-no_0253.jpg,2,no_tumor,2,7.3295065e-05,0.0076444736,0.9922822,1.1828518e-08
Testing/notumor/Te-no_0254.jpg,2,no_tumor,2,0.0016820381,0.012535576,0.98578185,6.4251884e-07
Testing/notumor/Te-no_0255.jpg,2,no_tumor,2,0.00023601689,0.0012597626,0.99850404,2.0109013e-07
Testing/notumor/Te-no_0256.jpg,2,no_tumor,2,0.00015426165,0.00040819932,0.9994374,6.3099655e-08
Testing/notumor/Te-no_0257.jpg,2,no_tumor,2,1.1613386e-06,3.102184e-05,0.9999678,5.977929e-12
Testing/notumor/Te-no_0258.jpg,2,no_tumor,2,5.901e-06,3.945747e-05,0.9999546,4.879245e-10
Testing/notumor/Te-no_0259.jpg,2,no_tumor,2,0.00013832576,0.0068543497,0.9930072,3.885581e-08
Testing/notumor/Te-no_0260.jpg,2,no_tumor,2,0.005509367,0.02157578,0.9729125,2.313887e-06
Testing/notumor/Te-no_0261.jpg,2,no_tumor,2,8.499353e-05,0.00081613165,0.9990982,7.0066017e-07
Testing/notumor/Te-no_0262.jpg,2,no_tumor,2,2.9150044e-05,0.0039282856,0.9960426,6.227907e-08
Testing/notumor/Te-no_0263.jpg,2,no_tumor,2,1.1754415e-06,4.1562624e-05,0.9999572,3.7007828e-09
Testing/notumor/Te-no_0264.jpg,2,no_tumor,2,4.8834682e-08,1.3129784e-06,0.9999987,1.3670779e-12
Testing/notumor/Te-no_0265.jpg,2,no_tumor,2,8.8517545e-06,0.000252721,0.9997384,1.2486243e-10
Testing/notumor/Te-no_0266.jpg,2,no_tumor,2,0.0001305002,0.0013751211,0.99849427,9.9165234e-08
Testing/notumor/Te-no_0267.jpg,2,no_tumor,2,1.7535316e-06,0.0002909889,0.99970716,2.8015096e-10
Testing/notumor/Te-no_0268.jpg,2,no_tumor,2,1.2360647e-06,0.0004004346,0.99959844,4.2600673e-10
Testing/notumor/Te-no_0269.jpg,2,no_tumor,2,3.1168405e-05,7.022515e-05,0.9998987,4.1538075e-09
Testing/notumor/Te-no_0270.jpg,2,no_tumor,2,3.0725557e-06,0.001487303,0.9985096,3.4533763e-09
Testing/notumor/Te-no_0271.jpg,2,no_tumor,2,1.13608e-05,0.012678949,0.98730963,4.1688657e-09
Testing/notumor/Te-no_0272.jpg,2,no_tumor,2,0.00047793833,0.0037637565,0.99575824,9.580573e-08
Testing/notumor/Te-no_0273.jpg,2,no_tumor,2,0.00081140146,0.00350191,0.9956867,5.8234053e-09
Testing/notumor/Te-no_0274.jpg,2,no_tumor,2,0.0032471158,0.1291848,0.8675657,2.347463e-06
Testing/notumor/Te-no_0275.jpg,2,no_tumor,2,8.383212e-06,0.0012933153,0.99869835,5.9123515e-09
Testing/notumor/Te-no_0276.jpg,2,no_tumor,2,0.0070979446,0.0818488,0.91087204,0.00018118686
Testing/notumor/Te-no_0277.jpg,2,no_tumor,2,0.00027849566,0.0029532916,0.996768,1.9678819e-07
Testing/notumor/Te-no_0278.jpg,2,no_tumor,2,3.0119298e-05,0.00053822395,0.99943155,3.5649412e-09
Testing/notumor/Te-no_0279.jpg,2,no_tumor,2,2.1836433e-06,0.00051689526,0.999481,9.790647e-10
Testing/notumor/Te-no_0280.jpg,2,no_tumor,2,6.708764e-07,9.080545e-06,0.9999902,6.18057e-12
Testing/notumor/Te-no_0281.jpg,2,no_tumor,2,0.00016584955,0.00218099,0.99765307,2.2526996e-09
Testing/notumor/Te-no_0282.jpg,2,no_tumor,2,1.6911649e-06,8.736077e-05,0.99991095,6.149232e-10
Testing/notumor/Te-no_0283.jpg,2,no_tumor,2,0.0005579496,0.0013531973,0.9980889,8.588739e-11
Testing/notumor/Te-no_0284.jpg,2,no_tumor,2,0.00011398583,0.006493909,0.99339193,4.490989e-08
Testing/notumor/Te-no_0285.jpg,2,no_tumor,2,1.1297521e-08,3.054444e-06,0.9999969,1.533935e-11
Testing/notumor/Te-no_0286.jpg,2,no_tumor,2,5.4836757e-05,0.0005086832,0.99943644,2.3845728e-10
Testing/notumor/Te-no_0287.jpg,2,no_tumor,2,0.00013115468,0.008027936,0.99184096,2.252291e-08
Testing/notumor/Te-no_0288.jpg,2,no_tumor,2,6.5196495e-05,0.002846139,0.9970886,5.6656578e-08
Testing/notumor/Te-no_0289.jpg,2,no_tumor,2,3.5584264e-08,2.5661668e-06,0.9999974,2.5756868e-12
Testing/notumor/Te-no_0290.jpg,2,no_tumor,2,0.0002330585,0.0016918082,0.9980751,1.5154793e-10
Testing/notumor/Te-no_0291.jpg,2,no_tumor,2,6.192554e-06,0.0001847561,0.9998091,5.5395033e-10
Testing/notumor/Te-no_0292.jpg,2,no_tumor,2,5.100364e-08,4.1011626e-06,0.99999595,3.8373926e-11
Testing/notumor/Te-no_0293.jpg,2,no_tumor,2,7.939246e-07,6.804145e-05,0.9999311,8.9657747e-11
Testing/notumor/Te-no_0294.jpg,2,no_tumor,2,0.00078051834,0.003941709,0.99527776,1.1426811e-08
Testing/notumor/Te-no_0295.jpg,2,no_tumor,2,3.0636595e-05,0.0006699627,0.9992994,4.501617e-09
Testing/notumor/Te-no_0296.jpg,2,no_tumor,2,0.00024879922,0.014161533,0.9855891,5.6355236e-07
Testing/notumor/Te-no_0297.jpg,2,no_tumor,2,0.0022861608,0.0086936895,0.98901993,1.283838e-07
Testing/notumor/Te-no_0298.jpg,2,no_tumor,2,0.0013760566,0.003082175,0.99554163,7.070647e-08
Testing/notumor/Te-no_0299.jpg,2,no_tumor,2,0.000367154,0.0036121455,0.9960205,2.2020143e-07
Testing/notumor/Te-no_0300.jpg,2,no_tumor,2,1.7109533e-05,0.0007796791,0.99920315,1.8752552e-10
Testing/notumor/Te-no_0301.jpg,2,no_tumor,2,3.800493e-05,0.017282527,0.9826795,2.5249483e-08
Testing/notumor/Te-no_0302.jpg,2,no_tumor,2,7.9433616e-05,0.00064393657,0.9992766,4.4936224e-09
Testing/notumor/Te-no_0303.jpg,2,no_tumor,2,5.389809e-06,0.0009230871,0.9990715,1.9351269e-08
Testing/notumor/Te-no_0304.jpg,2,no_tumor,2,0.0006786608,0.074383564,0.9249371,6.3751384e-07
Testing/notumor/Te-no_0305.jpg,2,no_tumor,2,0.0008603025,0.16072387,0.83841574,5.0149065e-08
Testing/notumor/Te-no_0306.jpg,2,no_tumor,2,0.001197341,0.4923017,0.5064993,1.676448e-06
Testing/notumor/Te-no_0307.jpg,2,no_tumor,2,0.004349242,0.071019486,0.92463094,3.6759e-07
Testing/notumor/Te-no_0308.jpg,2,no_tumor,2,0.0043260204,0.010591921,0.98508203,5.463183e-08
Testing/notumor/Te-no_0309.jpg,2,no_tumor,2,0.010733898,0.10656214,0.8827036,2.8103975e-07
Testing/notumor/Te-no_0310.jpg,2,no_tumor,2,0.08412363,0.2737084,0.6421234,4.4509303e-05
Testing/notumor/Te-no_0311.jpg,2,no_tumor,2,0.037457965,0.23919804,0.7233424,1.5761608e-06
Testing/notumor/Te-no_0312.jpg,2,no_tumor,2,0.0010200148,0.000314723,0.9986652,2.1309604e-10
Testing/notumor/Te-no_0313.jpg,2,no_tumor,2,0.019106653,0.011275635,0.9696153,2.465005e-06
Testing/notumor/Te-no_0314.jpg,2,no_tumor,2,5.0016224e-06,0.002601433,0.9973936,6.9629005e-09
Testing/notumor/Te-no_0315.jpg,2,no_tumor,2,6.932461e-07,3.5236895e-05,0.999964,1.6599281e-09
Testing/notumor/Te-no_0316.jpg,2,no_tumor,2,1.9797964e-05,0.00019575107,0.9997845,6.637046e-09
Testing/notumor/Te-no_0317.jpg,2,no_tumor,2,0.00023026072,0.006394183,0.9933756,2.0139009e-08
Testing/notumor/Te-no_0318.jpg,2,no_tumor,2,4.537569e-06,0.00011867058,0.99987674,1.3249388e-09
Testing/notumor/Te-no_0319.jpg,2,no_tumor,2,0.00022454807,0.0007152963,0.9990601,1.4877865e-07
Testing/notumor/Te-no_0320.jpg,2,no_tumor,2,0.0004294989,0.0013799962,0.99819046,1.14471725e-07
Testing/notumor/Te-no_0321.jpg,2,no_tumor,2,0.004847918,0.0016275066,0.9935243,3.3606975e-07
Testing/notumor/Te-no_0322.jpg,2,no_tumor,2,8.520324e-06,0.0001034842,0.99988806,6.833038e-10
Testing/notumor/Te-no_0323.jpg,2,no_tumor,2,0.0001617602,0.002010619,0.9978275,1.1142469e-07
Testing/notumor/Te-no_0324.jpg,2,no_tumor,2,0.00034615182,0.0017157629,0.9979371,1.053968e-06
Testing/notumor/Te-no_0325.jpg,2,no_tumor,2,0.0001514467,0.006526852,0.9933217,2.8001355e-09
Testing/notumor/Te-no_0326.jpg,2,no_tumor,2,0.0001708858,0.01419433,0.98563486,2.2885066e-08
Testing/notumor/Te-no_0327.jpg,2,no_tumor,2,4.437283e-05,0.00072366785,0.99923193,9.4301065e-09
Testing/notumor/Te-no_0328.jpg,2,no_tumor,2,0.004076604,0.11236496,0.88355714,1.2609562e-06
Testing/notumor/Te-no_0329.jpg,2,no_tumor,2,1.9839434e-05,0.00046629767,0.99951375,9.915573e-09
Testing/notumor/Te-no_0330.jpg,2,no_tumor,2,0.00060948177,0.0015011248,0.9978891,2.650992e-07
Testing/notumor/Te-no_0331.jpg,2,no_tumor,2,0.008549639,0.00933144,0.98211884,1.2360768e-07
Testing/notumor/Te-no_0332.jpg,2,no_tumor,2,5.9115323e-06,0.0002408021,0.9997533,8.1886475e-10
Testing/notumor/Te-no_0333.jpg,2,no_tumor,2,0.0028356027,0.013455972,0.9837051,3.3302467e-06
Testing/notumor/Te-no_0334.jpg,2,no_tumor,2,0.00021951074,0.001058281,0.99872214,6.2031926e-09
Testing/notumor/Te-no_0335.jpg,2,no_tumor,2,0.0052936133,0.11846411,0.87624216,6.64428e-08
Testing/notumor/Te-no_0336.jpg,2,no_tumor,2,2.6463007e-05,0.002126758,0.99784684,3.649795e-09
Testing/notumor/Te-no_0337.jpg,2,no_tumor,2,1.0538102e-05,0.0007053242,0.9992842,2.1492404e-08
Testing/notumor/Te-no_0338.jpg,2,no_tumor,2,0.016864939,0.05446049,0.92867386,7.271614e-07
Testing/notumor/Te-no_0339.jpg,2,no_tumor,2,0.00050373207,0.0036476695,0.99584854,4.160891e-08
Testing/notumor/Te-no_0340.jpg,2,no_tumor,2,0.00023833901,0.0020588152,0.9977029,7.026238e-09
Testing/notumor/Te-no_0341.jpg,2,no_tumor,2,0.0029786797,0.033257864,0.96376336,1.0400673e-07
Testing/notumor/Te-no_0342.jpg,2,no_tumor,2,7.297374e-06,4.1932777e-05,0.99995077,1.0572722e-09
Testing/notumor/Te-no_0343.jpg,2,no_tumor,2,0.03889155,0.07741613,0.8836908,1.5511367e-06
Testing/notumor/Te-no_0344.jpg,2,no_tumor,2,0.01836179,0.21389362,0.7677442,3.46882e-07
Testing/notumor/Te-no_0345.jpg,2,no_tumor,2,3.0444273e-05,0.0002358143,0.99973375,3.1087242e-09
Testing/notumor/Te-no_0346.jpg,2,no_tumor,2,0.0004779417,0.0029787424,0.9965429,4.276249e-07
Testing/notumor/Te-no_0347.jpg,2,no_tumor,2,0.0055661444,0.026323246,0.9681106,2.0698272e-08
Testing/notumor/Te-no_0348.jpg,2,no_tumor,2,0.018234927,0.091575,0.89015,4.002264e-05
Testing/notumor/Te-no_0349.jpg,2,no_tumor,2,0.009170614,0.07801423,0.9127679,4.7184178e-05
Testing/notumor/Te-no_0350.jpg,2,no_tumor,2,0.0009111305,0.001821984,0.9972669,2.314256e-08
Testing/notumor/Te-no_0351.jpg,2,no_tumor,2,1.3264963e-05,0.0002704356,0.99971634,1.3020779e-09
Testing/notumor/Te-no_0352.jpg,2,no_tumor,2,2.0562537e-05,0.00012878099,0.9998505,3.2116446e-08
Testing/notumor/Te-no_0353.jpg,2,no_tumor,2,1.8821563e-06,0.00016808315,0.99983,8.6402335e-10
Testing/notumor/Te-no_0354.jpg,2,no_tumor,2,0.0025105793,0.00077624625,0.99671304,1.04935495e-07
Testing/notumor/Te-no_0355.jpg,2,no_tumor,2,0.00070156466,0.0018709389,0.9974275,2.9981816e-08
Testing/notumor/Te-no_0356.jpg,2,no_tumor,2,4.6755435e-05,0.00019347125,0.99975985,5.8133107e-09
Testing/notumor/Te-no_0357.jpg,2,no_tumor,2,0.0004845675,0.0044423416,0.995073,1.0734893e-07
Testing/notumor/Te-no_0358.jpg,2,no_tumor,2,1.009247e-06,5.6362427e-05,0.99994266,1.4075903e-10
Testing/notumor/Te-no_0359.jpg,2,no_tumor,2,0.037726406,0.031995956,0.9302688,8.802354e-06
Testing/notumor/Te-no_0360.jpg,2,no_tumor,2,0.0004868013,0.0012574553,0.99825543,2.3959743e-07
Testing/notumor/Te-no_0361.jpg,2,no_tumor,2,0.00025785746,0.0029091106,0.996833,5.8277863e-09
Testing/notumor/Te-no_0362.jpg,2,no_tumor,2,0.043743983,0.013065512,0.94318825,2.2255501e-06
Testing/notumor/Te-no_0363.jpg,2,no_tumor,2,2.5995283e-05,0.00010280334,0.99987113,3.2756233e-09
Testing/notumor/Te-no_0364.jpg,2,no_tumor,2,1.8699901e-06,0.00012034513,0.9998777,8.90669e-09
Testing/notumor/Te-no_0365.jpg,2,no_tumor,2,0.01694283,0.009845944,0.97320956,1.7324878e-06
Testing/notumor/Te-no_0366.jpg,2,no_tumor,2,0.00038289587,0.00039934678,0.99921775,1.2411671e-08
Testing/notumor/Te-no_0367.jpg,2,no_tumor,2,4.5798149e-07,3.7163147e-05,0.99996233,4.5573673e-11
Testing/notumor/Te-no_0368.jpg,2,no_tumor,2,0.0004895454,0.21347345,0.7860366,4.1159547e-07
Testing/notumor/Te-no_0369.jpg,2,no_tumor,2,2.5911327e-06,1.3208118e-05,0.99998415,9.208369e-12
Testing/notumor/Te-no_0370.jpg,2,no_tumor,2,0.0014743825,0.009624461,0.9889003,8.567501e-07
Testing/notumor/Te-no_0371.jpg,2,no_tumor,2,0.00020332402,0.0007327952,0.9990639,9.506294e-09
Testing/notumor/Te-no_0372.jpg,2,no_tumor,2,0.00018669332,0.00039373888,0.99941957,4.822142e-08
Testing/notumor/Te-no_0373.jpg,2,no_tumor,2,0.0013698905,0.023186013,0.9754437,4.1515491e-07
Testing/notumor/Te-no_0374.jpg,2,no_tumor,2,1.0030599e-06,3.7162135e-05,0.99996185,1.8831485e-09
Testing/notumor/Te-no_0375.jpg,2,no_tumor,2,2.5759491e-05,0.00018095579,0.99979335,3.1551763e-09
Testing/notumor/Te-no_0376.jpg,2,no_tumor,2,0.00044135182,0.0017494124,0.99780923,4.2773873e-08
Testing/notumor/Te-no_0377.jpg,2,no_tumor,2,0.0010308247,0.0036230239,0.995346,6.391502e-08
Testing/notumor/Te-no_0378.jpg,2,no_tumor,2,6.0526345e-06,0.00016191675,0.9998319,1.6234349e-08
Testing/notumor/Te-no_0379.jpg,2,no_tumor,2,0.0027094001,0.03234131,0.96494186,7.435305e-06
Testing/notumor/Te-no_0380.jpg,2,no_tumor,2,0.030653538,0.018850882,0.9504931,2.4819067e-06
Testing/notumor/Te-no_0381.jpg,2,no_tumor,2,4.2961447e-06,4.399927e-05,0.9999517,1.1414855e-09
Testing/notumor/Te-no_0382.jpg,2,no_tumor,2,0.00022739143,0.0022077346,0.9975647,2.3796338e-07
Testing/notumor/Te-no_0383.jpg,2,no_tumor,2,6.860827e-05,0.023340574,0.97659075,5.055704e-08
Testing/notumor/Te-no_0384.jpg,2,no_tumor,2,3.3548044e-05,0.0004465882,0.9995198,4.434934e-09
Testing/notumor/Te-no_0385.jpg,2,no_tumor,2,0.00015755907,0.011306564,0.98853594,2.139744e-08
Testing/notumor/Te-no_0386.jpg,2,no_tumor,2,0.00022495157,0.0018981419,0.9978769,1.083381e-08
Testing/notumor/Te-no_0387.jpg,2,no_tumor,2,0.00015995468,0.0020949119,0.9977449,1.6656647e-07
Testing/notumor/Te-no_0388.jpg,2,no_tumor,2,0.0076759323,0.016848028,0.975476,2.0332328e-08
Testing/notumor/Te-no_0389.jpg,2,no_tumor,2,0.0513722,0.08074449,0.8678803,3.0153267e-06
Testing/notumor/Te-no_0390.jpg,2,no_tumor,2,0.00074766064,0.0028966833,0.99635303,2.594816e-06
Testing/notumor/Te-no_0391.jpg,2,no_tumor,2,0.0030045672,0.006868962,0.9901264,1.6769839e-07
Testing/notumor/Te-no_0392.jpg,2,no_tumor,2,0.0030050136,0.013643876,0.9833508,2.784521e-07
Testing/notumor/Te-no_0393.jpg,2,no_tumor,2,0.0017411037,0.001079499,0.9971794,1.6082131e-09
Testing/notumor/Te-no_0394.jpg,2,no_tumor,2,0.00011576788,0.0052347826,0.99464947,1.8361963e-09
Testing/notumor/Te-no_0395.jpg,2,no_tumor,2,6.529386e-07,2.0836756e-05,0.99997854,1.2190718e-10
Testing/notumor/Te-no_0396.jpg,2,no_tumor,2,0.005726993,0.02835685,0.96591103,5.115577e-06
Testing/notumor/Te-no_0397.jpg,2,no_tumor,2,1.0731029e-05,0.0007687391,0.9992187,1.7979312e-06
Testing/notumor/Te-no_0398.jpg,2,no_tumor,2,5.852532e-05,0.0007854115,0.9991561,1.4749732e-08
Testing/notumor/Te-no_0399.jpg,2,no_tumor,2,0.0034342788,0.103840984,0.89272374,9.3471806e-07
Testing/notumor/Te-no_0400.jpg,2,no_tumor,2,2.9678877e-05,0.00051690877,0.99945337,6.361361e-09
Testing/notumor/Te-no_0401.jpg,2,no_tumor,2,0.007987361,0.05699585,0.9350128,3.957867e-06
Testing/notumor/Te-no_0402.jpg,2,no_tumor,2,7.333925e-06,0.00014098402,0.9998516,8.735641e-09
Testing/notumor/Te-no_0403.jpg,2,no_tumor,2,2.650911e-05,0.00043489283,0.99953854,8.861437e-08
Testing/notumor/Te-no_0404.jpg,2,no_tumor,2,0.008007447,0.008149532,0.98384297,7.354056e-08
Testing/pituitary/Te-piTr_0000.jpg,3,pituitary,0,0.85046464,0.14797404,0.0011235996,0.00043769807
Testing/pituitary/Te-piTr_0001.jpg,3,pituitary,1,0.41308343,0.5638399,0.016334435,0.00674231
Testing/pituitary/Te-piTr_0002.jpg,3,pituitary,1,0.43977386,0.5484614,0.010727357,0.0010374723
Testing/pituitary/Te-piTr_0003.jpg,3,pituitary,0,0.6526783,0.3384913,0.00679185,0.0020384896
Testing/pituitary/Te-piTr_0004.jpg,3,pituitary,0,0.5314326,0.42043918,0.045585733,0.0025424012
Testing/pituitary/Te-piTr_0005.jpg,3,pituitary,2,0.1304662,0.23500378,0.63159955,0.0029305567
Testing/pituitary/Te-piTr_0006.jpg,3,pituitary,1,0.26068908,0.6250215,0.10827425,0.0060151992
Testing/pituitary/Te-piTr_0007.jpg,3,pituitary,1,0.2136731,0.7525456,0.0017752572,0.032005973
Testing/pituitary/Te-piTr_0008.jpg,3,pituitary,1,0.3152124,0.39930663,0.27439833,0.011082735
Testing/pituitary/Te-piTr_0009.jpg,3,pituitary,1,0.08718568,0.645386,0.26068208,0.0067462893
Testing/pituitary/Te-pi_0010.jpg,3,pituitary,1,0.10356334,0.61044025,0.066748865,0.21924756
Testing/pituitary/Te-pi_0011.jpg,3,pituitary,1,0.27503082,0.65751535,0.019910667,0.04754308
Testing/pituitary/Te-pi_0012.jpg,3,pituitary,0,0.6926062,0.30439118,0.0013799038,0.001622685
Testing/pituitary/Te-pi_0013.jpg,3,pituitary,0,0.5315383,0.4675833,0.0008440826,3.4327917e-05
Testing/pituitary/Te-pi_0014.jpg,3,pituitary,1,0.06729667,0.9208384,0.0031546834,0.008710219
Testing/pituitary/Te-pi_0015.jpg,3,pituitary,1,0.05617357,0.893854,0.037886165,0.012086244
Testing/pituitary/Te-pi_0016.jpg,3,pituitary,1,0.07382215,0.8892381,0.03477994,0.0021598942
Testing/pituitary/Te-pi_0017.jpg,3,pituitary,1,0.24665451,0.5310301,0.13604368,0.086271726
Testing/pituitary/Te-pi_0018.jpg,3,pituitary,1,0.019573731,0.91069824,0.0690314,0.0006966073
Testing/pituitary/Te-pi_0019.jpg,3,pituitary,1,0.37879845,0.46815488,0.15061398,0.0024327284
Testing/pituitary/Te-pi_0020.jpg,3,pituitary,1,0.1806669,0.778942,0.010243466,0.030147666
Testing/pituitary/Te-pi_0021.jpg,3,pituitary,1,0.21674901,0.49190906,0.02182884,0.26951307
Testing/pituitary/Te-pi_0022.jpg,3,pituitary,0,0.6661283,0.3242397,0.009121475,0.0005105743
Testing/pituitary/Te-pi_0023.jpg,3,pituitary,0,0.8672546,0.11126752,0.020941475,0.0005362763
Testing/pituitary/Te-pi_0024.jpg,3,pituitary,0,0.44245684,0.39274204,0.16316265,0.0016384701
Testing/pituitary/Te-pi_0025.jpg,3,pituitary,1,0.0035298169,0.9931987,0.0032643604,7.1556474e-06
Testing/pituitary/Te-pi_0026.jpg,3,pituitary,1,0.06903256,0.4778709,0.38456362,0.06853292
Testing/pituitary/Te-pi_0027.jpg,3,pituitary,1,0.15532818,0.6260989,0.027264796,0.19130816
Testing/pituitary/Te-pi_0028.jpg,3,pituitary,1,0.09891337,0.6950329,0.05472675,0.151327
Testing/pituitary/Te-pi_0029.jpg,3,pituitary,2,0.036111824,0.20501204,0.75874,0.00013616688
Testing/pituitary/Te-pi_0030.jpg,3,pituitary,1,0.17999513,0.81194466,0.0012757828,0.0067844163
Testing/pituitary/Te-pi_0031.jpg,3,pituitary,1,0.016475605,0.96241605,0.016187184,0.0049211704
Testing/pituitary/Te-pi_0032.jpg,3,pituitary,1,0.05954862,0.7706625,0.16972327,6.562657e-05
Testing/pituitary/Te-pi_0033.jpg,3,pituitary,1,0.25688422,0.67697936,0.06392631,0.0022101805
Testing/pituitary/Te-pi_0034.jpg,3,pituitary,1,0.09652085,0.71055937,0.13239188,0.06052795
Testing/pituitary/Te-pi_0035.jpg,3,pituitary,0,0.4335573,0.15100525,0.41415176,0.0012856422
Testing/pituitary/Te-pi_0036.jpg,3,pituitary,1,0.045487657,0.9526888,0.0006558576,0.0011676844
Testing/pituitary/Te-pi_0037.jpg,3,pituitary,1,0.06865654,0.70892084,0.00853611,0.21388648
Testing/pituitary/Te-pi_0038.jpg,3,pituitary,0,0.46111584,0.4438078,0.07408475,0.020991653
Testing/pituitary/Te-pi_0039.jpg,3,pituitary,0,0.69466317,0.24010481,0.065158784,7.322864e-05
Testing/pituitary/Te-pi_0040.jpg,3,pituitary,1,0.08991549,0.8197381,0.08980699,0.00053944404
Testing/pituitary/Te-pi_0041.jpg,3,pituitary,1,0.37559962,0.50471497,0.11954009,0.00014533354
Testing/pituitary/Te-pi_0042.jpg,3,pituitary,1,0.060824733,0.8850425,0.0073556458,0.046777092
Testing/pituitary/Te-pi_0043.jpg,3,pituitary,1,0.21788932,0.7278821,0.05417453,5.409587e-05
Testing/pituitary/Te-pi_0044.jpg,3,pituitary,0,0.67299235,0.31764197,0.009201008,0.00016467104
Testing/pituitary/Te-pi_0045.jpg,3,pituitary,0,0.60130966,0.3971306,2.5370322e-05,0.0015344049
Testing/pituitary/Te-pi_0046.jpg,3,pituitary,1,0.12633045,0.7533225,0.0025056824,0.117841445
Testing/pituitary/Te-pi_0047.jpg,3,pituitary,0,0.45984396,0.24447106,0.0037312205,0.29195377
Testing/pituitary/Te-pi_0048.jpg,3,pituitary,0,0.81908584,0.17687891,0.0002615356,0.0037737167
Testing/pituitary/Te-pi_0049.jpg,3,pituitary,0,0.8359479,0.14791687,0.0022655234,0.01386977
Testing/pituitary/Te-pi_0050.jpg,3,pituitary,0,0.8307438,0.16114148,0.005156569,0.002958164
Testing/pituitary/Te-pi_0051.jpg,3,pituitary,0,0.9114461,0.08191911,0.0022687942,0.004366002
Testing/pituitary/Te-pi_0052.jpg,3,pituitary,1,0.031278454,0.4815357,0.006330554,0.48085535
Testing/pituitary/Te-pi_0053.jpg,3,pituitary,1,0.28790566,0.45344642,0.011130524,0.24751739
Testing/pituitary/Te-pi_0054.jpg,3,pituitary,1,0.103368565,0.85437334,0.010134831,0.032123208
Testing/pituitary/Te-pi_0055.jpg,3,pituitary,1,0.4260674,0.5190996,0.03449022,0.020342818
Testing/pituitary/Te-pi_0056.jpg,3,pituitary,3,0.034177594,0.07774049,0.0105441,0.87753785
Testing/pituitary/Te-pi_0057.jpg,3,pituitary,1,0.15286696,0.52966607,0.044982694,0.27248427
Testing/pituitary/Te-pi_0058.jpg,3,pituitary,1,0.037375376,0.9128284,0.04299958,0.0067966213
Testing/pituitary/Te-pi_0059.jpg,3,pituitary,0,0.7461776,0.24534112,0.0061681177,0.0023130472
Testing/pituitary/Te-pi_0060.jpg,3,pituitary,0,0.47407827,0.44734693,0.023612207,0.05496259
Testing/pituitary/Te-pi_0061.jpg,3,pituitary,3,0.097544156,0.19061019,0.011415611,0.70043004
Testing/pituitary/Te-pi_0062.jpg,3,pituitary,1,0.29476985,0.6910901,0.006089491,0.008050526
Testing/pituitary/Te-pi_0063.jpg,3,pituitary,1,0.14068998,0.81656855,0.023659438,0.019082071
Testing/pituitary/Te-pi_0064.jpg,3,pituitary,1,0.340227,0.58734727,0.071498215,0.00092747214
Testing/pituitary/Te-pi_0065.jpg,3,pituitary,1,0.40856427,0.45064902,0.021100352,0.11968628
Testing/pituitary/Te-pi_0066.jpg,3,pituitary,3,0.040319722,0.4447819,0.007057387,0.507841
Testing/pituitary/Te-pi_0067.jpg,3,pituitary,0,0.71972245,0.2664319,0.0110018365,0.0028438396
Testing/pituitary/Te-pi_0068.jpg,3,pituitary,1,0.45568407,0.53946096,0.0043169423,0.00053805846
Testing/pituitary/Te-pi_0069.jpg,3,pituitary,1,0.30306616,0.38368985,0.31207225,0.0011717546
Testing/pituitary/Te-pi_0070.jpg,3,pituitary,1,0.2116892,0.7816816,0.0010734122,0.0055557773
Testing/pituitary/Te-pi_0071.jpg,3,pituitary,0,0.5444047,0.36558148,0.08915508,0.0008587469
Testing/pituitary/Te-pi_0072.jpg,3,pituitary,0,0.47835132,0.44336495,0.055191107,0.023092596
Testing/pituitary/Te-pi_0073.jpg,3,pituitary,1,0.23883654,0.752708,0.0025967048,0.005858697
Testing/pituitary/Te-pi_0074.jpg,3,pituitary,1,0.44793198,0.55089325,0.00064266834,0.0005320919
Testing/pituitary/Te-pi_0075.jpg,3,pituitary,1,0.4349305,0.56221867,0.002746384,0.000104483064
Testing/pituitary/Te-pi_0076.jpg,3,pituitary,0,0.9393662,0.057389013,0.00067636155,0.0025683753
Testing/pituitary/Te-pi_0077.jpg,3,pituitary,1,0.36140263,0.5896104,0.047765505,0.001221476
Testing/pituitary/Te-pi_0078.jpg,3,pituitary,1,0.10992648,0.72377604,0.16536981,0.000927632
Testing/pituitary/Te-pi_0079.jpg,3,pituitary,1,0.41578463,0.5506451,0.027537858,0.0060324487
Testing/pituitary/Te-pi_0080.jpg,3,pituitary,0,0.7897411,0.20767172,0.002451382,0.00013579344
Testing/pituitary/Te-pi_0081.jpg,3,pituitary,1,0.4067644,0.5648607,0.008131356,0.020243555
Testing/pituitary/Te-pi_0082.jpg,3,pituitary,0,0.5858611,0.22551803,0.16896191,0.019659027
Testing/pituitary/Te-pi_0083.jpg,3,pituitary,3,0.1653915,0.07788927,0.0005248572,0.7561943
Testing/pituitary/Te-pi_0084.jpg,3,pituitary,1,0.15353085,0.5616362,0.026346857,0.258486
Testing/pituitary/Te-pi_0085.jpg,3,pituitary,0,0.79673994,0.14904423,0.05299813,0.0012176692
Testing/pituitary/Te-pi_0086.jpg,3,pituitary,1,0.45250946,0.51462257,0.030076072,0.002791926
Testing/pituitary/Te-pi_0087.jpg,3,pituitary,0,0.5702588,0.40959653,0.001255286,0.01888945
Testing/pituitary/Te-pi_0088.jpg,3,pituitary,0,0.54791564,0.43940997,0.0058386694,0.006835776
Testing/pituitary/Te-pi_0089.jpg,3,pituitary,0,0.611522,0.38169757,0.00010914331,0.0066712527
Testing/pituitary/Te-pi_0090.jpg,3,pituitary,0,0.613988,0.37932554,0.0013061053,0.00538042
Testing/pituitary/Te-pi_0091.jpg,3,pituitary,0,0.520951,0.44124317,0.0024111678,0.035394665
Testing/pituitary/Te-pi_0092.jpg,3,pituitary,0,0.9393597,0.023090608,0.002056531,0.03549321
Testing/pituitary/Te-pi_0093.jpg,3,pituitary,1,0.36324862,0.47051877,0.16450912,0.0017234716
Testing/pituitary/Te-pi_0094.jpg,3,pituitary,1,0.1643153,0.7836933,0.013503773,0.03848758
Testing/pituitary/Te-pi_0095.jpg,3,pituitary,1,0.42810437,0.48431304,0.016445938,0.071136646
Testing/pituitary/Te-pi_0096.jpg,3,pituitary,0,0.6283584,0.3695573,0.0002685349,0.0018157363
Testing/pituitary/Te-pi_0097.jpg,3,pituitary,1,0.2280075,0.6571301,0.00020765401,0.114654794
Testing/pituitary/Te-pi_0098.jpg,3,pituitary,1,0.29011002,0.70683336,0.00020986822,0.00284672
Testing/pituitary/Te-pi_0099.jpg,3,pituitary,2,0.3359967,0.25089437,0.38247836,0.030630643
Testing/pituitary/Te-pi_0100.jpg,3,pituitary,1,0.37617272,0.55276126,0.068580516,0.0024855116
Testing/pituitary/Te-pi_0101.jpg,3,pituitary,0,0.51252055,0.43762574,0.011940262,0.037913427
Testing/pituitary/Te-pi_0102.jpg,3,pituitary,1,0.4565658,0.5160095,0.010448135,0.016976528
Testing/pituitary/Te-pi_0103.jpg,3,pituitary,0,0.57794726,0.17587218,0.15466088,0.091519736
Testing/pituitary/Te-pi_0104.jpg,3,pituitary,1,0.44523907,0.54975986,0.0017795747,0.0032215163
Testing/pituitary/Te-pi_0105.jpg,3,pituitary,0,0.59811676,0.37139934,0.016858168,0.013625735
Testing/pituitary/Te-pi_0106.jpg,3,pituitary,1,0.15939407,0.61662143,0.20687927,0.017105214
Testing/pituitary/Te-pi_0107.jpg,3,pituitary,1,0.33142686,0.65355587,0.0033704564,0.011646842
Testing/pituitary/Te-pi_0108.jpg,3,pituitary,0,0.622763,0.37294948,0.0031370514,0.0011504755
Testing/pituitary/Te-pi_0109.jpg,3,pituitary,1,0.32594773,0.6656531,0.0014365454,0.0069625475
Testing/pituitary/Te-pi_0110.jpg,3,pituitary,0,0.6120884,0.3801906,0.005167685,0.002553316
Testing/pituitary/Te-pi_0111.jpg,3,pituitary,0,0.5596894,0.43993643,6.3635543e-06,0.0003677822
Testing/pituitary/Te-pi_0112.jpg,3,pituitary,1,0.07218147,0.7551544,0.04558189,0.12708236
Testing/pituitary/Te-pi_0113.jpg,3,pituitary,1,0.17267863,0.76917833,0.055228494,0.0029146029
Testing/pituitary/Te-pi_0114.jpg,3,pituitary,0,0.73795,0.1864978,0.063372895,0.012179292
Testing/pituitary/Te-pi_0115.jpg,3,pituitary,0,0.54602987,0.44310862,0.007408956,0.0034525502
Testing/pituitary/Te-pi_0116.jpg,3,pituitary,1,0.27747607,0.68486196,0.03144282,0.0062190583
Testing/pituitary/Te-pi_0117.jpg,3,pituitary,0,0.669887,0.30531153,0.018405147,0.0063963495
Testing/pituitary/Te-pi_0118.jpg,3,pituitary,1,0.15224876,0.7923151,0.027909579,0.027526518
Testing/pituitary/Te-pi_0119.jpg,3,pituitary,1,0.200093,0.79005134,0.009785381,7.030634e-05
Testing/pituitary/Te-pi_0120.jpg,3,pituitary,1,0.19367908,0.60207003,0.16660407,0.03764679
Testing/pituitary/Te-pi_0121.jpg,3,pituitary,1,0.17225327,0.7108213,0.023974778,0.09295064
Testing/pituitary/Te-pi_0122.jpg,3,pituitary,1,0.046841916,0.9132908,0.0381131,0.0017541535
Testing/pituitary/Te-pi_0123.jpg,3,pituitary,0,0.92834055,0.06775987,0.0033122185,0.00058724725
Testing/pituitary/Te-pi_0124.jpg,3,pituitary,1,0.14793772,0.58987695,0.01139998,0.25078532
Testing/pituitary/Te-pi_0125.jpg,3,pituitary,1,0.3440829,0.62812716,0.017171802,0.010618189
Testing/pituitary/Te-pi_0126.jpg,3,pituitary,1,0.26119974,0.69048214,0.016875857,0.03144225
Testing/pituitary/Te-pi_0127.jpg,3,pituitary,1,0.25380072,0.40841165,0.040919263,0.29686838
Testing/pituitary/Te-pi_0128.jpg,3,pituitary,1,0.26159686,0.723721,0.0090735,0.005608564
Testing/pituitary/Te-pi_0129.jpg,3,pituitary,1,0.039017197,0.71169066,0.08661036,0.16268182
Testing/pituitary/Te-pi_0130.jpg,3,pituitary,1,0.110400885,0.8031436,0.0833115,0.0031439795
Testing/pituitary/Te-pi_0131.jpg,3,pituitary,1,0.03409369,0.8252137,0.004932935,0.13575974
Testing/pituitary/Te-pi_0132.jpg,3,pituitary,3,0.058504168,0.36326355,0.005625893,0.57260644
Testing/pituitary/Te-pi_0133.jpg,3,pituitary,0,0.8391528,0.155597,0.0049657333,0.00028446247
Testing/pituitary/Te-pi_0134.jpg,3,pituitary,1,0.1274071,0.8252126,0.009002815,0.038377482
Testing/pituitary/Te-pi_0135.jpg,3,pituitary,1,0.3871357,0.4397502,0.13161668,0.041497413
Testing/pituitary/Te-pi_0136.jpg,3,pituitary,1,0.24264188,0.51739883,0.036919158,0.20304012
Testing/pituitary/Te-pi_0137.jpg,3,pituitary,0,0.6376387,0.35694408,0.0017577555,0.0036594756
Testing/pituitary/Te-pi_0138.jpg,3,pituitary,1,0.21595258,0.7312837,0.037669156,0.0150946
Testing/pituitary/Te-pi_0139.jpg,3,pituitary,1,0.035452984,0.961411,0.001701574,0.0014344282
Testing/pituitary/Te-pi_0140.jpg,3,pituitary,1,0.33257023,0.6129235,0.040391177,0.014115158
Testing/pituitary/Te-pi_0141.jpg,3,pituitary,1,0.32572922,0.63522714,0.011363074,0.027680615
Testing/pituitary/Te-pi_0142.jpg,3,pituitary,1,0.3779985,0.56912124,0.027449396,0.025430866
Testing/pituitary/Te-pi_0143.jpg,3,pituitary,1,0.43877146,0.55819154,0.0025305655,0.00050646503
Testing/pituitary/Te-pi_0144.jpg,3,pituitary,0,0.33128148,0.29159284,0.21277711,0.1643486
Testing/pituitary/Te-pi_0145.jpg,3,pituitary,0,0.5405728,0.3924293,0.0051149926,0.061882902
Testing/pituitary/Te-pi_0146.jpg,3,pituitary,0,0.48581305,0.4144261,0.057516966,0.04224387
Testing/pituitary/Te-pi_0147.jpg,3,pituitary,0,0.7134705,0.2782107,0.0059202695,0.0023985705
Testing/pituitary/Te-pi_0148.jpg,3,pituitary,1,0.05371178,0.6841268,0.0057919663,0.2563694
Testing/pituitary/Te-pi_0149.jpg,3,pituitary,1,0.14442566,0.851003,0.0006724194,0.0038989699
Testing/pituitary/Te-pi_0150.jpg,3,pituitary,1,0.17927684,0.79464954,0.011446651,0.014626966
Testing/pituitary/Te-pi_0151.jpg,3,pituitary,1,0.21643664,0.76736665,0.0056167734,0.010579962
Testing/pituitary/Te-pi_0152.jpg,3,pituitary,1,0.03780435,0.6634538,0.2966138,0.0021280516
Testing/pituitary/Te-pi_0153.jpg,3,pituitary,1,0.16679224,0.68071973,0.13914654,0.013341517
Testing/pituitary/Te-pi_0154.jpg,3,pituitary,1,0.008161302,0.9491613,0.042415597,0.00026181396
Testing/pituitary/Te-pi_0155.jpg,3,pituitary,1,0.19826822,0.7884644,0.012207882,0.0010594603
Testing/pituitary/Te-pi_0156.jpg,3,pituitary,0,0.45908225,0.34536847,0.19553226,1.6980453e-05
Testing/pituitary/Te-pi_0157.jpg,3,pituitary,0,0.68134046,0.15350582,0.032109,0.13304472
Testing/pituitary/Te-pi_0158.jpg,3,pituitary,0,0.62467384,0.36794382,0.007125784,0.00025653568
Testing/pituitary/Te-pi_0159.jpg,3,pituitary,1,0.30489397,0.48924908,0.046828263,0.15902866
Testing/pituitary/Te-pi_0160.jpg,3,pituitary,1,0.039146848,0.95553374,0.004663432,0.0006559452
Testing/pituitary/Te-pi_0161.jpg,3,pituitary,1,0.47605857,0.48699525,0.036100093,0.0008460678
Testing/pituitary/Te-pi_0162.jpg,3,pituitary,1,0.25407624,0.6440191,0.08726182,0.014642813
Testing/pituitary/Te-pi_0163.jpg,3,pituitary,0,0.5365739,0.24405695,0.21825838,0.0011107967
Testing/pituitary/Te-pi_0164.jpg,3,pituitary,1,0.003843228,0.9955129,0.0006405267,3.3793676e-06
Testing/pituitary/Te-pi_0165.jpg,3,pituitary,0,0.65063345,0.3290908,0.011736939,0.008538821
Testing/pituitary/Te-pi_0166.jpg,3,pituitary,2,0.07597075,0.16966581,0.6594198,0.09494362
Testing/pituitary/Te-pi_0167.jpg,3,pituitary,1,0.028131204,0.7494211,0.017568057,0.20487961
Testing/pituitary/Te-pi_0168.jpg,3,pituitary,1,0.2121678,0.53227043,0.01859641,0.23696528
Testing/pituitary/Te-pi_0169.jpg,3,pituitary,1,0.16543677,0.7011104,0.11895412,0.0144986715
Testing/pituitary/Te-pi_0170.jpg,3,pituitary,1,0.18407954,0.59387296,0.22031994,0.0017275963
Testing/pituitary/Te-pi_0171.jpg,3,pituitary,0,0.48935527,0.4780703,0.027260913,0.00531362
Testing/pituitary/Te-pi_0172.jpg,3,pituitary,1,0.0908145,0.85099137,0.004510766,0.053683475
Testing/pituitary/Te-pi_0173.jpg,3,pituitary,0,0.51828843,0.47415444,0.00021779837,0.0073392885
Testing/pituitary/Te-pi_0174.jpg,3,pituitary,1,0.06846234,0.9274505,0.0022456867,0.0018415314
Testing/pituitary/Te-pi_0175.jpg,3,pituitary,1,0.09132132,0.8468871,0.06141984,0.000371717
Testing/pituitary/Te-pi_0176.jpg,3,pituitary,0,0.78457326,0.19610676,0.007264604,0.01205533
Testing/pituitary/Te-pi_0177.jpg,3,pituitary,0,0.53832185,0.3628574,0.098067045,0.00075363164
Testing/pituitary/Te-pi_0178.jpg,3,pituitary,1,0.15247619,0.8364902,0.008688587,0.0023450514
Testing/pituitary/Te-pi_0179.jpg,3,pituitary,1,0.30567184,0.5779374,0.0901691,0.026221614
Testing/pituitary/Te-pi_0180.jpg,3,pituitary,2,0.4052983,0.15940194,0.43503338,0.00026631818
Testing/pituitary/Te-pi_0181.jpg,3,pituitary,1,0.041650306,0.9532831,0.0026268838,0.0024397012
Testing/pituitary/Te-pi_0182.jpg,3,pituitary,3,0.051938713,0.3493179,0.010991659,0.5877518
Testing/pituitary/Te-pi_0183.jpg,3,pituitary,1,0.25100613,0.7336977,0.009245206,0.006050965
Testing/pituitary/Te-pi_0184.jpg,3,pituitary,0,0.6953516,0.2977416,0.006851334,5.5432018e-05
Testing/pituitary/Te-pi_0185.jpg,3,pituitary,0,0.5809794,0.28107232,0.017992297,0.11995598
Testing/pituitary/Te-pi_0186.jpg,3,pituitary,1,0.040573083,0.660968,0.29800314,0.0004557791
Testing/pituitary/Te-pi_0187.jpg,3,pituitary,0,0.45565778,0.12623444,0.41788828,0.00021941525
Testing/pituitary/Te-pi_0188.jpg,3,pituitary,0,0.7609389,0.23562187,0.0034344986,4.7566473e-06
Testing/pituitary/Te-pi_0189.jpg,3,pituitary,1,0.0019151734,0.9975768,3.775326e-05,0.00047033085
Testing/pituitary/Te-pi_0190.jpg,3,pituitary,1,0.15262462,0.8268955,0.015852634,0.0046272404
Testing/pituitary/Te-pi_0191.jpg,3,pituitary,0,0.5768974,0.31617087,0.106155686,0.00077605696
Testing/pituitary/Te-pi_0192.jpg,3,pituitary,0,0.49740806,0.4819758,0.0017422929,0.018873915
Testing/pituitary/Te-pi_0193.jpg,3,pituitary,0,0.471713,0.46027356,0.059372243,0.008641203
Testing/pituitary/Te-pi_0194.jpg,3,pituitary,0,0.4451054,0.3474179,0.008335813,0.1991408
Testing/pituitary/Te-pi_0195.jpg,3,pituitary,1,0.11244742,0.8792707,0.002030034,0.006251925
Testing/pituitary/Te-pi_0196.jpg,3,pituitary,0,0.6108084,0.35828522,0.028225072,0.002681398
Testing/pituitary/Te-pi_0197.jpg,3,pituitary,0,0.98304695,0.016568268,0.0003470434,3.778629e-05
Testing/pituitary/Te-pi_0198.jpg,3,pituitary,0,0.93280673,0.04288715,0.014750539,0.009555547
Testing/pituitary/Te-pi_0199.jpg,3,pituitary,0,0.71127486,0.28376335,0.0018796698,0.00308211
Testing/pituitary/Te-pi_0200.jpg,3,pituitary,0,0.8273487,0.16727887,0.005162451,0.00020993823
Testing/pituitary/Te-pi_0201.jpg,3,pituitary,1,0.4038929,0.59125376,0.0005533325,0.0043000467
Testing/pituitary/Te-pi_0202.jpg,3,pituitary,0,0.559074,0.42824623,0.008397641,0.0042821355
Testing/pituitary/Te-pi_0203.jpg,3,pituitary,0,0.8040632,0.18978414,0.005194782,0.0009578542
Testing/pituitary/Te-pi_0204.jpg,3,pituitary,0,0.65363014,0.31138876,0.020957964,0.014023148
Testing/pituitary/Te-pi_0205.jpg,3,pituitary,1,0.20448229,0.6406951,0.0017880674,0.15303458
Testing/pituitary/Te-pi_0206.jpg,3,pituitary,0,0.76877314,0.22617617,0.0014043751,0.0036463626
Testing/pituitary/Te-pi_0207.jpg,3,pituitary,1,0.4617547,0.46761066,0.04952379,0.021110842
Testing/pituitary/Te-pi_0208.jpg,3,pituitary,0,0.55415547,0.44311044,0.0009931214,0.0017408909
Testing/pituitary/Te-pi_0209.jpg,3,pituitary,0,0.6926971,0.30422506,0.0012489723,0.0018288717
Testing/pituitary/Te-pi_0210.jpg,3,pituitary,1,0.46499598,0.52516025,0.004447245,0.0053965016
Testing/pituitary/Te-pi_0211.jpg,3,pituitary,0,0.5446421,0.4512416,0.002709903,0.0014064424
Testing/pituitary/Te-pi_0212.jpg,3,pituitary,2,0.12760682,0.17910883,0.6890879,0.004196431
Testing/pituitary/Te-pi_0213.jpg,3,pituitary,0,0.8269124,0.09767392,0.011550374,0.06386322
Testing/pituitary/Te-pi_0214.jpg,3,pituitary,0,0.9023555,0.094176695,0.000796611,0.0026711822
Testing/pituitary/Te-pi_0215.jpg,3,pituitary,0,0.60961694,0.38883427,0.0014673016,8.1420454e-05
Testing/pituitary/Te-pi_0216.jpg,3,pituitary,0,0.5787746,0.36356956,0.03064769,0.02700812
Testing/pituitary/Te-pi_0217.jpg,3,pituitary,1,0.4073553,0.49194622,0.09967547,0.0010229654
Testing/pituitary/Te-pi_0218.jpg,3,pituitary,2,0.3663224,0.16664779,0.4574832,0.009546601
Testing/pituitary/Te-pi_0219.jpg,3,pituitary,0,0.96271485,0.03674307,0.000117535084,0.00042458068
Testing/pituitary/Te-pi_0220.jpg,3,pituitary,0,0.5918138,0.3375891,0.006211128,0.06438598
Testing/pituitary/Te-pi_0221.jpg,3,pituitary,0,0.69289166,0.24710056,0.01044341,0.04956439
Testing/pituitary/Te-pi_0222.jpg,3,pituitary,0,0.5242206,0.46143004,0.0041014063,0.010247934
Testing/pituitary/Te-pi_0223.jpg,3,pituitary,3,0.20697296,0.27237836,0.00034441927,0.5203042
Testing/pituitary/Te-pi_0224.jpg,3,pituitary,1,0.19905835,0.79822606,0.0020084847,0.0007071424
Testing/pituitary/Te-pi_0225.jpg,3,pituitary,1,0.3944039,0.57757133,0.00018635747,0.027838403
Testing/pituitary/Te-pi_0226.jpg,3,pituitary,1,0.27635816,0.58265495,0.14064588,0.00034104774
Testing/pituitary/Te-pi_0227.jpg,3,pituitary,0,0.629078,0.35917667,0.009538435,0.0022069279
Testing/pituitary/Te-pi_0228.jpg,3,pituitary,0,0.66294765,0.22073913,0.1052717,0.011041578
Testing/pituitary/Te-pi_0229.jpg,3,pituitary,0,0.61707664,0.34958094,0.005063341,0.028279103
Testing/pituitary/Te-pi_0230.jpg,3,pituitary,0,0.6360507,0.34323207,0.007234185,0.013483046
Testing/pituitary/Te-pi_0231.jpg,3,pituitary,0,0.53657454,0.42230952,0.021115867,0.019999996
Testing/pituitary/Te-pi_0232.jpg,3,pituitary,0,0.5050875,0.3775237,0.0073217032,0.11006714
Testing/pituitary/Te-pi_0233.jpg,3,pituitary,1,0.33616096,0.64048374,0.014737827,0.008617458
Testing/pituitary/Te-pi_0234.jpg,3,pituitary,1,0.29642257,0.527898,0.17038749,0.005291949
Testing/pituitary/Te-pi_0235.jpg,3,pituitary,0,0.61200356,0.3612922,0.018028442,0.0086757885
Testing/pituitary/Te-pi_0236.jpg,3,pituitary,1,0.40070933,0.5933127,0.0027186738,0.0032592956
Testing/pituitary/Te-pi_0237.jpg,3,pituitary,0,0.7433073,0.20285589,0.05346218,0.0003746369
Testing/pituitary/Te-pi_0238.jpg,3,pituitary,0,0.65845126,0.28769305,0.053310975,0.0005446999
Testing/pituitary/Te-pi_0239.jpg,3,pituitary,0,0.65755093,0.33388555,0.008049604,0.00051390514
Testing/pituitary/Te-pi_0240.jpg,3,pituitary,1,0.354666,0.6267275,0.00033143538,0.018275058
Testing/pituitary/Te-pi_0241.jpg,3,pituitary,0,0.62099415,0.3759361,0.0020677594,0.0010020032
Testing/pituitary/Te-pi_0242.jpg,3,pituitary,1,0.23907961,0.74738955,0.008447366,0.005083433
Testing/pituitary/Te-pi_0243.jpg,3,pituitary,0,0.68071246,0.30919328,0.0033016321,0.0067926426
Testing/pituitary/Te-pi_0244.jpg,3,pituitary,0,0.75440025,0.100199945,0.0050048176,0.14039502
Testing/pituitary/Te-pi_0245.jpg,3,pituitary,0,0.70935464,0.21756828,0.023409985,0.049667183
Testing/pituitary/Te-pi_0246.jpg,3,pituitary,2,0.30036348,0.3251453,0.37305763,0.0014336378
Testing/pituitary/Te-pi_0247.jpg,3,pituitary,1,0.461853,0.5347856,0.0033127211,4.8638707e-05
Testing/pituitary/Te-pi_0248.jpg,3,pituitary,1,0.37608078,0.5873421,0.03218378,0.0043933326
Testing/pituitary/Te-pi_0249.jpg,3,pituitary,0,0.7811427,0.20592593,0.011098146,0.0018331747
Testing/pituitary/Te-pi_0250.jpg,3,pituitary,0,0.94942045,0.04901876,0.0002838568,0.0012769847
Testing/pituitary/Te-pi_0251.jpg,3,pituitary,1,0.21319766,0.7526162,0.007992139,0.026193917
Testing/pituitary/Te-pi_0252.jpg,3,pituitary,0,0.69751924,0.23357289,0.055035204,0.0138727175
Testing/pituitary/Te-pi_0253.jpg,3,pituitary,1,0.28337878,0.71626073,0.00023378909,0.00012668416
Testing/pituitary/Te-pi_0254.jpg,3,pituitary,1,0.17361629,0.82423735,0.0009539146,0.001192441
Testing/pituitary/Te-pi_0255.jpg,3,pituitary,0,0.49764118,0.45085847,0.030421814,0.021078505
Testing/pituitary/Te-pi_0256.jpg,3,pituitary,0,0.6124182,0.37906873,0.006380998,0.0021320714
Testing/pituitary/Te-pi_0257.jpg,3,pituitary,0,0.54256433,0.42067277,0.033968356,0.0027945784
Testing/pituitary/Te-pi_0258.jpg,3,pituitary,1,0.39340305,0.58089644,0.021072064,0.004628426
Testing/pituitary/Te-pi_0259.jpg,3,pituitary,0,0.7201743,0.2658322,0.013355325,0.0006380983
Testing/pituitary/Te-pi_0260.jpg,3,pituitary,1,0.43991384,0.54726046,0.0080497665,0.004775892
Testing/pituitary/Te-pi_0261.jpg,3,pituitary,1,0.086486265,0.8872213,0.02123046,0.0050619924
Testing/pituitary/Te-pi_0262.jpg,3,pituitary,1,0.0751372,0.8987619,0.00047653483,0.025624372
Testing/pituitary/Te-pi_0263.jpg,3,pituitary,1,0.37355408,0.6156887,0.0004280599,0.010329238
Testing/pituitary/Te-pi_0264.jpg,3,pituitary,1,0.17419073,0.73201764,0.08825017,0.005541445
Testing/pituitary/Te-pi_0265.jpg,3,pituitary,0,0.8637397,0.115311846,0.02027031,0.0006782163
Testing/pituitary/Te-pi_0266.jpg,3,pituitary,1,0.456234,0.52085865,0.012555386,0.010351935
Testing/pituitary/Te-pi_0267.jpg,3,pituitary,0,0.5563489,0.41563663,0.0254348,0.002579681
Testing/pituitary/Te-pi_0268.jpg,3,pituitary,1,0.31195453,0.64775485,0.037572216,0.0027183867
Testing/pituitary/Te-pi_0269.jpg,3,pituitary,0,0.733172,0.26049393,0.006151238,0.00018273522
Testing/pituitary/Te-pi_0270.jpg,3,pituitary,0,0.7514158,0.13175412,0.11618058,0.00064957916
Testing/pituitary/Te-pi_0271.jpg,3,pituitary,1,0.41660747,0.57165885,0.00019771133,0.011536033
Testing/pituitary/Te-pi_0272.jpg,3,pituitary,1,0.3277508,0.6681768,6.431457e-05,0.0040081292
Testing/pituitary/Te-pi_0273.jpg,3,pituitary,0,0.5376067,0.34589422,0.031038957,0.085460044
Testing/pituitary/Te-pi_0274.jpg,3,pituitary,0,0.7016937,0.25039783,0.035286367,0.0126220975
Testing/pituitary/Te-pi_0275.jpg,3,pituitary,0,0.5226382,0.44803226,0.026295125,0.003034381
Testing/pituitary/Te-pi_0276.jpg,3,pituitary,1,0.354109,0.52071995,0.08814889,0.03702222
Testing/pituitary/Te-pi_0277.jpg,3,pituitary,0,0.4534547,0.3006394,0.00019984091,0.24570613
Testing/pituitary/Te-pi_0278.jpg,3,pituitary,0,0.54094166,0.34098676,0.0004122311,0.11765933
Testing/pituitary/Te-pi_0279.jpg,3,pituitary,1,0.44053435,0.55838466,0.00069505436,0.00038598484
Testing/pituitary/Te-pi_0280.jpg,3,pituitary,1,0.28802425,0.3960847,0.30822954,0.0076616206
Testing/pituitary/Te-pi_0281.jpg,3,pituitary,1,0.33727363,0.5853386,0.07593355,0.0014542144
Testing/pituitary/Te-pi_0282.jpg,3,pituitary,0,0.6915126,0.28190666,0.023954472,0.0026262703
Testing/pituitary/Te-pi_0283.jpg,3,pituitary,1,0.350066,0.60443366,0.006310421,0.039189845
Testing/pituitary/Te-pi_0284.jpg,3,pituitary,0,0.53096175,0.37820664,0.049446512,0.04138511
Testing/pituitary/Te-pi_0285.jpg,3,pituitary,1,0.22749321,0.5244959,0.24424733,0.0037635937
Testing/pituitary/Te-pi_0286.jpg,3,pituitary,0,0.52379596,0.45921662,0.009927313,0.0070600556
Testing/pituitary/Te-pi_0287.jpg,3,pituitary,0,0.7971026,0.10540775,0.08590466,0.011584982
Testing/pituitary/Te-pi_0288.jpg,3,pituitary,1,0.1314829,0.8270956,0.0072575766,0.0341639
Testing/pituitary/Te-pi_0289.jpg,3,pituitary,1,0.33988923,0.613504,0.0010967974,0.04550999
Testing/pituitary/Te-pi_0290.jpg,3,pituitary,1,0.37370363,0.49477696,0.12894455,0.0025749227
Testing/pituitary/Te-pi_0291.jpg,3,pituitary,1,0.25633574,0.6750385,0.06671355,0.0019121654
Testing/pituitary/Te-pi_0292.jpg,3,pituitary,1,0.264438,0.71433645,0.017670378,0.0035551272
Testing/pituitary/Te-pi_0293.jpg,3,pituitary,2,0.13864103,0.22986814,0.6314249,6.595124e-05
Testing/pituitary/Te-pi_0294.jpg,3,pituitary,1,0.17668122,0.8112306,0.007191704,0.004896402
Testing/pituitary/Te-pi_0295.jpg,3,pituitary,0,0.6133374,0.37427437,0.009166381,0.0032218404
Testing/pituitary/Te-pi_0296.jpg,3,pituitary,1,0.41601261,0.550981,0.029017631,0.0039888476
Testing/pituitary/Te-pi_0297.jpg,3,pituitary,1,0.23611648,0.7286672,0.032554124,0.002662235
Testing/pituitary/Te-pi_0298.jpg,3,pituitary,1,0.15574123,0.7008829,0.1211469,0.022228958
Testing/pituitary/Te-pi_0299.jpg,3,pituitary,0,0.61351204,0.31661662,0.00056429935,0.06930699
